[0.000000] (-) TimerEvent: {}
[0.000278] (-) JobUnselected: {'identifier': 'fields2cover'}
[0.000350] (-) JobUnselected: {'identifier': 'higher_layer_mvibot'}
[0.000371] (-) JobUnselected: {'identifier': 'ira_laser_tools'}
[0.000388] (-) JobUnselected: {'identifier': 'lower_layer_mvibot'}
[0.000400] (-) JobUnselected: {'identifier': 'opennav_coverage'}
[0.000412] (-) JobUnselected: {'identifier': 'opennav_coverage_bt'}
[0.000423] (-) JobUnselected: {'identifier': 'opennav_coverage_demo'}
[0.000434] (-) JobUnselected: {'identifier': 'opennav_coverage_msgs'}
[0.000450] (-) JobUnselected: {'identifier': 'opennav_coverage_navigator'}
[0.000463] (-) JobUnselected: {'identifier': 'opennav_row_coverage'}
[0.000474] (-) JobUnselected: {'identifier': 'pointcloud_to_laserscan'}
[0.000486] (-) JobUnselected: {'identifier': 'realsense2_camera'}
[0.000496] (-) JobUnselected: {'identifier': 'realsense2_camera_msgs'}
[0.000507] (-) JobUnselected: {'identifier': 'realsense2_description'}
[0.000524] (-) JobUnselected: {'identifier': 'sllidar_ros2'}
[0.000535] (-) JobUnselected: {'identifier': 'tf2_web_republisher'}
[0.000546] (-) JobUnselected: {'identifier': 'tf2_web_republisher_interfaces'}
[0.000560] (mission_layer_mvibot) JobQueued: {'identifier': 'mission_layer_mvibot', 'dependencies': OrderedDict({'opennav_coverage_msgs': '/home/mvibot/floorCleaningRobot_ws/install/opennav_coverage_msgs'})}
[0.000966] (mission_layer_mvibot) JobStarted: {'identifier': 'mission_layer_mvibot'}
[0.030064] (mission_layer_mvibot) JobProgress: {'identifier': 'mission_layer_mvibot', 'progress': 'cmake'}
[0.032058] (mission_layer_mvibot) JobProgress: {'identifier': 'mission_layer_mvibot', 'progress': 'build'}
[0.033283] (mission_layer_mvibot) Command: {'cmd': ['/usr/bin/cmake', '--build', '/home/mvibot/floorCleaningRobot_ws/build/mission_layer_mvibot', '--', '-j8', '-l8'], 'cwd': '/home/mvibot/floorCleaningRobot_ws/build/mission_layer_mvibot', 'env': OrderedDict({'LESSOPEN': '| /usr/bin/lesspipe %s', 'USER': 'mvibot', 'SSH_CLIENT': '10.0.60.48 45434 22', 'GZ_CONFIG_PATH': '/opt/ros/jazzy/opt/gz_sim_vendor/share/gz:/opt/ros/jazzy/opt/sdformat_vendor/share/gz:/opt/ros/jazzy/opt/gz_gui_vendor/share/gz:/opt/ros/jazzy/opt/gz_transport_vendor/share/gz:/opt/ros/jazzy/opt/gz_rendering_vendor/share/gz:/opt/ros/jazzy/opt/gz_plugin_vendor/share/gz:/opt/ros/jazzy/opt/gz_fuel_tools_vendor/share/gz:/opt/ros/jazzy/opt/gz_msgs_vendor/share/gz:/opt/ros/jazzy/opt/gz_common_vendor/share/gz', 'XDG_SESSION_TYPE': 'tty', 'SHLVL': '1', 'LD_LIBRARY_PATH': '/home/mvibot/floorCleaningRobot_ws/install/opennav_coverage_msgs/lib:/home/mvibot/floorCleaningRobot_ws/install/tf2_web_republisher/lib:/home/mvibot/floorCleaningRobot_ws/install/tf2_web_republisher_interfaces/lib:/home/mvibot/floorCleaningRobot_ws/install/realsense2_camera/lib:/home/mvibot/floorCleaningRobot_ws/install/realsense2_camera_msgs/lib:/home/mvibot/floorCleaningRobot_ws/install/pointcloud_to_laserscan/lib:/home/mvibot/floorCleaningRobot_ws/install/opennav_row_coverage/lib:/home/mvibot/floorCleaningRobot_ws/install/opennav_coverage_navigator/lib:/home/mvibot/floorCleaningRobot_ws/install/opennav_coverage_bt/lib:/home/mvibot/floorCleaningRobot_ws/install/opennav_coverage/lib:/home/mvibot/floorCleaningRobot_ws/install/fields2cover/lib:/opt/ros/jazzy/opt/gz_sim_vendor/lib:/opt/ros/jazzy/opt/gz_sensors_vendor/lib:/opt/ros/jazzy/opt/gz_physics_vendor/lib:/opt/ros/jazzy/opt/sdformat_vendor/lib:/opt/ros/jazzy/opt/rviz_ogre_vendor/lib:/opt/ros/jazzy/lib/x86_64-linux-gnu:/opt/ros/jazzy/opt/gz_gui_vendor/lib:/opt/ros/jazzy/opt/gz_transport_vendor/lib:/opt/ros/jazzy/opt/gz_rendering_vendor/lib:/opt/ros/jazzy/opt/gz_plugin_vendor/lib:/opt/ros/jazzy/opt/gz_fuel_tools_vendor/lib:/opt/ros/jazzy/opt/gz_msgs_vendor/lib:/opt/ros/jazzy/opt/gz_common_vendor/lib:/opt/ros/jazzy/opt/gz_math_vendor/lib:/opt/ros/jazzy/opt/gz_utils_vendor/lib:/opt/ros/jazzy/opt/gz_tools_vendor/lib:/opt/ros/jazzy/opt/gz_ogre_next_vendor/lib:/opt/ros/jazzy/opt/gz_dartsim_vendor/lib:/opt/ros/jazzy/opt/gz_cmake_vendor/lib:/opt/ros/jazzy/lib', 'HOME': '/home/mvibot', 'OLDPWD': '/home/mvibot', 'NVM_BIN': '/home/mvibot/.nvm/versions/node/v24.12.0/bin', 'SSH_TTY': '/dev/pts/2', 'NVM_INC': '/home/mvibot/.nvm/versions/node/v24.12.0/include/node', 'ROS_PYTHON_VERSION': '3', 'DBUS_SESSION_BUS_ADDRESS': 'unix:path=/run/user/1000/bus', 'NVM_DIR': '/home/mvibot/.nvm', 'DEBUGINFOD_URLS': 'https://debuginfod.ubuntu.com', 'COLCON_PREFIX_PATH': '/home/mvibot/floorCleaningRobot_ws/install', 'ROS_DISTRO': 'jazzy', 'LOGNAME': 'mvibot', '_': '/usr/bin/colcon', 'ROS_VERSION': '2', 'PKG_CONFIG_PATH': '/home/mvibot/floorCleaningRobot_ws/install/fields2cover/lib/x86_64-linux-gnu/pkgconfig:/home/mvibot/floorCleaningRobot_ws/install/fields2cover/lib/pkgconfig', 'XDG_SESSION_CLASS': 'user', 'TERM': 'xterm-256color', 'XDG_SESSION_ID': '10', 'PATH': '/home/mvibot/.nvm/versions/node/v24.12.0/bin:/opt/ros/jazzy/opt/gz_msgs_vendor/bin:/opt/ros/jazzy/opt/gz_tools_vendor/bin:/opt/ros/jazzy/opt/gz_ogre_next_vendor/bin:/opt/ros/jazzy/bin:/usr/local/sbin:/usr/local/bin:/usr/sbin:/usr/bin:/sbin:/bin:/usr/games:/usr/local/games:/snap/bin', 'XDG_RUNTIME_DIR': '/run/user/1000', 'LANG': 'en_US.UTF-8', 'RMW_IMPLEMENTATION': 'rmw_fastrtps_cpp', 'LS_COLORS': 'rs=0:di=01;34:ln=01;36:mh=00:pi=40;33:so=01;35:do=01;35:bd=40;33;01:cd=40;33;01:or=40;31;01:mi=00:su=37;41:sg=30;43:ca=00:tw=30;42:ow=34;42:st=37;44:ex=01;32:*.tar=01;31:*.tgz=01;31:*.arc=01;31:*.arj=01;31:*.taz=01;31:*.lha=01;31:*.lz4=01;31:*.lzh=01;31:*.lzma=01;31:*.tlz=01;31:*.txz=01;31:*.tzo=01;31:*.t7z=01;31:*.zip=01;31:*.z=01;31:*.dz=01;31:*.gz=01;31:*.lrz=01;31:*.lz=01;31:*.lzo=01;31:*.xz=01;31:*.zst=01;31:*.tzst=01;31:*.bz2=01;31:*.bz=01;31:*.tbz=01;31:*.tbz2=01;31:*.tz=01;31:*.deb=01;31:*.rpm=01;31:*.jar=01;31:*.war=01;31:*.ear=01;31:*.sar=01;31:*.rar=01;31:*.alz=01;31:*.ace=01;31:*.zoo=01;31:*.cpio=01;31:*.7z=01;31:*.rz=01;31:*.cab=01;31:*.wim=01;31:*.swm=01;31:*.dwm=01;31:*.esd=01;31:*.avif=01;35:*.jpg=01;35:*.jpeg=01;35:*.mjpg=01;35:*.mjpeg=01;35:*.gif=01;35:*.bmp=01;35:*.pbm=01;35:*.pgm=01;35:*.ppm=01;35:*.tga=01;35:*.xbm=01;35:*.xpm=01;35:*.tif=01;35:*.tiff=01;35:*.png=01;35:*.svg=01;35:*.svgz=01;35:*.mng=01;35:*.pcx=01;35:*.mov=01;35:*.mpg=01;35:*.mpeg=01;35:*.m2v=01;35:*.mkv=01;35:*.webm=01;35:*.webp=01;35:*.ogm=01;35:*.mp4=01;35:*.m4v=01;35:*.mp4v=01;35:*.vob=01;35:*.qt=01;35:*.nuv=01;35:*.wmv=01;35:*.asf=01;35:*.rm=01;35:*.rmvb=01;35:*.flc=01;35:*.avi=01;35:*.fli=01;35:*.flv=01;35:*.gl=01;35:*.dl=01;35:*.xcf=01;35:*.xwd=01;35:*.yuv=01;35:*.cgm=01;35:*.emf=01;35:*.ogv=01;35:*.ogx=01;35:*.aac=00;36:*.au=00;36:*.flac=00;36:*.m4a=00;36:*.mid=00;36:*.midi=00;36:*.mka=00;36:*.mp3=00;36:*.mpc=00;36:*.ogg=00;36:*.ra=00;36:*.wav=00;36:*.oga=00;36:*.opus=00;36:*.spx=00;36:*.xspf=00;36:*~=00;90:*#=00;90:*.bak=00;90:*.crdownload=00;90:*.dpkg-dist=00;90:*.dpkg-new=00;90:*.dpkg-old=00;90:*.dpkg-tmp=00;90:*.old=00;90:*.orig=00;90:*.part=00;90:*.rej=00;90:*.rpmnew=00;90:*.rpmorig=00;90:*.rpmsave=00;90:*.swp=00;90:*.tmp=00;90:*.ucf-dist=00;90:*.ucf-new=00;90:*.ucf-old=00;90:', 'ROS_DOMAIN_ID': '10', 'AMENT_PREFIX_PATH': '/home/mvibot/floorCleaningRobot_ws/install/tf2_web_republisher:/home/mvibot/floorCleaningRobot_ws/install/tf2_web_republisher_interfaces:/home/mvibot/floorCleaningRobot_ws/install/sllidar_ros2:/home/mvibot/floorCleaningRobot_ws/install/realsense2_description:/home/mvibot/floorCleaningRobot_ws/install/realsense2_camera:/home/mvibot/floorCleaningRobot_ws/install/realsense2_camera_msgs:/home/mvibot/floorCleaningRobot_ws/install/pointcloud_to_laserscan:/home/mvibot/floorCleaningRobot_ws/install/opennav_coverage_demo:/home/mvibot/floorCleaningRobot_ws/install/opennav_row_coverage:/home/mvibot/floorCleaningRobot_ws/install/opennav_coverage_navigator:/home/mvibot/floorCleaningRobot_ws/install/opennav_coverage_bt:/home/mvibot/floorCleaningRobot_ws/install/opennav_coverage:/home/mvibot/floorCleaningRobot_ws/install/mission_layer_mvibot:/home/mvibot/floorCleaningRobot_ws/install/opennav_coverage_msgs:/home/mvibot/floorCleaningRobot_ws/install/lower_layer_mvibot:/home/mvibot/floorCleaningRobot_ws/install/ira_laser_tools:/home/mvibot/floorCleaningRobot_ws/install/higher_layer_mvibot:/opt/ros/jazzy', 'SHELL': '/bin/bash', 'LESSCLOSE': '/usr/bin/lesspipe %s %s', 'ROS_AUTOMATIC_DISCOVERY_RANGE': 'SUBNET', 'PWD': '/home/mvibot/floorCleaningRobot_ws/build/mission_layer_mvibot', 'LC_ALL': 'en_US.UTF-8', 'SSH_CONNECTION': '10.0.60.48 45434 10.0.70.69 22', 'NVM_CD_FLAGS': '', 'XDG_DATA_DIRS': '/usr/share/gnome:/usr/local/share:/usr/share:/var/lib/snapd/desktop', 'PYTHONPATH': '/home/mvibot/floorCleaningRobot_ws/install/opennav_coverage_msgs/lib/python3.12/site-packages:/home/mvibot/floorCleaningRobot_ws/install/tf2_web_republisher_interfaces/lib/python3.12/site-packages:/home/mvibot/floorCleaningRobot_ws/install/realsense2_camera_msgs/lib/python3.12/site-packages:/home/mvibot/floorCleaningRobot_ws/build/opennav_coverage_demo:/home/mvibot/floorCleaningRobot_ws/install/opennav_coverage_demo/lib/python3.12/site-packages:/opt/ros/jazzy/lib/python3.12/site-packages', 'COLCON': '1', 'CMAKE_PREFIX_PATH': '/home/mvibot/floorCleaningRobot_ws/install/opennav_coverage_msgs:/home/mvibot/floorCleaningRobot_ws/install/tf2_web_republisher:/home/mvibot/floorCleaningRobot_ws/install/tf2_web_republisher_interfaces:/home/mvibot/floorCleaningRobot_ws/install/sllidar_ros2:/home/mvibot/floorCleaningRobot_ws/install/realsense2_description:/home/mvibot/floorCleaningRobot_ws/install/realsense2_camera:/home/mvibot/floorCleaningRobot_ws/install/realsense2_camera_msgs:/home/mvibot/floorCleaningRobot_ws/install/pointcloud_to_laserscan:/home/mvibot/floorCleaningRobot_ws/install/opennav_row_coverage:/home/mvibot/floorCleaningRobot_ws/install/opennav_coverage_navigator:/home/mvibot/floorCleaningRobot_ws/install/opennav_coverage_bt:/home/mvibot/floorCleaningRobot_ws/install/opennav_coverage:/home/mvibot/floorCleaningRobot_ws/install/mission_layer_mvibot:/home/mvibot/floorCleaningRobot_ws/install/lower_layer_mvibot:/home/mvibot/floorCleaningRobot_ws/install/ira_laser_tools:/home/mvibot/floorCleaningRobot_ws/install/higher_layer_mvibot:/home/mvibot/floorCleaningRobot_ws/install/fields2cover:/opt/ros/jazzy/opt/gz_sim_vendor:/opt/ros/jazzy/opt/gz_sensors_vendor:/opt/ros/jazzy/opt/gz_physics_vendor:/opt/ros/jazzy/opt/sdformat_vendor:/opt/ros/jazzy/opt/gz_gui_vendor:/opt/ros/jazzy/opt/gz_transport_vendor:/opt/ros/jazzy/opt/gz_rendering_vendor:/opt/ros/jazzy/opt/gz_plugin_vendor:/opt/ros/jazzy/opt/gz_fuel_tools_vendor:/opt/ros/jazzy/opt/gz_msgs_vendor:/opt/ros/jazzy/opt/gz_common_vendor:/opt/ros/jazzy/opt/gz_math_vendor:/opt/ros/jazzy/opt/gz_utils_vendor:/opt/ros/jazzy/opt/gz_tools_vendor:/opt/ros/jazzy/opt/gz_ogre_next_vendor:/opt/ros/jazzy/opt/gz_dartsim_vendor:/opt/ros/jazzy/opt/gz_cmake_vendor:/home/mvibot/floorCleaningRobot_ws/install/opennav_coverage_demo:/opt/ros/jazzy'}), 'shell': False}
[0.099767] (-) TimerEvent: {}
[0.200032] (-) TimerEvent: {}
[0.300309] (-) TimerEvent: {}
[0.350641] (mission_layer_mvibot) StdoutLine: {'line': b'[ 50%] \x1b[32mBuilding CXX object CMakeFiles/mvibot_mission.dir/src/mvibot_mission.cpp.o\x1b[0m\n'}
[0.400412] (-) TimerEvent: {}
[0.500665] (-) TimerEvent: {}
[0.600907] (-) TimerEvent: {}
[0.701167] (-) TimerEvent: {}
[0.801427] (-) TimerEvent: {}
[0.901865] (-) TimerEvent: {}
[1.002272] (-) TimerEvent: {}
[1.102524] (-) TimerEvent: {}
[1.202792] (-) TimerEvent: {}
[1.303012] (-) TimerEvent: {}
[1.403288] (-) TimerEvent: {}
[1.503511] (-) TimerEvent: {}
[1.603871] (-) TimerEvent: {}
[1.704205] (-) TimerEvent: {}
[1.804745] (-) TimerEvent: {}
[1.905050] (-) TimerEvent: {}
[2.005348] (-) TimerEvent: {}
[2.105596] (-) TimerEvent: {}
[2.205850] (-) TimerEvent: {}
[2.306079] (-) TimerEvent: {}
[2.406402] (-) TimerEvent: {}
[2.506709] (-) TimerEvent: {}
[2.606967] (-) TimerEvent: {}
[2.707251] (-) TimerEvent: {}
[2.807508] (-) TimerEvent: {}
[2.907864] (-) TimerEvent: {}
[3.008207] (-) TimerEvent: {}
[3.108504] (-) TimerEvent: {}
[3.208789] (-) TimerEvent: {}
[3.309042] (-) TimerEvent: {}
[3.409284] (-) TimerEvent: {}
[3.509525] (-) TimerEvent: {}
[3.609759] (-) TimerEvent: {}
[3.710028] (-) TimerEvent: {}
[3.810379] (-) TimerEvent: {}
[3.910791] (-) TimerEvent: {}
[4.011052] (-) TimerEvent: {}
[4.111282] (-) TimerEvent: {}
[4.211594] (-) TimerEvent: {}
[4.311871] (-) TimerEvent: {}
[4.412125] (-) TimerEvent: {}
[4.512400] (-) TimerEvent: {}
[4.612715] (-) TimerEvent: {}
[4.713024] (-) TimerEvent: {}
[4.813263] (-) TimerEvent: {}
[4.913528] (-) TimerEvent: {}
[5.013840] (-) TimerEvent: {}
[5.114099] (-) TimerEvent: {}
[5.214396] (-) TimerEvent: {}
[5.314671] (-) TimerEvent: {}
[5.415019] (-) TimerEvent: {}
[5.515413] (-) TimerEvent: {}
[5.616017] (-) TimerEvent: {}
[5.716295] (-) TimerEvent: {}
[5.816543] (-) TimerEvent: {}
[5.916786] (-) TimerEvent: {}
[6.016998] (-) TimerEvent: {}
[6.117368] (-) TimerEvent: {}
[6.217672] (-) TimerEvent: {}
[6.317944] (-) TimerEvent: {}
[6.418452] (-) TimerEvent: {}
[6.518693] (-) TimerEvent: {}
[6.618941] (-) TimerEvent: {}
[6.719294] (-) TimerEvent: {}
[6.820136] (-) TimerEvent: {}
[6.920501] (-) TimerEvent: {}
[7.020747] (-) TimerEvent: {}
[7.120999] (-) TimerEvent: {}
[7.221373] (-) TimerEvent: {}
[7.242015] (mission_layer_mvibot) StderrLine: {'line': b'In file included from \x1b[01m\x1b[K/home/mvibot/floorCleaningRobot_ws/src/mission_layer_mvibot/src/mvibot_mission.cpp:3\x1b[m\x1b[K:\n'}
[7.242279] (mission_layer_mvibot) StderrLine: {'line': b'\x1b[01m\x1b[K/home/mvibot/floorCleaningRobot_ws/src/mission_layer_mvibot/src/../include/mission_layer_mvibot/mvibot_mission/manage_mission.h:\x1b[m\x1b[K In lambda function:\n'}
[7.242391] (mission_layer_mvibot) StderrLine: {'line': b'\x1b[01m\x1b[K/home/mvibot/floorCleaningRobot_ws/src/mission_layer_mvibot/src/../include/mission_layer_mvibot/mvibot_mission/manage_mission.h:254:34:\x1b[m\x1b[K \x1b[01;35m\x1b[Kwarning: \x1b[m\x1b[Kcomparison of integer expressions of different signedness: \xe2\x80\x98\x1b[01m\x1b[Kint\x1b[m\x1b[K\xe2\x80\x99 and \xe2\x80\x98\x1b[01m\x1b[Kstd::vector<std::__cxx11::basic_string<char>, std::allocator<std::__cxx11::basic_string<char> > >::size_type\x1b[m\x1b[K\xe2\x80\x99 {aka \xe2\x80\x98\x1b[01m\x1b[Klong unsigned int\x1b[m\x1b[K\xe2\x80\x99} [\x1b[01;35m\x1b[K\x1b]8;;https://gcc.gnu.org/onlinedocs/gcc/Warning-Options.html#index-Wsign-compare\x07-Wsign-compare\x1b]8;;\x07\x1b[m\x1b[K]\n'}
[7.242497] (mission_layer_mvibot) StderrLine: {'line': b'  254 |                     for(int i=1;\x1b[01;35m\x1b[Ki<data.data1.size()\x1b[m\x1b[K;i++){\n'}
[7.242583] (mission_layer_mvibot) StderrLine: {'line': b'      |                                 \x1b[01;35m\x1b[K~^~~~~~~~~~~~~~~~~~\x1b[m\x1b[K\n'}
[7.268627] (mission_layer_mvibot) StderrLine: {'line': b'\x1b[01m\x1b[K/home/mvibot/floorCleaningRobot_ws/src/mission_layer_mvibot/src/../include/mission_layer_mvibot/mvibot_mission/manage_mission.h:\x1b[m\x1b[K In lambda function:\n'}
[7.269033] (mission_layer_mvibot) StderrLine: {'line': b'\x1b[01m\x1b[K/home/mvibot/floorCleaningRobot_ws/src/mission_layer_mvibot/src/../include/mission_layer_mvibot/mvibot_mission/manage_mission.h:292:72:\x1b[m\x1b[K \x1b[01;35m\x1b[Kwarning: \x1b[m\x1b[Kunused parameter \xe2\x80\x98\x1b[01m\x1b[Kmsg\x1b[m\x1b[K\xe2\x80\x99 [\x1b[01;35m\x1b[K\x1b]8;;https://gcc.gnu.org/onlinedocs/gcc/Warning-Options.html#index-Wunused-parameter\x07-Wunused-parameter\x1b]8;;\x07\x1b[m\x1b[K]\n'}
[7.269310] (mission_layer_mvibot) StderrLine: {'line': b'  292 |             auto reset_mission_callback = [this](\x1b[01;35m\x1b[Kstd_msgs::msg::String msg\x1b[m\x1b[K)->void{\n'}
[7.269442] (mission_layer_mvibot) StderrLine: {'line': b'      |                                                  \x1b[01;35m\x1b[K~~~~~~~~~~~~~~~~~~~~~~^~~\x1b[m\x1b[K\n'}
[7.269866] (mission_layer_mvibot) StderrLine: {'line': b'\x1b[01m\x1b[K/home/mvibot/floorCleaningRobot_ws/src/mission_layer_mvibot/src/../include/mission_layer_mvibot/mvibot_mission/manage_mission.h:\x1b[m\x1b[K In lambda function:\n'}
[7.270011] (mission_layer_mvibot) StderrLine: {'line': b'\x1b[01m\x1b[K/home/mvibot/floorCleaningRobot_ws/src/mission_layer_mvibot/src/../include/mission_layer_mvibot/mvibot_mission/manage_mission.h:314:30:\x1b[m\x1b[K \x1b[01;35m\x1b[Kwarning: \x1b[m\x1b[Kcomparison of integer expressions of different signedness: \xe2\x80\x98\x1b[01m\x1b[Kint\x1b[m\x1b[K\xe2\x80\x99 and \xe2\x80\x98\x1b[01m\x1b[Kstd::vector<std::__cxx11::basic_string<char>, std::allocator<std::__cxx11::basic_string<char> > >::size_type\x1b[m\x1b[K\xe2\x80\x99 {aka \xe2\x80\x98\x1b[01m\x1b[Klong unsigned int\x1b[m\x1b[K\xe2\x80\x99} [\x1b[01;35m\x1b[K\x1b]8;;https://gcc.gnu.org/onlinedocs/gcc/Warning-Options.html#index-Wsign-compare\x07-Wsign-compare\x1b]8;;\x07\x1b[m\x1b[K]\n'}
[7.270112] (mission_layer_mvibot) StderrLine: {'line': b'  314 |                 for(int i=0;\x1b[01;35m\x1b[Ki<data.data1.size()\x1b[m\x1b[K;i++){\n'}
[7.270209] (mission_layer_mvibot) StderrLine: {'line': b'      |                             \x1b[01;35m\x1b[K~^~~~~~~~~~~~~~~~~~\x1b[m\x1b[K\n'}
[7.271404] (mission_layer_mvibot) StderrLine: {'line': b'\x1b[01m\x1b[K/home/mvibot/floorCleaningRobot_ws/src/mission_layer_mvibot/src/../include/mission_layer_mvibot/mvibot_mission/manage_mission.h:311:36:\x1b[m\x1b[K \x1b[01;35m\x1b[Kwarning: \x1b[m\x1b[Kunused variable \xe2\x80\x98\x1b[01m\x1b[Klive_f\x1b[m\x1b[K\xe2\x80\x99 [\x1b[01;35m\x1b[K\x1b]8;;https://gcc.gnu.org/onlinedocs/gcc/Warning-Options.html#index-Wunused-variable\x07-Wunused-variable\x1b]8;;\x07\x1b[m\x1b[K]\n'}
[7.271585] (mission_layer_mvibot) StderrLine: {'line': b'  311 |                 static int live=-1,\x1b[01;35m\x1b[Klive_f\x1b[m\x1b[K=-1,brake=-1,brake_f=-1,enable=-1,enable_f=-1,error=-1,error_f=-1;\n'}
[7.271662] (mission_layer_mvibot) StderrLine: {'line': b'      |                                    \x1b[01;35m\x1b[K^~~~~~\x1b[m\x1b[K\n'}
[7.271733] (mission_layer_mvibot) StderrLine: {'line': b'\x1b[01m\x1b[K/home/mvibot/floorCleaningRobot_ws/src/mission_layer_mvibot/src/../include/mission_layer_mvibot/mvibot_mission/manage_mission.h:311:55:\x1b[m\x1b[K \x1b[01;35m\x1b[Kwarning: \x1b[m\x1b[Kunused variable \xe2\x80\x98\x1b[01m\x1b[Kbrake_f\x1b[m\x1b[K\xe2\x80\x99 [\x1b[01;35m\x1b[K\x1b]8;;https://gcc.gnu.org/onlinedocs/gcc/Warning-Options.html#index-Wunused-variable\x07-Wunused-variable\x1b]8;;\x07\x1b[m\x1b[K]\n'}
[7.271810] (mission_layer_mvibot) StderrLine: {'line': b'  311 |                 static int live=-1,live_f=-1,brake=-1,\x1b[01;35m\x1b[Kbrake_f\x1b[m\x1b[K=-1,enable=-1,enable_f=-1,error=-1,error_f=-1;\n'}
[7.271883] (mission_layer_mvibot) StderrLine: {'line': b'      |                                                       \x1b[01;35m\x1b[K^~~~~~~\x1b[m\x1b[K\n'}
[7.271953] (mission_layer_mvibot) StderrLine: {'line': b'\x1b[01m\x1b[K/home/mvibot/floorCleaningRobot_ws/src/mission_layer_mvibot/src/../include/mission_layer_mvibot/mvibot_mission/manage_mission.h:311:76:\x1b[m\x1b[K \x1b[01;35m\x1b[Kwarning: \x1b[m\x1b[Kunused variable \xe2\x80\x98\x1b[01m\x1b[Kenable_f\x1b[m\x1b[K\xe2\x80\x99 [\x1b[01;35m\x1b[K\x1b]8;;https://gcc.gnu.org/onlinedocs/gcc/Warning-Options.html#index-Wunused-variable\x07-Wunused-variable\x1b]8;;\x07\x1b[m\x1b[K]\n'}
[7.272041] (mission_layer_mvibot) StderrLine: {'line': b'  311 |                 static int live=-1,live_f=-1,brake=-1,brake_f=-1,enable=-1,\x1b[01;35m\x1b[Kenable_f\x1b[m\x1b[K=-1,error=-1,error_f=-1;\n'}
[7.272116] (mission_layer_mvibot) StderrLine: {'line': b'      |                                                                            \x1b[01;35m\x1b[K^~~~~~~~\x1b[m\x1b[K\n'}
[7.272201] (mission_layer_mvibot) StderrLine: {'line': b'\x1b[01m\x1b[K/home/mvibot/floorCleaningRobot_ws/src/mission_layer_mvibot/src/../include/mission_layer_mvibot/mvibot_mission/manage_mission.h:311:88:\x1b[m\x1b[K \x1b[01;35m\x1b[Kwarning: \x1b[m\x1b[Kvariable \xe2\x80\x98\x1b[01m\x1b[Kerror\x1b[m\x1b[K\xe2\x80\x99 set but not used [\x1b[01;35m\x1b[K\x1b]8;;https://gcc.gnu.org/onlinedocs/gcc/Warning-Options.html#index-Wunused-but-set-variable\x07-Wunused-but-set-variable\x1b]8;;\x07\x1b[m\x1b[K]\n'}
[7.272291] (mission_layer_mvibot) StderrLine: {'line': b'  311 |                 static int live=-1,live_f=-1,brake=-1,brake_f=-1,enable=-1,enable_f=-1,\x1b[01;35m\x1b[Kerror\x1b[m\x1b[K=-1,error_f=-1;\n'}
[7.272370] (mission_layer_mvibot) StderrLine: {'line': b'      |                                                                                        \x1b[01;35m\x1b[K^~~~~\x1b[m\x1b[K\n'}
[7.272442] (mission_layer_mvibot) StderrLine: {'line': b'\x1b[01m\x1b[K/home/mvibot/floorCleaningRobot_ws/src/mission_layer_mvibot/src/../include/mission_layer_mvibot/mvibot_mission/manage_mission.h:311:97:\x1b[m\x1b[K \x1b[01;35m\x1b[Kwarning: \x1b[m\x1b[Kunused variable \xe2\x80\x98\x1b[01m\x1b[Kerror_f\x1b[m\x1b[K\xe2\x80\x99 [\x1b[01;35m\x1b[K\x1b]8;;https://gcc.gnu.org/onlinedocs/gcc/Warning-Options.html#index-Wunused-variable\x07-Wunused-variable\x1b]8;;\x07\x1b[m\x1b[K]\n'}
[7.272580] (mission_layer_mvibot) StderrLine: {'line': b'  311 |                 static int live=-1,live_f=-1,brake=-1,brake_f=-1,enable=-1,enable_f=-1,error=-1,\x1b[01;35m\x1b[Kerror_f\x1b[m\x1b[K=-1;\n'}
[7.272662] (mission_layer_mvibot) StderrLine: {'line': b'      |                                                                                                 \x1b[01;35m\x1b[K^~~~~~~\x1b[m\x1b[K\n'}
[7.272732] (mission_layer_mvibot) StderrLine: {'line': b'\x1b[01m\x1b[K/home/mvibot/floorCleaningRobot_ws/src/mission_layer_mvibot/src/../include/mission_layer_mvibot/mvibot_mission/manage_mission.h:\x1b[m\x1b[K In lambda function:\n'}
[7.272804] (mission_layer_mvibot) StderrLine: {'line': b'\x1b[01m\x1b[K/home/mvibot/floorCleaningRobot_ws/src/mission_layer_mvibot/src/../include/mission_layer_mvibot/mvibot_mission/manage_mission.h:343:30:\x1b[m\x1b[K \x1b[01;35m\x1b[Kwarning: \x1b[m\x1b[Kcomparison of integer expressions of different signedness: \xe2\x80\x98\x1b[01m\x1b[Kint\x1b[m\x1b[K\xe2\x80\x99 and \xe2\x80\x98\x1b[01m\x1b[Kstd::vector<std::__cxx11::basic_string<char>, std::allocator<std::__cxx11::basic_string<char> > >::size_type\x1b[m\x1b[K\xe2\x80\x99 {aka \xe2\x80\x98\x1b[01m\x1b[Klong unsigned int\x1b[m\x1b[K\xe2\x80\x99} [\x1b[01;35m\x1b[K\x1b]8;;https://gcc.gnu.org/onlinedocs/gcc/Warning-Options.html#index-Wsign-compare\x07-Wsign-compare\x1b]8;;\x07\x1b[m\x1b[K]\n'}
[7.272888] (mission_layer_mvibot) StderrLine: {'line': b'  343 |                 for(int i=0;\x1b[01;35m\x1b[Ki<data.data1.size()\x1b[m\x1b[K;i++){\n'}
[7.272972] (mission_layer_mvibot) StderrLine: {'line': b'      |                             \x1b[01;35m\x1b[K~^~~~~~~~~~~~~~~~~~\x1b[m\x1b[K\n'}
[7.274587] (mission_layer_mvibot) StderrLine: {'line': b'\x1b[01m\x1b[K/home/mvibot/floorCleaningRobot_ws/src/mission_layer_mvibot/src/../include/mission_layer_mvibot/mvibot_mission/manage_mission.h:339:36:\x1b[m\x1b[K \x1b[01;35m\x1b[Kwarning: \x1b[m\x1b[Kunused variable \xe2\x80\x98\x1b[01m\x1b[Klive_f\x1b[m\x1b[K\xe2\x80\x99 [\x1b[01;35m\x1b[K\x1b]8;;https://gcc.gnu.org/onlinedocs/gcc/Warning-Options.html#index-Wunused-variable\x07-Wunused-variable\x1b]8;;\x07\x1b[m\x1b[K]\n'}
[7.274948] (mission_layer_mvibot) StderrLine: {'line': b'  339 |                 static int live=-1,\x1b[01;35m\x1b[Klive_f\x1b[m\x1b[K=-1,brake=-1,brake_f=-1,enable=-1,enable_f=-1,error=-1,error_f=-1;\n'}
[7.275114] (mission_layer_mvibot) StderrLine: {'line': b'      |                                    \x1b[01;35m\x1b[K^~~~~~\x1b[m\x1b[K\n'}
[7.275408] (mission_layer_mvibot) StderrLine: {'line': b'\x1b[01m\x1b[K/home/mvibot/floorCleaningRobot_ws/src/mission_layer_mvibot/src/../include/mission_layer_mvibot/mvibot_mission/manage_mission.h:339:55:\x1b[m\x1b[K \x1b[01;35m\x1b[Kwarning: \x1b[m\x1b[Kunused variable \xe2\x80\x98\x1b[01m\x1b[Kbrake_f\x1b[m\x1b[K\xe2\x80\x99 [\x1b[01;35m\x1b[K\x1b]8;;https://gcc.gnu.org/onlinedocs/gcc/Warning-Options.html#index-Wunused-variable\x07-Wunused-variable\x1b]8;;\x07\x1b[m\x1b[K]\n'}
[7.275550] (mission_layer_mvibot) StderrLine: {'line': b'  339 |                 static int live=-1,live_f=-1,brake=-1,\x1b[01;35m\x1b[Kbrake_f\x1b[m\x1b[K=-1,enable=-1,enable_f=-1,error=-1,error_f=-1;\n'}
[7.275693] (mission_layer_mvibot) StderrLine: {'line': b'      |                                                       \x1b[01;35m\x1b[K^~~~~~~\x1b[m\x1b[K\n'}
[7.275884] (mission_layer_mvibot) StderrLine: {'line': b'\x1b[01m\x1b[K/home/mvibot/floorCleaningRobot_ws/src/mission_layer_mvibot/src/../include/mission_layer_mvibot/mvibot_mission/manage_mission.h:339:76:\x1b[m\x1b[K \x1b[01;35m\x1b[Kwarning: \x1b[m\x1b[Kunused variable \xe2\x80\x98\x1b[01m\x1b[Kenable_f\x1b[m\x1b[K\xe2\x80\x99 [\x1b[01;35m\x1b[K\x1b]8;;https://gcc.gnu.org/onlinedocs/gcc/Warning-Options.html#index-Wunused-variable\x07-Wunused-variable\x1b]8;;\x07\x1b[m\x1b[K]\n'}
[7.276065] (mission_layer_mvibot) StderrLine: {'line': b'  339 |                 static int live=-1,live_f=-1,brake=-1,brake_f=-1,enable=-1,\x1b[01;35m\x1b[Kenable_f\x1b[m\x1b[K=-1,error=-1,error_f=-1;\n'}
[7.276460] (mission_layer_mvibot) StderrLine: {'line': b'      |                                                                            \x1b[01;35m\x1b[K^~~~~~~~\x1b[m\x1b[K\n'}
[7.276627] (mission_layer_mvibot) StderrLine: {'line': b'\x1b[01m\x1b[K/home/mvibot/floorCleaningRobot_ws/src/mission_layer_mvibot/src/../include/mission_layer_mvibot/mvibot_mission/manage_mission.h:339:88:\x1b[m\x1b[K \x1b[01;35m\x1b[Kwarning: \x1b[m\x1b[Kvariable \xe2\x80\x98\x1b[01m\x1b[Kerror\x1b[m\x1b[K\xe2\x80\x99 set but not used [\x1b[01;35m\x1b[K\x1b]8;;https://gcc.gnu.org/onlinedocs/gcc/Warning-Options.html#index-Wunused-but-set-variable\x07-Wunused-but-set-variable\x1b]8;;\x07\x1b[m\x1b[K]\n'}
[7.276817] (mission_layer_mvibot) StderrLine: {'line': b'  339 |                 static int live=-1,live_f=-1,brake=-1,brake_f=-1,enable=-1,enable_f=-1,\x1b[01;35m\x1b[Kerror\x1b[m\x1b[K=-1,error_f=-1;\n'}
[7.277159] (mission_layer_mvibot) StderrLine: {'line': b'      |                                                                                        \x1b[01;35m\x1b[K^~~~~\x1b[m\x1b[K\n'}
[7.277299] (mission_layer_mvibot) StderrLine: {'line': b'\x1b[01m\x1b[K/home/mvibot/floorCleaningRobot_ws/src/mission_layer_mvibot/src/../include/mission_layer_mvibot/mvibot_mission/manage_mission.h:339:97:\x1b[m\x1b[K \x1b[01;35m\x1b[Kwarning: \x1b[m\x1b[Kunused variable \xe2\x80\x98\x1b[01m\x1b[Kerror_f\x1b[m\x1b[K\xe2\x80\x99 [\x1b[01;35m\x1b[K\x1b]8;;https://gcc.gnu.org/onlinedocs/gcc/Warning-Options.html#index-Wunused-variable\x07-Wunused-variable\x1b]8;;\x07\x1b[m\x1b[K]\n'}
[7.277407] (mission_layer_mvibot) StderrLine: {'line': b'  339 |                 static int live=-1,live_f=-1,brake=-1,brake_f=-1,enable=-1,enable_f=-1,error=-1,\x1b[01;35m\x1b[Kerror_f\x1b[m\x1b[K=-1;\n'}
[7.277505] (mission_layer_mvibot) StderrLine: {'line': b'      |                                                                                                 \x1b[01;35m\x1b[K^~~~~~~\x1b[m\x1b[K\n'}
[7.321495] (-) TimerEvent: {}
[7.331034] (mission_layer_mvibot) StderrLine: {'line': b'\x1b[01m\x1b[K/home/mvibot/floorCleaningRobot_ws/src/mission_layer_mvibot/src/../include/mission_layer_mvibot/mvibot_mission/manage_mission.h:\x1b[m\x1b[K In member function \xe2\x80\x98\x1b[01m\x1b[Kdouble* manage_mission::\x1b[01;32m\x1b[Kget_position_tf\x1b[m\x1b[K(std::string, std::string)\x1b[m\x1b[K\xe2\x80\x99:\n'}
[7.331346] (mission_layer_mvibot) StderrLine: {'line': b'\x1b[01m\x1b[K/home/mvibot/floorCleaningRobot_ws/src/mission_layer_mvibot/src/../include/mission_layer_mvibot/mvibot_mission/manage_mission.h:682:23:\x1b[m\x1b[K \x1b[01;35m\x1b[Kwarning: \x1b[m\x1b[Kvariable \xe2\x80\x98\x1b[01m\x1b[Kz\x1b[m\x1b[K\xe2\x80\x99 set but not used [\x1b[01;35m\x1b[K\x1b]8;;https://gcc.gnu.org/onlinedocs/gcc/Warning-Options.html#index-Wunused-but-set-variable\x07-Wunused-but-set-variable\x1b]8;;\x07\x1b[m\x1b[K]\n'}
[7.331489] (mission_layer_mvibot) StderrLine: {'line': b'  682 |     static double x,y,\x1b[01;35m\x1b[Kz\x1b[m\x1b[K,thz,thw;\n'}
[7.331576] (mission_layer_mvibot) StderrLine: {'line': b'      |                       \x1b[01;35m\x1b[K^\x1b[m\x1b[K\n'}
[7.414881] (mission_layer_mvibot) StderrLine: {'line': b'\x1b[01m\x1b[K/home/mvibot/floorCleaningRobot_ws/src/mission_layer_mvibot/src/../include/mission_layer_mvibot/mvibot_mission/manage_mission.h:\x1b[m\x1b[K In member function \xe2\x80\x98\x1b[01m\x1b[Kint manage_mission::\x1b[01;32m\x1b[Kexecute_content\x1b[m\x1b[K(mission&, std::vector<std::__cxx11::basic_string<char>, std::allocator<std::__cxx11::basic_string<char> > >&, std::string&, int&)\x1b[m\x1b[K\xe2\x80\x99:\n'}
[7.415187] (mission_layer_mvibot) StderrLine: {'line': b'\x1b[01m\x1b[K/home/mvibot/floorCleaningRobot_ws/src/mission_layer_mvibot/src/../include/mission_layer_mvibot/mvibot_mission/manage_mission.h:1069:14:\x1b[m\x1b[K \x1b[01;35m\x1b[Kwarning: \x1b[m\x1b[Kcomparison of integer expressions of different signedness: \xe2\x80\x98\x1b[01m\x1b[Kint\x1b[m\x1b[K\xe2\x80\x99 and \xe2\x80\x98\x1b[01m\x1b[Kstd::vector<std::__cxx11::basic_string<char>, std::allocator<std::__cxx11::basic_string<char> > >::size_type\x1b[m\x1b[K\xe2\x80\x99 {aka \xe2\x80\x98\x1b[01m\x1b[Klong unsigned int\x1b[m\x1b[K\xe2\x80\x99} [\x1b[01;35m\x1b[K\x1b]8;;https://gcc.gnu.org/onlinedocs/gcc/Warning-Options.html#index-Wsign-compare\x07-Wsign-compare\x1b]8;;\x07\x1b[m\x1b[K]\n'}
[7.415351] (mission_layer_mvibot) StderrLine: {'line': b' 1069 |         if(\x1b[01;35m\x1b[Ki == and_contents_list.size()\x1b[m\x1b[K){\n'}
[7.415483] (mission_layer_mvibot) StderrLine: {'line': b'      |            \x1b[01;35m\x1b[K~~^~~~~~~~~~~~~~~~~~~~~~~~~~~\x1b[m\x1b[K\n'}
[7.416454] (mission_layer_mvibot) StderrLine: {'line': b'\x1b[01m\x1b[K/home/mvibot/floorCleaningRobot_ws/src/mission_layer_mvibot/src/../include/mission_layer_mvibot/mvibot_mission/manage_mission.h:1092:14:\x1b[m\x1b[K \x1b[01;35m\x1b[Kwarning: \x1b[m\x1b[Kcomparison of integer expressions of different signedness: \xe2\x80\x98\x1b[01m\x1b[Kint\x1b[m\x1b[K\xe2\x80\x99 and \xe2\x80\x98\x1b[01m\x1b[Kstd::vector<std::__cxx11::basic_string<char>, std::allocator<std::__cxx11::basic_string<char> > >::size_type\x1b[m\x1b[K\xe2\x80\x99 {aka \xe2\x80\x98\x1b[01m\x1b[Klong unsigned int\x1b[m\x1b[K\xe2\x80\x99} [\x1b[01;35m\x1b[K\x1b]8;;https://gcc.gnu.org/onlinedocs/gcc/Warning-Options.html#index-Wsign-compare\x07-Wsign-compare\x1b]8;;\x07\x1b[m\x1b[K]\n'}
[7.416767] (mission_layer_mvibot) StderrLine: {'line': b' 1092 |         if(\x1b[01;35m\x1b[Ki == or_contents_list.size()\x1b[m\x1b[K){\n'}
[7.416968] (mission_layer_mvibot) StderrLine: {'line': b'      |            \x1b[01;35m\x1b[K~~^~~~~~~~~~~~~~~~~~~~~~~~~~\x1b[m\x1b[K\n'}
[7.421584] (-) TimerEvent: {}
[7.521809] (-) TimerEvent: {}
[7.622041] (-) TimerEvent: {}
[7.722258] (-) TimerEvent: {}
[7.801449] (mission_layer_mvibot) StderrLine: {'line': b'In file included from \x1b[01m\x1b[K/home/mvibot/floorCleaningRobot_ws/src/mission_layer_mvibot/src/mvibot_mission.cpp:4\x1b[m\x1b[K:\n'}
[7.801642] (mission_layer_mvibot) StderrLine: {'line': b'\x1b[01m\x1b[K/home/mvibot/floorCleaningRobot_ws/src/mission_layer_mvibot/src/../include/mission_layer_mvibot/mvibot_mission/navigation_function.h:\x1b[m\x1b[K In lambda function:\n'}
[7.801737] (mission_layer_mvibot) StderrLine: {'line': b'\x1b[01m\x1b[K/home/mvibot/floorCleaningRobot_ws/src/mission_layer_mvibot/src/../include/mission_layer_mvibot/mvibot_mission/navigation_function.h:307:120:\x1b[m\x1b[K \x1b[01;35m\x1b[Kwarning: \x1b[m\x1b[Kunused parameter \xe2\x80\x98\x1b[01m\x1b[Kfeedback\x1b[m\x1b[K\xe2\x80\x99 [\x1b[01;35m\x1b[K\x1b]8;;https://gcc.gnu.org/onlinedocs/gcc/Warning-Options.html#index-Wunused-parameter\x07-Wunused-parameter\x1b]8;;\x07\x1b[m\x1b[K]\n'}
[7.801852] (mission_layer_mvibot) StderrLine: {'line': b'  307 |                         \x1b[01;35m\x1b[Kconst std::shared_ptr<const opennav_coverage_msgs::action::NavigateCompleteCoverage::Feedback> feedback\x1b[m\x1b[K) {\n'}
[7.801960] (mission_layer_mvibot) StderrLine: {'line': b'      |                         \x1b[01;35m\x1b[K~~~~~~~~~~~~~~~~~~~~~~~~~~~~~~~~~~~~~~~~~~~~~~~~~~~~~~~~~~~~~~~~~~~~~~~~~~~~~~~~~~~~~~~~~~~~~~~^~~~~~~~\x1b[m\x1b[K\n'}
[7.822365] (-) TimerEvent: {}
[7.822782] (mission_layer_mvibot) StderrLine: {'line': b'\x1b[01m\x1b[K/home/mvibot/floorCleaningRobot_ws/src/mission_layer_mvibot/src/../include/mission_layer_mvibot/mvibot_mission/navigation_function.h:\x1b[m\x1b[K In lambda function:\n'}
[7.822978] (mission_layer_mvibot) StderrLine: {'line': b'\x1b[01m\x1b[K/home/mvibot/floorCleaningRobot_ws/src/mission_layer_mvibot/src/../include/mission_layer_mvibot/mvibot_mission/navigation_function.h:363:98:\x1b[m\x1b[K \x1b[01;35m\x1b[Kwarning: \x1b[m\x1b[Kunused parameter \xe2\x80\x98\x1b[01m\x1b[Kfeedback\x1b[m\x1b[K\xe2\x80\x99 [\x1b[01;35m\x1b[K\x1b]8;;https://gcc.gnu.org/onlinedocs/gcc/Warning-Options.html#index-Wunused-parameter\x07-Wunused-parameter\x1b]8;;\x07\x1b[m\x1b[K]\n'}
[7.823120] (mission_layer_mvibot) StderrLine: {'line': b'  363 |                         \x1b[01;35m\x1b[Kconst std::shared_ptr<const nav2_msgs::action::NavigateToPose::Feedback> feedback\x1b[m\x1b[K) {\n'}
[7.823456] (mission_layer_mvibot) StderrLine: {'line': b'      |                         \x1b[01;35m\x1b[K~~~~~~~~~~~~~~~~~~~~~~~~~~~~~~~~~~~~~~~~~~~~~~~~~~~~~~~~~~~~~~~~~~~~~~~~~^~~~~~~~\x1b[m\x1b[K\n'}
[7.922529] (-) TimerEvent: {}
[7.947401] (mission_layer_mvibot) StderrLine: {'line': b'\x1b[01m\x1b[K/home/mvibot/floorCleaningRobot_ws/src/mission_layer_mvibot/src/../include/mission_layer_mvibot/mvibot_mission/navigation_function.h:\x1b[m\x1b[K In member function \xe2\x80\x98\x1b[01m\x1b[Kint navigation_function::\x1b[01;32m\x1b[Kaction\x1b[m\x1b[K()\x1b[m\x1b[K\xe2\x80\x99:\n'}
[7.947611] (mission_layer_mvibot) StderrLine: {'line': b'\x1b[01m\x1b[K/home/mvibot/floorCleaningRobot_ws/src/mission_layer_mvibot/src/../include/mission_layer_mvibot/mvibot_mission/navigation_function.h:700:16:\x1b[m\x1b[K \x1b[01;35m\x1b[Kwarning: \x1b[m\x1b[Kunused variable \xe2\x80\x98\x1b[01m\x1b[Kt\x1b[m\x1b[K\xe2\x80\x99 [\x1b[01;35m\x1b[K\x1b]8;;https://gcc.gnu.org/onlinedocs/gcc/Warning-Options.html#index-Wunused-variable\x07-Wunused-variable\x1b]8;;\x07\x1b[m\x1b[K]\n'}
[7.947707] (mission_layer_mvibot) StderrLine: {'line': b'  700 |     static int \x1b[01;35m\x1b[Kt\x1b[m\x1b[K = 0;\n'}
[7.947786] (mission_layer_mvibot) StderrLine: {'line': b'      |                \x1b[01;35m\x1b[K^\x1b[m\x1b[K\n'}
[8.022632] (-) TimerEvent: {}
[8.123207] (-) TimerEvent: {}
[8.215698] (mission_layer_mvibot) StderrLine: {'line': b'In file included from \x1b[01m\x1b[K/home/mvibot/floorCleaningRobot_ws/src/mission_layer_mvibot/src/mvibot_mission.cpp:6\x1b[m\x1b[K:\n'}
[8.215994] (mission_layer_mvibot) StderrLine: {'line': b'\x1b[01m\x1b[K/home/mvibot/floorCleaningRobot_ws/src/mission_layer_mvibot/src/../include/mission_layer_mvibot/mvibot_mission/marker_function.h:\x1b[m\x1b[K In member function \xe2\x80\x98\x1b[01m\x1b[Kdouble* marker_function::\x1b[01;32m\x1b[Kget_position\x1b[m\x1b[K(std::string, std::string)\x1b[m\x1b[K\xe2\x80\x99:\n'}
[8.216111] (mission_layer_mvibot) StderrLine: {'line': b'\x1b[01m\x1b[K/home/mvibot/floorCleaningRobot_ws/src/mission_layer_mvibot/src/../include/mission_layer_mvibot/mvibot_mission/marker_function.h:206:23:\x1b[m\x1b[K \x1b[01;35m\x1b[Kwarning: \x1b[m\x1b[Kvariable \xe2\x80\x98\x1b[01m\x1b[Kz\x1b[m\x1b[K\xe2\x80\x99 set but not used [\x1b[01;35m\x1b[K\x1b]8;;https://gcc.gnu.org/onlinedocs/gcc/Warning-Options.html#index-Wunused-but-set-variable\x07-Wunused-but-set-variable\x1b]8;;\x07\x1b[m\x1b[K]\n'}
[8.216239] (mission_layer_mvibot) StderrLine: {'line': b'  206 |     static double x,y,\x1b[01;35m\x1b[Kz\x1b[m\x1b[K,thz,thw;\n'}
[8.216319] (mission_layer_mvibot) StderrLine: {'line': b'      |                       \x1b[01;35m\x1b[K^\x1b[m\x1b[K\n'}
[8.218800] (mission_layer_mvibot) StderrLine: {'line': b'\x1b[01m\x1b[K/home/mvibot/floorCleaningRobot_ws/src/mission_layer_mvibot/src/../include/mission_layer_mvibot/mvibot_mission/marker_function.h:\x1b[m\x1b[K In member function \xe2\x80\x98\x1b[01m\x1b[Kint marker_function::\x1b[01;32m\x1b[Kcaculate_transforms_ofset\x1b[m\x1b[K()\x1b[m\x1b[K\xe2\x80\x99:\n'}
[8.218974] (mission_layer_mvibot) StderrLine: {'line': b'\x1b[01m\x1b[K/home/mvibot/floorCleaningRobot_ws/src/mission_layer_mvibot/src/../include/mission_layer_mvibot/mvibot_mission/marker_function.h:254:19:\x1b[m\x1b[K \x1b[01;35m\x1b[Kwarning: \x1b[m\x1b[Kvariable \xe2\x80\x98\x1b[01m\x1b[Ktheta\x1b[m\x1b[K\xe2\x80\x99 set but not used [\x1b[01;35m\x1b[K\x1b]8;;https://gcc.gnu.org/onlinedocs/gcc/Warning-Options.html#index-Wunused-but-set-variable\x07-Wunused-but-set-variable\x1b]8;;\x07\x1b[m\x1b[K]\n'}
[8.219089] (mission_layer_mvibot) StderrLine: {'line': b'  254 |     static double \x1b[01;35m\x1b[Ktheta\x1b[m\x1b[K;\n'}
[8.219190] (mission_layer_mvibot) StderrLine: {'line': b'      |                   \x1b[01;35m\x1b[K^~~~~\x1b[m\x1b[K\n'}
[8.223334] (-) TimerEvent: {}
[8.241883] (mission_layer_mvibot) StderrLine: {'line': b'\x1b[01m\x1b[K/home/mvibot/floorCleaningRobot_ws/src/mission_layer_mvibot/src/../include/mission_layer_mvibot/mvibot_mission/marker_function.h:\x1b[m\x1b[K In member function \xe2\x80\x98\x1b[01m\x1b[Kint marker_function::\x1b[01;32m\x1b[Kmove_to_goal\x1b[m\x1b[K()\x1b[m\x1b[K\xe2\x80\x99:\n'}
[8.242125] (mission_layer_mvibot) StderrLine: {'line': b'\x1b[01m\x1b[K/home/mvibot/floorCleaningRobot_ws/src/mission_layer_mvibot/src/../include/mission_layer_mvibot/mvibot_mission/marker_function.h:442:21:\x1b[m\x1b[K \x1b[01;35m\x1b[Kwarning: \x1b[m\x1b[Kvariable \xe2\x80\x98\x1b[01m\x1b[Ky\x1b[m\x1b[K\xe2\x80\x99 set but not used [\x1b[01;35m\x1b[K\x1b]8;;https://gcc.gnu.org/onlinedocs/gcc/Warning-Options.html#index-Wunused-but-set-variable\x07-Wunused-but-set-variable\x1b]8;;\x07\x1b[m\x1b[K]\n'}
[8.242281] (mission_layer_mvibot) StderrLine: {'line': b'  442 |     static double x,\x1b[01;35m\x1b[Ky\x1b[m\x1b[K;\n'}
[8.242390] (mission_layer_mvibot) StderrLine: {'line': b'      |                     \x1b[01;35m\x1b[K^\x1b[m\x1b[K\n'}
[8.276441] (mission_layer_mvibot) StderrLine: {'line': b'In file included from \x1b[01m\x1b[K/home/mvibot/floorCleaningRobot_ws/src/mission_layer_mvibot/src/mvibot_mission.cpp:7\x1b[m\x1b[K:\n'}
[8.276630] (mission_layer_mvibot) StderrLine: {'line': b'\x1b[01m\x1b[K/home/mvibot/floorCleaningRobot_ws/src/mission_layer_mvibot/src/../include/mission_layer_mvibot/mvibot_mission/variable_function.h:\x1b[m\x1b[K In member function \xe2\x80\x98\x1b[01m\x1b[Kvoid multiple_variable_local::\x1b[01;32m\x1b[Kadd_var\x1b[m\x1b[K(variable_local)\x1b[m\x1b[K\xe2\x80\x99:\n'}
[8.276741] (mission_layer_mvibot) StderrLine: {'line': b'\x1b[01m\x1b[K/home/mvibot/floorCleaningRobot_ws/src/mission_layer_mvibot/src/../include/mission_layer_mvibot/mvibot_mission/variable_function.h:31:18:\x1b[m\x1b[K \x1b[01;35m\x1b[Kwarning: \x1b[m\x1b[Kcomparison of integer expressions of different signedness: \xe2\x80\x98\x1b[01m\x1b[Kint\x1b[m\x1b[K\xe2\x80\x99 and \xe2\x80\x98\x1b[01m\x1b[Kstd::vector<variable_local>::size_type\x1b[m\x1b[K\xe2\x80\x99 {aka \xe2\x80\x98\x1b[01m\x1b[Klong unsigned int\x1b[m\x1b[K\xe2\x80\x99} [\x1b[01;35m\x1b[K\x1b]8;;https://gcc.gnu.org/onlinedocs/gcc/Warning-Options.html#index-Wsign-compare\x07-Wsign-compare\x1b]8;;\x07\x1b[m\x1b[K]\n'}
[8.276848] (mission_layer_mvibot) StderrLine: {'line': b'   31 |     for(int i=0;\x1b[01;35m\x1b[Ki<var.size()\x1b[m\x1b[K;i++){\n'}
[8.276929] (mission_layer_mvibot) StderrLine: {'line': b'      |                 \x1b[01;35m\x1b[K~^~~~~~~~~~~\x1b[m\x1b[K\n'}
[8.277263] (mission_layer_mvibot) StderrLine: {'line': b'\x1b[01m\x1b[K/home/mvibot/floorCleaningRobot_ws/src/mission_layer_mvibot/src/../include/mission_layer_mvibot/mvibot_mission/variable_function.h:\x1b[m\x1b[K In member function \xe2\x80\x98\x1b[01m\x1b[Kvoid multiple_variable_local::\x1b[01;32m\x1b[Kupdate_var\x1b[m\x1b[K(variable_local)\x1b[m\x1b[K\xe2\x80\x99:\n'}
[8.277391] (mission_layer_mvibot) StderrLine: {'line': b'\x1b[01m\x1b[K/home/mvibot/floorCleaningRobot_ws/src/mission_layer_mvibot/src/../include/mission_layer_mvibot/mvibot_mission/variable_function.h:45:18:\x1b[m\x1b[K \x1b[01;35m\x1b[Kwarning: \x1b[m\x1b[Kcomparison of integer expressions of different signedness: \xe2\x80\x98\x1b[01m\x1b[Kint\x1b[m\x1b[K\xe2\x80\x99 and \xe2\x80\x98\x1b[01m\x1b[Kstd::vector<variable_local>::size_type\x1b[m\x1b[K\xe2\x80\x99 {aka \xe2\x80\x98\x1b[01m\x1b[Klong unsigned int\x1b[m\x1b[K\xe2\x80\x99} [\x1b[01;35m\x1b[K\x1b]8;;https://gcc.gnu.org/onlinedocs/gcc/Warning-Options.html#index-Wsign-compare\x07-Wsign-compare\x1b]8;;\x07\x1b[m\x1b[K]\n'}
[8.277483] (mission_layer_mvibot) StderrLine: {'line': b'   45 |     for(int i=0;\x1b[01;35m\x1b[Ki<var.size()\x1b[m\x1b[K;i++){\n'}
[8.277567] (mission_layer_mvibot) StderrLine: {'line': b'      |                 \x1b[01;35m\x1b[K~^~~~~~~~~~~\x1b[m\x1b[K\n'}
[8.277822] (mission_layer_mvibot) StderrLine: {'line': b'\x1b[01m\x1b[K/home/mvibot/floorCleaningRobot_ws/src/mission_layer_mvibot/src/../include/mission_layer_mvibot/mvibot_mission/variable_function.h:\x1b[m\x1b[K In member function \xe2\x80\x98\x1b[01m\x1b[Kvoid multiple_variable_local::\x1b[01;32m\x1b[Kreset_all\x1b[m\x1b[K()\x1b[m\x1b[K\xe2\x80\x99:\n'}
[8.277897] (mission_layer_mvibot) StderrLine: {'line': b'\x1b[01m\x1b[K/home/mvibot/floorCleaningRobot_ws/src/mission_layer_mvibot/src/../include/mission_layer_mvibot/mvibot_mission/variable_function.h:58:18:\x1b[m\x1b[K \x1b[01;35m\x1b[Kwarning: \x1b[m\x1b[Kcomparison of integer expressions of different signedness: \xe2\x80\x98\x1b[01m\x1b[Kint\x1b[m\x1b[K\xe2\x80\x99 and \xe2\x80\x98\x1b[01m\x1b[Kstd::vector<variable_local>::size_type\x1b[m\x1b[K\xe2\x80\x99 {aka \xe2\x80\x98\x1b[01m\x1b[Klong unsigned int\x1b[m\x1b[K\xe2\x80\x99} [\x1b[01;35m\x1b[K\x1b]8;;https://gcc.gnu.org/onlinedocs/gcc/Warning-Options.html#index-Wsign-compare\x07-Wsign-compare\x1b]8;;\x07\x1b[m\x1b[K]\n'}
[8.277973] (mission_layer_mvibot) StderrLine: {'line': b'   58 |     for(int i=0;\x1b[01;35m\x1b[Ki<var.size()\x1b[m\x1b[K;i++){\n'}
[8.278041] (mission_layer_mvibot) StderrLine: {'line': b'      |                 \x1b[01;35m\x1b[K~^~~~~~~~~~~\x1b[m\x1b[K\n'}
[8.278306] (mission_layer_mvibot) StderrLine: {'line': b'\x1b[01m\x1b[K/home/mvibot/floorCleaningRobot_ws/src/mission_layer_mvibot/src/../include/mission_layer_mvibot/mvibot_mission/variable_function.h:\x1b[m\x1b[K In member function \xe2\x80\x98\x1b[01m\x1b[Kvoid multiple_variable_local::\x1b[01;32m\x1b[Kprint\x1b[m\x1b[K()\x1b[m\x1b[K\xe2\x80\x99:\n'}
[8.278411] (mission_layer_mvibot) StderrLine: {'line': b'\x1b[01m\x1b[K/home/mvibot/floorCleaningRobot_ws/src/mission_layer_mvibot/src/../include/mission_layer_mvibot/mvibot_mission/variable_function.h:68:18:\x1b[m\x1b[K \x1b[01;35m\x1b[Kwarning: \x1b[m\x1b[Kcomparison of integer expressions of different signedness: \xe2\x80\x98\x1b[01m\x1b[Kint\x1b[m\x1b[K\xe2\x80\x99 and \xe2\x80\x98\x1b[01m\x1b[Kstd::vector<variable_local>::size_type\x1b[m\x1b[K\xe2\x80\x99 {aka \xe2\x80\x98\x1b[01m\x1b[Klong unsigned int\x1b[m\x1b[K\xe2\x80\x99} [\x1b[01;35m\x1b[K\x1b]8;;https://gcc.gnu.org/onlinedocs/gcc/Warning-Options.html#index-Wsign-compare\x07-Wsign-compare\x1b]8;;\x07\x1b[m\x1b[K]\n'}
[8.278529] (mission_layer_mvibot) StderrLine: {'line': b'   68 |     for(int i=0;\x1b[01;35m\x1b[Ki<var.size()\x1b[m\x1b[K;i++){\n'}
[8.278631] (mission_layer_mvibot) StderrLine: {'line': b'      |                 \x1b[01;35m\x1b[K~^~~~~~~~~~~\x1b[m\x1b[K\n'}
[8.296810] (mission_layer_mvibot) StderrLine: {'line': b'\x1b[01m\x1b[K/home/mvibot/floorCleaningRobot_ws/src/mission_layer_mvibot/src/../include/mission_layer_mvibot/mvibot_mission/variable_function.h:\x1b[m\x1b[K In member function \xe2\x80\x98\x1b[01m\x1b[Kint variable_function::\x1b[01;32m\x1b[Kaction\x1b[m\x1b[K()\x1b[m\x1b[K\xe2\x80\x99:\n'}
[8.297014] (mission_layer_mvibot) StderrLine: {'line': b'\x1b[01m\x1b[K/home/mvibot/floorCleaningRobot_ws/src/mission_layer_mvibot/src/../include/mission_layer_mvibot/mvibot_mission/variable_function.h:195:26:\x1b[m\x1b[K \x1b[01;35m\x1b[Kwarning: \x1b[m\x1b[Kcomparison of integer expressions of different signedness: \xe2\x80\x98\x1b[01m\x1b[Kint\x1b[m\x1b[K\xe2\x80\x99 and \xe2\x80\x98\x1b[01m\x1b[Kstd::vector<variable_local>::size_type\x1b[m\x1b[K\xe2\x80\x99 {aka \xe2\x80\x98\x1b[01m\x1b[Klong unsigned int\x1b[m\x1b[K\xe2\x80\x99} [\x1b[01;35m\x1b[K\x1b]8;;https://gcc.gnu.org/onlinedocs/gcc/Warning-Options.html#index-Wsign-compare\x07-Wsign-compare\x1b]8;;\x07\x1b[m\x1b[K]\n'}
[8.297122] (mission_layer_mvibot) StderrLine: {'line': b'  195 |             for(int i=0;\x1b[01;35m\x1b[Ki<my_vars_local.var.size()\x1b[m\x1b[K;i++){\n'}
[8.297205] (mission_layer_mvibot) StderrLine: {'line': b'      |                         \x1b[01;35m\x1b[K~^~~~~~~~~~~~~~~~~~~~~~~~~\x1b[m\x1b[K\n'}
[8.323434] (-) TimerEvent: {}
[8.396095] (mission_layer_mvibot) StderrLine: {'line': b'In file included from \x1b[01m\x1b[K/home/mvibot/floorCleaningRobot_ws/src/mission_layer_mvibot/src/mvibot_mission.cpp:8\x1b[m\x1b[K:\n'}
[8.396312] (mission_layer_mvibot) StderrLine: {'line': b'\x1b[01m\x1b[K/home/mvibot/floorCleaningRobot_ws/src/mission_layer_mvibot/src/../include/mission_layer_mvibot/mvibot_mission/gpio_function.h:\x1b[m\x1b[K In member function \xe2\x80\x98\x1b[01m\x1b[Kint gpio_function::\x1b[01;32m\x1b[Kaction\x1b[m\x1b[K()\x1b[m\x1b[K\xe2\x80\x99:\n'}
[8.396389] (mission_layer_mvibot) StderrLine: {'line': b'\x1b[01m\x1b[K/home/mvibot/floorCleaningRobot_ws/src/mission_layer_mvibot/src/../include/mission_layer_mvibot/mvibot_mission/gpio_function.h:143:16:\x1b[m\x1b[K \x1b[01;35m\x1b[Kwarning: \x1b[m\x1b[Kunused variable \xe2\x80\x98\x1b[01m\x1b[Kvalue_return\x1b[m\x1b[K\xe2\x80\x99 [\x1b[01;35m\x1b[K\x1b]8;;https://gcc.gnu.org/onlinedocs/gcc/Warning-Options.html#index-Wunused-variable\x07-Wunused-variable\x1b]8;;\x07\x1b[m\x1b[K]\n'}
[8.396474] (mission_layer_mvibot) StderrLine: {'line': b'  143 |     static int \x1b[01;35m\x1b[Kvalue_return\x1b[m\x1b[K;\n'}
[8.396542] (mission_layer_mvibot) StderrLine: {'line': b'      |                \x1b[01;35m\x1b[K^~~~~~~~~~~~\x1b[m\x1b[K\n'}
[8.423547] (-) TimerEvent: {}
[8.523859] (-) TimerEvent: {}
[8.624171] (-) TimerEvent: {}
[8.724439] (-) TimerEvent: {}
[8.824700] (-) TimerEvent: {}
[8.924986] (-) TimerEvent: {}
[9.025303] (-) TimerEvent: {}
[9.125593] (-) TimerEvent: {}
[9.226048] (-) TimerEvent: {}
[9.326321] (-) TimerEvent: {}
[9.426580] (-) TimerEvent: {}
[9.526912] (-) TimerEvent: {}
[9.627165] (-) TimerEvent: {}
[9.727394] (-) TimerEvent: {}
[9.827597] (-) TimerEvent: {}
[9.927838] (-) TimerEvent: {}
[10.028123] (-) TimerEvent: {}
[10.128925] (-) TimerEvent: {}
[10.229168] (-) TimerEvent: {}
[10.329434] (-) TimerEvent: {}
[10.429669] (-) TimerEvent: {}
[10.529915] (-) TimerEvent: {}
[10.630183] (-) TimerEvent: {}
[10.730496] (-) TimerEvent: {}
[10.830781] (-) TimerEvent: {}
[10.931009] (-) TimerEvent: {}
[11.031503] (-) TimerEvent: {}
[11.131797] (-) TimerEvent: {}
[11.232136] (-) TimerEvent: {}
[11.332567] (-) TimerEvent: {}
[11.432903] (-) TimerEvent: {}
[11.533284] (-) TimerEvent: {}
[11.633669] (-) TimerEvent: {}
[11.733931] (-) TimerEvent: {}
[11.834192] (-) TimerEvent: {}
[11.934551] (-) TimerEvent: {}
[12.034897] (-) TimerEvent: {}
[12.135198] (-) TimerEvent: {}
[12.235505] (-) TimerEvent: {}
[12.335810] (-) TimerEvent: {}
[12.436082] (-) TimerEvent: {}
[12.536314] (-) TimerEvent: {}
[12.636551] (-) TimerEvent: {}
[12.736789] (-) TimerEvent: {}
[12.837056] (-) TimerEvent: {}
[12.937302] (-) TimerEvent: {}
[13.038012] (-) TimerEvent: {}
[13.138341] (-) TimerEvent: {}
[13.238674] (-) TimerEvent: {}
[13.339020] (-) TimerEvent: {}
[13.439292] (-) TimerEvent: {}
[13.539551] (-) TimerEvent: {}
[13.639765] (-) TimerEvent: {}
[13.739992] (-) TimerEvent: {}
[13.840276] (-) TimerEvent: {}
[13.940716] (-) TimerEvent: {}
[14.041542] (-) TimerEvent: {}
[14.142059] (-) TimerEvent: {}
[14.242296] (-) TimerEvent: {}
[14.342516] (-) TimerEvent: {}
[14.442729] (-) TimerEvent: {}
[14.543008] (-) TimerEvent: {}
[14.643299] (-) TimerEvent: {}
[14.743562] (-) TimerEvent: {}
[14.843818] (-) TimerEvent: {}
[14.944067] (-) TimerEvent: {}
[15.044298] (-) TimerEvent: {}
[15.144545] (-) TimerEvent: {}
[15.244807] (-) TimerEvent: {}
[15.345064] (-) TimerEvent: {}
[15.445393] (-) TimerEvent: {}
[15.545767] (-) TimerEvent: {}
[15.646040] (-) TimerEvent: {}
[15.746312] (-) TimerEvent: {}
[15.846561] (-) TimerEvent: {}
[15.946813] (-) TimerEvent: {}
[16.047092] (-) TimerEvent: {}
[16.147396] (-) TimerEvent: {}
[16.247645] (-) TimerEvent: {}
[16.347931] (-) TimerEvent: {}
[16.448358] (-) TimerEvent: {}
[16.548775] (-) TimerEvent: {}
[16.649121] (-) TimerEvent: {}
[16.749423] (-) TimerEvent: {}
[16.849809] (-) TimerEvent: {}
[16.950079] (-) TimerEvent: {}
[17.050360] (-) TimerEvent: {}
[17.150650] (-) TimerEvent: {}
[17.250901] (-) TimerEvent: {}
[17.351194] (-) TimerEvent: {}
[17.451469] (-) TimerEvent: {}
[17.551765] (-) TimerEvent: {}
[17.652047] (-) TimerEvent: {}
[17.752306] (-) TimerEvent: {}
[17.852572] (-) TimerEvent: {}
[17.952904] (-) TimerEvent: {}
[18.053170] (-) TimerEvent: {}
[18.153469] (-) TimerEvent: {}
[18.253743] (-) TimerEvent: {}
[18.354187] (-) TimerEvent: {}
[18.454421] (-) TimerEvent: {}
[18.554680] (-) TimerEvent: {}
[18.654938] (-) TimerEvent: {}
[18.755198] (-) TimerEvent: {}
[18.855478] (-) TimerEvent: {}
[18.955753] (-) TimerEvent: {}
[19.056007] (-) TimerEvent: {}
[19.156264] (-) TimerEvent: {}
[19.256575] (-) TimerEvent: {}
[19.356849] (-) TimerEvent: {}
[19.457116] (-) TimerEvent: {}
[19.557395] (-) TimerEvent: {}
[19.657633] (-) TimerEvent: {}
[19.757935] (-) TimerEvent: {}
[19.858360] (-) TimerEvent: {}
[19.959006] (-) TimerEvent: {}
[20.059284] (-) TimerEvent: {}
[20.159632] (-) TimerEvent: {}
[20.259895] (-) TimerEvent: {}
[20.360196] (-) TimerEvent: {}
[20.460506] (-) TimerEvent: {}
[20.560920] (-) TimerEvent: {}
[20.661115] (-) TimerEvent: {}
[20.761374] (-) TimerEvent: {}
[20.861612] (-) TimerEvent: {}
[20.961862] (-) TimerEvent: {}
[21.062103] (-) TimerEvent: {}
[21.162362] (-) TimerEvent: {}
[21.262675] (-) TimerEvent: {}
[21.362959] (-) TimerEvent: {}
[21.463251] (-) TimerEvent: {}
[21.563502] (-) TimerEvent: {}
[21.663766] (-) TimerEvent: {}
[21.764049] (-) TimerEvent: {}
[21.864333] (-) TimerEvent: {}
[21.964646] (-) TimerEvent: {}
[22.065203] (-) TimerEvent: {}
[22.165483] (-) TimerEvent: {}
[22.265784] (-) TimerEvent: {}
[22.366162] (-) TimerEvent: {}
[22.466503] (-) TimerEvent: {}
[22.567219] (-) TimerEvent: {}
[22.667524] (-) TimerEvent: {}
[22.767818] (-) TimerEvent: {}
[22.868036] (-) TimerEvent: {}
[22.968291] (-) TimerEvent: {}
[23.068536] (-) TimerEvent: {}
[23.168829] (-) TimerEvent: {}
[23.269160] (-) TimerEvent: {}
[23.369415] (-) TimerEvent: {}
[23.469682] (-) TimerEvent: {}
[23.569934] (-) TimerEvent: {}
[23.670193] (-) TimerEvent: {}
[23.770408] (-) TimerEvent: {}
[23.870635] (-) TimerEvent: {}
[23.970860] (-) TimerEvent: {}
[24.071056] (-) TimerEvent: {}
[24.171529] (-) TimerEvent: {}
[24.272632] (-) TimerEvent: {}
[24.372942] (-) TimerEvent: {}
[24.473268] (-) TimerEvent: {}
[24.573641] (-) TimerEvent: {}
[24.673929] (-) TimerEvent: {}
[24.774228] (-) TimerEvent: {}
[24.874666] (-) TimerEvent: {}
[24.974943] (-) TimerEvent: {}
[25.076168] (-) TimerEvent: {}
[25.176439] (-) TimerEvent: {}
[25.276703] (-) TimerEvent: {}
[25.376992] (-) TimerEvent: {}
[25.477284] (-) TimerEvent: {}
[25.577487] (-) TimerEvent: {}
[25.677701] (-) TimerEvent: {}
[25.777946] (-) TimerEvent: {}
[25.878194] (-) TimerEvent: {}
[25.978462] (-) TimerEvent: {}
[26.078977] (-) TimerEvent: {}
[26.179258] (-) TimerEvent: {}
[26.279489] (-) TimerEvent: {}
[26.379729] (-) TimerEvent: {}
[26.479950] (-) TimerEvent: {}
[26.580169] (-) TimerEvent: {}
[26.600434] (mission_layer_mvibot) StderrLine: {'line': b'\x1b[01m\x1b[K/home/mvibot/floorCleaningRobot_ws/src/mission_layer_mvibot/src/../include/mission_layer_mvibot/mvibot_mission/manage_mission.h:\x1b[m\x1b[K In member function \xe2\x80\x98\x1b[01m\x1b[Kint manage_mission::\x1b[01;32m\x1b[Khandle_content\x1b[m\x1b[K(const json&, const double&, double&, int&, rclcpp::Publisher<std_msgs::msg::String_<std::allocator<void> > >::SharedPtr, rclcpp::Publisher<std_msgs::msg::String_<std::allocator<void> > >::SharedPtr)\x1b[m\x1b[K\xe2\x80\x99:\n'}
[26.600623] (mission_layer_mvibot) StderrLine: {'line': b'\x1b[01m\x1b[K/home/mvibot/floorCleaningRobot_ws/src/mission_layer_mvibot/src/../include/mission_layer_mvibot/mvibot_mission/manage_mission.h:931:1:\x1b[m\x1b[K \x1b[01;35m\x1b[Kwarning: \x1b[m\x1b[Kcontrol reaches end of non-void function [\x1b[01;35m\x1b[K\x1b]8;;https://gcc.gnu.org/onlinedocs/gcc/Warning-Options.html#index-Wreturn-type\x07-Wreturn-type\x1b]8;;\x07\x1b[m\x1b[K]\n'}
[26.600712] (mission_layer_mvibot) StderrLine: {'line': b'  931 | \x1b[01;35m\x1b[K}\x1b[m\x1b[K\n'}
[26.600787] (mission_layer_mvibot) StderrLine: {'line': b'      | \x1b[01;35m\x1b[K^\x1b[m\x1b[K\n'}
[26.680256] (-) TimerEvent: {}
[26.780741] (-) TimerEvent: {}
[26.820048] (mission_layer_mvibot) StderrLine: {'line': b'\x1b[01m\x1b[K/home/mvibot/floorCleaningRobot_ws/src/mission_layer_mvibot/src/../include/mission_layer_mvibot/mvibot_mission/navigation_function.h:\x1b[m\x1b[K In member function \xe2\x80\x98\x1b[01m\x1b[Kint navigation_function::\x1b[01;32m\x1b[Kaction\x1b[m\x1b[K()\x1b[m\x1b[K\xe2\x80\x99:\n'}
[26.820270] (mission_layer_mvibot) StderrLine: {'line': b'\x1b[01m\x1b[K/home/mvibot/floorCleaningRobot_ws/src/mission_layer_mvibot/src/../include/mission_layer_mvibot/mvibot_mission/navigation_function.h:966:1:\x1b[m\x1b[K \x1b[01;35m\x1b[Kwarning: \x1b[m\x1b[Kcontrol reaches end of non-void function [\x1b[01;35m\x1b[K\x1b]8;;https://gcc.gnu.org/onlinedocs/gcc/Warning-Options.html#index-Wreturn-type\x07-Wreturn-type\x1b]8;;\x07\x1b[m\x1b[K]\n'}
[26.820366] (mission_layer_mvibot) StderrLine: {'line': b'  966 | \x1b[01;35m\x1b[K}\x1b[m\x1b[K\n'}
[26.820447] (mission_layer_mvibot) StderrLine: {'line': b'      | \x1b[01;35m\x1b[K^\x1b[m\x1b[K\n'}
[26.880836] (-) TimerEvent: {}
[26.919629] (mission_layer_mvibot) StderrLine: {'line': b'\x1b[01m\x1b[K/home/mvibot/floorCleaningRobot_ws/src/mission_layer_mvibot/src/../include/mission_layer_mvibot/mvibot_mission/marker_function.h:\x1b[m\x1b[K In member function \xe2\x80\x98\x1b[01m\x1b[Kint marker_function::\x1b[01;32m\x1b[Kaction\x1b[m\x1b[K()\x1b[m\x1b[K\xe2\x80\x99:\n'}
[26.919896] (mission_layer_mvibot) StderrLine: {'line': b'\x1b[01m\x1b[K/home/mvibot/floorCleaningRobot_ws/src/mission_layer_mvibot/src/../include/mission_layer_mvibot/mvibot_mission/marker_function.h:906:1:\x1b[m\x1b[K \x1b[01;35m\x1b[Kwarning: \x1b[m\x1b[Kcontrol reaches end of non-void function [\x1b[01;35m\x1b[K\x1b]8;;https://gcc.gnu.org/onlinedocs/gcc/Warning-Options.html#index-Wreturn-type\x07-Wreturn-type\x1b]8;;\x07\x1b[m\x1b[K]\n'}
[26.920012] (mission_layer_mvibot) StderrLine: {'line': b'  906 | \x1b[01;35m\x1b[K}\x1b[m\x1b[K\n'}
[26.920092] (mission_layer_mvibot) StderrLine: {'line': b'      | \x1b[01;35m\x1b[K^\x1b[m\x1b[K\n'}
[26.937614] (mission_layer_mvibot) StderrLine: {'line': b'In file included from \x1b[01m\x1b[K/home/mvibot/floorCleaningRobot_ws/src/mission_layer_mvibot/src/mvibot_mission.cpp:13\x1b[m\x1b[K:\n'}
[26.937952] (mission_layer_mvibot) StderrLine: {'line': b'\x1b[01m\x1b[K/home/mvibot/floorCleaningRobot_ws/src/mission_layer_mvibot/src/../include/mission_layer_mvibot/mvibot_mission/lift_function.h:\x1b[m\x1b[K In member function \xe2\x80\x98\x1b[01m\x1b[Kint lift_function::\x1b[01;32m\x1b[Kaction\x1b[m\x1b[K()\x1b[m\x1b[K\xe2\x80\x99:\n'}
[26.938116] (mission_layer_mvibot) StderrLine: {'line': b'\x1b[01m\x1b[K/home/mvibot/floorCleaningRobot_ws/src/mission_layer_mvibot/src/../include/mission_layer_mvibot/mvibot_mission/lift_function.h:203:1:\x1b[m\x1b[K \x1b[01;35m\x1b[Kwarning: \x1b[m\x1b[Kcontrol reaches end of non-void function [\x1b[01;35m\x1b[K\x1b]8;;https://gcc.gnu.org/onlinedocs/gcc/Warning-Options.html#index-Wreturn-type\x07-Wreturn-type\x1b]8;;\x07\x1b[m\x1b[K]\n'}
[26.938394] (mission_layer_mvibot) StderrLine: {'line': b'  203 | \x1b[01;35m\x1b[K}\x1b[m\x1b[K\n'}
[26.938652] (mission_layer_mvibot) StderrLine: {'line': b'      | \x1b[01;35m\x1b[K^\x1b[m\x1b[K\n'}
[26.946562] (mission_layer_mvibot) StderrLine: {'line': b'In file included from \x1b[01m\x1b[K/home/mvibot/floorCleaningRobot_ws/src/mission_layer_mvibot/src/mvibot_mission.cpp:14\x1b[m\x1b[K:\n'}
[26.946910] (mission_layer_mvibot) StderrLine: {'line': b'\x1b[01m\x1b[K/home/mvibot/floorCleaningRobot_ws/src/mission_layer_mvibot/src/../include/mission_layer_mvibot/mvibot_mission/map_function.h:\x1b[m\x1b[K In member function \xe2\x80\x98\x1b[01m\x1b[Kint loadmap_function::\x1b[01;32m\x1b[Kaction\x1b[m\x1b[K()\x1b[m\x1b[K\xe2\x80\x99:\n'}
[26.947155] (mission_layer_mvibot) StderrLine: {'line': b'\x1b[01m\x1b[K/home/mvibot/floorCleaningRobot_ws/src/mission_layer_mvibot/src/../include/mission_layer_mvibot/mvibot_mission/map_function.h:160:1:\x1b[m\x1b[K \x1b[01;35m\x1b[Kwarning: \x1b[m\x1b[Kcontrol reaches end of non-void function [\x1b[01;35m\x1b[K\x1b]8;;https://gcc.gnu.org/onlinedocs/gcc/Warning-Options.html#index-Wreturn-type\x07-Wreturn-type\x1b]8;;\x07\x1b[m\x1b[K]\n'}
[26.947400] (mission_layer_mvibot) StderrLine: {'line': b'  160 | \x1b[01;35m\x1b[K}\x1b[m\x1b[K\n'}
[26.947689] (mission_layer_mvibot) StderrLine: {'line': b'      | \x1b[01;35m\x1b[K^\x1b[m\x1b[K\n'}
[26.981070] (-) TimerEvent: {}
[27.082480] (-) TimerEvent: {}
[27.182779] (-) TimerEvent: {}
[27.283087] (-) TimerEvent: {}
[27.383952] (-) TimerEvent: {}
[27.484918] (-) TimerEvent: {}
[27.585198] (-) TimerEvent: {}
[27.685596] (-) TimerEvent: {}
[27.785840] (-) TimerEvent: {}
[27.886080] (-) TimerEvent: {}
[27.986443] (-) TimerEvent: {}
[28.086736] (-) TimerEvent: {}
[28.187024] (-) TimerEvent: {}
[28.287248] (-) TimerEvent: {}
[28.387518] (-) TimerEvent: {}
[28.487885] (-) TimerEvent: {}
[28.588160] (-) TimerEvent: {}
[28.688493] (-) TimerEvent: {}
[28.789386] (-) TimerEvent: {}
[28.889676] (-) TimerEvent: {}
[28.990023] (-) TimerEvent: {}
[29.090299] (-) TimerEvent: {}
[29.190645] (-) TimerEvent: {}
[29.290905] (-) TimerEvent: {}
[29.391154] (-) TimerEvent: {}
[29.491374] (-) TimerEvent: {}
[29.591635] (-) TimerEvent: {}
[29.691855] (-) TimerEvent: {}
[29.792082] (-) TimerEvent: {}
[29.892323] (-) TimerEvent: {}
[29.992541] (-) TimerEvent: {}
[30.092778] (-) TimerEvent: {}
[30.193030] (-) TimerEvent: {}
[30.293323] (-) TimerEvent: {}
[30.393572] (-) TimerEvent: {}
[30.493791] (-) TimerEvent: {}
[30.594037] (-) TimerEvent: {}
[30.694287] (-) TimerEvent: {}
[30.794465] (-) TimerEvent: {}
[30.894686] (-) TimerEvent: {}
[30.994931] (-) TimerEvent: {}
[31.095271] (-) TimerEvent: {}
[31.195961] (-) TimerEvent: {}
[31.296196] (-) TimerEvent: {}
[31.396429] (-) TimerEvent: {}
[31.496664] (-) TimerEvent: {}
[31.596912] (-) TimerEvent: {}
[31.697126] (-) TimerEvent: {}
[31.797362] (-) TimerEvent: {}
[31.897622] (-) TimerEvent: {}
[31.997872] (-) TimerEvent: {}
[32.098189] (-) TimerEvent: {}
[32.198591] (-) TimerEvent: {}
[32.298895] (-) TimerEvent: {}
[32.399209] (-) TimerEvent: {}
[32.499506] (-) TimerEvent: {}
[32.599877] (-) TimerEvent: {}
[32.700194] (-) TimerEvent: {}
[32.800486] (-) TimerEvent: {}
[32.900756] (-) TimerEvent: {}
[33.001038] (-) TimerEvent: {}
[33.101356] (-) TimerEvent: {}
[33.201619] (-) TimerEvent: {}
[33.301870] (-) TimerEvent: {}
[33.402168] (-) TimerEvent: {}
[33.502419] (-) TimerEvent: {}
[33.602620] (-) TimerEvent: {}
[33.702877] (-) TimerEvent: {}
[33.803213] (-) TimerEvent: {}
[33.903476] (-) TimerEvent: {}
[34.003787] (-) TimerEvent: {}
[34.104114] (-) TimerEvent: {}
[34.204355] (-) TimerEvent: {}
[34.304565] (-) TimerEvent: {}
[34.404800] (-) TimerEvent: {}
[34.505053] (-) TimerEvent: {}
[34.605450] (-) TimerEvent: {}
[34.705728] (-) TimerEvent: {}
[34.805966] (-) TimerEvent: {}
[34.906190] (-) TimerEvent: {}
[35.006425] (-) TimerEvent: {}
[35.106664] (-) TimerEvent: {}
[35.206884] (-) TimerEvent: {}
[35.307218] (-) TimerEvent: {}
[35.407544] (-) TimerEvent: {}
[35.508098] (-) TimerEvent: {}
[35.608437] (-) TimerEvent: {}
[35.708757] (-) TimerEvent: {}
[35.809075] (-) TimerEvent: {}
[35.909353] (-) TimerEvent: {}
[36.009615] (-) TimerEvent: {}
[36.109883] (-) TimerEvent: {}
[36.210246] (-) TimerEvent: {}
[36.310726] (-) TimerEvent: {}
[36.411018] (-) TimerEvent: {}
[36.511310] (-) TimerEvent: {}
[36.611576] (-) TimerEvent: {}
[36.711814] (-) TimerEvent: {}
[36.812059] (-) TimerEvent: {}
[36.912318] (-) TimerEvent: {}
[37.012532] (-) TimerEvent: {}
[37.112759] (-) TimerEvent: {}
[37.213031] (-) TimerEvent: {}
[37.313329] (-) TimerEvent: {}
[37.413578] (-) TimerEvent: {}
[37.513851] (-) TimerEvent: {}
[37.614105] (-) TimerEvent: {}
[37.714374] (-) TimerEvent: {}
[37.814705] (-) TimerEvent: {}
[37.914981] (-) TimerEvent: {}
[38.015300] (-) TimerEvent: {}
[38.115662] (-) TimerEvent: {}
[38.216466] (-) TimerEvent: {}
[38.316727] (-) TimerEvent: {}
[38.416991] (-) TimerEvent: {}
[38.517407] (-) TimerEvent: {}
[38.617714] (-) TimerEvent: {}
[38.717967] (-) TimerEvent: {}
[38.818359] (-) TimerEvent: {}
[38.918638] (-) TimerEvent: {}
[39.018965] (-) TimerEvent: {}
[39.119320] (-) TimerEvent: {}
[39.219679] (-) TimerEvent: {}
[39.319920] (-) TimerEvent: {}
[39.420190] (-) TimerEvent: {}
[39.520387] (-) TimerEvent: {}
[39.620687] (-) TimerEvent: {}
[39.720916] (-) TimerEvent: {}
[39.821160] (-) TimerEvent: {}
[39.921416] (-) TimerEvent: {}
[40.021760] (-) TimerEvent: {}
[40.121988] (-) TimerEvent: {}
[40.222200] (-) TimerEvent: {}
[40.322501] (-) TimerEvent: {}
[40.422989] (-) TimerEvent: {}
[40.523509] (-) TimerEvent: {}
[40.623798] (-) TimerEvent: {}
[40.724058] (-) TimerEvent: {}
[40.824324] (-) TimerEvent: {}
[40.924592] (-) TimerEvent: {}
[41.025015] (-) TimerEvent: {}
[41.125402] (-) TimerEvent: {}
[41.225699] (-) TimerEvent: {}
[41.326076] (-) TimerEvent: {}
[41.426372] (-) TimerEvent: {}
[41.526657] (-) TimerEvent: {}
[41.626885] (-) TimerEvent: {}
[41.727210] (-) TimerEvent: {}
[41.827569] (-) TimerEvent: {}
[41.927780] (-) TimerEvent: {}
[42.028092] (-) TimerEvent: {}
[42.129782] (-) TimerEvent: {}
[42.230058] (-) TimerEvent: {}
[42.330381] (-) TimerEvent: {}
[42.430730] (-) TimerEvent: {}
[42.531434] (-) TimerEvent: {}
[42.631774] (-) TimerEvent: {}
[42.732098] (-) TimerEvent: {}
[42.832391] (-) TimerEvent: {}
[42.932628] (-) TimerEvent: {}
[43.032953] (-) TimerEvent: {}
[43.133272] (-) TimerEvent: {}
[43.233609] (-) TimerEvent: {}
[43.333934] (-) TimerEvent: {}
[43.434342] (-) TimerEvent: {}
[43.534581] (-) TimerEvent: {}
[43.634866] (-) TimerEvent: {}
[43.735135] (-) TimerEvent: {}
[43.835511] (-) TimerEvent: {}
[43.935762] (-) TimerEvent: {}
[44.035982] (-) TimerEvent: {}
[44.136246] (-) TimerEvent: {}
[44.236475] (-) TimerEvent: {}
[44.336689] (-) TimerEvent: {}
[44.436986] (-) TimerEvent: {}
[44.537290] (-) TimerEvent: {}
[44.637613] (-) TimerEvent: {}
[44.737848] (-) TimerEvent: {}
[44.838190] (-) TimerEvent: {}
[44.938527] (-) TimerEvent: {}
[45.038785] (-) TimerEvent: {}
[45.139056] (-) TimerEvent: {}
[45.239464] (-) TimerEvent: {}
[45.339816] (-) TimerEvent: {}
[45.440100] (-) TimerEvent: {}
[45.540574] (-) TimerEvent: {}
[45.640989] (-) TimerEvent: {}
[45.741523] (-) TimerEvent: {}
[45.841799] (-) TimerEvent: {}
[45.942099] (-) TimerEvent: {}
[46.042704] (-) TimerEvent: {}
[46.142988] (-) TimerEvent: {}
[46.243184] (-) TimerEvent: {}
[46.343417] (-) TimerEvent: {}
[46.443648] (-) TimerEvent: {}
[46.543880] (-) TimerEvent: {}
[46.644105] (-) TimerEvent: {}
[46.744351] (-) TimerEvent: {}
[46.844595] (-) TimerEvent: {}
[46.944828] (-) TimerEvent: {}
[47.045094] (-) TimerEvent: {}
[47.145392] (-) TimerEvent: {}
[47.245721] (-) TimerEvent: {}
[47.346010] (-) TimerEvent: {}
[47.446258] (-) TimerEvent: {}
[47.546491] (-) TimerEvent: {}
[47.646751] (-) TimerEvent: {}
[47.746984] (-) TimerEvent: {}
[47.847187] (-) TimerEvent: {}
[47.947380] (-) TimerEvent: {}
[48.047773] (-) TimerEvent: {}
[48.148500] (-) TimerEvent: {}
[48.248728] (-) TimerEvent: {}
[48.348998] (-) TimerEvent: {}
[48.449280] (-) TimerEvent: {}
[48.549570] (-) TimerEvent: {}
[48.649878] (-) TimerEvent: {}
[48.750156] (-) TimerEvent: {}
[48.850399] (-) TimerEvent: {}
[48.950655] (-) TimerEvent: {}
[49.050914] (-) TimerEvent: {}
[49.151259] (-) TimerEvent: {}
[49.251545] (-) TimerEvent: {}
[49.351789] (-) TimerEvent: {}
[49.452024] (-) TimerEvent: {}
[49.552259] (-) TimerEvent: {}
[49.652458] (-) TimerEvent: {}
[49.752705] (-) TimerEvent: {}
[49.852986] (-) TimerEvent: {}
[49.953650] (-) TimerEvent: {}
[50.053921] (-) TimerEvent: {}
[50.154192] (-) TimerEvent: {}
[50.254395] (-) TimerEvent: {}
[50.354688] (-) TimerEvent: {}
[50.454934] (-) TimerEvent: {}
[50.555150] (-) TimerEvent: {}
[50.655400] (-) TimerEvent: {}
[50.755636] (-) TimerEvent: {}
[50.855880] (-) TimerEvent: {}
[50.956122] (-) TimerEvent: {}
[51.056372] (-) TimerEvent: {}
[51.156650] (-) TimerEvent: {}
[51.256878] (-) TimerEvent: {}
[51.357144] (-) TimerEvent: {}
[51.457418] (-) TimerEvent: {}
[51.557709] (-) TimerEvent: {}
[51.657977] (-) TimerEvent: {}
[51.758280] (-) TimerEvent: {}
[51.858566] (-) TimerEvent: {}
[51.959220] (-) TimerEvent: {}
[52.059575] (-) TimerEvent: {}
[52.159833] (-) TimerEvent: {}
[52.260157] (-) TimerEvent: {}
[52.360463] (-) TimerEvent: {}
[52.460804] (-) TimerEvent: {}
[52.561029] (-) TimerEvent: {}
[52.661251] (-) TimerEvent: {}
[52.761480] (-) TimerEvent: {}
[52.861850] (-) TimerEvent: {}
[52.962180] (-) TimerEvent: {}
[53.062614] (-) TimerEvent: {}
[53.163746] (-) TimerEvent: {}
[53.264202] (-) TimerEvent: {}
[53.364482] (-) TimerEvent: {}
[53.464850] (-) TimerEvent: {}
[53.565397] (-) TimerEvent: {}
[53.665808] (-) TimerEvent: {}
[53.766091] (-) TimerEvent: {}
[53.866385] (-) TimerEvent: {}
[53.966858] (-) TimerEvent: {}
[54.067243] (-) TimerEvent: {}
[54.167628] (-) TimerEvent: {}
[54.267985] (-) TimerEvent: {}
[54.368456] (-) TimerEvent: {}
[54.468674] (-) TimerEvent: {}
[54.568966] (-) TimerEvent: {}
[54.669296] (-) TimerEvent: {}
[54.769606] (-) TimerEvent: {}
[54.869963] (-) TimerEvent: {}
[54.970398] (-) TimerEvent: {}
[55.070700] (-) TimerEvent: {}
[55.170974] (-) TimerEvent: {}
[55.271200] (-) TimerEvent: {}
[55.371436] (-) TimerEvent: {}
[55.471636] (-) TimerEvent: {}
[55.571814] (-) TimerEvent: {}
[55.672058] (-) TimerEvent: {}
[55.772442] (-) TimerEvent: {}
[55.872687] (-) TimerEvent: {}
[55.972939] (-) TimerEvent: {}
[56.073199] (-) TimerEvent: {}
[56.173453] (-) TimerEvent: {}
[56.273683] (-) TimerEvent: {}
[56.373933] (-) TimerEvent: {}
[56.474192] (-) TimerEvent: {}
[56.574464] (-) TimerEvent: {}
[56.674707] (-) TimerEvent: {}
[56.774936] (-) TimerEvent: {}
[56.875188] (-) TimerEvent: {}
[56.975411] (-) TimerEvent: {}
[57.075604] (-) TimerEvent: {}
[57.175906] (-) TimerEvent: {}
[57.276303] (-) TimerEvent: {}
[57.376570] (-) TimerEvent: {}
[57.476924] (-) TimerEvent: {}
[57.577189] (-) TimerEvent: {}
[57.677439] (-) TimerEvent: {}
[57.777708] (-) TimerEvent: {}
[57.877969] (-) TimerEvent: {}
[57.978199] (-) TimerEvent: {}
[58.078462] (-) TimerEvent: {}
[58.178825] (-) TimerEvent: {}
[58.279064] (-) TimerEvent: {}
[58.379301] (-) TimerEvent: {}
[58.479518] (-) TimerEvent: {}
[58.579742] (-) TimerEvent: {}
[58.679988] (-) TimerEvent: {}
[58.780272] (-) TimerEvent: {}
[58.880536] (-) TimerEvent: {}
[58.980802] (-) TimerEvent: {}
[59.081028] (-) TimerEvent: {}
[59.181273] (-) TimerEvent: {}
[59.281485] (-) TimerEvent: {}
[59.381707] (-) TimerEvent: {}
[59.481975] (-) TimerEvent: {}
[59.582202] (-) TimerEvent: {}
[59.682454] (-) TimerEvent: {}
[59.782722] (-) TimerEvent: {}
[59.882981] (-) TimerEvent: {}
[59.983278] (-) TimerEvent: {}
[60.083773] (-) TimerEvent: {}
[60.184200] (-) TimerEvent: {}
[60.284503] (-) TimerEvent: {}
[60.384933] (-) TimerEvent: {}
[60.485200] (-) TimerEvent: {}
[60.585475] (-) TimerEvent: {}
[60.685729] (-) TimerEvent: {}
[60.785996] (-) TimerEvent: {}
[60.886270] (-) TimerEvent: {}
[60.986517] (-) TimerEvent: {}
[61.086762] (-) TimerEvent: {}
[61.186984] (-) TimerEvent: {}
[61.287189] (-) TimerEvent: {}
[61.387419] (-) TimerEvent: {}
[61.487655] (-) TimerEvent: {}
[61.588042] (-) TimerEvent: {}
[61.688312] (-) TimerEvent: {}
[61.788807] (-) TimerEvent: {}
[61.889155] (-) TimerEvent: {}
[61.989426] (-) TimerEvent: {}
[62.089745] (-) TimerEvent: {}
[62.190091] (-) TimerEvent: {}
[62.290501] (-) TimerEvent: {}
[62.391221] (-) TimerEvent: {}
[62.491963] (-) TimerEvent: {}
[62.592346] (-) TimerEvent: {}
[62.692590] (-) TimerEvent: {}
[62.793035] (-) TimerEvent: {}
[62.893408] (-) TimerEvent: {}
[62.993737] (-) TimerEvent: {}
[63.093975] (-) TimerEvent: {}
[63.194191] (-) TimerEvent: {}
[63.294452] (-) TimerEvent: {}
[63.394685] (-) TimerEvent: {}
[63.495199] (-) TimerEvent: {}
[63.595581] (-) TimerEvent: {}
[63.696179] (-) TimerEvent: {}
[63.796467] (-) TimerEvent: {}
[63.897198] (-) TimerEvent: {}
[63.997464] (-) TimerEvent: {}
[64.097700] (-) TimerEvent: {}
[64.197947] (-) TimerEvent: {}
[64.298195] (-) TimerEvent: {}
[64.398431] (-) TimerEvent: {}
[64.498699] (-) TimerEvent: {}
[64.598945] (-) TimerEvent: {}
[64.699205] (-) TimerEvent: {}
[64.799527] (-) TimerEvent: {}
[64.899821] (-) TimerEvent: {}
[65.000113] (-) TimerEvent: {}
[65.100365] (-) TimerEvent: {}
[65.200635] (-) TimerEvent: {}
[65.300900] (-) TimerEvent: {}
[65.401267] (-) TimerEvent: {}
[65.501575] (-) TimerEvent: {}
[65.601830] (-) TimerEvent: {}
[65.702098] (-) TimerEvent: {}
[65.802353] (-) TimerEvent: {}
[65.902614] (-) TimerEvent: {}
[66.002874] (-) TimerEvent: {}
[66.103124] (-) TimerEvent: {}
[66.203375] (-) TimerEvent: {}
[66.303613] (-) TimerEvent: {}
[66.403806] (-) TimerEvent: {}
[66.504034] (-) TimerEvent: {}
[66.604428] (-) TimerEvent: {}
[66.704642] (-) TimerEvent: {}
[66.804842] (-) TimerEvent: {}
[66.905055] (-) TimerEvent: {}
[67.005264] (-) TimerEvent: {}
[67.105489] (-) TimerEvent: {}
[67.158743] (mission_layer_mvibot) StderrLine: {'line': b'\x1b[01m\x1b[K/home/mvibot/floorCleaningRobot_ws/src/mission_layer_mvibot/src/../include/mission_layer_mvibot/mvibot_mission/manage_mission.h:\x1b[m\x1b[K In member function \xe2\x80\x98\x1b[01m\x1b[Kdouble* manage_mission::\x1b[01;32m\x1b[Kget_position_tf\x1b[m\x1b[K(std::string, std::string)\x1b[m\x1b[K\xe2\x80\x99:\n'}
[67.159017] (mission_layer_mvibot) StderrLine: {'line': b'\x1b[01m\x1b[K/home/mvibot/floorCleaningRobot_ws/src/mission_layer_mvibot/src/../include/mission_layer_mvibot/mvibot_mission/manage_mission.h:696:33:\x1b[m\x1b[K \x1b[01;35m\x1b[Kwarning: \x1b[m\x1b[Karray subscript 2 is above array bounds of \xe2\x80\x98\x1b[01m\x1b[Kdouble [2]\x1b[m\x1b[K\xe2\x80\x99 [\x1b[01;35m\x1b[K\x1b]8;;https://gcc.gnu.org/onlinedocs/gcc/Warning-Options.html#index-Warray-bounds=\x07-Warray-bounds=\x1b]8;;\x07\x1b[m\x1b[K]\n'}
[67.159167] (mission_layer_mvibot) StderrLine: {'line': b'  696 |     data[0]=x; data[1]=y; \x1b[01;35m\x1b[Kdata[2]\x1b[m\x1b[K=thz; data[3]=thw;\n'}
[67.159291] (mission_layer_mvibot) StderrLine: {'line': b'      |                           \x1b[01;35m\x1b[K~~~~~~^\x1b[m\x1b[K\n'}
[67.159403] (mission_layer_mvibot) StderrLine: {'line': b'\x1b[01m\x1b[K/home/mvibot/floorCleaningRobot_ws/src/mission_layer_mvibot/src/../include/mission_layer_mvibot/mvibot_mission/manage_mission.h:680:19:\x1b[m\x1b[K \x1b[01;36m\x1b[Knote: \x1b[m\x1b[Kwhile referencing \xe2\x80\x98\x1b[01m\x1b[Kdata\x1b[m\x1b[K\xe2\x80\x99\n'}
[67.159532] (mission_layer_mvibot) StderrLine: {'line': b'  680 |     static double \x1b[01;36m\x1b[Kdata\x1b[m\x1b[K[2];\n'}
[67.159653] (mission_layer_mvibot) StderrLine: {'line': b'      |                   \x1b[01;36m\x1b[K^~~~\x1b[m\x1b[K\n'}
[67.159775] (mission_layer_mvibot) StderrLine: {'line': b'\x1b[01m\x1b[K/home/mvibot/floorCleaningRobot_ws/src/mission_layer_mvibot/src/../include/mission_layer_mvibot/mvibot_mission/manage_mission.h:696:46:\x1b[m\x1b[K \x1b[01;35m\x1b[Kwarning: \x1b[m\x1b[Karray subscript 3 is above array bounds of \xe2\x80\x98\x1b[01m\x1b[Kdouble [2]\x1b[m\x1b[K\xe2\x80\x99 [\x1b[01;35m\x1b[K\x1b]8;;https://gcc.gnu.org/onlinedocs/gcc/Warning-Options.html#index-Warray-bounds=\x07-Warray-bounds=\x1b]8;;\x07\x1b[m\x1b[K]\n'}
[67.159905] (mission_layer_mvibot) StderrLine: {'line': b'  696 |     data[0]=x; data[1]=y; data[2]=thz; \x1b[01;35m\x1b[Kdata[3]\x1b[m\x1b[K=thw;\n'}
[67.160032] (mission_layer_mvibot) StderrLine: {'line': b'      |                                        \x1b[01;35m\x1b[K~~~~~~^\x1b[m\x1b[K\n'}
[67.160230] (mission_layer_mvibot) StderrLine: {'line': b'\x1b[01m\x1b[K/home/mvibot/floorCleaningRobot_ws/src/mission_layer_mvibot/src/../include/mission_layer_mvibot/mvibot_mission/manage_mission.h:680:19:\x1b[m\x1b[K \x1b[01;36m\x1b[Knote: \x1b[m\x1b[Kwhile referencing \xe2\x80\x98\x1b[01m\x1b[Kdata\x1b[m\x1b[K\xe2\x80\x99\n'}
[67.160805] (mission_layer_mvibot) StderrLine: {'line': b'  680 |     static double \x1b[01;36m\x1b[Kdata\x1b[m\x1b[K[2];\n'}
[67.160925] (mission_layer_mvibot) StderrLine: {'line': b'      |                   \x1b[01;36m\x1b[K^~~~\x1b[m\x1b[K\n'}
[67.205578] (-) TimerEvent: {}
[67.305808] (-) TimerEvent: {}
[67.406002] (-) TimerEvent: {}
[67.506184] (-) TimerEvent: {}
[67.606418] (-) TimerEvent: {}
[67.706671] (-) TimerEvent: {}
[67.806909] (-) TimerEvent: {}
[67.907152] (-) TimerEvent: {}
[68.007405] (-) TimerEvent: {}
[68.107663] (-) TimerEvent: {}
[68.207961] (-) TimerEvent: {}
[68.308334] (-) TimerEvent: {}
[68.408680] (-) TimerEvent: {}
[68.508890] (-) TimerEvent: {}
[68.609152] (-) TimerEvent: {}
[68.709398] (-) TimerEvent: {}
[68.809642] (-) TimerEvent: {}
[68.909883] (-) TimerEvent: {}
[69.010414] (-) TimerEvent: {}
[69.110731] (-) TimerEvent: {}
[69.211025] (-) TimerEvent: {}
[69.311352] (-) TimerEvent: {}
[69.411600] (-) TimerEvent: {}
[69.511862] (-) TimerEvent: {}
[69.612096] (-) TimerEvent: {}
[69.712338] (-) TimerEvent: {}
[69.812585] (-) TimerEvent: {}
[69.912820] (-) TimerEvent: {}
[70.013071] (-) TimerEvent: {}
[70.113331] (-) TimerEvent: {}
[70.213542] (-) TimerEvent: {}
[70.313780] (-) TimerEvent: {}
[70.414016] (-) TimerEvent: {}
[70.514259] (-) TimerEvent: {}
[70.614506] (-) TimerEvent: {}
[70.714747] (-) TimerEvent: {}
[70.815013] (-) TimerEvent: {}
[70.915361] (-) TimerEvent: {}
[71.015927] (-) TimerEvent: {}
[71.116427] (-) TimerEvent: {}
[71.216695] (-) TimerEvent: {}
[71.316996] (-) TimerEvent: {}
[71.417276] (-) TimerEvent: {}
[71.517555] (-) TimerEvent: {}
[71.617839] (-) TimerEvent: {}
[71.718081] (-) TimerEvent: {}
[71.818334] (-) TimerEvent: {}
[71.918566] (-) TimerEvent: {}
[72.018786] (-) TimerEvent: {}
[72.119011] (-) TimerEvent: {}
[72.219255] (-) TimerEvent: {}
[72.319541] (-) TimerEvent: {}
[72.419745] (-) TimerEvent: {}
[72.519943] (-) TimerEvent: {}
[72.620434] (-) TimerEvent: {}
[72.720831] (-) TimerEvent: {}
[72.821339] (-) TimerEvent: {}
[72.921662] (-) TimerEvent: {}
[73.022177] (-) TimerEvent: {}
[73.122902] (-) TimerEvent: {}
[73.223236] (-) TimerEvent: {}
[73.323476] (-) TimerEvent: {}
[73.423729] (-) TimerEvent: {}
[73.523996] (-) TimerEvent: {}
[73.624287] (-) TimerEvent: {}
[73.724574] (-) TimerEvent: {}
[73.824843] (-) TimerEvent: {}
[73.925125] (-) TimerEvent: {}
[74.026013] (-) TimerEvent: {}
[74.126292] (-) TimerEvent: {}
[74.226577] (-) TimerEvent: {}
[74.327085] (-) TimerEvent: {}
[74.427487] (-) TimerEvent: {}
[74.527731] (-) TimerEvent: {}
[74.627981] (-) TimerEvent: {}
[74.728263] (-) TimerEvent: {}
[74.828633] (-) TimerEvent: {}
[74.928971] (-) TimerEvent: {}
[75.029206] (-) TimerEvent: {}
[75.129417] (-) TimerEvent: {}
[75.229662] (-) TimerEvent: {}
[75.329901] (-) TimerEvent: {}
[75.430162] (-) TimerEvent: {}
[75.530440] (-) TimerEvent: {}
[75.630692] (-) TimerEvent: {}
[75.730886] (-) TimerEvent: {}
[75.831083] (-) TimerEvent: {}
[75.931308] (-) TimerEvent: {}
[76.031560] (-) TimerEvent: {}
[76.131861] (-) TimerEvent: {}
[76.232162] (-) TimerEvent: {}
[76.332446] (-) TimerEvent: {}
[76.432710] (-) TimerEvent: {}
[76.532992] (-) TimerEvent: {}
[76.633268] (-) TimerEvent: {}
[76.733512] (-) TimerEvent: {}
[76.833799] (-) TimerEvent: {}
[76.934186] (-) TimerEvent: {}
[77.034534] (-) TimerEvent: {}
[77.134899] (-) TimerEvent: {}
[77.235207] (-) TimerEvent: {}
[77.335456] (-) TimerEvent: {}
[77.435728] (-) TimerEvent: {}
[77.535992] (-) TimerEvent: {}
[77.636342] (-) TimerEvent: {}
[77.736689] (-) TimerEvent: {}
[77.836943] (-) TimerEvent: {}
[77.937181] (-) TimerEvent: {}
[78.037528] (-) TimerEvent: {}
[78.137850] (-) TimerEvent: {}
[78.238201] (-) TimerEvent: {}
[78.338433] (-) TimerEvent: {}
[78.438687] (-) TimerEvent: {}
[78.539085] (-) TimerEvent: {}
[78.639391] (-) TimerEvent: {}
[78.739613] (-) TimerEvent: {}
[78.839854] (-) TimerEvent: {}
[78.940122] (-) TimerEvent: {}
[79.040371] (-) TimerEvent: {}
[79.140736] (-) TimerEvent: {}
[79.241110] (-) TimerEvent: {}
[79.341377] (-) TimerEvent: {}
[79.441645] (-) TimerEvent: {}
[79.541873] (-) TimerEvent: {}
[79.642123] (-) TimerEvent: {}
[79.742351] (-) TimerEvent: {}
[79.842610] (-) TimerEvent: {}
[79.942881] (-) TimerEvent: {}
[80.043151] (-) TimerEvent: {}
[80.143403] (-) TimerEvent: {}
[80.243643] (-) TimerEvent: {}
[80.343891] (-) TimerEvent: {}
[80.444133] (-) TimerEvent: {}
[80.544348] (-) TimerEvent: {}
[80.644586] (-) TimerEvent: {}
[80.744844] (-) TimerEvent: {}
[80.845090] (-) TimerEvent: {}
[80.945336] (-) TimerEvent: {}
[81.045589] (-) TimerEvent: {}
[81.145863] (-) TimerEvent: {}
[81.246081] (-) TimerEvent: {}
[81.346344] (-) TimerEvent: {}
[81.446564] (-) TimerEvent: {}
[81.546777] (-) TimerEvent: {}
[81.647009] (-) TimerEvent: {}
[81.747264] (-) TimerEvent: {}
[81.847495] (-) TimerEvent: {}
[81.947727] (-) TimerEvent: {}
[82.047948] (-) TimerEvent: {}
[82.148194] (-) TimerEvent: {}
[82.248443] (-) TimerEvent: {}
[82.348673] (-) TimerEvent: {}
[82.448974] (-) TimerEvent: {}
[82.549283] (-) TimerEvent: {}
[82.649633] (-) TimerEvent: {}
[82.750165] (-) TimerEvent: {}
[82.850444] (-) TimerEvent: {}
[82.950701] (-) TimerEvent: {}
[83.050980] (-) TimerEvent: {}
[83.151343] (-) TimerEvent: {}
[83.251607] (-) TimerEvent: {}
[83.351856] (-) TimerEvent: {}
[83.452095] (-) TimerEvent: {}
[83.552341] (-) TimerEvent: {}
[83.652620] (-) TimerEvent: {}
[83.752918] (-) TimerEvent: {}
[83.853191] (-) TimerEvent: {}
[83.953801] (-) TimerEvent: {}
[84.054102] (-) TimerEvent: {}
[84.154388] (-) TimerEvent: {}
[84.254631] (-) TimerEvent: {}
[84.354828] (-) TimerEvent: {}
[84.455079] (-) TimerEvent: {}
[84.555341] (-) TimerEvent: {}
[84.655587] (-) TimerEvent: {}
[84.755928] (-) TimerEvent: {}
[84.856181] (-) TimerEvent: {}
[84.956425] (-) TimerEvent: {}
[85.056841] (-) TimerEvent: {}
[85.157136] (-) TimerEvent: {}
[85.257397] (-) TimerEvent: {}
[85.357675] (-) TimerEvent: {}
[85.457909] (-) TimerEvent: {}
[85.558151] (-) TimerEvent: {}
[85.658432] (-) TimerEvent: {}
[85.759044] (-) TimerEvent: {}
[85.859699] (-) TimerEvent: {}
[85.960149] (-) TimerEvent: {}
[86.060521] (-) TimerEvent: {}
[86.160762] (-) TimerEvent: {}
[86.261003] (-) TimerEvent: {}
[86.361243] (-) TimerEvent: {}
[86.461470] (-) TimerEvent: {}
[86.561707] (-) TimerEvent: {}
[86.661948] (-) TimerEvent: {}
[86.762188] (-) TimerEvent: {}
[86.862416] (-) TimerEvent: {}
[86.962642] (-) TimerEvent: {}
[87.062876] (-) TimerEvent: {}
[87.163195] (-) TimerEvent: {}
[87.263447] (-) TimerEvent: {}
[87.363729] (-) TimerEvent: {}
[87.463964] (-) TimerEvent: {}
[87.564195] (-) TimerEvent: {}
[87.664427] (-) TimerEvent: {}
[87.764691] (-) TimerEvent: {}
[87.865022] (-) TimerEvent: {}
[87.965336] (-) TimerEvent: {}
[88.065580] (-) TimerEvent: {}
[88.165833] (-) TimerEvent: {}
[88.266182] (-) TimerEvent: {}
[88.366934] (-) TimerEvent: {}
[88.467431] (-) TimerEvent: {}
[88.567868] (-) TimerEvent: {}
[88.668112] (-) TimerEvent: {}
[88.768361] (-) TimerEvent: {}
[88.868614] (-) TimerEvent: {}
[88.968973] (-) TimerEvent: {}
[89.069263] (-) TimerEvent: {}
[89.169534] (-) TimerEvent: {}
[89.269807] (-) TimerEvent: {}
[89.370022] (-) TimerEvent: {}
[89.470249] (-) TimerEvent: {}
[89.570438] (-) TimerEvent: {}
[89.670672] (-) TimerEvent: {}
[89.770891] (-) TimerEvent: {}
[89.871075] (-) TimerEvent: {}
[89.971323] (-) TimerEvent: {}
[90.071587] (-) TimerEvent: {}
[90.171787] (-) TimerEvent: {}
[90.272007] (-) TimerEvent: {}
[90.372292] (-) TimerEvent: {}
[90.472534] (-) TimerEvent: {}
[90.573084] (-) TimerEvent: {}
[90.673322] (-) TimerEvent: {}
[90.773575] (-) TimerEvent: {}
[90.873816] (-) TimerEvent: {}
[90.974055] (-) TimerEvent: {}
[91.074338] (-) TimerEvent: {}
[91.174571] (-) TimerEvent: {}
[91.274802] (-) TimerEvent: {}
[91.375052] (-) TimerEvent: {}
[91.475297] (-) TimerEvent: {}
[91.575546] (-) TimerEvent: {}
[91.675983] (-) TimerEvent: {}
[91.776278] (-) TimerEvent: {}
[91.876549] (-) TimerEvent: {}
[91.976874] (-) TimerEvent: {}
[92.077209] (-) TimerEvent: {}
[92.177508] (-) TimerEvent: {}
[92.277879] (-) TimerEvent: {}
[92.378070] (-) TimerEvent: {}
[92.478318] (-) TimerEvent: {}
[92.578551] (-) TimerEvent: {}
[92.678817] (-) TimerEvent: {}
[92.779106] (-) TimerEvent: {}
[92.879359] (-) TimerEvent: {}
[92.979604] (-) TimerEvent: {}
[93.079841] (-) TimerEvent: {}
[93.180120] (-) TimerEvent: {}
[93.280528] (-) TimerEvent: {}
[93.380795] (-) TimerEvent: {}
[93.481078] (-) TimerEvent: {}
[93.581658] (-) TimerEvent: {}
[93.682016] (-) TimerEvent: {}
[93.782359] (-) TimerEvent: {}
[93.882615] (-) TimerEvent: {}
[93.982834] (-) TimerEvent: {}
[94.083131] (-) TimerEvent: {}
[94.183927] (-) TimerEvent: {}
[94.284216] (-) TimerEvent: {}
[94.384518] (-) TimerEvent: {}
[94.484840] (-) TimerEvent: {}
[94.585208] (-) TimerEvent: {}
[94.685707] (-) TimerEvent: {}
[94.785974] (-) TimerEvent: {}
[94.886254] (-) TimerEvent: {}
[94.928913] (mission_layer_mvibot) StderrLine: {'line': b'\x1b[01m\x1b[K/home/mvibot/floorCleaningRobot_ws/src/mission_layer_mvibot/src/../include/mission_layer_mvibot/mvibot_mission/navigation_function.h:\x1b[m\x1b[K In member function \xe2\x80\x98\x1b[01m\x1b[Kvoid navigation_function::\x1b[01;32m\x1b[Kset_initial_robot\x1b[m\x1b[K(const std::string&)\x1b[m\x1b[K\xe2\x80\x99:\n'}
[94.929210] (mission_layer_mvibot) StderrLine: {'line': b'\x1b[01m\x1b[K/home/mvibot/floorCleaningRobot_ws/src/mission_layer_mvibot/src/../include/mission_layer_mvibot/mvibot_mission/navigation_function.h:260:13:\x1b[m\x1b[K \x1b[01;35m\x1b[Kwarning: \x1b[m\x1b[K\xe2\x80\x98\x1b[01m\x1b[Kx\x1b[m\x1b[K\xe2\x80\x99 may be used uninitialized [\x1b[01;35m\x1b[K\x1b]8;;https://gcc.gnu.org/onlinedocs/gcc/Warning-Options.html#index-Wmaybe-uninitialized\x07-Wmaybe-uninitialized\x1b]8;;\x07\x1b[m\x1b[K]\n'}
[94.929316] (mission_layer_mvibot) StderrLine: {'line': b'  260 |     \x1b[01;35m\x1b[Kpub_amcl(x,y,thz,thw)\x1b[m\x1b[K;\n'}
[94.929390] (mission_layer_mvibot) StderrLine: {'line': b'      |     \x1b[01;35m\x1b[K~~~~~~~~^~~~~~~~~~~~~\x1b[m\x1b[K\n'}
[94.929471] (mission_layer_mvibot) StderrLine: {'line': b'\x1b[01m\x1b[K/home/mvibot/floorCleaningRobot_ws/src/mission_layer_mvibot/src/../include/mission_layer_mvibot/mvibot_mission/navigation_function.h:252:18:\x1b[m\x1b[K \x1b[01;36m\x1b[Knote: \x1b[m\x1b[K\xe2\x80\x98\x1b[01m\x1b[Kx\x1b[m\x1b[K\xe2\x80\x99 was declared here\n'}
[94.929551] (mission_layer_mvibot) StderrLine: {'line': b'  252 |     double value,\x1b[01;36m\x1b[Kx\x1b[m\x1b[K,y,thz,thw;\n'}
[94.929627] (mission_layer_mvibot) StderrLine: {'line': b'      |                  \x1b[01;36m\x1b[K^\x1b[m\x1b[K\n'}
[94.929703] (mission_layer_mvibot) StderrLine: {'line': b'\x1b[01m\x1b[K/home/mvibot/floorCleaningRobot_ws/src/mission_layer_mvibot/src/../include/mission_layer_mvibot/mvibot_mission/navigation_function.h:260:13:\x1b[m\x1b[K \x1b[01;35m\x1b[Kwarning: \x1b[m\x1b[K\xe2\x80\x98\x1b[01m\x1b[Ky\x1b[m\x1b[K\xe2\x80\x99 may be used uninitialized [\x1b[01;35m\x1b[K\x1b]8;;https://gcc.gnu.org/onlinedocs/gcc/Warning-Options.html#index-Wmaybe-uninitialized\x07-Wmaybe-uninitialized\x1b]8;;\x07\x1b[m\x1b[K]\n'}
[94.929797] (mission_layer_mvibot) StderrLine: {'line': b'  260 |     \x1b[01;35m\x1b[Kpub_amcl(x,y,thz,thw)\x1b[m\x1b[K;\n'}
[94.929876] (mission_layer_mvibot) StderrLine: {'line': b'      |     \x1b[01;35m\x1b[K~~~~~~~~^~~~~~~~~~~~~\x1b[m\x1b[K\n'}
[94.929956] (mission_layer_mvibot) StderrLine: {'line': b'\x1b[01m\x1b[K/home/mvibot/floorCleaningRobot_ws/src/mission_layer_mvibot/src/../include/mission_layer_mvibot/mvibot_mission/navigation_function.h:252:20:\x1b[m\x1b[K \x1b[01;36m\x1b[Knote: \x1b[m\x1b[K\xe2\x80\x98\x1b[01m\x1b[Ky\x1b[m\x1b[K\xe2\x80\x99 was declared here\n'}
[94.930030] (mission_layer_mvibot) StderrLine: {'line': b'  252 |     double value,x,\x1b[01;36m\x1b[Ky\x1b[m\x1b[K,thz,thw;\n'}
[94.930110] (mission_layer_mvibot) StderrLine: {'line': b'      |                    \x1b[01;36m\x1b[K^\x1b[m\x1b[K\n'}
[94.930194] (mission_layer_mvibot) StderrLine: {'line': b'\x1b[01m\x1b[K/home/mvibot/floorCleaningRobot_ws/src/mission_layer_mvibot/src/../include/mission_layer_mvibot/mvibot_mission/navigation_function.h:260:13:\x1b[m\x1b[K \x1b[01;35m\x1b[Kwarning: \x1b[m\x1b[K\xe2\x80\x98\x1b[01m\x1b[Kthz\x1b[m\x1b[K\xe2\x80\x99 may be used uninitialized [\x1b[01;35m\x1b[K\x1b]8;;https://gcc.gnu.org/onlinedocs/gcc/Warning-Options.html#index-Wmaybe-uninitialized\x07-Wmaybe-uninitialized\x1b]8;;\x07\x1b[m\x1b[K]\n'}
[94.930285] (mission_layer_mvibot) StderrLine: {'line': b'  260 |     \x1b[01;35m\x1b[Kpub_amcl(x,y,thz,thw)\x1b[m\x1b[K;\n'}
[94.930367] (mission_layer_mvibot) StderrLine: {'line': b'      |     \x1b[01;35m\x1b[K~~~~~~~~^~~~~~~~~~~~~\x1b[m\x1b[K\n'}
[94.930453] (mission_layer_mvibot) StderrLine: {'line': b'\x1b[01m\x1b[K/home/mvibot/floorCleaningRobot_ws/src/mission_layer_mvibot/src/../include/mission_layer_mvibot/mvibot_mission/navigation_function.h:252:22:\x1b[m\x1b[K \x1b[01;36m\x1b[Knote: \x1b[m\x1b[K\xe2\x80\x98\x1b[01m\x1b[Kthz\x1b[m\x1b[K\xe2\x80\x99 was declared here\n'}
[94.930532] (mission_layer_mvibot) StderrLine: {'line': b'  252 |     double value,x,y,\x1b[01;36m\x1b[Kthz\x1b[m\x1b[K,thw;\n'}
[94.930627] (mission_layer_mvibot) StderrLine: {'line': b'      |                      \x1b[01;36m\x1b[K^~~\x1b[m\x1b[K\n'}
[94.930703] (mission_layer_mvibot) StderrLine: {'line': b'\x1b[01m\x1b[K/home/mvibot/floorCleaningRobot_ws/src/mission_layer_mvibot/src/../include/mission_layer_mvibot/mvibot_mission/navigation_function.h:260:13:\x1b[m\x1b[K \x1b[01;35m\x1b[Kwarning: \x1b[m\x1b[K\xe2\x80\x98\x1b[01m\x1b[Kthw\x1b[m\x1b[K\xe2\x80\x99 may be used uninitialized [\x1b[01;35m\x1b[K\x1b]8;;https://gcc.gnu.org/onlinedocs/gcc/Warning-Options.html#index-Wmaybe-uninitialized\x07-Wmaybe-uninitialized\x1b]8;;\x07\x1b[m\x1b[K]\n'}
[94.930772] (mission_layer_mvibot) StderrLine: {'line': b'  260 |     \x1b[01;35m\x1b[Kpub_amcl(x,y,thz,thw)\x1b[m\x1b[K;\n'}
[94.930842] (mission_layer_mvibot) StderrLine: {'line': b'      |     \x1b[01;35m\x1b[K~~~~~~~~^~~~~~~~~~~~~\x1b[m\x1b[K\n'}
[94.930937] (mission_layer_mvibot) StderrLine: {'line': b'\x1b[01m\x1b[K/home/mvibot/floorCleaningRobot_ws/src/mission_layer_mvibot/src/../include/mission_layer_mvibot/mvibot_mission/navigation_function.h:252:26:\x1b[m\x1b[K \x1b[01;36m\x1b[Knote: \x1b[m\x1b[K\xe2\x80\x98\x1b[01m\x1b[Kthw\x1b[m\x1b[K\xe2\x80\x99 was declared here\n'}
[94.931018] (mission_layer_mvibot) StderrLine: {'line': b'  252 |     double value,x,y,thz,\x1b[01;36m\x1b[Kthw\x1b[m\x1b[K;\n'}
[94.931078] (mission_layer_mvibot) StderrLine: {'line': b'      |                          \x1b[01;36m\x1b[K^~~\x1b[m\x1b[K\n'}
[94.986353] (-) TimerEvent: {}
[95.086606] (-) TimerEvent: {}
[95.186814] (-) TimerEvent: {}
[95.287095] (-) TimerEvent: {}
[95.387342] (-) TimerEvent: {}
[95.487593] (-) TimerEvent: {}
[95.588004] (-) TimerEvent: {}
[95.688291] (-) TimerEvent: {}
[95.788644] (-) TimerEvent: {}
[95.888945] (-) TimerEvent: {}
[95.989246] (-) TimerEvent: {}
[96.089721] (-) TimerEvent: {}
[96.190000] (-) TimerEvent: {}
[96.290267] (-) TimerEvent: {}
[96.390505] (-) TimerEvent: {}
[96.490906] (-) TimerEvent: {}
[96.591301] (-) TimerEvent: {}
[96.691567] (-) TimerEvent: {}
[96.792128] (-) TimerEvent: {}
[96.807018] (mission_layer_mvibot) StderrLine: {'line': b'\x1b[01m\x1b[K/home/mvibot/floorCleaningRobot_ws/src/mission_layer_mvibot/src/../include/mission_layer_mvibot/mvibot_mission/manage_mission.h:\x1b[m\x1b[K In member function \xe2\x80\x98\x1b[01m\x1b[Kint manage_mission::\x1b[01;32m\x1b[Kexecute_content\x1b[m\x1b[K(mission&, std::vector<std::__cxx11::basic_string<char>, std::allocator<std::__cxx11::basic_string<char> > >&, std::string&, int&)\x1b[m\x1b[K\xe2\x80\x99:\n'}
[96.807290] (mission_layer_mvibot) StderrLine: {'line': b'\x1b[01m\x1b[K/home/mvibot/floorCleaningRobot_ws/src/mission_layer_mvibot/src/../include/mission_layer_mvibot/mvibot_mission/manage_mission.h:1114:9:\x1b[m\x1b[K \x1b[01;35m\x1b[Kwarning: \x1b[m\x1b[K\xe2\x80\x98\x1b[01m\x1b[Kres\x1b[m\x1b[K\xe2\x80\x99 may be used uninitialized [\x1b[01;35m\x1b[K\x1b]8;;https://gcc.gnu.org/onlinedocs/gcc/Warning-Options.html#index-Wmaybe-uninitialized\x07-Wmaybe-uninitialized\x1b]8;;\x07\x1b[m\x1b[K]\n'}
[96.807448] (mission_layer_mvibot) StderrLine: {'line': b' 1114 |         \x1b[01;35m\x1b[Kif\x1b[m\x1b[K(res == Finish_) queue_content.erase(queue_content.begin());\n'}
[96.807569] (mission_layer_mvibot) StderrLine: {'line': b'      |         \x1b[01;35m\x1b[K^~\x1b[m\x1b[K\n'}
[96.807684] (mission_layer_mvibot) StderrLine: {'line': b'\x1b[01m\x1b[K/home/mvibot/floorCleaningRobot_ws/src/mission_layer_mvibot/src/../include/mission_layer_mvibot/mvibot_mission/manage_mission.h:1100:13:\x1b[m\x1b[K \x1b[01;36m\x1b[Knote: \x1b[m\x1b[K\xe2\x80\x98\x1b[01m\x1b[Kres\x1b[m\x1b[K\xe2\x80\x99 was declared here\n'}
[96.807790] (mission_layer_mvibot) StderrLine: {'line': b' 1100 |         int \x1b[01;36m\x1b[Kres\x1b[m\x1b[K;\n'}
[96.807899] (mission_layer_mvibot) StderrLine: {'line': b'      |             \x1b[01;36m\x1b[K^~~\x1b[m\x1b[K\n'}
[96.892190] (-) TimerEvent: {}
[96.992426] (-) TimerEvent: {}
[97.092741] (-) TimerEvent: {}
[97.193014] (-) TimerEvent: {}
[97.293291] (-) TimerEvent: {}
[97.393555] (-) TimerEvent: {}
[97.493798] (-) TimerEvent: {}
[97.594011] (-) TimerEvent: {}
[97.694190] (-) TimerEvent: {}
[97.794423] (-) TimerEvent: {}
[97.894690] (-) TimerEvent: {}
[97.994961] (-) TimerEvent: {}
[98.095533] (-) TimerEvent: {}
[98.195998] (-) TimerEvent: {}
[98.296265] (-) TimerEvent: {}
[98.396491] (-) TimerEvent: {}
[98.496731] (-) TimerEvent: {}
[98.596974] (-) TimerEvent: {}
[98.697257] (-) TimerEvent: {}
[98.797508] (-) TimerEvent: {}
[98.897724] (-) TimerEvent: {}
[98.997956] (-) TimerEvent: {}
[99.098194] (-) TimerEvent: {}
[99.198447] (-) TimerEvent: {}
[99.298748] (-) TimerEvent: {}
[99.399110] (-) TimerEvent: {}
[99.499719] (-) TimerEvent: {}
[99.600031] (-) TimerEvent: {}
[99.700368] (-) TimerEvent: {}
[99.800659] (-) TimerEvent: {}
[99.901017] (-) TimerEvent: {}
[100.001333] (-) TimerEvent: {}
[100.101686] (-) TimerEvent: {}
[100.201992] (-) TimerEvent: {}
[100.302326] (-) TimerEvent: {}
[100.402642] (-) TimerEvent: {}
[100.502978] (-) TimerEvent: {}
[100.603270] (-) TimerEvent: {}
[100.703522] (-) TimerEvent: {}
[100.803822] (-) TimerEvent: {}
[100.904117] (-) TimerEvent: {}
[101.004414] (-) TimerEvent: {}
[101.104700] (-) TimerEvent: {}
[101.204953] (-) TimerEvent: {}
[101.305196] (-) TimerEvent: {}
[101.405414] (-) TimerEvent: {}
[101.505723] (-) TimerEvent: {}
[101.605974] (-) TimerEvent: {}
[101.706208] (-) TimerEvent: {}
[101.806471] (-) TimerEvent: {}
[101.906725] (-) TimerEvent: {}
[102.006947] (-) TimerEvent: {}
[102.107257] (-) TimerEvent: {}
[102.207561] (-) TimerEvent: {}
[102.307878] (-) TimerEvent: {}
[102.408210] (-) TimerEvent: {}
[102.508958] (-) TimerEvent: {}
[102.609211] (-) TimerEvent: {}
[102.709488] (-) TimerEvent: {}
[102.809734] (-) TimerEvent: {}
[102.909951] (-) TimerEvent: {}
[103.010234] (-) TimerEvent: {}
[103.110903] (-) TimerEvent: {}
[103.211157] (-) TimerEvent: {}
[103.311396] (-) TimerEvent: {}
[103.411642] (-) TimerEvent: {}
[103.511909] (-) TimerEvent: {}
[103.612227] (-) TimerEvent: {}
[103.712556] (-) TimerEvent: {}
[103.812806] (-) TimerEvent: {}
[103.913106] (-) TimerEvent: {}
[104.013332] (-) TimerEvent: {}
[104.113655] (-) TimerEvent: {}
[104.213919] (-) TimerEvent: {}
[104.314210] (-) TimerEvent: {}
[104.414493] (-) TimerEvent: {}
[104.514779] (-) TimerEvent: {}
[104.615005] (-) TimerEvent: {}
[104.715626] (-) TimerEvent: {}
[104.815982] (-) TimerEvent: {}
[104.916274] (-) TimerEvent: {}
[105.016537] (-) TimerEvent: {}
[105.116790] (-) TimerEvent: {}
[105.217092] (-) TimerEvent: {}
[105.317431] (-) TimerEvent: {}
[105.417725] (-) TimerEvent: {}
[105.518083] (-) TimerEvent: {}
[105.618483] (-) TimerEvent: {}
[105.718769] (-) TimerEvent: {}
[105.819174] (-) TimerEvent: {}
[105.919655] (-) TimerEvent: {}
[106.019882] (-) TimerEvent: {}
[106.120156] (-) TimerEvent: {}
[106.220432] (-) TimerEvent: {}
[106.320671] (-) TimerEvent: {}
[106.420936] (-) TimerEvent: {}
[106.521190] (-) TimerEvent: {}
[106.621519] (-) TimerEvent: {}
[106.721761] (-) TimerEvent: {}
[106.822024] (-) TimerEvent: {}
[106.922283] (-) TimerEvent: {}
[107.022699] (-) TimerEvent: {}
[107.123040] (-) TimerEvent: {}
[107.223426] (-) TimerEvent: {}
[107.323730] (-) TimerEvent: {}
[107.423969] (-) TimerEvent: {}
[107.524209] (-) TimerEvent: {}
[107.624473] (-) TimerEvent: {}
[107.724710] (-) TimerEvent: {}
[107.824976] (-) TimerEvent: {}
[107.925686] (-) TimerEvent: {}
[108.026923] (-) TimerEvent: {}
[108.127473] (-) TimerEvent: {}
[108.227821] (-) TimerEvent: {}
[108.328090] (-) TimerEvent: {}
[108.428458] (-) TimerEvent: {}
[108.528762] (-) TimerEvent: {}
[108.629101] (-) TimerEvent: {}
[108.729422] (-) TimerEvent: {}
[108.829739] (-) TimerEvent: {}
[108.930001] (-) TimerEvent: {}
[109.030262] (-) TimerEvent: {}
[109.130559] (-) TimerEvent: {}
[109.230892] (-) TimerEvent: {}
[109.331126] (-) TimerEvent: {}
[109.431366] (-) TimerEvent: {}
[109.531595] (-) TimerEvent: {}
[109.631828] (-) TimerEvent: {}
[109.732082] (-) TimerEvent: {}
[109.832354] (-) TimerEvent: {}
[109.932675] (-) TimerEvent: {}
[110.032990] (-) TimerEvent: {}
[110.133685] (-) TimerEvent: {}
[110.234052] (-) TimerEvent: {}
[110.334371] (-) TimerEvent: {}
[110.434816] (-) TimerEvent: {}
[110.536110] (-) TimerEvent: {}
[110.636436] (-) TimerEvent: {}
[110.736688] (-) TimerEvent: {}
[110.836951] (-) TimerEvent: {}
[110.937239] (-) TimerEvent: {}
[111.037584] (-) TimerEvent: {}
[111.137893] (-) TimerEvent: {}
[111.238247] (-) TimerEvent: {}
[111.338673] (-) TimerEvent: {}
[111.438979] (-) TimerEvent: {}
[111.539405] (-) TimerEvent: {}
[111.639666] (-) TimerEvent: {}
[111.739979] (-) TimerEvent: {}
[111.840285] (-) TimerEvent: {}
[111.940545] (-) TimerEvent: {}
[112.040789] (-) TimerEvent: {}
[112.141200] (-) TimerEvent: {}
[112.241542] (-) TimerEvent: {}
[112.341853] (-) TimerEvent: {}
[112.442117] (-) TimerEvent: {}
[112.542364] (-) TimerEvent: {}
[112.642579] (-) TimerEvent: {}
[112.742840] (-) TimerEvent: {}
[112.843073] (-) TimerEvent: {}
[112.943316] (-) TimerEvent: {}
[113.043555] (-) TimerEvent: {}
[113.143979] (-) TimerEvent: {}
[113.244196] (-) TimerEvent: {}
[113.344453] (-) TimerEvent: {}
[113.444676] (-) TimerEvent: {}
[113.544919] (-) TimerEvent: {}
[113.548712] (mission_layer_mvibot) StdoutLine: {'line': b'[100%] \x1b[32m\x1b[1mLinking CXX executable mvibot_mission\x1b[0m\n'}
[113.645007] (-) TimerEvent: {}
[113.745263] (-) TimerEvent: {}
[113.845557] (-) TimerEvent: {}
[113.945807] (-) TimerEvent: {}
[114.046047] (-) TimerEvent: {}
[114.146356] (-) TimerEvent: {}
[114.246646] (-) TimerEvent: {}
[114.346938] (-) TimerEvent: {}
[114.447201] (-) TimerEvent: {}
[114.470638] (mission_layer_mvibot) StdoutLine: {'line': b'[100%] Built target mvibot_mission\n'}
[114.488624] (mission_layer_mvibot) CommandEnded: {'returncode': 0}
[114.491314] (mission_layer_mvibot) JobProgress: {'identifier': 'mission_layer_mvibot', 'progress': 'install'}
[114.507300] (mission_layer_mvibot) Command: {'cmd': ['/usr/bin/cmake', '--install', '/home/mvibot/floorCleaningRobot_ws/build/mission_layer_mvibot'], 'cwd': '/home/mvibot/floorCleaningRobot_ws/build/mission_layer_mvibot', 'env': OrderedDict({'LESSOPEN': '| /usr/bin/lesspipe %s', 'USER': 'mvibot', 'SSH_CLIENT': '10.0.60.48 45434 22', 'GZ_CONFIG_PATH': '/opt/ros/jazzy/opt/gz_sim_vendor/share/gz:/opt/ros/jazzy/opt/sdformat_vendor/share/gz:/opt/ros/jazzy/opt/gz_gui_vendor/share/gz:/opt/ros/jazzy/opt/gz_transport_vendor/share/gz:/opt/ros/jazzy/opt/gz_rendering_vendor/share/gz:/opt/ros/jazzy/opt/gz_plugin_vendor/share/gz:/opt/ros/jazzy/opt/gz_fuel_tools_vendor/share/gz:/opt/ros/jazzy/opt/gz_msgs_vendor/share/gz:/opt/ros/jazzy/opt/gz_common_vendor/share/gz', 'XDG_SESSION_TYPE': 'tty', 'SHLVL': '1', 'LD_LIBRARY_PATH': '/home/mvibot/floorCleaningRobot_ws/install/opennav_coverage_msgs/lib:/home/mvibot/floorCleaningRobot_ws/install/tf2_web_republisher/lib:/home/mvibot/floorCleaningRobot_ws/install/tf2_web_republisher_interfaces/lib:/home/mvibot/floorCleaningRobot_ws/install/realsense2_camera/lib:/home/mvibot/floorCleaningRobot_ws/install/realsense2_camera_msgs/lib:/home/mvibot/floorCleaningRobot_ws/install/pointcloud_to_laserscan/lib:/home/mvibot/floorCleaningRobot_ws/install/opennav_row_coverage/lib:/home/mvibot/floorCleaningRobot_ws/install/opennav_coverage_navigator/lib:/home/mvibot/floorCleaningRobot_ws/install/opennav_coverage_bt/lib:/home/mvibot/floorCleaningRobot_ws/install/opennav_coverage/lib:/home/mvibot/floorCleaningRobot_ws/install/fields2cover/lib:/opt/ros/jazzy/opt/gz_sim_vendor/lib:/opt/ros/jazzy/opt/gz_sensors_vendor/lib:/opt/ros/jazzy/opt/gz_physics_vendor/lib:/opt/ros/jazzy/opt/sdformat_vendor/lib:/opt/ros/jazzy/opt/rviz_ogre_vendor/lib:/opt/ros/jazzy/lib/x86_64-linux-gnu:/opt/ros/jazzy/opt/gz_gui_vendor/lib:/opt/ros/jazzy/opt/gz_transport_vendor/lib:/opt/ros/jazzy/opt/gz_rendering_vendor/lib:/opt/ros/jazzy/opt/gz_plugin_vendor/lib:/opt/ros/jazzy/opt/gz_fuel_tools_vendor/lib:/opt/ros/jazzy/opt/gz_msgs_vendor/lib:/opt/ros/jazzy/opt/gz_common_vendor/lib:/opt/ros/jazzy/opt/gz_math_vendor/lib:/opt/ros/jazzy/opt/gz_utils_vendor/lib:/opt/ros/jazzy/opt/gz_tools_vendor/lib:/opt/ros/jazzy/opt/gz_ogre_next_vendor/lib:/opt/ros/jazzy/opt/gz_dartsim_vendor/lib:/opt/ros/jazzy/opt/gz_cmake_vendor/lib:/opt/ros/jazzy/lib', 'HOME': '/home/mvibot', 'OLDPWD': '/home/mvibot', 'NVM_BIN': '/home/mvibot/.nvm/versions/node/v24.12.0/bin', 'SSH_TTY': '/dev/pts/2', 'NVM_INC': '/home/mvibot/.nvm/versions/node/v24.12.0/include/node', 'ROS_PYTHON_VERSION': '3', 'DBUS_SESSION_BUS_ADDRESS': 'unix:path=/run/user/1000/bus', 'NVM_DIR': '/home/mvibot/.nvm', 'DEBUGINFOD_URLS': 'https://debuginfod.ubuntu.com', 'COLCON_PREFIX_PATH': '/home/mvibot/floorCleaningRobot_ws/install', 'ROS_DISTRO': 'jazzy', 'LOGNAME': 'mvibot', '_': '/usr/bin/colcon', 'ROS_VERSION': '2', 'PKG_CONFIG_PATH': '/home/mvibot/floorCleaningRobot_ws/install/fields2cover/lib/x86_64-linux-gnu/pkgconfig:/home/mvibot/floorCleaningRobot_ws/install/fields2cover/lib/pkgconfig', 'XDG_SESSION_CLASS': 'user', 'TERM': 'xterm-256color', 'XDG_SESSION_ID': '10', 'PATH': '/home/mvibot/.nvm/versions/node/v24.12.0/bin:/opt/ros/jazzy/opt/gz_msgs_vendor/bin:/opt/ros/jazzy/opt/gz_tools_vendor/bin:/opt/ros/jazzy/opt/gz_ogre_next_vendor/bin:/opt/ros/jazzy/bin:/usr/local/sbin:/usr/local/bin:/usr/sbin:/usr/bin:/sbin:/bin:/usr/games:/usr/local/games:/snap/bin', 'XDG_RUNTIME_DIR': '/run/user/1000', 'LANG': 'en_US.UTF-8', 'RMW_IMPLEMENTATION': 'rmw_fastrtps_cpp', 'LS_COLORS': 'rs=0:di=01;34:ln=01;36:mh=00:pi=40;33:so=01;35:do=01;35:bd=40;33;01:cd=40;33;01:or=40;31;01:mi=00:su=37;41:sg=30;43:ca=00:tw=30;42:ow=34;42:st=37;44:ex=01;32:*.tar=01;31:*.tgz=01;31:*.arc=01;31:*.arj=01;31:*.taz=01;31:*.lha=01;31:*.lz4=01;31:*.lzh=01;31:*.lzma=01;31:*.tlz=01;31:*.txz=01;31:*.tzo=01;31:*.t7z=01;31:*.zip=01;31:*.z=01;31:*.dz=01;31:*.gz=01;31:*.lrz=01;31:*.lz=01;31:*.lzo=01;31:*.xz=01;31:*.zst=01;31:*.tzst=01;31:*.bz2=01;31:*.bz=01;31:*.tbz=01;31:*.tbz2=01;31:*.tz=01;31:*.deb=01;31:*.rpm=01;31:*.jar=01;31:*.war=01;31:*.ear=01;31:*.sar=01;31:*.rar=01;31:*.alz=01;31:*.ace=01;31:*.zoo=01;31:*.cpio=01;31:*.7z=01;31:*.rz=01;31:*.cab=01;31:*.wim=01;31:*.swm=01;31:*.dwm=01;31:*.esd=01;31:*.avif=01;35:*.jpg=01;35:*.jpeg=01;35:*.mjpg=01;35:*.mjpeg=01;35:*.gif=01;35:*.bmp=01;35:*.pbm=01;35:*.pgm=01;35:*.ppm=01;35:*.tga=01;35:*.xbm=01;35:*.xpm=01;35:*.tif=01;35:*.tiff=01;35:*.png=01;35:*.svg=01;35:*.svgz=01;35:*.mng=01;35:*.pcx=01;35:*.mov=01;35:*.mpg=01;35:*.mpeg=01;35:*.m2v=01;35:*.mkv=01;35:*.webm=01;35:*.webp=01;35:*.ogm=01;35:*.mp4=01;35:*.m4v=01;35:*.mp4v=01;35:*.vob=01;35:*.qt=01;35:*.nuv=01;35:*.wmv=01;35:*.asf=01;35:*.rm=01;35:*.rmvb=01;35:*.flc=01;35:*.avi=01;35:*.fli=01;35:*.flv=01;35:*.gl=01;35:*.dl=01;35:*.xcf=01;35:*.xwd=01;35:*.yuv=01;35:*.cgm=01;35:*.emf=01;35:*.ogv=01;35:*.ogx=01;35:*.aac=00;36:*.au=00;36:*.flac=00;36:*.m4a=00;36:*.mid=00;36:*.midi=00;36:*.mka=00;36:*.mp3=00;36:*.mpc=00;36:*.ogg=00;36:*.ra=00;36:*.wav=00;36:*.oga=00;36:*.opus=00;36:*.spx=00;36:*.xspf=00;36:*~=00;90:*#=00;90:*.bak=00;90:*.crdownload=00;90:*.dpkg-dist=00;90:*.dpkg-new=00;90:*.dpkg-old=00;90:*.dpkg-tmp=00;90:*.old=00;90:*.orig=00;90:*.part=00;90:*.rej=00;90:*.rpmnew=00;90:*.rpmorig=00;90:*.rpmsave=00;90:*.swp=00;90:*.tmp=00;90:*.ucf-dist=00;90:*.ucf-new=00;90:*.ucf-old=00;90:', 'ROS_DOMAIN_ID': '10', 'AMENT_PREFIX_PATH': '/home/mvibot/floorCleaningRobot_ws/install/tf2_web_republisher:/home/mvibot/floorCleaningRobot_ws/install/tf2_web_republisher_interfaces:/home/mvibot/floorCleaningRobot_ws/install/sllidar_ros2:/home/mvibot/floorCleaningRobot_ws/install/realsense2_description:/home/mvibot/floorCleaningRobot_ws/install/realsense2_camera:/home/mvibot/floorCleaningRobot_ws/install/realsense2_camera_msgs:/home/mvibot/floorCleaningRobot_ws/install/pointcloud_to_laserscan:/home/mvibot/floorCleaningRobot_ws/install/opennav_coverage_demo:/home/mvibot/floorCleaningRobot_ws/install/opennav_row_coverage:/home/mvibot/floorCleaningRobot_ws/install/opennav_coverage_navigator:/home/mvibot/floorCleaningRobot_ws/install/opennav_coverage_bt:/home/mvibot/floorCleaningRobot_ws/install/opennav_coverage:/home/mvibot/floorCleaningRobot_ws/install/mission_layer_mvibot:/home/mvibot/floorCleaningRobot_ws/install/opennav_coverage_msgs:/home/mvibot/floorCleaningRobot_ws/install/lower_layer_mvibot:/home/mvibot/floorCleaningRobot_ws/install/ira_laser_tools:/home/mvibot/floorCleaningRobot_ws/install/higher_layer_mvibot:/opt/ros/jazzy', 'SHELL': '/bin/bash', 'LESSCLOSE': '/usr/bin/lesspipe %s %s', 'ROS_AUTOMATIC_DISCOVERY_RANGE': 'SUBNET', 'PWD': '/home/mvibot/floorCleaningRobot_ws/build/mission_layer_mvibot', 'LC_ALL': 'en_US.UTF-8', 'SSH_CONNECTION': '10.0.60.48 45434 10.0.70.69 22', 'NVM_CD_FLAGS': '', 'XDG_DATA_DIRS': '/usr/share/gnome:/usr/local/share:/usr/share:/var/lib/snapd/desktop', 'PYTHONPATH': '/home/mvibot/floorCleaningRobot_ws/install/opennav_coverage_msgs/lib/python3.12/site-packages:/home/mvibot/floorCleaningRobot_ws/install/tf2_web_republisher_interfaces/lib/python3.12/site-packages:/home/mvibot/floorCleaningRobot_ws/install/realsense2_camera_msgs/lib/python3.12/site-packages:/home/mvibot/floorCleaningRobot_ws/build/opennav_coverage_demo:/home/mvibot/floorCleaningRobot_ws/install/opennav_coverage_demo/lib/python3.12/site-packages:/opt/ros/jazzy/lib/python3.12/site-packages', 'COLCON': '1', 'CMAKE_PREFIX_PATH': '/home/mvibot/floorCleaningRobot_ws/install/opennav_coverage_msgs:/home/mvibot/floorCleaningRobot_ws/install/tf2_web_republisher:/home/mvibot/floorCleaningRobot_ws/install/tf2_web_republisher_interfaces:/home/mvibot/floorCleaningRobot_ws/install/sllidar_ros2:/home/mvibot/floorCleaningRobot_ws/install/realsense2_description:/home/mvibot/floorCleaningRobot_ws/install/realsense2_camera:/home/mvibot/floorCleaningRobot_ws/install/realsense2_camera_msgs:/home/mvibot/floorCleaningRobot_ws/install/pointcloud_to_laserscan:/home/mvibot/floorCleaningRobot_ws/install/opennav_row_coverage:/home/mvibot/floorCleaningRobot_ws/install/opennav_coverage_navigator:/home/mvibot/floorCleaningRobot_ws/install/opennav_coverage_bt:/home/mvibot/floorCleaningRobot_ws/install/opennav_coverage:/home/mvibot/floorCleaningRobot_ws/install/mission_layer_mvibot:/home/mvibot/floorCleaningRobot_ws/install/lower_layer_mvibot:/home/mvibot/floorCleaningRobot_ws/install/ira_laser_tools:/home/mvibot/floorCleaningRobot_ws/install/higher_layer_mvibot:/home/mvibot/floorCleaningRobot_ws/install/fields2cover:/opt/ros/jazzy/opt/gz_sim_vendor:/opt/ros/jazzy/opt/gz_sensors_vendor:/opt/ros/jazzy/opt/gz_physics_vendor:/opt/ros/jazzy/opt/sdformat_vendor:/opt/ros/jazzy/opt/gz_gui_vendor:/opt/ros/jazzy/opt/gz_transport_vendor:/opt/ros/jazzy/opt/gz_rendering_vendor:/opt/ros/jazzy/opt/gz_plugin_vendor:/opt/ros/jazzy/opt/gz_fuel_tools_vendor:/opt/ros/jazzy/opt/gz_msgs_vendor:/opt/ros/jazzy/opt/gz_common_vendor:/opt/ros/jazzy/opt/gz_math_vendor:/opt/ros/jazzy/opt/gz_utils_vendor:/opt/ros/jazzy/opt/gz_tools_vendor:/opt/ros/jazzy/opt/gz_ogre_next_vendor:/opt/ros/jazzy/opt/gz_dartsim_vendor:/opt/ros/jazzy/opt/gz_cmake_vendor:/home/mvibot/floorCleaningRobot_ws/install/opennav_coverage_demo:/opt/ros/jazzy'}), 'shell': False}
[114.519566] (mission_layer_mvibot) StdoutLine: {'line': b'-- Install configuration: "Release"\n'}
[114.521109] (mission_layer_mvibot) StdoutLine: {'line': b'-- Execute custom install script\n'}
[114.524095] (mission_layer_mvibot) StdoutLine: {'line': b'-- Up-to-date symlink: /home/mvibot/floorCleaningRobot_ws/install/mission_layer_mvibot/share/mission_layer_mvibot//launch/mvibot_amcl_launch.py\n'}
[114.524573] (mission_layer_mvibot) StdoutLine: {'line': b'-- Up-to-date symlink: /home/mvibot/floorCleaningRobot_ws/install/mission_layer_mvibot/share/mission_layer_mvibot//launch/mvibot_behavior_launch.py\n'}
[114.524976] (mission_layer_mvibot) StdoutLine: {'line': b'-- Up-to-date symlink: /home/mvibot/floorCleaningRobot_ws/install/mission_layer_mvibot/share/mission_layer_mvibot//launch/mvibot_bt_navigator_launch.py\n'}
[114.525492] (mission_layer_mvibot) StdoutLine: {'line': b'-- Up-to-date symlink: /home/mvibot/floorCleaningRobot_ws/install/mission_layer_mvibot/share/mission_layer_mvibot//launch/mvibot_collision_monitor_launch.py\n'}
[114.525978] (mission_layer_mvibot) StdoutLine: {'line': b'-- Up-to-date symlink: /home/mvibot/floorCleaningRobot_ws/install/mission_layer_mvibot/share/mission_layer_mvibot//launch/mvibot_controller_launch.py\n'}
[114.526523] (mission_layer_mvibot) StdoutLine: {'line': b'-- Up-to-date symlink: /home/mvibot/floorCleaningRobot_ws/install/mission_layer_mvibot/share/mission_layer_mvibot//launch/mvibot_lifecycle_manager_navigation_launch.py\n'}
[114.526984] (mission_layer_mvibot) StdoutLine: {'line': b'-- Up-to-date symlink: /home/mvibot/floorCleaningRobot_ws/install/mission_layer_mvibot/share/mission_layer_mvibot//launch/mvibot_manage_mission_launch.py\n'}
[114.527389] (mission_layer_mvibot) StdoutLine: {'line': b'-- Up-to-date symlink: /home/mvibot/floorCleaningRobot_ws/install/mission_layer_mvibot/share/mission_layer_mvibot//launch/mvibot_mission_launch.py\n'}
[114.527788] (mission_layer_mvibot) StdoutLine: {'line': b'-- Up-to-date symlink: /home/mvibot/floorCleaningRobot_ws/install/mission_layer_mvibot/share/mission_layer_mvibot//launch/mvibot_navigation_launch.py\n'}
[114.528068] (mission_layer_mvibot) StdoutLine: {'line': b'-- Up-to-date symlink: /home/mvibot/floorCleaningRobot_ws/install/mission_layer_mvibot/share/mission_layer_mvibot//launch/mvibot_opennav_coverage_launch.py\n'}
[114.528446] (mission_layer_mvibot) StdoutLine: {'line': b'-- Up-to-date symlink: /home/mvibot/floorCleaningRobot_ws/install/mission_layer_mvibot/share/mission_layer_mvibot//launch/mvibot_planner_launch.py\n'}
[114.528752] (mission_layer_mvibot) StdoutLine: {'line': b'-- Up-to-date symlink: /home/mvibot/floorCleaningRobot_ws/install/mission_layer_mvibot/share/mission_layer_mvibot//launch/mvibot_smoother_launch.py\n'}
[114.529240] (mission_layer_mvibot) StdoutLine: {'line': b'-- Up-to-date symlink: /home/mvibot/floorCleaningRobot_ws/install/mission_layer_mvibot/share/mission_layer_mvibot//launch/mvibot_velocity_smoother_launch.py\n'}
[114.529555] (mission_layer_mvibot) StdoutLine: {'line': b'-- Up-to-date symlink: /home/mvibot/floorCleaningRobot_ws/install/mission_layer_mvibot/share/mission_layer_mvibot//launch/mvibot_waypoint_follower_launch.py\n'}
[114.530623] (mission_layer_mvibot) StdoutLine: {'line': b'-- Up-to-date symlink: /home/mvibot/floorCleaningRobot_ws/install/mission_layer_mvibot/lib/mission_layer_mvibot/mvibot_mission\n'}
[114.531094] (mission_layer_mvibot) StdoutLine: {'line': b'-- Up-to-date symlink: /home/mvibot/floorCleaningRobot_ws/install/mission_layer_mvibot/share/ament_index/resource_index/package_run_dependencies/mission_layer_mvibot\n'}
[114.531499] (mission_layer_mvibot) StdoutLine: {'line': b'-- Up-to-date symlink: /home/mvibot/floorCleaningRobot_ws/install/mission_layer_mvibot/share/ament_index/resource_index/parent_prefix_path/mission_layer_mvibot\n'}
[114.532205] (mission_layer_mvibot) StdoutLine: {'line': b'-- Up-to-date symlink: /home/mvibot/floorCleaningRobot_ws/install/mission_layer_mvibot/share/mission_layer_mvibot/environment/ament_prefix_path.sh\n'}
[114.532485] (mission_layer_mvibot) StdoutLine: {'line': b'-- Up-to-date symlink: /home/mvibot/floorCleaningRobot_ws/install/mission_layer_mvibot/share/mission_layer_mvibot/environment/ament_prefix_path.dsv\n'}
[114.532769] (mission_layer_mvibot) StdoutLine: {'line': b'-- Up-to-date symlink: /home/mvibot/floorCleaningRobot_ws/install/mission_layer_mvibot/share/mission_layer_mvibot/environment/path.sh\n'}
[114.533098] (mission_layer_mvibot) StdoutLine: {'line': b'-- Up-to-date symlink: /home/mvibot/floorCleaningRobot_ws/install/mission_layer_mvibot/share/mission_layer_mvibot/environment/path.dsv\n'}
[114.533533] (mission_layer_mvibot) StdoutLine: {'line': b'-- Up-to-date symlink: /home/mvibot/floorCleaningRobot_ws/install/mission_layer_mvibot/share/mission_layer_mvibot/local_setup.bash\n'}
[114.534395] (mission_layer_mvibot) StdoutLine: {'line': b'-- Up-to-date symlink: /home/mvibot/floorCleaningRobot_ws/install/mission_layer_mvibot/share/mission_layer_mvibot/local_setup.sh\n'}
[114.534842] (mission_layer_mvibot) StdoutLine: {'line': b'-- Up-to-date symlink: /home/mvibot/floorCleaningRobot_ws/install/mission_layer_mvibot/share/mission_layer_mvibot/local_setup.zsh\n'}
[114.535529] (mission_layer_mvibot) StdoutLine: {'line': b'-- Up-to-date symlink: /home/mvibot/floorCleaningRobot_ws/install/mission_layer_mvibot/share/mission_layer_mvibot/local_setup.dsv\n'}
[114.535802] (mission_layer_mvibot) StdoutLine: {'line': b'-- Symlinking: /home/mvibot/floorCleaningRobot_ws/install/mission_layer_mvibot/share/mission_layer_mvibot/package.dsv\n'}
[114.547286] (-) TimerEvent: {}
[114.551300] (mission_layer_mvibot) StdoutLine: {'line': b'-- Up-to-date symlink: /home/mvibot/floorCleaningRobot_ws/install/mission_layer_mvibot/share/ament_index/resource_index/packages/mission_layer_mvibot\n'}
[114.551828] (mission_layer_mvibot) StdoutLine: {'line': b'-- Up-to-date symlink: /home/mvibot/floorCleaningRobot_ws/install/mission_layer_mvibot/share/mission_layer_mvibot/cmake/mission_layer_mvibotConfig.cmake\n'}
[114.552316] (mission_layer_mvibot) StdoutLine: {'line': b'-- Up-to-date symlink: /home/mvibot/floorCleaningRobot_ws/install/mission_layer_mvibot/share/mission_layer_mvibot/cmake/mission_layer_mvibotConfig-version.cmake\n'}
[114.552842] (mission_layer_mvibot) StdoutLine: {'line': b'-- Up-to-date symlink: /home/mvibot/floorCleaningRobot_ws/install/mission_layer_mvibot/share/mission_layer_mvibot/package.xml\n'}
[114.555599] (mission_layer_mvibot) CommandEnded: {'returncode': 0}
[114.591274] (mission_layer_mvibot) JobEnded: {'identifier': 'mission_layer_mvibot', 'rc': 0}
[114.592736] (-) EventReactorShutdown: {}
