[0.000000] (-) TimerEvent: {}
[0.000323] (-) JobUnselected: {'identifier': 'fields2cover'}
[0.000346] (-) JobUnselected: {'identifier': 'higher_layer_mvibot'}
[0.000360] (-) JobUnselected: {'identifier': 'ira_laser_tools'}
[0.000370] (-) JobUnselected: {'identifier': 'lower_layer_mvibot'}
[0.000379] (-) JobUnselected: {'identifier': 'opennav_coverage'}
[0.000388] (-) JobUnselected: {'identifier': 'opennav_coverage_bt'}
[0.000396] (-) JobUnselected: {'identifier': 'opennav_coverage_demo'}
[0.000403] (-) JobUnselected: {'identifier': 'opennav_coverage_msgs'}
[0.000411] (-) JobUnselected: {'identifier': 'opennav_coverage_navigator'}
[0.000419] (-) JobUnselected: {'identifier': 'opennav_row_coverage'}
[0.000427] (-) JobUnselected: {'identifier': 'pointcloud_to_laserscan'}
[0.000435] (-) JobUnselected: {'identifier': 'realsense2_camera'}
[0.000443] (-) JobUnselected: {'identifier': 'realsense2_camera_msgs'}
[0.000451] (-) JobUnselected: {'identifier': 'realsense2_description'}
[0.000459] (-) JobUnselected: {'identifier': 'sllidar_ros2'}
[0.000466] (-) JobUnselected: {'identifier': 'tf2_web_republisher'}
[0.000474] (-) JobUnselected: {'identifier': 'tf2_web_republisher_interfaces'}
[0.000484] (mission_layer_mvibot) JobQueued: {'identifier': 'mission_layer_mvibot', 'dependencies': OrderedDict({'opennav_coverage_msgs': '/home/mvibot/floorCleaningRobot_ws/install/opennav_coverage_msgs'})}
[0.000500] (mission_layer_mvibot) JobStarted: {'identifier': 'mission_layer_mvibot'}
[0.007804] (mission_layer_mvibot) JobProgress: {'identifier': 'mission_layer_mvibot', 'progress': 'cmake'}
[0.008120] (mission_layer_mvibot) Command: {'cmd': ['/usr/bin/cmake', '/home/mvibot/floorCleaningRobot_ws/src/mission_layer_mvibot', '-DAMENT_CMAKE_SYMLINK_INSTALL=1', '-DCMAKE_INSTALL_PREFIX=/home/mvibot/floorCleaningRobot_ws/install/mission_layer_mvibot'], 'cwd': '/home/mvibot/floorCleaningRobot_ws/build/mission_layer_mvibot', 'env': OrderedDict({'LESSOPEN': '| /usr/bin/lesspipe %s', 'USER': 'mvibot', 'XDG_SESSION_TYPE': 'wayland', 'ROS_APT_SOURCE_VERSION': '1.1.0', 'SHLVL': '1', 'LD_LIBRARY_PATH': '/home/mvibot/floorCleaningRobot_ws/install/opennav_coverage_msgs/lib:/opt/ros/jazzy/opt/rviz_ogre_vendor/lib:/opt/ros/jazzy/lib/x86_64-linux-gnu:/opt/ros/jazzy/opt/gz_math_vendor/lib:/opt/ros/jazzy/opt/gz_utils_vendor/lib:/opt/ros/jazzy/opt/gz_cmake_vendor/lib:/opt/ros/jazzy/lib', 'HOME': '/home/mvibot', 'OLDPWD': '/home/mvibot', 'DESKTOP_SESSION': 'ubuntu', 'ROS_PYTHON_VERSION': '3', 'GNOME_SHELL_SESSION_MODE': 'ubuntu', 'GTK_MODULES': 'gail:atk-bridge', 'SYSTEMD_EXEC_PID': '2939', 'GSM_SKIP_SSH_AGENT_WORKAROUND': 'true', 'DBUS_SESSION_BUS_ADDRESS': 'unix:path=/run/user/1000/bus', 'COLORTERM': 'truecolor', 'DEBUGINFOD_URLS': 'https://debuginfod.ubuntu.com', 'IM_CONFIG_PHASE': '1', 'WAYLAND_DISPLAY': 'wayland-0', 'ROS_DISTRO': 'jazzy', 'LOGNAME': 'mvibot', '_': '/usr/bin/colcon', 'ROS_VERSION': '2', 'MEMORY_PRESSURE_WATCH': '/sys/fs/cgroup/user.slice/user-1000.slice/user@1000.service/session.slice/org.gnome.Shell@wayland.service/memory.pressure', 'XDG_SESSION_CLASS': 'user', 'USERNAME': 'mvibot', 'TERM': 'xterm-256color', 'GNOME_DESKTOP_SESSION_ID': 'this-is-deprecated', 'PATH': '/opt/ros/jazzy/bin:/usr/local/sbin:/usr/local/bin:/usr/sbin:/usr/bin:/sbin:/bin:/usr/games:/usr/local/games:/snap/bin:/snap/bin', 'SESSION_MANAGER': 'local/mvibot:@/tmp/.ICE-unix/2913,unix/mvibot:/tmp/.ICE-unix/2913', 'XDG_MENU_PREFIX': 'gnome-', 'GNOME_TERMINAL_SCREEN': '/org/gnome/Terminal/screen/b7a177f3_03ee_4737_8328_c3bdd1e2124b', 'GNOME_SETUP_DISPLAY': ':1', 'XDG_RUNTIME_DIR': '/run/user/1000', 'DISPLAY': ':0', 'LANG': 'en_US.UTF-8', 'XDG_CURRENT_DESKTOP': 'ubuntu:GNOME', 'XMODIFIERS': '@im=ibus', 'XDG_SESSION_DESKTOP': 'ubuntu', 'XAUTHORITY': '/run/user/1000/.mutter-Xwaylandauth.IPMDD3', 'LS_COLORS': 'rs=0:di=01;34:ln=01;36:mh=00:pi=40;33:so=01;35:do=01;35:bd=40;33;01:cd=40;33;01:or=40;31;01:mi=00:su=37;41:sg=30;43:ca=00:tw=30;42:ow=34;42:st=37;44:ex=01;32:*.tar=01;31:*.tgz=01;31:*.arc=01;31:*.arj=01;31:*.taz=01;31:*.lha=01;31:*.lz4=01;31:*.lzh=01;31:*.lzma=01;31:*.tlz=01;31:*.txz=01;31:*.tzo=01;31:*.t7z=01;31:*.zip=01;31:*.z=01;31:*.dz=01;31:*.gz=01;31:*.lrz=01;31:*.lz=01;31:*.lzo=01;31:*.xz=01;31:*.zst=01;31:*.tzst=01;31:*.bz2=01;31:*.bz=01;31:*.tbz=01;31:*.tbz2=01;31:*.tz=01;31:*.deb=01;31:*.rpm=01;31:*.jar=01;31:*.war=01;31:*.ear=01;31:*.sar=01;31:*.rar=01;31:*.alz=01;31:*.ace=01;31:*.zoo=01;31:*.cpio=01;31:*.7z=01;31:*.rz=01;31:*.cab=01;31:*.wim=01;31:*.swm=01;31:*.dwm=01;31:*.esd=01;31:*.avif=01;35:*.jpg=01;35:*.jpeg=01;35:*.mjpg=01;35:*.mjpeg=01;35:*.gif=01;35:*.bmp=01;35:*.pbm=01;35:*.pgm=01;35:*.ppm=01;35:*.tga=01;35:*.xbm=01;35:*.xpm=01;35:*.tif=01;35:*.tiff=01;35:*.png=01;35:*.svg=01;35:*.svgz=01;35:*.mng=01;35:*.pcx=01;35:*.mov=01;35:*.mpg=01;35:*.mpeg=01;35:*.m2v=01;35:*.mkv=01;35:*.webm=01;35:*.webp=01;35:*.ogm=01;35:*.mp4=01;35:*.m4v=01;35:*.mp4v=01;35:*.vob=01;35:*.qt=01;35:*.nuv=01;35:*.wmv=01;35:*.asf=01;35:*.rm=01;35:*.rmvb=01;35:*.flc=01;35:*.avi=01;35:*.fli=01;35:*.flv=01;35:*.gl=01;35:*.dl=01;35:*.xcf=01;35:*.xwd=01;35:*.yuv=01;35:*.cgm=01;35:*.emf=01;35:*.ogv=01;35:*.ogx=01;35:*.aac=00;36:*.au=00;36:*.flac=00;36:*.m4a=00;36:*.mid=00;36:*.midi=00;36:*.mka=00;36:*.mp3=00;36:*.mpc=00;36:*.ogg=00;36:*.ra=00;36:*.wav=00;36:*.oga=00;36:*.opus=00;36:*.spx=00;36:*.xspf=00;36:*~=00;90:*#=00;90:*.bak=00;90:*.crdownload=00;90:*.dpkg-dist=00;90:*.dpkg-new=00;90:*.dpkg-old=00;90:*.dpkg-tmp=00;90:*.old=00;90:*.orig=00;90:*.part=00;90:*.rej=00;90:*.rpmnew=00;90:*.rpmorig=00;90:*.rpmsave=00;90:*.swp=00;90:*.tmp=00;90:*.ucf-dist=00;90:*.ucf-new=00;90:*.ucf-old=00;90:', 'GNOME_TERMINAL_SERVICE': ':1.117', 'SSH_AUTH_SOCK': '/run/user/1000/keyring/ssh', 'ROS_DOMAIN_ID': '10', 'AMENT_PREFIX_PATH': '/home/mvibot/floorCleaningRobot_ws/install/opennav_coverage_msgs:/opt/ros/jazzy', 'SHELL': '/bin/bash', 'QT_ACCESSIBILITY': '1', 'GDMSESSION': 'ubuntu', 'LESSCLOSE': '/usr/bin/lesspipe %s %s', 'ROS_AUTOMATIC_DISCOVERY_RANGE': 'SUBNET', 'QT_IM_MODULE': 'ibus', 'PWD': '/home/mvibot/floorCleaningRobot_ws/build/mission_layer_mvibot', 'XDG_CONFIG_DIRS': '/etc/xdg/xdg-ubuntu:/etc/xdg', 'XDG_DATA_DIRS': '/usr/share/ubuntu:/usr/share/gnome:/usr/local/share/:/usr/share/:/var/lib/snapd/desktop', 'PYTHONPATH': '/home/mvibot/floorCleaningRobot_ws/install/opennav_coverage_msgs/lib/python3.12/site-packages:/opt/ros/jazzy/lib/python3.12/site-packages', 'COLCON': '1', 'MEMORY_PRESSURE_WRITE': 'c29tZSAyMDAwMDAgMjAwMDAwMAA=', 'VTE_VERSION': '7600', 'CMAKE_PREFIX_PATH': '/home/mvibot/floorCleaningRobot_ws/install/opennav_coverage_msgs:/opt/ros/jazzy/opt/gz_math_vendor:/opt/ros/jazzy/opt/gz_utils_vendor:/opt/ros/jazzy/opt/gz_cmake_vendor:/opt/ros/jazzy'}), 'shell': False}
[0.051028] (mission_layer_mvibot) StdoutLine: {'line': b'-- The C compiler identification is GNU 13.3.0\n'}
[0.092665] (mission_layer_mvibot) StdoutLine: {'line': b'-- The CXX compiler identification is GNU 13.3.0\n'}
[0.099761] (-) TimerEvent: {}
[0.103678] (mission_layer_mvibot) StdoutLine: {'line': b'-- Detecting C compiler ABI info\n'}
[0.185982] (mission_layer_mvibot) StdoutLine: {'line': b'-- Detecting C compiler ABI info - done\n'}
[0.192812] (mission_layer_mvibot) StdoutLine: {'line': b'-- Check for working C compiler: /usr/bin/cc - skipped\n'}
[0.192944] (mission_layer_mvibot) StdoutLine: {'line': b'-- Detecting C compile features\n'}
[0.193355] (mission_layer_mvibot) StdoutLine: {'line': b'-- Detecting C compile features - done\n'}
[0.199838] (-) TimerEvent: {}
[0.201474] (mission_layer_mvibot) StdoutLine: {'line': b'-- Detecting CXX compiler ABI info\n'}
[0.274918] (mission_layer_mvibot) StdoutLine: {'line': b'-- Detecting CXX compiler ABI info - done\n'}
[0.281951] (mission_layer_mvibot) StdoutLine: {'line': b'-- Check for working CXX compiler: /usr/bin/c++ - skipped\n'}
[0.282074] (mission_layer_mvibot) StdoutLine: {'line': b'-- Detecting CXX compile features\n'}
[0.282521] (mission_layer_mvibot) StdoutLine: {'line': b'-- Detecting CXX compile features - done\n'}
[0.284405] (mission_layer_mvibot) StdoutLine: {'line': b'-- Found ament_cmake: 2.5.4 (/opt/ros/jazzy/share/ament_cmake/cmake)\n'}
[0.299952] (-) TimerEvent: {}
[0.390173] (mission_layer_mvibot) StdoutLine: {'line': b'-- Found Python3: /usr/bin/python3 (found version "3.12.3") found components: Interpreter \n'}
[0.400045] (-) TimerEvent: {}
[0.443876] (mission_layer_mvibot) StdoutLine: {'line': b'-- Override CMake install command with custom implementation using symlinks instead of copying resources\n'}
[0.463924] (mission_layer_mvibot) StdoutLine: {'line': b'-- Found rclcpp: 28.1.12 (/opt/ros/jazzy/share/rclcpp/cmake)\n'}
[0.490893] (mission_layer_mvibot) StdoutLine: {'line': b'-- Found rosidl_generator_c: 4.6.6 (/opt/ros/jazzy/share/rosidl_generator_c/cmake)\n'}
[0.500028] (mission_layer_mvibot) StdoutLine: {'line': b'-- Found rosidl_generator_cpp: 4.6.6 (/opt/ros/jazzy/share/rosidl_generator_cpp/cmake)\n'}
[0.500110] (-) TimerEvent: {}
[0.514426] (mission_layer_mvibot) StdoutLine: {'line': b'-- Using all available rosidl_typesupport_c: rosidl_typesupport_fastrtps_c;rosidl_typesupport_introspection_c\n'}
[0.526986] (mission_layer_mvibot) StdoutLine: {'line': b'-- Using all available rosidl_typesupport_cpp: rosidl_typesupport_fastrtps_cpp;rosidl_typesupport_introspection_cpp\n'}
[0.579849] (mission_layer_mvibot) StdoutLine: {'line': b'-- Found rmw_implementation_cmake: 7.3.2 (/opt/ros/jazzy/share/rmw_implementation_cmake/cmake)\n'}
[0.581738] (mission_layer_mvibot) StdoutLine: {'line': b'-- Found rmw_fastrtps_cpp: 8.4.3 (/opt/ros/jazzy/share/rmw_fastrtps_cpp/cmake)\n'}
[0.600218] (-) TimerEvent: {}
[0.636452] (mission_layer_mvibot) StdoutLine: {'line': b'-- Found OpenSSL: /usr/lib/x86_64-linux-gnu/libcrypto.so (found version "3.0.13")  \n'}
[0.650736] (mission_layer_mvibot) StdoutLine: {'line': b'-- Found FastRTPS: /opt/ros/jazzy/include (Required is at least version "2.13") \n'}
[0.667214] (mission_layer_mvibot) StdoutLine: {'line': b"-- Using RMW implementation 'rmw_fastrtps_cpp' as default\n"}
[0.700432] (-) TimerEvent: {}
[0.721971] (mission_layer_mvibot) StdoutLine: {'line': b'-- Found rclcpp_action: 28.1.12 (/opt/ros/jazzy/share/rclcpp_action/cmake)\n'}
[0.753349] (mission_layer_mvibot) StdoutLine: {'line': b'-- Found std_msgs: 5.3.6 (/opt/ros/jazzy/share/std_msgs/cmake)\n'}
[0.763534] (mission_layer_mvibot) StdoutLine: {'line': b'-- Found std_srvs: 5.3.6 (/opt/ros/jazzy/share/std_srvs/cmake)\n'}
[0.776107] (mission_layer_mvibot) StdoutLine: {'line': b'-- Found geometry_msgs: 5.3.6 (/opt/ros/jazzy/share/geometry_msgs/cmake)\n'}
[0.787372] (mission_layer_mvibot) StdoutLine: {'line': b'-- Found sensor_msgs: 5.3.6 (/opt/ros/jazzy/share/sensor_msgs/cmake)\n'}
[0.800590] (-) TimerEvent: {}
[0.807360] (mission_layer_mvibot) StdoutLine: {'line': b'-- Found nav_msgs: 5.3.6 (/opt/ros/jazzy/share/nav_msgs/cmake)\n'}
[0.827489] (mission_layer_mvibot) StdoutLine: {'line': b'-- Found tf2: 0.36.14 (/opt/ros/jazzy/share/tf2/cmake)\n'}
[0.830973] (mission_layer_mvibot) StdoutLine: {'line': b'-- Found tf2_ros: 0.36.14 (/opt/ros/jazzy/share/tf2_ros/cmake)\n'}
[0.888960] (mission_layer_mvibot) StdoutLine: {'line': b'-- Found tf2_geometry_msgs: 0.36.14 (/opt/ros/jazzy/share/tf2_geometry_msgs/cmake)\n'}
[0.899028] (mission_layer_mvibot) StdoutLine: {'line': b'-- Found eigen3_cmake_module: 0.3.0 (/opt/ros/jazzy/share/eigen3_cmake_module/cmake)\n'}
[0.899873] (mission_layer_mvibot) StdoutLine: {'line': b'-- Found Eigen3: TRUE (found version "3.4.0") \n'}
[0.899977] (mission_layer_mvibot) StdoutLine: {'line': b'-- Ensuring Eigen3 include directory is part of orocos-kdl CMake target\n'}
[0.900673] (-) TimerEvent: {}
[0.903356] (mission_layer_mvibot) StdoutLine: {'line': b'-- Found nav2_msgs: 1.3.8 (/opt/ros/jazzy/share/nav2_msgs/cmake)\n'}
[0.970197] (mission_layer_mvibot) StdoutLine: {'line': b'-- Found visualization_msgs: 5.3.6 (/opt/ros/jazzy/share/visualization_msgs/cmake)\n'}
[0.990444] (mission_layer_mvibot) StdoutLine: {'line': b'-- Found opennav_coverage_msgs: 0.0.1 (/home/mvibot/floorCleaningRobot_ws/install/opennav_coverage_msgs/share/opennav_coverage_msgs/cmake)\n'}
[1.000855] (-) TimerEvent: {}
[1.018371] (mission_layer_mvibot) StdoutLine: {'line': b'-- Found ament_lint_auto: 0.17.3 (/opt/ros/jazzy/share/ament_lint_auto/cmake)\n'}
[1.097127] (mission_layer_mvibot) StdoutLine: {'line': b"-- Added test 'cppcheck' to perform static code analysis on C / C++ code\n"}
[1.097313] (mission_layer_mvibot) StdoutLine: {'line': b'-- Configured cppcheck include dirs: \n'}
[1.097370] (mission_layer_mvibot) StdoutLine: {'line': b'-- Configured cppcheck exclude dirs and/or files: \n'}
[1.097608] (mission_layer_mvibot) StdoutLine: {'line': b"-- Added test 'flake8' to check Python code syntax and style conventions\n"}
[1.097656] (mission_layer_mvibot) StdoutLine: {'line': b"-- Configured 'flake8' exclude dirs and/or files: \n"}
[1.098412] (mission_layer_mvibot) StdoutLine: {'line': b"-- Added test 'lint_cmake' to check CMake code style\n"}
[1.098749] (mission_layer_mvibot) StdoutLine: {'line': b"-- Added test 'pep257' to check Python code against some of the docstring style conventions in PEP 257\n"}
[1.100081] (mission_layer_mvibot) StdoutLine: {'line': b"-- Added test 'uncrustify' to check C / C++ code style\n"}
[1.100167] (mission_layer_mvibot) StdoutLine: {'line': b'-- Configured uncrustify additional arguments: \n'}
[1.100583] (mission_layer_mvibot) StdoutLine: {'line': b"-- Added test 'xmllint' to check XML markup files\n"}
[1.100928] (-) TimerEvent: {}
[1.101760] (mission_layer_mvibot) StdoutLine: {'line': b'-- Configuring done (1.1s)\n'}
[1.116582] (mission_layer_mvibot) StdoutLine: {'line': b'-- Generating done (0.0s)\n'}
[1.119864] (mission_layer_mvibot) StdoutLine: {'line': b'-- Build files have been written to: /home/mvibot/floorCleaningRobot_ws/build/mission_layer_mvibot\n'}
[1.128564] (mission_layer_mvibot) CommandEnded: {'returncode': 0}
[1.128959] (mission_layer_mvibot) JobProgress: {'identifier': 'mission_layer_mvibot', 'progress': 'build'}
[1.129477] (mission_layer_mvibot) Command: {'cmd': ['/usr/bin/cmake', '--build', '/home/mvibot/floorCleaningRobot_ws/build/mission_layer_mvibot', '--', '-j8', '-l8'], 'cwd': '/home/mvibot/floorCleaningRobot_ws/build/mission_layer_mvibot', 'env': OrderedDict({'LESSOPEN': '| /usr/bin/lesspipe %s', 'USER': 'mvibot', 'XDG_SESSION_TYPE': 'wayland', 'ROS_APT_SOURCE_VERSION': '1.1.0', 'SHLVL': '1', 'LD_LIBRARY_PATH': '/home/mvibot/floorCleaningRobot_ws/install/opennav_coverage_msgs/lib:/opt/ros/jazzy/opt/rviz_ogre_vendor/lib:/opt/ros/jazzy/lib/x86_64-linux-gnu:/opt/ros/jazzy/opt/gz_math_vendor/lib:/opt/ros/jazzy/opt/gz_utils_vendor/lib:/opt/ros/jazzy/opt/gz_cmake_vendor/lib:/opt/ros/jazzy/lib', 'HOME': '/home/mvibot', 'OLDPWD': '/home/mvibot', 'DESKTOP_SESSION': 'ubuntu', 'ROS_PYTHON_VERSION': '3', 'GNOME_SHELL_SESSION_MODE': 'ubuntu', 'GTK_MODULES': 'gail:atk-bridge', 'SYSTEMD_EXEC_PID': '2939', 'GSM_SKIP_SSH_AGENT_WORKAROUND': 'true', 'DBUS_SESSION_BUS_ADDRESS': 'unix:path=/run/user/1000/bus', 'COLORTERM': 'truecolor', 'DEBUGINFOD_URLS': 'https://debuginfod.ubuntu.com', 'IM_CONFIG_PHASE': '1', 'WAYLAND_DISPLAY': 'wayland-0', 'ROS_DISTRO': 'jazzy', 'LOGNAME': 'mvibot', '_': '/usr/bin/colcon', 'ROS_VERSION': '2', 'MEMORY_PRESSURE_WATCH': '/sys/fs/cgroup/user.slice/user-1000.slice/user@1000.service/session.slice/org.gnome.Shell@wayland.service/memory.pressure', 'XDG_SESSION_CLASS': 'user', 'USERNAME': 'mvibot', 'TERM': 'xterm-256color', 'GNOME_DESKTOP_SESSION_ID': 'this-is-deprecated', 'PATH': '/opt/ros/jazzy/bin:/usr/local/sbin:/usr/local/bin:/usr/sbin:/usr/bin:/sbin:/bin:/usr/games:/usr/local/games:/snap/bin:/snap/bin', 'SESSION_MANAGER': 'local/mvibot:@/tmp/.ICE-unix/2913,unix/mvibot:/tmp/.ICE-unix/2913', 'XDG_MENU_PREFIX': 'gnome-', 'GNOME_TERMINAL_SCREEN': '/org/gnome/Terminal/screen/b7a177f3_03ee_4737_8328_c3bdd1e2124b', 'GNOME_SETUP_DISPLAY': ':1', 'XDG_RUNTIME_DIR': '/run/user/1000', 'DISPLAY': ':0', 'LANG': 'en_US.UTF-8', 'XDG_CURRENT_DESKTOP': 'ubuntu:GNOME', 'XMODIFIERS': '@im=ibus', 'XDG_SESSION_DESKTOP': 'ubuntu', 'XAUTHORITY': '/run/user/1000/.mutter-Xwaylandauth.IPMDD3', 'LS_COLORS': 'rs=0:di=01;34:ln=01;36:mh=00:pi=40;33:so=01;35:do=01;35:bd=40;33;01:cd=40;33;01:or=40;31;01:mi=00:su=37;41:sg=30;43:ca=00:tw=30;42:ow=34;42:st=37;44:ex=01;32:*.tar=01;31:*.tgz=01;31:*.arc=01;31:*.arj=01;31:*.taz=01;31:*.lha=01;31:*.lz4=01;31:*.lzh=01;31:*.lzma=01;31:*.tlz=01;31:*.txz=01;31:*.tzo=01;31:*.t7z=01;31:*.zip=01;31:*.z=01;31:*.dz=01;31:*.gz=01;31:*.lrz=01;31:*.lz=01;31:*.lzo=01;31:*.xz=01;31:*.zst=01;31:*.tzst=01;31:*.bz2=01;31:*.bz=01;31:*.tbz=01;31:*.tbz2=01;31:*.tz=01;31:*.deb=01;31:*.rpm=01;31:*.jar=01;31:*.war=01;31:*.ear=01;31:*.sar=01;31:*.rar=01;31:*.alz=01;31:*.ace=01;31:*.zoo=01;31:*.cpio=01;31:*.7z=01;31:*.rz=01;31:*.cab=01;31:*.wim=01;31:*.swm=01;31:*.dwm=01;31:*.esd=01;31:*.avif=01;35:*.jpg=01;35:*.jpeg=01;35:*.mjpg=01;35:*.mjpeg=01;35:*.gif=01;35:*.bmp=01;35:*.pbm=01;35:*.pgm=01;35:*.ppm=01;35:*.tga=01;35:*.xbm=01;35:*.xpm=01;35:*.tif=01;35:*.tiff=01;35:*.png=01;35:*.svg=01;35:*.svgz=01;35:*.mng=01;35:*.pcx=01;35:*.mov=01;35:*.mpg=01;35:*.mpeg=01;35:*.m2v=01;35:*.mkv=01;35:*.webm=01;35:*.webp=01;35:*.ogm=01;35:*.mp4=01;35:*.m4v=01;35:*.mp4v=01;35:*.vob=01;35:*.qt=01;35:*.nuv=01;35:*.wmv=01;35:*.asf=01;35:*.rm=01;35:*.rmvb=01;35:*.flc=01;35:*.avi=01;35:*.fli=01;35:*.flv=01;35:*.gl=01;35:*.dl=01;35:*.xcf=01;35:*.xwd=01;35:*.yuv=01;35:*.cgm=01;35:*.emf=01;35:*.ogv=01;35:*.ogx=01;35:*.aac=00;36:*.au=00;36:*.flac=00;36:*.m4a=00;36:*.mid=00;36:*.midi=00;36:*.mka=00;36:*.mp3=00;36:*.mpc=00;36:*.ogg=00;36:*.ra=00;36:*.wav=00;36:*.oga=00;36:*.opus=00;36:*.spx=00;36:*.xspf=00;36:*~=00;90:*#=00;90:*.bak=00;90:*.crdownload=00;90:*.dpkg-dist=00;90:*.dpkg-new=00;90:*.dpkg-old=00;90:*.dpkg-tmp=00;90:*.old=00;90:*.orig=00;90:*.part=00;90:*.rej=00;90:*.rpmnew=00;90:*.rpmorig=00;90:*.rpmsave=00;90:*.swp=00;90:*.tmp=00;90:*.ucf-dist=00;90:*.ucf-new=00;90:*.ucf-old=00;90:', 'GNOME_TERMINAL_SERVICE': ':1.117', 'SSH_AUTH_SOCK': '/run/user/1000/keyring/ssh', 'ROS_DOMAIN_ID': '10', 'AMENT_PREFIX_PATH': '/home/mvibot/floorCleaningRobot_ws/install/opennav_coverage_msgs:/opt/ros/jazzy', 'SHELL': '/bin/bash', 'QT_ACCESSIBILITY': '1', 'GDMSESSION': 'ubuntu', 'LESSCLOSE': '/usr/bin/lesspipe %s %s', 'ROS_AUTOMATIC_DISCOVERY_RANGE': 'SUBNET', 'QT_IM_MODULE': 'ibus', 'PWD': '/home/mvibot/floorCleaningRobot_ws/build/mission_layer_mvibot', 'XDG_CONFIG_DIRS': '/etc/xdg/xdg-ubuntu:/etc/xdg', 'XDG_DATA_DIRS': '/usr/share/ubuntu:/usr/share/gnome:/usr/local/share/:/usr/share/:/var/lib/snapd/desktop', 'PYTHONPATH': '/home/mvibot/floorCleaningRobot_ws/install/opennav_coverage_msgs/lib/python3.12/site-packages:/opt/ros/jazzy/lib/python3.12/site-packages', 'COLCON': '1', 'MEMORY_PRESSURE_WRITE': 'c29tZSAyMDAwMDAgMjAwMDAwMAA=', 'VTE_VERSION': '7600', 'CMAKE_PREFIX_PATH': '/home/mvibot/floorCleaningRobot_ws/install/opennav_coverage_msgs:/opt/ros/jazzy/opt/gz_math_vendor:/opt/ros/jazzy/opt/gz_utils_vendor:/opt/ros/jazzy/opt/gz_cmake_vendor:/opt/ros/jazzy'}), 'shell': False}
[1.171136] (mission_layer_mvibot) StdoutLine: {'line': b'[ 50%] \x1b[32mBuilding CXX object CMakeFiles/mvibot_mission.dir/src/mvibot_mission.cpp.o\x1b[0m\n'}
[1.201109] (-) TimerEvent: {}
[1.301472] (-) TimerEvent: {}
[1.401833] (-) TimerEvent: {}
[1.502108] (-) TimerEvent: {}
[1.602413] (-) TimerEvent: {}
[1.702657] (-) TimerEvent: {}
[1.802962] (-) TimerEvent: {}
[1.903202] (-) TimerEvent: {}
[2.003507] (-) TimerEvent: {}
[2.103846] (-) TimerEvent: {}
[2.204216] (-) TimerEvent: {}
[2.304552] (-) TimerEvent: {}
[2.404864] (-) TimerEvent: {}
[2.505123] (-) TimerEvent: {}
[2.605435] (-) TimerEvent: {}
[2.705762] (-) TimerEvent: {}
[2.806089] (-) TimerEvent: {}
[2.906398] (-) TimerEvent: {}
[3.006715] (-) TimerEvent: {}
[3.107048] (-) TimerEvent: {}
[3.207299] (-) TimerEvent: {}
[3.307556] (-) TimerEvent: {}
[3.407869] (-) TimerEvent: {}
[3.508146] (-) TimerEvent: {}
[3.608461] (-) TimerEvent: {}
[3.708745] (-) TimerEvent: {}
[3.809012] (-) TimerEvent: {}
[3.909331] (-) TimerEvent: {}
[4.009573] (-) TimerEvent: {}
[4.109898] (-) TimerEvent: {}
[4.210212] (-) TimerEvent: {}
[4.310530] (-) TimerEvent: {}
[4.410852] (-) TimerEvent: {}
[4.511179] (-) TimerEvent: {}
[4.611417] (-) TimerEvent: {}
[4.711677] (-) TimerEvent: {}
[4.812103] (-) TimerEvent: {}
[4.912432] (-) TimerEvent: {}
[5.012756] (-) TimerEvent: {}
[5.113127] (-) TimerEvent: {}
[5.213448] (-) TimerEvent: {}
[5.313796] (-) TimerEvent: {}
[5.414129] (-) TimerEvent: {}
[5.514460] (-) TimerEvent: {}
[5.614788] (-) TimerEvent: {}
[5.671926] (mission_layer_mvibot) StderrLine: {'line': b'In file included from \x1b[01m\x1b[K/home/mvibot/floorCleaningRobot_ws/src/mission_layer_mvibot/src/mvibot_mission.cpp:3\x1b[m\x1b[K:\n'}
[5.672085] (mission_layer_mvibot) StderrLine: {'line': b'\x1b[01m\x1b[K/home/mvibot/floorCleaningRobot_ws/src/mission_layer_mvibot/src/../include/mission_layer_mvibot/mvibot_mission/manage_mission.h:\x1b[m\x1b[K In lambda function:\n'}
[5.672137] (mission_layer_mvibot) StderrLine: {'line': b'\x1b[01m\x1b[K/home/mvibot/floorCleaningRobot_ws/src/mission_layer_mvibot/src/../include/mission_layer_mvibot/mvibot_mission/manage_mission.h:370:30:\x1b[m\x1b[K \x1b[01;35m\x1b[Kwarning: \x1b[m\x1b[Kcomparison of integer expressions of different signedness: \xe2\x80\x98\x1b[01m\x1b[Kint\x1b[m\x1b[K\xe2\x80\x99 and \xe2\x80\x98\x1b[01m\x1b[Kstd::vector<std::__cxx11::basic_string<char>, std::allocator<std::__cxx11::basic_string<char> > >::size_type\x1b[m\x1b[K\xe2\x80\x99 {aka \xe2\x80\x98\x1b[01m\x1b[Klong unsigned int\x1b[m\x1b[K\xe2\x80\x99} [\x1b[01;35m\x1b[K\x1b]8;;https://gcc.gnu.org/onlinedocs/gcc/Warning-Options.html#index-Wsign-compare\x07-Wsign-compare\x1b]8;;\x07\x1b[m\x1b[K]\n'}
[5.672193] (mission_layer_mvibot) StderrLine: {'line': b'  370 |                 for(int i=0;\x1b[01;35m\x1b[Ki<data.data1.size()\x1b[m\x1b[K;i++){\n'}
[5.672239] (mission_layer_mvibot) StderrLine: {'line': b'      |                             \x1b[01;35m\x1b[K~^~~~~~~~~~~~~~~~~~\x1b[m\x1b[K\n'}
[5.672741] (mission_layer_mvibot) StderrLine: {'line': b'\x1b[01m\x1b[K/home/mvibot/floorCleaningRobot_ws/src/mission_layer_mvibot/src/../include/mission_layer_mvibot/mvibot_mission/manage_mission.h:366:28:\x1b[m\x1b[K \x1b[01;35m\x1b[Kwarning: \x1b[m\x1b[Kvariable \xe2\x80\x98\x1b[01m\x1b[Kis_ready\x1b[m\x1b[K\xe2\x80\x99 set but not used [\x1b[01;35m\x1b[K\x1b]8;;https://gcc.gnu.org/onlinedocs/gcc/Warning-Options.html#index-Wunused-but-set-variable\x07-Wunused-but-set-variable\x1b]8;;\x07\x1b[m\x1b[K]\n'}
[5.672838] (mission_layer_mvibot) StderrLine: {'line': b'  366 |                 static int \x1b[01;35m\x1b[Kis_ready\x1b[m\x1b[K;\n'}
[5.672889] (mission_layer_mvibot) StderrLine: {'line': b'      |                            \x1b[01;35m\x1b[K^~~~~~~~\x1b[m\x1b[K\n'}
[5.672939] (mission_layer_mvibot) StderrLine: {'line': b'\x1b[01m\x1b[K/home/mvibot/floorCleaningRobot_ws/src/mission_layer_mvibot/src/../include/mission_layer_mvibot/mvibot_mission/manage_mission.h:367:36:\x1b[m\x1b[K \x1b[01;35m\x1b[Kwarning: \x1b[m\x1b[Kunused variable \xe2\x80\x98\x1b[01m\x1b[Klive_f\x1b[m\x1b[K\xe2\x80\x99 [\x1b[01;35m\x1b[K\x1b]8;;https://gcc.gnu.org/onlinedocs/gcc/Warning-Options.html#index-Wunused-variable\x07-Wunused-variable\x1b]8;;\x07\x1b[m\x1b[K]\n'}
[5.672983] (mission_layer_mvibot) StderrLine: {'line': b'  367 |                 static int live=-1,\x1b[01;35m\x1b[Klive_f\x1b[m\x1b[K=-1,brake=-1,brake_f=-1,enable=-1,enable_f=-1,error=-1,error_f=-1;\n'}
[5.673024] (mission_layer_mvibot) StderrLine: {'line': b'      |                                    \x1b[01;35m\x1b[K^~~~~~\x1b[m\x1b[K\n'}
[5.673062] (mission_layer_mvibot) StderrLine: {'line': b'\x1b[01m\x1b[K/home/mvibot/floorCleaningRobot_ws/src/mission_layer_mvibot/src/../include/mission_layer_mvibot/mvibot_mission/manage_mission.h:367:55:\x1b[m\x1b[K \x1b[01;35m\x1b[Kwarning: \x1b[m\x1b[Kunused variable \xe2\x80\x98\x1b[01m\x1b[Kbrake_f\x1b[m\x1b[K\xe2\x80\x99 [\x1b[01;35m\x1b[K\x1b]8;;https://gcc.gnu.org/onlinedocs/gcc/Warning-Options.html#index-Wunused-variable\x07-Wunused-variable\x1b]8;;\x07\x1b[m\x1b[K]\n'}
[5.673102] (mission_layer_mvibot) StderrLine: {'line': b'  367 |                 static int live=-1,live_f=-1,brake=-1,\x1b[01;35m\x1b[Kbrake_f\x1b[m\x1b[K=-1,enable=-1,enable_f=-1,error=-1,error_f=-1;\n'}
[5.673145] (mission_layer_mvibot) StderrLine: {'line': b'      |                                                       \x1b[01;35m\x1b[K^~~~~~~\x1b[m\x1b[K\n'}
[5.673187] (mission_layer_mvibot) StderrLine: {'line': b'\x1b[01m\x1b[K/home/mvibot/floorCleaningRobot_ws/src/mission_layer_mvibot/src/../include/mission_layer_mvibot/mvibot_mission/manage_mission.h:367:76:\x1b[m\x1b[K \x1b[01;35m\x1b[Kwarning: \x1b[m\x1b[Kunused variable \xe2\x80\x98\x1b[01m\x1b[Kenable_f\x1b[m\x1b[K\xe2\x80\x99 [\x1b[01;35m\x1b[K\x1b]8;;https://gcc.gnu.org/onlinedocs/gcc/Warning-Options.html#index-Wunused-variable\x07-Wunused-variable\x1b]8;;\x07\x1b[m\x1b[K]\n'}
[5.673236] (mission_layer_mvibot) StderrLine: {'line': b'  367 |                 static int live=-1,live_f=-1,brake=-1,brake_f=-1,enable=-1,\x1b[01;35m\x1b[Kenable_f\x1b[m\x1b[K=-1,error=-1,error_f=-1;\n'}
[5.673280] (mission_layer_mvibot) StderrLine: {'line': b'      |                                                                            \x1b[01;35m\x1b[K^~~~~~~~\x1b[m\x1b[K\n'}
[5.673325] (mission_layer_mvibot) StderrLine: {'line': b'\x1b[01m\x1b[K/home/mvibot/floorCleaningRobot_ws/src/mission_layer_mvibot/src/../include/mission_layer_mvibot/mvibot_mission/manage_mission.h:367:88:\x1b[m\x1b[K \x1b[01;35m\x1b[Kwarning: \x1b[m\x1b[Kvariable \xe2\x80\x98\x1b[01m\x1b[Kerror\x1b[m\x1b[K\xe2\x80\x99 set but not used [\x1b[01;35m\x1b[K\x1b]8;;https://gcc.gnu.org/onlinedocs/gcc/Warning-Options.html#index-Wunused-but-set-variable\x07-Wunused-but-set-variable\x1b]8;;\x07\x1b[m\x1b[K]\n'}
[5.673371] (mission_layer_mvibot) StderrLine: {'line': b'  367 |                 static int live=-1,live_f=-1,brake=-1,brake_f=-1,enable=-1,enable_f=-1,\x1b[01;35m\x1b[Kerror\x1b[m\x1b[K=-1,error_f=-1;\n'}
[5.673416] (mission_layer_mvibot) StderrLine: {'line': b'      |                                                                                        \x1b[01;35m\x1b[K^~~~~\x1b[m\x1b[K\n'}
[5.673460] (mission_layer_mvibot) StderrLine: {'line': b'\x1b[01m\x1b[K/home/mvibot/floorCleaningRobot_ws/src/mission_layer_mvibot/src/../include/mission_layer_mvibot/mvibot_mission/manage_mission.h:367:97:\x1b[m\x1b[K \x1b[01;35m\x1b[Kwarning: \x1b[m\x1b[Kunused variable \xe2\x80\x98\x1b[01m\x1b[Kerror_f\x1b[m\x1b[K\xe2\x80\x99 [\x1b[01;35m\x1b[K\x1b]8;;https://gcc.gnu.org/onlinedocs/gcc/Warning-Options.html#index-Wunused-variable\x07-Wunused-variable\x1b]8;;\x07\x1b[m\x1b[K]\n'}
[5.673625] (mission_layer_mvibot) StderrLine: {'line': b'  367 |                 static int live=-1,live_f=-1,brake=-1,brake_f=-1,enable=-1,enable_f=-1,error=-1,\x1b[01;35m\x1b[Kerror_f\x1b[m\x1b[K=-1;\n'}
[5.673680] (mission_layer_mvibot) StderrLine: {'line': b'      |                                                                                                 \x1b[01;35m\x1b[K^~~~~~~\x1b[m\x1b[K\n'}
[5.673725] (mission_layer_mvibot) StderrLine: {'line': b'\x1b[01m\x1b[K/home/mvibot/floorCleaningRobot_ws/src/mission_layer_mvibot/src/../include/mission_layer_mvibot/mvibot_mission/manage_mission.h:\x1b[m\x1b[K In lambda function:\n'}
[5.673773] (mission_layer_mvibot) StderrLine: {'line': b'\x1b[01m\x1b[K/home/mvibot/floorCleaningRobot_ws/src/mission_layer_mvibot/src/../include/mission_layer_mvibot/mvibot_mission/manage_mission.h:402:30:\x1b[m\x1b[K \x1b[01;35m\x1b[Kwarning: \x1b[m\x1b[Kcomparison of integer expressions of different signedness: \xe2\x80\x98\x1b[01m\x1b[Kint\x1b[m\x1b[K\xe2\x80\x99 and \xe2\x80\x98\x1b[01m\x1b[Kstd::vector<std::__cxx11::basic_string<char>, std::allocator<std::__cxx11::basic_string<char> > >::size_type\x1b[m\x1b[K\xe2\x80\x99 {aka \xe2\x80\x98\x1b[01m\x1b[Klong unsigned int\x1b[m\x1b[K\xe2\x80\x99} [\x1b[01;35m\x1b[K\x1b]8;;https://gcc.gnu.org/onlinedocs/gcc/Warning-Options.html#index-Wsign-compare\x07-Wsign-compare\x1b]8;;\x07\x1b[m\x1b[K]\n'}
[5.673838] (mission_layer_mvibot) StderrLine: {'line': b'  402 |                 for(int i=0;\x1b[01;35m\x1b[Ki<data.data1.size()\x1b[m\x1b[K;i++){\n'}
[5.673887] (mission_layer_mvibot) StderrLine: {'line': b'      |                             \x1b[01;35m\x1b[K~^~~~~~~~~~~~~~~~~~\x1b[m\x1b[K\n'}
[5.674042] (mission_layer_mvibot) StderrLine: {'line': b'\x1b[01m\x1b[K/home/mvibot/floorCleaningRobot_ws/src/mission_layer_mvibot/src/../include/mission_layer_mvibot/mvibot_mission/manage_mission.h:398:36:\x1b[m\x1b[K \x1b[01;35m\x1b[Kwarning: \x1b[m\x1b[Kunused variable \xe2\x80\x98\x1b[01m\x1b[Klive_f\x1b[m\x1b[K\xe2\x80\x99 [\x1b[01;35m\x1b[K\x1b]8;;https://gcc.gnu.org/onlinedocs/gcc/Warning-Options.html#index-Wunused-variable\x07-Wunused-variable\x1b]8;;\x07\x1b[m\x1b[K]\n'}
[5.674128] (mission_layer_mvibot) StderrLine: {'line': b'  398 |                 static int live=-1,\x1b[01;35m\x1b[Klive_f\x1b[m\x1b[K=-1,brake=-1,brake_f=-1,enable=-1,enable_f=-1,error=-1,error_f=-1;\n'}
[5.674177] (mission_layer_mvibot) StderrLine: {'line': b'      |                                    \x1b[01;35m\x1b[K^~~~~~\x1b[m\x1b[K\n'}
[5.674221] (mission_layer_mvibot) StderrLine: {'line': b'\x1b[01m\x1b[K/home/mvibot/floorCleaningRobot_ws/src/mission_layer_mvibot/src/../include/mission_layer_mvibot/mvibot_mission/manage_mission.h:398:55:\x1b[m\x1b[K \x1b[01;35m\x1b[Kwarning: \x1b[m\x1b[Kunused variable \xe2\x80\x98\x1b[01m\x1b[Kbrake_f\x1b[m\x1b[K\xe2\x80\x99 [\x1b[01;35m\x1b[K\x1b]8;;https://gcc.gnu.org/onlinedocs/gcc/Warning-Options.html#index-Wunused-variable\x07-Wunused-variable\x1b]8;;\x07\x1b[m\x1b[K]\n'}
[5.674271] (mission_layer_mvibot) StderrLine: {'line': b'  398 |                 static int live=-1,live_f=-1,brake=-1,\x1b[01;35m\x1b[Kbrake_f\x1b[m\x1b[K=-1,enable=-1,enable_f=-1,error=-1,error_f=-1;\n'}
[5.674315] (mission_layer_mvibot) StderrLine: {'line': b'      |                                                       \x1b[01;35m\x1b[K^~~~~~~\x1b[m\x1b[K\n'}
[5.674358] (mission_layer_mvibot) StderrLine: {'line': b'\x1b[01m\x1b[K/home/mvibot/floorCleaningRobot_ws/src/mission_layer_mvibot/src/../include/mission_layer_mvibot/mvibot_mission/manage_mission.h:398:76:\x1b[m\x1b[K \x1b[01;35m\x1b[Kwarning: \x1b[m\x1b[Kunused variable \xe2\x80\x98\x1b[01m\x1b[Kenable_f\x1b[m\x1b[K\xe2\x80\x99 [\x1b[01;35m\x1b[K\x1b]8;;https://gcc.gnu.org/onlinedocs/gcc/Warning-Options.html#index-Wunused-variable\x07-Wunused-variable\x1b]8;;\x07\x1b[m\x1b[K]\n'}
[5.674403] (mission_layer_mvibot) StderrLine: {'line': b'  398 |                 static int live=-1,live_f=-1,brake=-1,brake_f=-1,enable=-1,\x1b[01;35m\x1b[Kenable_f\x1b[m\x1b[K=-1,error=-1,error_f=-1;\n'}
[5.674446] (mission_layer_mvibot) StderrLine: {'line': b'      |                                                                            \x1b[01;35m\x1b[K^~~~~~~~\x1b[m\x1b[K\n'}
[5.674492] (mission_layer_mvibot) StderrLine: {'line': b'\x1b[01m\x1b[K/home/mvibot/floorCleaningRobot_ws/src/mission_layer_mvibot/src/../include/mission_layer_mvibot/mvibot_mission/manage_mission.h:398:88:\x1b[m\x1b[K \x1b[01;35m\x1b[Kwarning: \x1b[m\x1b[Kvariable \xe2\x80\x98\x1b[01m\x1b[Kerror\x1b[m\x1b[K\xe2\x80\x99 set but not used [\x1b[01;35m\x1b[K\x1b]8;;https://gcc.gnu.org/onlinedocs/gcc/Warning-Options.html#index-Wunused-but-set-variable\x07-Wunused-but-set-variable\x1b]8;;\x07\x1b[m\x1b[K]\n'}
[5.674539] (mission_layer_mvibot) StderrLine: {'line': b'  398 |                 static int live=-1,live_f=-1,brake=-1,brake_f=-1,enable=-1,enable_f=-1,\x1b[01;35m\x1b[Kerror\x1b[m\x1b[K=-1,error_f=-1;\n'}
[5.674584] (mission_layer_mvibot) StderrLine: {'line': b'      |                                                                                        \x1b[01;35m\x1b[K^~~~~\x1b[m\x1b[K\n'}
[5.674628] (mission_layer_mvibot) StderrLine: {'line': b'\x1b[01m\x1b[K/home/mvibot/floorCleaningRobot_ws/src/mission_layer_mvibot/src/../include/mission_layer_mvibot/mvibot_mission/manage_mission.h:398:97:\x1b[m\x1b[K \x1b[01;35m\x1b[Kwarning: \x1b[m\x1b[Kunused variable \xe2\x80\x98\x1b[01m\x1b[Kerror_f\x1b[m\x1b[K\xe2\x80\x99 [\x1b[01;35m\x1b[K\x1b]8;;https://gcc.gnu.org/onlinedocs/gcc/Warning-Options.html#index-Wunused-variable\x07-Wunused-variable\x1b]8;;\x07\x1b[m\x1b[K]\n'}
[5.674676] (mission_layer_mvibot) StderrLine: {'line': b'  398 |                 static int live=-1,live_f=-1,brake=-1,brake_f=-1,enable=-1,enable_f=-1,error=-1,\x1b[01;35m\x1b[Kerror_f\x1b[m\x1b[K=-1;\n'}
[5.674721] (mission_layer_mvibot) StderrLine: {'line': b'      |                                                                                                 \x1b[01;35m\x1b[K^~~~~~~\x1b[m\x1b[K\n'}
[5.674815] (mission_layer_mvibot) StderrLine: {'line': b'\x1b[01m\x1b[K/home/mvibot/floorCleaningRobot_ws/src/mission_layer_mvibot/src/../include/mission_layer_mvibot/mvibot_mission/manage_mission.h:399:28:\x1b[m\x1b[K \x1b[01;35m\x1b[Kwarning: \x1b[m\x1b[Kvariable \xe2\x80\x98\x1b[01m\x1b[Kis_ready\x1b[m\x1b[K\xe2\x80\x99 set but not used [\x1b[01;35m\x1b[K\x1b]8;;https://gcc.gnu.org/onlinedocs/gcc/Warning-Options.html#index-Wunused-but-set-variable\x07-Wunused-but-set-variable\x1b]8;;\x07\x1b[m\x1b[K]\n'}
[5.674863] (mission_layer_mvibot) StderrLine: {'line': b'  399 |                 static int \x1b[01;35m\x1b[Kis_ready\x1b[m\x1b[K;\n'}
[5.674909] (mission_layer_mvibot) StderrLine: {'line': b'      |                            \x1b[01;35m\x1b[K^~~~~~~~\x1b[m\x1b[K\n'}
[5.674951] (mission_layer_mvibot) StderrLine: {'line': b'\x1b[01m\x1b[K/home/mvibot/floorCleaningRobot_ws/src/mission_layer_mvibot/src/../include/mission_layer_mvibot/mvibot_mission/manage_mission.h:\x1b[m\x1b[K In lambda function:\n'}
[5.674994] (mission_layer_mvibot) StderrLine: {'line': b'\x1b[01m\x1b[K/home/mvibot/floorCleaningRobot_ws/src/mission_layer_mvibot/src/../include/mission_layer_mvibot/mvibot_mission/manage_mission.h:435:34:\x1b[m\x1b[K \x1b[01;35m\x1b[Kwarning: \x1b[m\x1b[Kcomparison of integer expressions of different signedness: \xe2\x80\x98\x1b[01m\x1b[Kint\x1b[m\x1b[K\xe2\x80\x99 and \xe2\x80\x98\x1b[01m\x1b[Kstd::vector<std::__cxx11::basic_string<char>, std::allocator<std::__cxx11::basic_string<char> > >::size_type\x1b[m\x1b[K\xe2\x80\x99 {aka \xe2\x80\x98\x1b[01m\x1b[Klong unsigned int\x1b[m\x1b[K\xe2\x80\x99} [\x1b[01;35m\x1b[K\x1b]8;;https://gcc.gnu.org/onlinedocs/gcc/Warning-Options.html#index-Wsign-compare\x07-Wsign-compare\x1b]8;;\x07\x1b[m\x1b[K]\n'}
[5.675041] (mission_layer_mvibot) StderrLine: {'line': b'  435 |                     for(int i=1;\x1b[01;35m\x1b[Ki<data.data1.size()\x1b[m\x1b[K;i++){\n'}
[5.675085] (mission_layer_mvibot) StderrLine: {'line': b'      |                                 \x1b[01;35m\x1b[K~^~~~~~~~~~~~~~~~~~\x1b[m\x1b[K\n'}
[5.714964] (-) TimerEvent: {}
[5.815277] (-) TimerEvent: {}
[5.840535] (mission_layer_mvibot) StderrLine: {'line': b'\x1b[01m\x1b[K/home/mvibot/floorCleaningRobot_ws/src/mission_layer_mvibot/src/../include/mission_layer_mvibot/mvibot_mission/manage_mission.h:\x1b[m\x1b[K In member function \xe2\x80\x98\x1b[01m\x1b[Kint manage_mission::\x1b[01;32m\x1b[Kexecute_content\x1b[m\x1b[K(mission&, std::vector<std::__cxx11::basic_string<char>, std::allocator<std::__cxx11::basic_string<char> > >&, std::string&, std::string&, int&)\x1b[m\x1b[K\xe2\x80\x99:\n'}
[5.840722] (mission_layer_mvibot) StderrLine: {'line': b'\x1b[01m\x1b[K/home/mvibot/floorCleaningRobot_ws/src/mission_layer_mvibot/src/../include/mission_layer_mvibot/mvibot_mission/manage_mission.h:1059:14:\x1b[m\x1b[K \x1b[01;35m\x1b[Kwarning: \x1b[m\x1b[Kcomparison of integer expressions of different signedness: \xe2\x80\x98\x1b[01m\x1b[Kint\x1b[m\x1b[K\xe2\x80\x99 and \xe2\x80\x98\x1b[01m\x1b[Kstd::vector<std::__cxx11::basic_string<char>, std::allocator<std::__cxx11::basic_string<char> > >::size_type\x1b[m\x1b[K\xe2\x80\x99 {aka \xe2\x80\x98\x1b[01m\x1b[Klong unsigned int\x1b[m\x1b[K\xe2\x80\x99} [\x1b[01;35m\x1b[K\x1b]8;;https://gcc.gnu.org/onlinedocs/gcc/Warning-Options.html#index-Wsign-compare\x07-Wsign-compare\x1b]8;;\x07\x1b[m\x1b[K]\n'}
[5.840775] (mission_layer_mvibot) StderrLine: {'line': b' 1059 |         if(\x1b[01;35m\x1b[Ki == and_contents_list.size()\x1b[m\x1b[K){\n'}
[5.840839] (mission_layer_mvibot) StderrLine: {'line': b'      |            \x1b[01;35m\x1b[K~~^~~~~~~~~~~~~~~~~~~~~~~~~~~\x1b[m\x1b[K\n'}
[5.841346] (mission_layer_mvibot) StderrLine: {'line': b'\x1b[01m\x1b[K/home/mvibot/floorCleaningRobot_ws/src/mission_layer_mvibot/src/../include/mission_layer_mvibot/mvibot_mission/manage_mission.h:1084:14:\x1b[m\x1b[K \x1b[01;35m\x1b[Kwarning: \x1b[m\x1b[Kcomparison of integer expressions of different signedness: \xe2\x80\x98\x1b[01m\x1b[Kint\x1b[m\x1b[K\xe2\x80\x99 and \xe2\x80\x98\x1b[01m\x1b[Kstd::vector<std::__cxx11::basic_string<char>, std::allocator<std::__cxx11::basic_string<char> > >::size_type\x1b[m\x1b[K\xe2\x80\x99 {aka \xe2\x80\x98\x1b[01m\x1b[Klong unsigned int\x1b[m\x1b[K\xe2\x80\x99} [\x1b[01;35m\x1b[K\x1b]8;;https://gcc.gnu.org/onlinedocs/gcc/Warning-Options.html#index-Wsign-compare\x07-Wsign-compare\x1b]8;;\x07\x1b[m\x1b[K]\n'}
[5.841442] (mission_layer_mvibot) StderrLine: {'line': b' 1084 |         if(\x1b[01;35m\x1b[Ki == or_contents_list.size()\x1b[m\x1b[K){\n'}
[5.841491] (mission_layer_mvibot) StderrLine: {'line': b'      |            \x1b[01;35m\x1b[K~~^~~~~~~~~~~~~~~~~~~~~~~~~~\x1b[m\x1b[K\n'}
[5.853308] (mission_layer_mvibot) StderrLine: {'line': b'\x1b[01m\x1b[K/home/mvibot/floorCleaningRobot_ws/src/mission_layer_mvibot/src/../include/mission_layer_mvibot/mvibot_mission/manage_mission.h:\x1b[m\x1b[K In member function \xe2\x80\x98\x1b[01m\x1b[Kvoid manage_mission::\x1b[01;32m\x1b[Kexecute_mission\x1b[m\x1b[K()\x1b[m\x1b[K\xe2\x80\x99:\n'}
[5.853425] (mission_layer_mvibot) StderrLine: {'line': b'\x1b[01m\x1b[K/home/mvibot/floorCleaningRobot_ws/src/mission_layer_mvibot/src/../include/mission_layer_mvibot/mvibot_mission/manage_mission.h:1154:16:\x1b[m\x1b[K \x1b[01;35m\x1b[Kwarning: \x1b[m\x1b[Kvariable \xe2\x80\x98\x1b[01m\x1b[Kaction_mode_mission\x1b[m\x1b[K\xe2\x80\x99 set but not used [\x1b[01;35m\x1b[K\x1b]8;;https://gcc.gnu.org/onlinedocs/gcc/Warning-Options.html#index-Wunused-but-set-variable\x07-Wunused-but-set-variable\x1b]8;;\x07\x1b[m\x1b[K]\n'}
[5.853473] (mission_layer_mvibot) StderrLine: {'line': b' 1154 |     static int \x1b[01;35m\x1b[Kaction_mode_mission\x1b[m\x1b[K;\n'}
[5.853515] (mission_layer_mvibot) StderrLine: {'line': b'      |                \x1b[01;35m\x1b[K^~~~~~~~~~~~~~~~~~~\x1b[m\x1b[K\n'}
[5.915408] (-) TimerEvent: {}
[6.015649] (-) TimerEvent: {}
[6.115944] (-) TimerEvent: {}
[6.216188] (-) TimerEvent: {}
[6.316490] (-) TimerEvent: {}
[6.416829] (-) TimerEvent: {}
[6.517053] (-) TimerEvent: {}
[6.617356] (-) TimerEvent: {}
[6.717659] (-) TimerEvent: {}
[6.817836] (-) TimerEvent: {}
[6.918055] (-) TimerEvent: {}
[7.018330] (-) TimerEvent: {}
[7.118563] (-) TimerEvent: {}
[7.218814] (-) TimerEvent: {}
[7.319032] (-) TimerEvent: {}
[7.419272] (-) TimerEvent: {}
[7.478423] (mission_layer_mvibot) StderrLine: {'line': b'In file included from \x1b[01m\x1b[K/home/mvibot/floorCleaningRobot_ws/src/mission_layer_mvibot/src/mvibot_mission.cpp:4\x1b[m\x1b[K:\n'}
[7.478556] (mission_layer_mvibot) StderrLine: {'line': b'\x1b[01m\x1b[K/home/mvibot/floorCleaningRobot_ws/src/mission_layer_mvibot/src/../include/mission_layer_mvibot/mvibot_mission/navigation_function.h:\x1b[m\x1b[K In member function \xe2\x80\x98\x1b[01m\x1b[Kdouble* navigation_function::\x1b[01;32m\x1b[Kget_position_tf\x1b[m\x1b[K(std::string, std::string)\x1b[m\x1b[K\xe2\x80\x99:\n'}
[7.478623] (mission_layer_mvibot) StderrLine: {'line': b'\x1b[01m\x1b[K/home/mvibot/floorCleaningRobot_ws/src/mission_layer_mvibot/src/../include/mission_layer_mvibot/mvibot_mission/navigation_function.h:289:23:\x1b[m\x1b[K \x1b[01;35m\x1b[Kwarning: \x1b[m\x1b[Kvariable \xe2\x80\x98\x1b[01m\x1b[Kz\x1b[m\x1b[K\xe2\x80\x99 set but not used [\x1b[01;35m\x1b[K\x1b]8;;https://gcc.gnu.org/onlinedocs/gcc/Warning-Options.html#index-Wunused-but-set-variable\x07-Wunused-but-set-variable\x1b]8;;\x07\x1b[m\x1b[K]\n'}
[7.478671] (mission_layer_mvibot) StderrLine: {'line': b'  289 |     static double x,y,\x1b[01;35m\x1b[Kz\x1b[m\x1b[K,thz,thw;\n'}
[7.478713] (mission_layer_mvibot) StderrLine: {'line': b'      |                       \x1b[01;35m\x1b[K^\x1b[m\x1b[K\n'}
[7.505945] (mission_layer_mvibot) StderrLine: {'line': b'\x1b[01m\x1b[K/home/mvibot/floorCleaningRobot_ws/src/mission_layer_mvibot/src/../include/mission_layer_mvibot/mvibot_mission/navigation_function.h:\x1b[m\x1b[K In member function \xe2\x80\x98\x1b[01m\x1b[Kvoid navigation_function::\x1b[01;32m\x1b[Kupdate_polygon\x1b[m\x1b[K()\x1b[m\x1b[K\xe2\x80\x99:\n'}
[7.506077] (mission_layer_mvibot) StderrLine: {'line': b'\x1b[01m\x1b[K/home/mvibot/floorCleaningRobot_ws/src/mission_layer_mvibot/src/../include/mission_layer_mvibot/mvibot_mission/navigation_function.h:492:19:\x1b[m\x1b[K \x1b[01;35m\x1b[Kwarning: \x1b[m\x1b[Kcomparison of integer expressions of different signedness: \xe2\x80\x98\x1b[01m\x1b[Kint\x1b[m\x1b[K\xe2\x80\x99 and \xe2\x80\x98\x1b[01m\x1b[Kstd::vector<geometry_msgs::msg::Point32_<std::allocator<void> >, std::allocator<geometry_msgs::msg::Point32_<std::allocator<void> > > >::size_type\x1b[m\x1b[K\xe2\x80\x99 {aka \xe2\x80\x98\x1b[01m\x1b[Klong unsigned int\x1b[m\x1b[K\xe2\x80\x99} [\x1b[01;35m\x1b[K\x1b]8;;https://gcc.gnu.org/onlinedocs/gcc/Warning-Options.html#index-Wsign-compare\x07-Wsign-compare\x1b]8;;\x07\x1b[m\x1b[K]\n'}
[7.506142] (mission_layer_mvibot) StderrLine: {'line': b'  492 |     for(int i=0; \x1b[01;35m\x1b[Ki<polygons[0].points.size()\x1b[m\x1b[K;i++){\n'}
[7.506183] (mission_layer_mvibot) StderrLine: {'line': b'      |                  \x1b[01;35m\x1b[K~^~~~~~~~~~~~~~~~~~~~~~~~~~\x1b[m\x1b[K\n'}
[7.519393] (-) TimerEvent: {}
[7.619645] (-) TimerEvent: {}
[7.681609] (mission_layer_mvibot) StderrLine: {'line': b'In file included from \x1b[01m\x1b[K/home/mvibot/floorCleaningRobot_ws/src/mission_layer_mvibot/src/mvibot_mission.cpp:7\x1b[m\x1b[K:\n'}
[7.681741] (mission_layer_mvibot) StderrLine: {'line': b'\x1b[01m\x1b[K/home/mvibot/floorCleaningRobot_ws/src/mission_layer_mvibot/src/../include/mission_layer_mvibot/mvibot_mission/marker_function.h:\x1b[m\x1b[K In member function \xe2\x80\x98\x1b[01m\x1b[Kvoid marker::\x1b[01;32m\x1b[Kmarker_scale\x1b[m\x1b[K(visualization_msgs::msg::MarkerArray&, int, float, float, float)\x1b[m\x1b[K\xe2\x80\x99:\n'}
[7.681796] (mission_layer_mvibot) StderrLine: {'line': b'\x1b[01m\x1b[K/home/mvibot/floorCleaningRobot_ws/src/mission_layer_mvibot/src/../include/mission_layer_mvibot/mvibot_mission/marker_function.h:650:11:\x1b[m\x1b[K \x1b[01;35m\x1b[Kwarning: \x1b[m\x1b[Ksuggest parentheses around comparison in operand of \xe2\x80\x98\x1b[01m\x1b[K&\x1b[m\x1b[K\xe2\x80\x99 [\x1b[01;35m\x1b[K\x1b]8;;https://gcc.gnu.org/onlinedocs/gcc/Warning-Options.html#index-Wparentheses\x07-Wparentheses\x1b]8;;\x07\x1b[m\x1b[K]\n'}
[7.681851] (mission_layer_mvibot) StderrLine: {'line': b'  650 |     if(\x1b[01;35m\x1b[Knum<size\x1b[m\x1b[K & num >=0){\n'}
[7.681893] (mission_layer_mvibot) StderrLine: {'line': b'      |        \x1b[01;35m\x1b[K~~~^~~~~\x1b[m\x1b[K\n'}
[7.682572] (mission_layer_mvibot) StderrLine: {'line': b'\x1b[01m\x1b[K/home/mvibot/floorCleaningRobot_ws/src/mission_layer_mvibot/src/../include/mission_layer_mvibot/mvibot_mission/marker_function.h:\x1b[m\x1b[K In member function \xe2\x80\x98\x1b[01m\x1b[Kvoid marker::\x1b[01;32m\x1b[Kmarker_position\x1b[m\x1b[K(visualization_msgs::msg::MarkerArray&, int, float, float, float)\x1b[m\x1b[K\xe2\x80\x99:\n'}
[7.682654] (mission_layer_mvibot) StderrLine: {'line': b'\x1b[01m\x1b[K/home/mvibot/floorCleaningRobot_ws/src/mission_layer_mvibot/src/../include/mission_layer_mvibot/mvibot_mission/marker_function.h:659:11:\x1b[m\x1b[K \x1b[01;35m\x1b[Kwarning: \x1b[m\x1b[Ksuggest parentheses around comparison in operand of \xe2\x80\x98\x1b[01m\x1b[K&\x1b[m\x1b[K\xe2\x80\x99 [\x1b[01;35m\x1b[K\x1b]8;;https://gcc.gnu.org/onlinedocs/gcc/Warning-Options.html#index-Wparentheses\x07-Wparentheses\x1b]8;;\x07\x1b[m\x1b[K]\n'}
[7.682707] (mission_layer_mvibot) StderrLine: {'line': b'  659 |     if(\x1b[01;35m\x1b[Knum<size\x1b[m\x1b[K & num >=0){\n'}
[7.682755] (mission_layer_mvibot) StderrLine: {'line': b'      |        \x1b[01;35m\x1b[K~~~^~~~~\x1b[m\x1b[K\n'}
[7.682862] (mission_layer_mvibot) StderrLine: {'line': b'\x1b[01m\x1b[K/home/mvibot/floorCleaningRobot_ws/src/mission_layer_mvibot/src/../include/mission_layer_mvibot/mvibot_mission/marker_function.h:\x1b[m\x1b[K In member function \xe2\x80\x98\x1b[01m\x1b[Kvoid marker::\x1b[01;32m\x1b[Kmarker_orientation\x1b[m\x1b[K(visualization_msgs::msg::MarkerArray&, int, float, float, float, float)\x1b[m\x1b[K\xe2\x80\x99:\n'}
[7.682911] (mission_layer_mvibot) StderrLine: {'line': b'\x1b[01m\x1b[K/home/mvibot/floorCleaningRobot_ws/src/mission_layer_mvibot/src/../include/mission_layer_mvibot/mvibot_mission/marker_function.h:668:11:\x1b[m\x1b[K \x1b[01;35m\x1b[Kwarning: \x1b[m\x1b[Ksuggest parentheses around comparison in operand of \xe2\x80\x98\x1b[01m\x1b[K&\x1b[m\x1b[K\xe2\x80\x99 [\x1b[01;35m\x1b[K\x1b]8;;https://gcc.gnu.org/onlinedocs/gcc/Warning-Options.html#index-Wparentheses\x07-Wparentheses\x1b]8;;\x07\x1b[m\x1b[K]\n'}
[7.682963] (mission_layer_mvibot) StderrLine: {'line': b'  668 |     if(\x1b[01;35m\x1b[Knum<size\x1b[m\x1b[K & num >=0){\n'}
[7.683007] (mission_layer_mvibot) StderrLine: {'line': b'      |        \x1b[01;35m\x1b[K~~~^~~~~\x1b[m\x1b[K\n'}
[7.683051] (mission_layer_mvibot) StderrLine: {'line': b'\x1b[01m\x1b[K/home/mvibot/floorCleaningRobot_ws/src/mission_layer_mvibot/src/../include/mission_layer_mvibot/mvibot_mission/marker_function.h:\x1b[m\x1b[K In member function \xe2\x80\x98\x1b[01m\x1b[Kvoid marker::\x1b[01;32m\x1b[Kmarker_color\x1b[m\x1b[K(visualization_msgs::msg::MarkerArray&, int, float, float, float)\x1b[m\x1b[K\xe2\x80\x99:\n'}
[7.683095] (mission_layer_mvibot) StderrLine: {'line': b'\x1b[01m\x1b[K/home/mvibot/floorCleaningRobot_ws/src/mission_layer_mvibot/src/../include/mission_layer_mvibot/mvibot_mission/marker_function.h:678:11:\x1b[m\x1b[K \x1b[01;35m\x1b[Kwarning: \x1b[m\x1b[Ksuggest parentheses around comparison in operand of \xe2\x80\x98\x1b[01m\x1b[K&\x1b[m\x1b[K\xe2\x80\x99 [\x1b[01;35m\x1b[K\x1b]8;;https://gcc.gnu.org/onlinedocs/gcc/Warning-Options.html#index-Wparentheses\x07-Wparentheses\x1b]8;;\x07\x1b[m\x1b[K]\n'}
[7.683147] (mission_layer_mvibot) StderrLine: {'line': b'  678 |     if(\x1b[01;35m\x1b[Knum<size\x1b[m\x1b[K & num >=0){\n'}
[7.683193] (mission_layer_mvibot) StderrLine: {'line': b'      |        \x1b[01;35m\x1b[K~~~^~~~~\x1b[m\x1b[K\n'}
[7.683237] (mission_layer_mvibot) StderrLine: {'line': b'\x1b[01m\x1b[K/home/mvibot/floorCleaningRobot_ws/src/mission_layer_mvibot/src/../include/mission_layer_mvibot/mvibot_mission/marker_function.h:\x1b[m\x1b[K In member function \xe2\x80\x98\x1b[01m\x1b[Kvoid marker::\x1b[01;32m\x1b[Kpub_marker\x1b[m\x1b[K()\x1b[m\x1b[K\xe2\x80\x99:\n'}
[7.683301] (mission_layer_mvibot) StderrLine: {'line': b'\x1b[01m\x1b[K/home/mvibot/floorCleaningRobot_ws/src/mission_layer_mvibot/src/../include/mission_layer_mvibot/mvibot_mission/marker_function.h:689:19:\x1b[m\x1b[K \x1b[01;35m\x1b[Kwarning: \x1b[m\x1b[Kcomparison of integer expressions of different signedness: \xe2\x80\x98\x1b[01m\x1b[Kint\x1b[m\x1b[K\xe2\x80\x99 and \xe2\x80\x98\x1b[01m\x1b[Kstd::vector<visualization_msgs::msg::Marker_<std::allocator<void> >, std::allocator<visualization_msgs::msg::Marker_<std::allocator<void> > > >::size_type\x1b[m\x1b[K\xe2\x80\x99 {aka \xe2\x80\x98\x1b[01m\x1b[Klong unsigned int\x1b[m\x1b[K\xe2\x80\x99} [\x1b[01;35m\x1b[K\x1b]8;;https://gcc.gnu.org/onlinedocs/gcc/Warning-Options.html#index-Wsign-compare\x07-Wsign-compare\x1b]8;;\x07\x1b[m\x1b[K]\n'}
[7.683353] (mission_layer_mvibot) StderrLine: {'line': b'  689 |     for(int i=0; \x1b[01;35m\x1b[Ki<marker.markers.size()\x1b[m\x1b[K;i++){\n'}
[7.683398] (mission_layer_mvibot) StderrLine: {'line': b'      |                  \x1b[01;35m\x1b[K~^~~~~~~~~~~~~~~~~~~~~~\x1b[m\x1b[K\n'}
[7.683446] (mission_layer_mvibot) StderrLine: {'line': b'\x1b[01m\x1b[K/home/mvibot/floorCleaningRobot_ws/src/mission_layer_mvibot/src/../include/mission_layer_mvibot/mvibot_mission/marker_function.h:697:19:\x1b[m\x1b[K \x1b[01;35m\x1b[Kwarning: \x1b[m\x1b[Kcomparison of integer expressions of different signedness: \xe2\x80\x98\x1b[01m\x1b[Kint\x1b[m\x1b[K\xe2\x80\x99 and \xe2\x80\x98\x1b[01m\x1b[Kstd::vector<point>::size_type\x1b[m\x1b[K\xe2\x80\x99 {aka \xe2\x80\x98\x1b[01m\x1b[Klong unsigned int\x1b[m\x1b[K\xe2\x80\x99} [\x1b[01;35m\x1b[K\x1b]8;;https://gcc.gnu.org/onlinedocs/gcc/Warning-Options.html#index-Wsign-compare\x07-Wsign-compare\x1b]8;;\x07\x1b[m\x1b[K]\n'}
[7.683493] (mission_layer_mvibot) StderrLine: {'line': b'  697 |     for(int i=0; \x1b[01;35m\x1b[Ki<my_data.my_points.size()\x1b[m\x1b[K;i++){\n'}
[7.683563] (mission_layer_mvibot) StderrLine: {'line': b'      |                  \x1b[01;35m\x1b[K~^~~~~~~~~~~~~~~~~~~~~~~~~\x1b[m\x1b[K\n'}
[7.683724] (mission_layer_mvibot) StderrLine: {'line': b'\x1b[01m\x1b[K/home/mvibot/floorCleaningRobot_ws/src/mission_layer_mvibot/src/../include/mission_layer_mvibot/mvibot_mission/marker_function.h:707:18:\x1b[m\x1b[K \x1b[01;35m\x1b[Kwarning: \x1b[m\x1b[Kcomparison of integer expressions of different signedness: \xe2\x80\x98\x1b[01m\x1b[Kint\x1b[m\x1b[K\xe2\x80\x99 and \xe2\x80\x98\x1b[01m\x1b[Kstd::vector<points>::size_type\x1b[m\x1b[K\xe2\x80\x99 {aka \xe2\x80\x98\x1b[01m\x1b[Klong unsigned int\x1b[m\x1b[K\xe2\x80\x99} [\x1b[01;35m\x1b[K\x1b]8;;https://gcc.gnu.org/onlinedocs/gcc/Warning-Options.html#index-Wsign-compare\x07-Wsign-compare\x1b]8;;\x07\x1b[m\x1b[K]\n'}
[7.683779] (mission_layer_mvibot) StderrLine: {'line': b'  707 |     for(int i=0;\x1b[01;35m\x1b[Ki<my_data.my_group.size()\x1b[m\x1b[K;i++){\n'}
[7.683833] (mission_layer_mvibot) StderrLine: {'line': b'      |                 \x1b[01;35m\x1b[K~^~~~~~~~~~~~~~~~~~~~~~~~\x1b[m\x1b[K\n'}
[7.683884] (mission_layer_mvibot) StderrLine: {'line': b'\x1b[01m\x1b[K/home/mvibot/floorCleaningRobot_ws/src/mission_layer_mvibot/src/../include/mission_layer_mvibot/mvibot_mission/marker_function.h:717:22:\x1b[m\x1b[K \x1b[01;35m\x1b[Kwarning: \x1b[m\x1b[Kcomparison of integer expressions of different signedness: \xe2\x80\x98\x1b[01m\x1b[Kint\x1b[m\x1b[K\xe2\x80\x99 and \xe2\x80\x98\x1b[01m\x1b[Kstd::vector<visualization_msgs::msg::Marker_<std::allocator<void> >, std::allocator<visualization_msgs::msg::Marker_<std::allocator<void> > > >::size_type\x1b[m\x1b[K\xe2\x80\x99 {aka \xe2\x80\x98\x1b[01m\x1b[Klong unsigned int\x1b[m\x1b[K\xe2\x80\x99} [\x1b[01;35m\x1b[K\x1b]8;;https://gcc.gnu.org/onlinedocs/gcc/Warning-Options.html#index-Wsign-compare\x07-Wsign-compare\x1b]8;;\x07\x1b[m\x1b[K]\n'}
[7.683936] (mission_layer_mvibot) StderrLine: {'line': b'  717 |         for(int j=k;\x1b[01;35m\x1b[Kj<marker.markers.size()\x1b[m\x1b[K;j++){\n'}
[7.683982] (mission_layer_mvibot) StderrLine: {'line': b'      |                     \x1b[01;35m\x1b[K~^~~~~~~~~~~~~~~~~~~~~~\x1b[m\x1b[K\n'}
[7.684030] (mission_layer_mvibot) StderrLine: {'line': b'\x1b[01m\x1b[K/home/mvibot/floorCleaningRobot_ws/src/mission_layer_mvibot/src/../include/mission_layer_mvibot/mvibot_mission/marker_function.h:728:18:\x1b[m\x1b[K \x1b[01;35m\x1b[Kwarning: \x1b[m\x1b[Kcomparison of integer expressions of different signedness: \xe2\x80\x98\x1b[01m\x1b[Kint\x1b[m\x1b[K\xe2\x80\x99 and \xe2\x80\x98\x1b[01m\x1b[Kstd::vector<points>::size_type\x1b[m\x1b[K\xe2\x80\x99 {aka \xe2\x80\x98\x1b[01m\x1b[Klong unsigned int\x1b[m\x1b[K\xe2\x80\x99} [\x1b[01;35m\x1b[K\x1b]8;;https://gcc.gnu.org/onlinedocs/gcc/Warning-Options.html#index-Wsign-compare\x07-Wsign-compare\x1b]8;;\x07\x1b[m\x1b[K]\n'}
[7.684108] (mission_layer_mvibot) StderrLine: {'line': b'  728 |     for(int i=0;\x1b[01;35m\x1b[Ki<my_data.my_group3.size()\x1b[m\x1b[K;i++){\n'}
[7.684151] (mission_layer_mvibot) StderrLine: {'line': b'      |                 \x1b[01;35m\x1b[K~^~~~~~~~~~~~~~~~~~~~~~~~~\x1b[m\x1b[K\n'}
[7.684199] (mission_layer_mvibot) StderrLine: {'line': b'\x1b[01m\x1b[K/home/mvibot/floorCleaningRobot_ws/src/mission_layer_mvibot/src/../include/mission_layer_mvibot/mvibot_mission/marker_function.h:738:22:\x1b[m\x1b[K \x1b[01;35m\x1b[Kwarning: \x1b[m\x1b[Kcomparison of integer expressions of different signedness: \xe2\x80\x98\x1b[01m\x1b[Kint\x1b[m\x1b[K\xe2\x80\x99 and \xe2\x80\x98\x1b[01m\x1b[Kstd::vector<visualization_msgs::msg::Marker_<std::allocator<void> >, std::allocator<visualization_msgs::msg::Marker_<std::allocator<void> > > >::size_type\x1b[m\x1b[K\xe2\x80\x99 {aka \xe2\x80\x98\x1b[01m\x1b[Klong unsigned int\x1b[m\x1b[K\xe2\x80\x99} [\x1b[01;35m\x1b[K\x1b]8;;https://gcc.gnu.org/onlinedocs/gcc/Warning-Options.html#index-Wsign-compare\x07-Wsign-compare\x1b]8;;\x07\x1b[m\x1b[K]\n'}
[7.684268] (mission_layer_mvibot) StderrLine: {'line': b'  738 |         for(int j=k;\x1b[01;35m\x1b[Kj<marker.markers.size()\x1b[m\x1b[K;j++){\n'}
[7.684313] (mission_layer_mvibot) StderrLine: {'line': b'      |                     \x1b[01;35m\x1b[K~^~~~~~~~~~~~~~~~~~~~~~\x1b[m\x1b[K\n'}
[7.684356] (mission_layer_mvibot) StderrLine: {'line': b'\x1b[01m\x1b[K/home/mvibot/floorCleaningRobot_ws/src/mission_layer_mvibot/src/../include/mission_layer_mvibot/mvibot_mission/marker_function.h:749:18:\x1b[m\x1b[K \x1b[01;35m\x1b[Kwarning: \x1b[m\x1b[Kcomparison of integer expressions of different signedness: \xe2\x80\x98\x1b[01m\x1b[Kint\x1b[m\x1b[K\xe2\x80\x99 and \xe2\x80\x98\x1b[01m\x1b[Kstd::vector<std::vector<line> >::size_type\x1b[m\x1b[K\xe2\x80\x99 {aka \xe2\x80\x98\x1b[01m\x1b[Klong unsigned int\x1b[m\x1b[K\xe2\x80\x99} [\x1b[01;35m\x1b[K\x1b]8;;https://gcc.gnu.org/onlinedocs/gcc/Warning-Options.html#index-Wsign-compare\x07-Wsign-compare\x1b]8;;\x07\x1b[m\x1b[K]\n'}
[7.684405] (mission_layer_mvibot) StderrLine: {'line': b'  749 |     for(int n=0;\x1b[01;35m\x1b[Kn<my_data.my_lines2.size()\x1b[m\x1b[K;n++){\n'}
[7.684449] (mission_layer_mvibot) StderrLine: {'line': b'      |                 \x1b[01;35m\x1b[K~^~~~~~~~~~~~~~~~~~~~~~~~~\x1b[m\x1b[K\n'}
[7.684494] (mission_layer_mvibot) StderrLine: {'line': b'\x1b[01m\x1b[K/home/mvibot/floorCleaningRobot_ws/src/mission_layer_mvibot/src/../include/mission_layer_mvibot/mvibot_mission/marker_function.h:750:22:\x1b[m\x1b[K \x1b[01;35m\x1b[Kwarning: \x1b[m\x1b[Kcomparison of integer expressions of different signedness: \xe2\x80\x98\x1b[01m\x1b[Kint\x1b[m\x1b[K\xe2\x80\x99 and \xe2\x80\x98\x1b[01m\x1b[Kstd::vector<line>::size_type\x1b[m\x1b[K\xe2\x80\x99 {aka \xe2\x80\x98\x1b[01m\x1b[Klong unsigned int\x1b[m\x1b[K\xe2\x80\x99} [\x1b[01;35m\x1b[K\x1b]8;;https://gcc.gnu.org/onlinedocs/gcc/Warning-Options.html#index-Wsign-compare\x07-Wsign-compare\x1b]8;;\x07\x1b[m\x1b[K]\n'}
[7.684543] (mission_layer_mvibot) StderrLine: {'line': b'  750 |         for(int i=0;\x1b[01;35m\x1b[Ki<my_data.my_lines2[n].size()\x1b[m\x1b[K;i++){\n'}
[7.684587] (mission_layer_mvibot) StderrLine: {'line': b'      |                     \x1b[01;35m\x1b[K~^~~~~~~~~~~~~~~~~~~~~~~~~~~~\x1b[m\x1b[K\n'}
[7.684679] (mission_layer_mvibot) StderrLine: {'line': b'\x1b[01m\x1b[K/home/mvibot/floorCleaningRobot_ws/src/mission_layer_mvibot/src/../include/mission_layer_mvibot/mvibot_mission/marker_function.h:760:26:\x1b[m\x1b[K \x1b[01;35m\x1b[Kwarning: \x1b[m\x1b[Kcomparison of integer expressions of different signedness: \xe2\x80\x98\x1b[01m\x1b[Kint\x1b[m\x1b[K\xe2\x80\x99 and \xe2\x80\x98\x1b[01m\x1b[Kstd::vector<visualization_msgs::msg::Marker_<std::allocator<void> >, std::allocator<visualization_msgs::msg::Marker_<std::allocator<void> > > >::size_type\x1b[m\x1b[K\xe2\x80\x99 {aka \xe2\x80\x98\x1b[01m\x1b[Klong unsigned int\x1b[m\x1b[K\xe2\x80\x99} [\x1b[01;35m\x1b[K\x1b]8;;https://gcc.gnu.org/onlinedocs/gcc/Warning-Options.html#index-Wsign-compare\x07-Wsign-compare\x1b]8;;\x07\x1b[m\x1b[K]\n'}
[7.684738] (mission_layer_mvibot) StderrLine: {'line': b'  760 |             for(int j=k;\x1b[01;35m\x1b[Kj<marker.markers.size()\x1b[m\x1b[K;j++){\n'}
[7.684792] (mission_layer_mvibot) StderrLine: {'line': b'      |                         \x1b[01;35m\x1b[K~^~~~~~~~~~~~~~~~~~~~~~\x1b[m\x1b[K\n'}
[7.684859] (mission_layer_mvibot) StderrLine: {'line': b'\x1b[01m\x1b[K/home/mvibot/floorCleaningRobot_ws/src/mission_layer_mvibot/src/../include/mission_layer_mvibot/mvibot_mission/marker_function.h:775:18:\x1b[m\x1b[K \x1b[01;35m\x1b[Kwarning: \x1b[m\x1b[Kcomparison of integer expressions of different signedness: \xe2\x80\x98\x1b[01m\x1b[Kint\x1b[m\x1b[K\xe2\x80\x99 and \xe2\x80\x98\x1b[01m\x1b[Kstd::vector<visualization_msgs::msg::Marker_<std::allocator<void> >, std::allocator<visualization_msgs::msg::Marker_<std::allocator<void> > > >::size_type\x1b[m\x1b[K\xe2\x80\x99 {aka \xe2\x80\x98\x1b[01m\x1b[Klong unsigned int\x1b[m\x1b[K\xe2\x80\x99} [\x1b[01;35m\x1b[K\x1b]8;;https://gcc.gnu.org/onlinedocs/gcc/Warning-Options.html#index-Wsign-compare\x07-Wsign-compare\x1b]8;;\x07\x1b[m\x1b[K]\n'}
[7.684907] (mission_layer_mvibot) StderrLine: {'line': b'  775 |     for(int i=k;\x1b[01;35m\x1b[Ki<marker.markers.size()\x1b[m\x1b[K;i++){\n'}
[7.684953] (mission_layer_mvibot) StderrLine: {'line': b'      |                 \x1b[01;35m\x1b[K~^~~~~~~~~~~~~~~~~~~~~~\x1b[m\x1b[K\n'}
[7.684995] (mission_layer_mvibot) StderrLine: {'line': b'\x1b[01m\x1b[K/home/mvibot/floorCleaningRobot_ws/src/mission_layer_mvibot/src/../include/mission_layer_mvibot/mvibot_mission/marker_function.h:793:18:\x1b[m\x1b[K \x1b[01;35m\x1b[Kwarning: \x1b[m\x1b[Kcomparison of integer expressions of different signedness: \xe2\x80\x98\x1b[01m\x1b[Kint\x1b[m\x1b[K\xe2\x80\x99 and \xe2\x80\x98\x1b[01m\x1b[Kstd::vector<visualization_msgs::msg::Marker_<std::allocator<void> >, std::allocator<visualization_msgs::msg::Marker_<std::allocator<void> > > >::size_type\x1b[m\x1b[K\xe2\x80\x99 {aka \xe2\x80\x98\x1b[01m\x1b[Klong unsigned int\x1b[m\x1b[K\xe2\x80\x99} [\x1b[01;35m\x1b[K\x1b]8;;https://gcc.gnu.org/onlinedocs/gcc/Warning-Options.html#index-Wsign-compare\x07-Wsign-compare\x1b]8;;\x07\x1b[m\x1b[K]\n'}
[7.685043] (mission_layer_mvibot) StderrLine: {'line': b'  793 |     for(int i=k;\x1b[01;35m\x1b[Ki<marker.markers.size()\x1b[m\x1b[K;i++){\n'}
[7.685086] (mission_layer_mvibot) StderrLine: {'line': b'      |                 \x1b[01;35m\x1b[K~^~~~~~~~~~~~~~~~~~~~~~\x1b[m\x1b[K\n'}
[7.687907] (mission_layer_mvibot) StderrLine: {'line': b'\x1b[01m\x1b[K/home/mvibot/floorCleaningRobot_ws/src/mission_layer_mvibot/src/../include/mission_layer_mvibot/mvibot_mission/marker_function.h:\x1b[m\x1b[K In member function \xe2\x80\x98\x1b[01m\x1b[Kint marker::\x1b[01;32m\x1b[Kcaculate_transforms_ofset\x1b[m\x1b[K()\x1b[m\x1b[K\xe2\x80\x99:\n'}
[7.687967] (mission_layer_mvibot) StderrLine: {'line': b'\x1b[01m\x1b[K/home/mvibot/floorCleaningRobot_ws/src/mission_layer_mvibot/src/../include/mission_layer_mvibot/mvibot_mission/marker_function.h:865:23:\x1b[m\x1b[K \x1b[01;35m\x1b[Kwarning: \x1b[m\x1b[Kvariable \xe2\x80\x98\x1b[01m\x1b[Ktheta\x1b[m\x1b[K\xe2\x80\x99 set but not used [\x1b[01;35m\x1b[K\x1b]8;;https://gcc.gnu.org/onlinedocs/gcc/Warning-Options.html#index-Wunused-but-set-variable\x07-Wunused-but-set-variable\x1b]8;;\x07\x1b[m\x1b[K]\n'}
[7.688013] (mission_layer_mvibot) StderrLine: {'line': b'  865 |         static double \x1b[01;35m\x1b[Ktheta\x1b[m\x1b[K;\n'}
[7.688056] (mission_layer_mvibot) StderrLine: {'line': b'      |                       \x1b[01;35m\x1b[K^~~~~\x1b[m\x1b[K\n'}
[7.688135] (mission_layer_mvibot) StderrLine: {'line': b'\x1b[01m\x1b[K/home/mvibot/floorCleaningRobot_ws/src/mission_layer_mvibot/src/../include/mission_layer_mvibot/mvibot_mission/marker_function.h:874:31:\x1b[m\x1b[K \x1b[01;35m\x1b[Kwarning: \x1b[m\x1b[Kunused variable \xe2\x80\x98\x1b[01m\x1b[Ktheta1\x1b[m\x1b[K\xe2\x80\x99 [\x1b[01;35m\x1b[K\x1b]8;;https://gcc.gnu.org/onlinedocs/gcc/Warning-Options.html#index-Wunused-variable\x07-Wunused-variable\x1b]8;;\x07\x1b[m\x1b[K]\n'}
[7.688181] (mission_layer_mvibot) StderrLine: {'line': b'  874 |         static double theta0, \x1b[01;35m\x1b[Ktheta1\x1b[m\x1b[K;\n'}
[7.688224] (mission_layer_mvibot) StderrLine: {'line': b'      |                               \x1b[01;35m\x1b[K^~~~~~\x1b[m\x1b[K\n'}
[7.689719] (mission_layer_mvibot) StderrLine: {'line': b'\x1b[01m\x1b[K/home/mvibot/floorCleaningRobot_ws/src/mission_layer_mvibot/src/../include/mission_layer_mvibot/mvibot_mission/marker_function.h:\x1b[m\x1b[K In member function \xe2\x80\x98\x1b[01m\x1b[Kdouble* marker::\x1b[01;32m\x1b[Kget_position\x1b[m\x1b[K(std::string, std::string)\x1b[m\x1b[K\xe2\x80\x99:\n'}
[7.689778] (mission_layer_mvibot) StderrLine: {'line': b'\x1b[01m\x1b[K/home/mvibot/floorCleaningRobot_ws/src/mission_layer_mvibot/src/../include/mission_layer_mvibot/mvibot_mission/marker_function.h:913:23:\x1b[m\x1b[K \x1b[01;35m\x1b[Kwarning: \x1b[m\x1b[Kvariable \xe2\x80\x98\x1b[01m\x1b[Kz\x1b[m\x1b[K\xe2\x80\x99 set but not used [\x1b[01;35m\x1b[K\x1b]8;;https://gcc.gnu.org/onlinedocs/gcc/Warning-Options.html#index-Wunused-but-set-variable\x07-Wunused-but-set-variable\x1b]8;;\x07\x1b[m\x1b[K]\n'}
[7.689835] (mission_layer_mvibot) StderrLine: {'line': b'  913 |     static double x,y,\x1b[01;35m\x1b[Kz\x1b[m\x1b[K,thz,thw;\n'}
[7.689878] (mission_layer_mvibot) StderrLine: {'line': b'      |                       \x1b[01;35m\x1b[K^\x1b[m\x1b[K\n'}
[7.698279] (mission_layer_mvibot) StderrLine: {'line': b'\x1b[01m\x1b[K/home/mvibot/floorCleaningRobot_ws/src/mission_layer_mvibot/src/../include/mission_layer_mvibot/mvibot_mission/marker_function.h:\x1b[m\x1b[K In member function \xe2\x80\x98\x1b[01m\x1b[Kint marker::\x1b[01;32m\x1b[Kmove_to_orientation_pose_n\x1b[m\x1b[K()\x1b[m\x1b[K\xe2\x80\x99:\n'}
[7.698388] (mission_layer_mvibot) StderrLine: {'line': b'\x1b[01m\x1b[K/home/mvibot/floorCleaningRobot_ws/src/mission_layer_mvibot/src/../include/mission_layer_mvibot/mvibot_mission/marker_function.h:1215:19:\x1b[m\x1b[K \x1b[01;35m\x1b[Kwarning: \x1b[m\x1b[Kunused variable \xe2\x80\x98\x1b[01m\x1b[Kdis\x1b[m\x1b[K\xe2\x80\x99 [\x1b[01;35m\x1b[K\x1b]8;;https://gcc.gnu.org/onlinedocs/gcc/Warning-Options.html#index-Wunused-variable\x07-Wunused-variable\x1b]8;;\x07\x1b[m\x1b[K]\n'}
[7.698436] (mission_layer_mvibot) StderrLine: {'line': b' 1215 |     static double \x1b[01;35m\x1b[Kdis\x1b[m\x1b[K,angle;\n'}
[7.698477] (mission_layer_mvibot) StderrLine: {'line': b'      |                   \x1b[01;35m\x1b[K^~~\x1b[m\x1b[K\n'}
[7.700960] (mission_layer_mvibot) StderrLine: {'line': b'\x1b[01m\x1b[K/home/mvibot/floorCleaningRobot_ws/src/mission_layer_mvibot/src/../include/mission_layer_mvibot/mvibot_mission/marker_function.h:\x1b[m\x1b[K In member function \xe2\x80\x98\x1b[01m\x1b[Kint marker::\x1b[01;32m\x1b[Kdetect_bar\x1b[m\x1b[K(float)\x1b[m\x1b[K\xe2\x80\x99:\n'}
[7.701059] (mission_layer_mvibot) StderrLine: {'line': b'\x1b[01m\x1b[K/home/mvibot/floorCleaningRobot_ws/src/mission_layer_mvibot/src/../include/mission_layer_mvibot/mvibot_mission/marker_function.h:1396:18:\x1b[m\x1b[K \x1b[01;35m\x1b[Kwarning: \x1b[m\x1b[Kcomparison of integer expressions of different signedness: \xe2\x80\x98\x1b[01m\x1b[Kint\x1b[m\x1b[K\xe2\x80\x99 and \xe2\x80\x98\x1b[01m\x1b[Kstd::vector<std::vector<line> >::size_type\x1b[m\x1b[K\xe2\x80\x99 {aka \xe2\x80\x98\x1b[01m\x1b[Klong unsigned int\x1b[m\x1b[K\xe2\x80\x99} [\x1b[01;35m\x1b[K\x1b]8;;https://gcc.gnu.org/onlinedocs/gcc/Warning-Options.html#index-Wsign-compare\x07-Wsign-compare\x1b]8;;\x07\x1b[m\x1b[K]\n'}
[7.701110] (mission_layer_mvibot) StderrLine: {'line': b' 1396 |     for(int i=0;\x1b[01;35m\x1b[Ki<my_data.my_lines2.size()\x1b[m\x1b[K;i++){\n'}
[7.701158] (mission_layer_mvibot) StderrLine: {'line': b'      |                 \x1b[01;35m\x1b[K~^~~~~~~~~~~~~~~~~~~~~~~~~\x1b[m\x1b[K\n'}
[7.701204] (mission_layer_mvibot) StderrLine: {'line': b'\x1b[01m\x1b[K/home/mvibot/floorCleaningRobot_ws/src/mission_layer_mvibot/src/../include/mission_layer_mvibot/mvibot_mission/marker_function.h:1397:22:\x1b[m\x1b[K \x1b[01;35m\x1b[Kwarning: \x1b[m\x1b[Kcomparison of integer expressions of different signedness: \xe2\x80\x98\x1b[01m\x1b[Kint\x1b[m\x1b[K\xe2\x80\x99 and \xe2\x80\x98\x1b[01m\x1b[Kstd::vector<line>::size_type\x1b[m\x1b[K\xe2\x80\x99 {aka \xe2\x80\x98\x1b[01m\x1b[Klong unsigned int\x1b[m\x1b[K\xe2\x80\x99} [\x1b[01;35m\x1b[K\x1b]8;;https://gcc.gnu.org/onlinedocs/gcc/Warning-Options.html#index-Wsign-compare\x07-Wsign-compare\x1b]8;;\x07\x1b[m\x1b[K]\n'}
[7.701292] (mission_layer_mvibot) StderrLine: {'line': b' 1397 |         for(int j=0;\x1b[01;35m\x1b[Kj<my_data.my_lines2[i].size()\x1b[m\x1b[K;j++){\n'}
[7.701367] (mission_layer_mvibot) StderrLine: {'line': b'      |                     \x1b[01;35m\x1b[K~^~~~~~~~~~~~~~~~~~~~~~~~~~~~\x1b[m\x1b[K\n'}
[7.701412] (mission_layer_mvibot) StderrLine: {'line': b'\x1b[01m\x1b[K/home/mvibot/floorCleaningRobot_ws/src/mission_layer_mvibot/src/../include/mission_layer_mvibot/mvibot_mission/marker_function.h:1398:28:\x1b[m\x1b[K \x1b[01;35m\x1b[Kwarning: \x1b[m\x1b[Kcomparison of integer expressions of different signedness: \xe2\x80\x98\x1b[01m\x1b[Kint\x1b[m\x1b[K\xe2\x80\x99 and \xe2\x80\x98\x1b[01m\x1b[Kstd::vector<std::vector<line> >::size_type\x1b[m\x1b[K\xe2\x80\x99 {aka \xe2\x80\x98\x1b[01m\x1b[Klong unsigned int\x1b[m\x1b[K\xe2\x80\x99} [\x1b[01;35m\x1b[K\x1b]8;;https://gcc.gnu.org/onlinedocs/gcc/Warning-Options.html#index-Wsign-compare\x07-Wsign-compare\x1b]8;;\x07\x1b[m\x1b[K]\n'}
[7.701461] (mission_layer_mvibot) StderrLine: {'line': b' 1398 |             for(int k=i+1;\x1b[01;35m\x1b[Kk<my_data.my_lines2.size()\x1b[m\x1b[K;k++){\n'}
[7.701504] (mission_layer_mvibot) StderrLine: {'line': b'      |                           \x1b[01;35m\x1b[K~^~~~~~~~~~~~~~~~~~~~~~~~~\x1b[m\x1b[K\n'}
[7.701546] (mission_layer_mvibot) StderrLine: {'line': b'\x1b[01m\x1b[K/home/mvibot/floorCleaningRobot_ws/src/mission_layer_mvibot/src/../include/mission_layer_mvibot/mvibot_mission/marker_function.h:1399:30:\x1b[m\x1b[K \x1b[01;35m\x1b[Kwarning: \x1b[m\x1b[Kcomparison of integer expressions of different signedness: \xe2\x80\x98\x1b[01m\x1b[Kint\x1b[m\x1b[K\xe2\x80\x99 and \xe2\x80\x98\x1b[01m\x1b[Kstd::vector<line>::size_type\x1b[m\x1b[K\xe2\x80\x99 {aka \xe2\x80\x98\x1b[01m\x1b[Klong unsigned int\x1b[m\x1b[K\xe2\x80\x99} [\x1b[01;35m\x1b[K\x1b]8;;https://gcc.gnu.org/onlinedocs/gcc/Warning-Options.html#index-Wsign-compare\x07-Wsign-compare\x1b]8;;\x07\x1b[m\x1b[K]\n'}
[7.701591] (mission_layer_mvibot) StderrLine: {'line': b' 1399 |                 for(int h=0;\x1b[01;35m\x1b[Kh<my_data.my_lines2[k].size()\x1b[m\x1b[K;h++){\n'}
[7.701634] (mission_layer_mvibot) StderrLine: {'line': b'      |                             \x1b[01;35m\x1b[K~^~~~~~~~~~~~~~~~~~~~~~~~~~~~\x1b[m\x1b[K\n'}
[7.701676] (mission_layer_mvibot) StderrLine: {'line': b'\x1b[01m\x1b[K/home/mvibot/floorCleaningRobot_ws/src/mission_layer_mvibot/src/../include/mission_layer_mvibot/mvibot_mission/marker_function.h:1410:33:\x1b[m\x1b[K \x1b[01;35m\x1b[Kwarning: \x1b[m\x1b[Ksuggest parentheses around comparison in operand of \xe2\x80\x98\x1b[01m\x1b[K|\x1b[m\x1b[K\xe2\x80\x99 [\x1b[01;35m\x1b[K\x1b]8;;https://gcc.gnu.org/onlinedocs/gcc/Warning-Options.html#index-Wparentheses\x07-Wparentheses\x1b]8;;\x07\x1b[m\x1b[K]\n'}
[7.701721] (mission_layer_mvibot) StderrLine: {'line': b' 1410 |                         if((\x1b[01;35m\x1b[Kdis1>=0.5\x1b[m\x1b[K | dis2>=0.5) & dis1 >=0.15 & dis2 >=0.15){\n'}
[7.701764] (mission_layer_mvibot) StderrLine: {'line': b'      |                             \x1b[01;35m\x1b[K~~~~^~~~~\x1b[m\x1b[K\n'}
[7.701824] (mission_layer_mvibot) StderrLine: {'line': b'\x1b[01m\x1b[K/home/mvibot/floorCleaningRobot_ws/src/mission_layer_mvibot/src/../include/mission_layer_mvibot/mvibot_mission/marker_function.h:1410:59:\x1b[m\x1b[K \x1b[01;35m\x1b[Kwarning: \x1b[m\x1b[Ksuggest parentheses around comparison in operand of \xe2\x80\x98\x1b[01m\x1b[K&\x1b[m\x1b[K\xe2\x80\x99 [\x1b[01;35m\x1b[K\x1b]8;;https://gcc.gnu.org/onlinedocs/gcc/Warning-Options.html#index-Wparentheses\x07-Wparentheses\x1b]8;;\x07\x1b[m\x1b[K]\n'}
[7.701869] (mission_layer_mvibot) StderrLine: {'line': b' 1410 |                         if((dis1>=0.5 | dis2>=0.5) & \x1b[01;35m\x1b[Kdis1 >=0.15\x1b[m\x1b[K & dis2 >=0.15){\n'}
[7.701918] (mission_layer_mvibot) StderrLine: {'line': b'      |                                                      \x1b[01;35m\x1b[K~~~~~^~~~~~\x1b[m\x1b[K\n'}
[7.701965] (mission_layer_mvibot) StderrLine: {'line': b'\x1b[01m\x1b[K/home/mvibot/floorCleaningRobot_ws/src/mission_layer_mvibot/src/../include/mission_layer_mvibot/mvibot_mission/marker_function.h:1410:73:\x1b[m\x1b[K \x1b[01;35m\x1b[Kwarning: \x1b[m\x1b[Ksuggest parentheses around comparison in operand of \xe2\x80\x98\x1b[01m\x1b[K&\x1b[m\x1b[K\xe2\x80\x99 [\x1b[01;35m\x1b[K\x1b]8;;https://gcc.gnu.org/onlinedocs/gcc/Warning-Options.html#index-Wparentheses\x07-Wparentheses\x1b]8;;\x07\x1b[m\x1b[K]\n'}
[7.702011] (mission_layer_mvibot) StderrLine: {'line': b' 1410 |                         if((dis1>=0.5 | dis2>=0.5) & dis1 >=0.15 & \x1b[01;35m\x1b[Kdis2 >=0.15\x1b[m\x1b[K){\n'}
[7.702056] (mission_layer_mvibot) StderrLine: {'line': b'      |                                                                    \x1b[01;35m\x1b[K~~~~~^~~~~~\x1b[m\x1b[K\n'}
[7.702143] (mission_layer_mvibot) StderrLine: {'line': b'\x1b[01m\x1b[K/home/mvibot/floorCleaningRobot_ws/src/mission_layer_mvibot/src/../include/mission_layer_mvibot/mvibot_mission/marker_function.h:1426:18:\x1b[m\x1b[K \x1b[01;35m\x1b[Kwarning: \x1b[m\x1b[Kcomparison of integer expressions of different signedness: \xe2\x80\x98\x1b[01m\x1b[Kint\x1b[m\x1b[K\xe2\x80\x99 and \xe2\x80\x98\x1b[01m\x1b[Kstd::vector<std::vector<line> >::size_type\x1b[m\x1b[K\xe2\x80\x99 {aka \xe2\x80\x98\x1b[01m\x1b[Klong unsigned int\x1b[m\x1b[K\xe2\x80\x99} [\x1b[01;35m\x1b[K\x1b]8;;https://gcc.gnu.org/onlinedocs/gcc/Warning-Options.html#index-Wsign-compare\x07-Wsign-compare\x1b]8;;\x07\x1b[m\x1b[K]\n'}
[7.702194] (mission_layer_mvibot) StderrLine: {'line': b' 1426 |     for(int k=0;\x1b[01;35m\x1b[Kk<my_lines_group_memory.size()\x1b[m\x1b[K;k++){\n'}
[7.702237] (mission_layer_mvibot) StderrLine: {'line': b'      |                 \x1b[01;35m\x1b[K~^~~~~~~~~~~~~~~~~~~~~~~~~~~~~\x1b[m\x1b[K\n'}
[7.702285] (mission_layer_mvibot) StderrLine: {'line': b'\x1b[01m\x1b[K/home/mvibot/floorCleaningRobot_ws/src/mission_layer_mvibot/src/../include/mission_layer_mvibot/mvibot_mission/marker_function.h:1429:22:\x1b[m\x1b[K \x1b[01;35m\x1b[Kwarning: \x1b[m\x1b[Kcomparison of integer expressions of different signedness: \xe2\x80\x98\x1b[01m\x1b[Kint\x1b[m\x1b[K\xe2\x80\x99 and \xe2\x80\x98\x1b[01m\x1b[Kstd::vector<point>::size_type\x1b[m\x1b[K\xe2\x80\x99 {aka \xe2\x80\x98\x1b[01m\x1b[Klong unsigned int\x1b[m\x1b[K\xe2\x80\x99} [\x1b[01;35m\x1b[K\x1b]8;;https://gcc.gnu.org/onlinedocs/gcc/Warning-Options.html#index-Wsign-compare\x07-Wsign-compare\x1b]8;;\x07\x1b[m\x1b[K]\n'}
[7.702351] (mission_layer_mvibot) StderrLine: {'line': b' 1429 |         for(int i=0;\x1b[01;35m\x1b[Ki<my_lines_group_memory[k][0].points.size()\x1b[m\x1b[K;i++){\n'}
[7.702397] (mission_layer_mvibot) StderrLine: {'line': b'      |                     \x1b[01;35m\x1b[K~^~~~~~~~~~~~~~~~~~~~~~~~~~~~~~~~~~~~~~~~~~\x1b[m\x1b[K\n'}
[7.702439] (mission_layer_mvibot) StderrLine: {'line': b'\x1b[01m\x1b[K/home/mvibot/floorCleaningRobot_ws/src/mission_layer_mvibot/src/../include/mission_layer_mvibot/mvibot_mission/marker_function.h:1438:22:\x1b[m\x1b[K \x1b[01;35m\x1b[Kwarning: \x1b[m\x1b[Kcomparison of integer expressions of different signedness: \xe2\x80\x98\x1b[01m\x1b[Kint\x1b[m\x1b[K\xe2\x80\x99 and \xe2\x80\x98\x1b[01m\x1b[Kstd::vector<point>::size_type\x1b[m\x1b[K\xe2\x80\x99 {aka \xe2\x80\x98\x1b[01m\x1b[Klong unsigned int\x1b[m\x1b[K\xe2\x80\x99} [\x1b[01;35m\x1b[K\x1b]8;;https://gcc.gnu.org/onlinedocs/gcc/Warning-Options.html#index-Wsign-compare\x07-Wsign-compare\x1b]8;;\x07\x1b[m\x1b[K]\n'}
[7.702492] (mission_layer_mvibot) StderrLine: {'line': b' 1438 |         for(int i=0;\x1b[01;35m\x1b[Ki<my_lines_group_memory[k][1].points.size()\x1b[m\x1b[K;i++){\n'}
[7.702539] (mission_layer_mvibot) StderrLine: {'line': b'      |                     \x1b[01;35m\x1b[K~^~~~~~~~~~~~~~~~~~~~~~~~~~~~~~~~~~~~~~~~~~\x1b[m\x1b[K\n'}
[7.702585] (mission_layer_mvibot) StderrLine: {'line': b'\x1b[01m\x1b[K/home/mvibot/floorCleaningRobot_ws/src/mission_layer_mvibot/src/../include/mission_layer_mvibot/mvibot_mission/marker_function.h:1448:35:\x1b[m\x1b[K \x1b[01;35m\x1b[Kwarning: \x1b[m\x1b[Ksuggest parentheses around comparison in operand of \xe2\x80\x98\x1b[01m\x1b[K&\x1b[m\x1b[K\xe2\x80\x99 [\x1b[01;35m\x1b[K\x1b]8;;https://gcc.gnu.org/onlinedocs/gcc/Warning-Options.html#index-Wparentheses\x07-Wparentheses\x1b]8;;\x07\x1b[m\x1b[K]\n'}
[7.702632] (mission_layer_mvibot) StderrLine: {'line': b' 1448 |         if(\x1b[01;35m\x1b[Kfabs(dis1-bar_distance)<=0.05\x1b[m\x1b[K & fabs(dis2-bar_distance)<=0.05){\n'}
[7.702676] (mission_layer_mvibot) StderrLine: {'line': b'      |            \x1b[01;35m\x1b[K~~~~~~~~~~~~~~~~~~~~~~~^~~~~~\x1b[m\x1b[K\n'}
[7.702756] (mission_layer_mvibot) StderrLine: {'line': b'\x1b[01m\x1b[K/home/mvibot/floorCleaningRobot_ws/src/mission_layer_mvibot/src/../include/mission_layer_mvibot/mvibot_mission/marker_function.h:1456:30:\x1b[m\x1b[K \x1b[01;35m\x1b[Kwarning: \x1b[m\x1b[Ksuggest parentheses around comparison in operand of \xe2\x80\x98\x1b[01m\x1b[K&\x1b[m\x1b[K\xe2\x80\x99 [\x1b[01;35m\x1b[K\x1b]8;;https://gcc.gnu.org/onlinedocs/gcc/Warning-Options.html#index-Wparentheses\x07-Wparentheses\x1b]8;;\x07\x1b[m\x1b[K]\n'}
[7.702812] (mission_layer_mvibot) StderrLine: {'line': b' 1456 |     if(\x1b[01;35m\x1b[Kmy_lines_memory.size()!=0\x1b[m\x1b[K & num_bar_pass==1){\n'}
[7.702857] (mission_layer_mvibot) StderrLine: {'line': b'      |        \x1b[01;35m\x1b[K~~~~~~~~~~~~~~~~~~~~~~^~~\x1b[m\x1b[K\n'}
[7.702901] (mission_layer_mvibot) StderrLine: {'line': b'\x1b[01m\x1b[K/home/mvibot/floorCleaningRobot_ws/src/mission_layer_mvibot/src/../include/mission_layer_mvibot/mvibot_mission/marker_function.h:1459:26:\x1b[m\x1b[K \x1b[01;35m\x1b[Kwarning: \x1b[m\x1b[Kcomparison of integer expressions of different signedness: \xe2\x80\x98\x1b[01m\x1b[Kint\x1b[m\x1b[K\xe2\x80\x99 and \xe2\x80\x98\x1b[01m\x1b[Kstd::vector<point>::size_type\x1b[m\x1b[K\xe2\x80\x99 {aka \xe2\x80\x98\x1b[01m\x1b[Klong unsigned int\x1b[m\x1b[K\xe2\x80\x99} [\x1b[01;35m\x1b[K\x1b]8;;https://gcc.gnu.org/onlinedocs/gcc/Warning-Options.html#index-Wsign-compare\x07-Wsign-compare\x1b]8;;\x07\x1b[m\x1b[K]\n'}
[7.702951] (mission_layer_mvibot) StderrLine: {'line': b' 1459 |             for(int i=0;\x1b[01;35m\x1b[Ki<my_data.my_points.size()\x1b[m\x1b[K;i++){\n'}
[7.702996] (mission_layer_mvibot) StderrLine: {'line': b'      |                         \x1b[01;35m\x1b[K~^~~~~~~~~~~~~~~~~~~~~~~~~\x1b[m\x1b[K\n'}
[7.703041] (mission_layer_mvibot) StderrLine: {'line': b'\x1b[01m\x1b[K/home/mvibot/floorCleaningRobot_ws/src/mission_layer_mvibot/src/../include/mission_layer_mvibot/mvibot_mission/marker_function.h:1477:26:\x1b[m\x1b[K \x1b[01;35m\x1b[Kwarning: \x1b[m\x1b[Kcomparison of integer expressions of different signedness: \xe2\x80\x98\x1b[01m\x1b[Kint\x1b[m\x1b[K\xe2\x80\x99 and \xe2\x80\x98\x1b[01m\x1b[Kstd::vector<point>::size_type\x1b[m\x1b[K\xe2\x80\x99 {aka \xe2\x80\x98\x1b[01m\x1b[Klong unsigned int\x1b[m\x1b[K\xe2\x80\x99} [\x1b[01;35m\x1b[K\x1b]8;;https://gcc.gnu.org/onlinedocs/gcc/Warning-Options.html#index-Wsign-compare\x07-Wsign-compare\x1b]8;;\x07\x1b[m\x1b[K]\n'}
[7.703086] (mission_layer_mvibot) StderrLine: {'line': b' 1477 |             for(int i=0;\x1b[01;35m\x1b[Ki<my_lines_memory[0].points.size()\x1b[m\x1b[K;i++){\n'}
[7.703131] (mission_layer_mvibot) StderrLine: {'line': b'      |                         \x1b[01;35m\x1b[K~^~~~~~~~~~~~~~~~~~~~~~~~~~~~~~~~~\x1b[m\x1b[K\n'}
[7.703194] (mission_layer_mvibot) StderrLine: {'line': b'\x1b[01m\x1b[K/home/mvibot/floorCleaningRobot_ws/src/mission_layer_mvibot/src/../include/mission_layer_mvibot/mvibot_mission/marker_function.h:1498:26:\x1b[m\x1b[K \x1b[01;35m\x1b[Kwarning: \x1b[m\x1b[Kcomparison of integer expressions of different signedness: \xe2\x80\x98\x1b[01m\x1b[Kint\x1b[m\x1b[K\xe2\x80\x99 and \xe2\x80\x98\x1b[01m\x1b[Kstd::vector<point>::size_type\x1b[m\x1b[K\xe2\x80\x99 {aka \xe2\x80\x98\x1b[01m\x1b[Klong unsigned int\x1b[m\x1b[K\xe2\x80\x99} [\x1b[01;35m\x1b[K\x1b]8;;https://gcc.gnu.org/onlinedocs/gcc/Warning-Options.html#index-Wsign-compare\x07-Wsign-compare\x1b]8;;\x07\x1b[m\x1b[K]\n'}
[7.703245] (mission_layer_mvibot) StderrLine: {'line': b' 1498 |             for(int i=0;\x1b[01;35m\x1b[Ki<my_lines_memory[1].points.size()\x1b[m\x1b[K;i++){\n'}
[7.703289] (mission_layer_mvibot) StderrLine: {'line': b'      |                         \x1b[01;35m\x1b[K~^~~~~~~~~~~~~~~~~~~~~~~~~~~~~~~~~\x1b[m\x1b[K\n'}
[7.705555] (mission_layer_mvibot) StderrLine: {'line': b'\x1b[01m\x1b[K/home/mvibot/floorCleaningRobot_ws/src/mission_layer_mvibot/src/../include/mission_layer_mvibot/mvibot_mission/marker_function.h:\x1b[m\x1b[K In member function \xe2\x80\x98\x1b[01m\x1b[Kint marker::\x1b[01;32m\x1b[Kdetect_l\x1b[m\x1b[K()\x1b[m\x1b[K\xe2\x80\x99:\n'}
[7.705608] (mission_layer_mvibot) StderrLine: {'line': b'\x1b[01m\x1b[K/home/mvibot/floorCleaningRobot_ws/src/mission_layer_mvibot/src/../include/mission_layer_mvibot/mvibot_mission/marker_function.h:1615:18:\x1b[m\x1b[K \x1b[01;35m\x1b[Kwarning: \x1b[m\x1b[Kcomparison of integer expressions of different signedness: \xe2\x80\x98\x1b[01m\x1b[Kint\x1b[m\x1b[K\xe2\x80\x99 and \xe2\x80\x98\x1b[01m\x1b[Kstd::vector<std::vector<line> >::size_type\x1b[m\x1b[K\xe2\x80\x99 {aka \xe2\x80\x98\x1b[01m\x1b[Klong unsigned int\x1b[m\x1b[K\xe2\x80\x99} [\x1b[01;35m\x1b[K\x1b]8;;https://gcc.gnu.org/onlinedocs/gcc/Warning-Options.html#index-Wsign-compare\x07-Wsign-compare\x1b]8;;\x07\x1b[m\x1b[K]\n'}
[7.705658] (mission_layer_mvibot) StderrLine: {'line': b' 1615 |     for(int i=0;\x1b[01;35m\x1b[Ki<my_data.my_lines2.size()\x1b[m\x1b[K;i++){\n'}
[7.705701] (mission_layer_mvibot) StderrLine: {'line': b'      |                 \x1b[01;35m\x1b[K~^~~~~~~~~~~~~~~~~~~~~~~~~\x1b[m\x1b[K\n'}
[7.705743] (mission_layer_mvibot) StderrLine: {'line': b'\x1b[01m\x1b[K/home/mvibot/floorCleaningRobot_ws/src/mission_layer_mvibot/src/../include/mission_layer_mvibot/mvibot_mission/marker_function.h:1616:22:\x1b[m\x1b[K \x1b[01;35m\x1b[Kwarning: \x1b[m\x1b[Kcomparison of integer expressions of different signedness: \xe2\x80\x98\x1b[01m\x1b[Kint\x1b[m\x1b[K\xe2\x80\x99 and \xe2\x80\x98\x1b[01m\x1b[Kstd::vector<line>::size_type\x1b[m\x1b[K\xe2\x80\x99 {aka \xe2\x80\x98\x1b[01m\x1b[Klong unsigned int\x1b[m\x1b[K\xe2\x80\x99} [\x1b[01;35m\x1b[K\x1b]8;;https://gcc.gnu.org/onlinedocs/gcc/Warning-Options.html#index-Wsign-compare\x07-Wsign-compare\x1b]8;;\x07\x1b[m\x1b[K]\n'}
[7.705793] (mission_layer_mvibot) StderrLine: {'line': b' 1616 |         for(int j=1;\x1b[01;35m\x1b[Kj<my_data.my_lines2[i].size()\x1b[m\x1b[K;j++){\n'}
[7.705841] (mission_layer_mvibot) StderrLine: {'line': b'      |                     \x1b[01;35m\x1b[K~^~~~~~~~~~~~~~~~~~~~~~~~~~~~\x1b[m\x1b[K\n'}
[7.706136] (mission_layer_mvibot) StderrLine: {'line': b'\x1b[01m\x1b[K/home/mvibot/floorCleaningRobot_ws/src/mission_layer_mvibot/src/../include/mission_layer_mvibot/mvibot_mission/marker_function.h:1628:29:\x1b[m\x1b[K \x1b[01;35m\x1b[Kwarning: \x1b[m\x1b[Ksuggest parentheses around comparison in operand of \xe2\x80\x98\x1b[01m\x1b[K&\x1b[m\x1b[K\xe2\x80\x99 [\x1b[01;35m\x1b[K\x1b]8;;https://gcc.gnu.org/onlinedocs/gcc/Warning-Options.html#index-Wparentheses\x07-Wparentheses\x1b]8;;\x07\x1b[m\x1b[K]\n'}
[7.706188] (mission_layer_mvibot) StderrLine: {'line': b' 1628 |                     if(\x1b[01;35m\x1b[Kdis1 < 0.4+0.05\x1b[m\x1b[K & dis1 > 0.4 -0.05 & dis2 <0.6+0.05 & dis2 > 0.6-0.05){\n'}
[7.706233] (mission_layer_mvibot) StderrLine: {'line': b'      |                        \x1b[01;35m\x1b[K~~~~~^~~~~~~~~~\x1b[m\x1b[K\n'}
[7.706280] (mission_layer_mvibot) StderrLine: {'line': b'\x1b[01m\x1b[K/home/mvibot/floorCleaningRobot_ws/src/mission_layer_mvibot/src/../include/mission_layer_mvibot/mvibot_mission/marker_function.h:1628:66:\x1b[m\x1b[K \x1b[01;35m\x1b[Kwarning: \x1b[m\x1b[Ksuggest parentheses around comparison in operand of \xe2\x80\x98\x1b[01m\x1b[K&\x1b[m\x1b[K\xe2\x80\x99 [\x1b[01;35m\x1b[K\x1b]8;;https://gcc.gnu.org/onlinedocs/gcc/Warning-Options.html#index-Wparentheses\x07-Wparentheses\x1b]8;;\x07\x1b[m\x1b[K]\n'}
[7.706331] (mission_layer_mvibot) StderrLine: {'line': b' 1628 |                     if(dis1 < 0.4+0.05 & dis1 > 0.4 -0.05 & \x1b[01;35m\x1b[Kdis2 <0.6+0.05\x1b[m\x1b[K & dis2 > 0.6-0.05){\n'}
[7.706377] (mission_layer_mvibot) StderrLine: {'line': b'      |                                                             \x1b[01;35m\x1b[K~~~~~^~~~~~~~~\x1b[m\x1b[K\n'}
[7.706454] (mission_layer_mvibot) StderrLine: {'line': b'\x1b[01m\x1b[K/home/mvibot/floorCleaningRobot_ws/src/mission_layer_mvibot/src/../include/mission_layer_mvibot/mvibot_mission/marker_function.h:1628:83:\x1b[m\x1b[K \x1b[01;35m\x1b[Kwarning: \x1b[m\x1b[Ksuggest parentheses around comparison in operand of \xe2\x80\x98\x1b[01m\x1b[K&\x1b[m\x1b[K\xe2\x80\x99 [\x1b[01;35m\x1b[K\x1b]8;;https://gcc.gnu.org/onlinedocs/gcc/Warning-Options.html#index-Wparentheses\x07-Wparentheses\x1b]8;;\x07\x1b[m\x1b[K]\n'}
[7.706504] (mission_layer_mvibot) StderrLine: {'line': b' 1628 |                     if(dis1 < 0.4+0.05 & dis1 > 0.4 -0.05 & dis2 <0.6+0.05 & \x1b[01;35m\x1b[Kdis2 > 0.6-0.05\x1b[m\x1b[K){\n'}
[7.706547] (mission_layer_mvibot) StderrLine: {'line': b'      |                                                                              \x1b[01;35m\x1b[K~~~~~^~~~~~~~~~\x1b[m\x1b[K\n'}
[7.706591] (mission_layer_mvibot) StderrLine: {'line': b'\x1b[01m\x1b[K/home/mvibot/floorCleaningRobot_ws/src/mission_layer_mvibot/src/../include/mission_layer_mvibot/mvibot_mission/marker_function.h:1617:41:\x1b[m\x1b[K \x1b[01;35m\x1b[Kwarning: \x1b[m\x1b[Kunused variable \xe2\x80\x98\x1b[01m\x1b[Kdelta\x1b[m\x1b[K\xe2\x80\x99 [\x1b[01;35m\x1b[K\x1b]8;;https://gcc.gnu.org/onlinedocs/gcc/Warning-Options.html#index-Wunused-variable\x07-Wunused-variable\x1b]8;;\x07\x1b[m\x1b[K]\n'}
[7.706636] (mission_layer_mvibot) StderrLine: {'line': b' 1617 |                 static float ampha,beta,\x1b[01;35m\x1b[Kdelta\x1b[m\x1b[K;\n'}
[7.706678] (mission_layer_mvibot) StderrLine: {'line': b'      |                                         \x1b[01;35m\x1b[K^~~~~\x1b[m\x1b[K\n'}
[7.706725] (mission_layer_mvibot) StderrLine: {'line': b'\x1b[01m\x1b[K/home/mvibot/floorCleaningRobot_ws/src/mission_layer_mvibot/src/../include/mission_layer_mvibot/mvibot_mission/marker_function.h:1621:40:\x1b[m\x1b[K \x1b[01;35m\x1b[Kwarning: \x1b[m\x1b[Kunused variable \xe2\x80\x98\x1b[01m\x1b[Kdis3\x1b[m\x1b[K\xe2\x80\x99 [\x1b[01;35m\x1b[K\x1b]8;;https://gcc.gnu.org/onlinedocs/gcc/Warning-Options.html#index-Wunused-variable\x07-Wunused-variable\x1b]8;;\x07\x1b[m\x1b[K]\n'}
[7.706772] (mission_layer_mvibot) StderrLine: {'line': b' 1621 |                 static float dis1,dis2,\x1b[01;35m\x1b[Kdis3\x1b[m\x1b[K;\n'}
[7.706821] (mission_layer_mvibot) StderrLine: {'line': b'      |                                        \x1b[01;35m\x1b[K^~~~\x1b[m\x1b[K\n'}
[7.706907] (mission_layer_mvibot) StderrLine: {'line': b'\x1b[01m\x1b[K/home/mvibot/floorCleaningRobot_ws/src/mission_layer_mvibot/src/../include/mission_layer_mvibot/mvibot_mission/marker_function.h:1642:22:\x1b[m\x1b[K \x1b[01;35m\x1b[Kwarning: \x1b[m\x1b[Kunused variable \xe2\x80\x98\x1b[01m\x1b[Kx\x1b[m\x1b[K\xe2\x80\x99 [\x1b[01;35m\x1b[K\x1b]8;;https://gcc.gnu.org/onlinedocs/gcc/Warning-Options.html#index-Wunused-variable\x07-Wunused-variable\x1b]8;;\x07\x1b[m\x1b[K]\n'}
[7.706973] (mission_layer_mvibot) StderrLine: {'line': b' 1642 |         static float \x1b[01;35m\x1b[Kx\x1b[m\x1b[K,y;\n'}
[7.707017] (mission_layer_mvibot) StderrLine: {'line': b'      |                      \x1b[01;35m\x1b[K^\x1b[m\x1b[K\n'}
[7.707059] (mission_layer_mvibot) StderrLine: {'line': b'\x1b[01m\x1b[K/home/mvibot/floorCleaningRobot_ws/src/mission_layer_mvibot/src/../include/mission_layer_mvibot/mvibot_mission/marker_function.h:1642:24:\x1b[m\x1b[K \x1b[01;35m\x1b[Kwarning: \x1b[m\x1b[Kunused variable \xe2\x80\x98\x1b[01m\x1b[Ky\x1b[m\x1b[K\xe2\x80\x99 [\x1b[01;35m\x1b[K\x1b]8;;https://gcc.gnu.org/onlinedocs/gcc/Warning-Options.html#index-Wunused-variable\x07-Wunused-variable\x1b]8;;\x07\x1b[m\x1b[K]\n'}
[7.707103] (mission_layer_mvibot) StderrLine: {'line': b' 1642 |         static float x,\x1b[01;35m\x1b[Ky\x1b[m\x1b[K;\n'}
[7.707147] (mission_layer_mvibot) StderrLine: {'line': b'      |                        \x1b[01;35m\x1b[K^\x1b[m\x1b[K\n'}
[7.707286] (mission_layer_mvibot) StderrLine: {'line': b'\x1b[01m\x1b[K/home/mvibot/floorCleaningRobot_ws/src/mission_layer_mvibot/src/../include/mission_layer_mvibot/mvibot_mission/marker_function.h:\x1b[m\x1b[K In member function \xe2\x80\x98\x1b[01m\x1b[Kint marker::\x1b[01;32m\x1b[Kdetect_vl\x1b[m\x1b[K()\x1b[m\x1b[K\xe2\x80\x99:\n'}
[7.707336] (mission_layer_mvibot) StderrLine: {'line': b'\x1b[01m\x1b[K/home/mvibot/floorCleaningRobot_ws/src/mission_layer_mvibot/src/../include/mission_layer_mvibot/mvibot_mission/marker_function.h:1687:18:\x1b[m\x1b[K \x1b[01;35m\x1b[Kwarning: \x1b[m\x1b[Kcomparison of integer expressions of different signedness: \xe2\x80\x98\x1b[01m\x1b[Kint\x1b[m\x1b[K\xe2\x80\x99 and \xe2\x80\x98\x1b[01m\x1b[Kstd::vector<std::vector<line> >::size_type\x1b[m\x1b[K\xe2\x80\x99 {aka \xe2\x80\x98\x1b[01m\x1b[Klong unsigned int\x1b[m\x1b[K\xe2\x80\x99} [\x1b[01;35m\x1b[K\x1b]8;;https://gcc.gnu.org/onlinedocs/gcc/Warning-Options.html#index-Wsign-compare\x07-Wsign-compare\x1b]8;;\x07\x1b[m\x1b[K]\n'}
[7.707396] (mission_layer_mvibot) StderrLine: {'line': b' 1687 |     for(int i=0;\x1b[01;35m\x1b[Ki<my_data.my_lines2.size()\x1b[m\x1b[K;i++){\n'}
[7.707439] (mission_layer_mvibot) StderrLine: {'line': b'      |                 \x1b[01;35m\x1b[K~^~~~~~~~~~~~~~~~~~~~~~~~~\x1b[m\x1b[K\n'}
[7.707481] (mission_layer_mvibot) StderrLine: {'line': b'\x1b[01m\x1b[K/home/mvibot/floorCleaningRobot_ws/src/mission_layer_mvibot/src/../include/mission_layer_mvibot/mvibot_mission/marker_function.h:1688:22:\x1b[m\x1b[K \x1b[01;35m\x1b[Kwarning: \x1b[m\x1b[Kcomparison of integer expressions of different signedness: \xe2\x80\x98\x1b[01m\x1b[Kint\x1b[m\x1b[K\xe2\x80\x99 and \xe2\x80\x98\x1b[01m\x1b[Kstd::vector<line>::size_type\x1b[m\x1b[K\xe2\x80\x99 {aka \xe2\x80\x98\x1b[01m\x1b[Klong unsigned int\x1b[m\x1b[K\xe2\x80\x99} [\x1b[01;35m\x1b[K\x1b]8;;https://gcc.gnu.org/onlinedocs/gcc/Warning-Options.html#index-Wsign-compare\x07-Wsign-compare\x1b]8;;\x07\x1b[m\x1b[K]\n'}
[7.707531] (mission_layer_mvibot) StderrLine: {'line': b' 1688 |         for(int j=1;\x1b[01;35m\x1b[Kj<my_data.my_lines2[i].size()-1\x1b[m\x1b[K;j++){\n'}
[7.707576] (mission_layer_mvibot) StderrLine: {'line': b'      |                     \x1b[01;35m\x1b[K~^~~~~~~~~~~~~~~~~~~~~~~~~~~~~~\x1b[m\x1b[K\n'}
[7.707647] (mission_layer_mvibot) StderrLine: {'line': b'\x1b[01m\x1b[K/home/mvibot/floorCleaningRobot_ws/src/mission_layer_mvibot/src/../include/mission_layer_mvibot/mvibot_mission/marker_function.h:1698:51:\x1b[m\x1b[K \x1b[01;35m\x1b[Kwarning: \x1b[m\x1b[Ksuggest parentheses around comparison in operand of \xe2\x80\x98\x1b[01m\x1b[K|\x1b[m\x1b[K\xe2\x80\x99 [\x1b[01;35m\x1b[K\x1b]8;;https://gcc.gnu.org/onlinedocs/gcc/Warning-Options.html#index-Wparentheses\x07-Wparentheses\x1b]8;;\x07\x1b[m\x1b[K]\n'}
[7.707699] (mission_layer_mvibot) StderrLine: {'line': b' 1698 |                 if(\x1b[01;35m\x1b[Kfabs(fabs(delta-beta)-2*M_PI/3)<=M_PI/180*10\x1b[m\x1b[K | fabs(fabs(delta-beta)-M_PI/3)<=M_PI/180*10)\n'}
[7.707752] (mission_layer_mvibot) StderrLine: {'line': b'      |                    \x1b[01;35m\x1b[K~~~~~~~~~~~~~~~~~~~~~~~~~~~~~~~^~~~~~~~~~~~~\x1b[m\x1b[K\n'}
[7.707810] (mission_layer_mvibot) StderrLine: {'line': b'\x1b[01m\x1b[K/home/mvibot/floorCleaningRobot_ws/src/mission_layer_mvibot/src/../include/mission_layer_mvibot/mvibot_mission/marker_function.h:1700:55:\x1b[m\x1b[K \x1b[01;35m\x1b[Kwarning: \x1b[m\x1b[Ksuggest parentheses around comparison in operand of \xe2\x80\x98\x1b[01m\x1b[K|\x1b[m\x1b[K\xe2\x80\x99 [\x1b[01;35m\x1b[K\x1b]8;;https://gcc.gnu.org/onlinedocs/gcc/Warning-Options.html#index-Wparentheses\x07-Wparentheses\x1b]8;;\x07\x1b[m\x1b[K]\n'}
[7.707859] (mission_layer_mvibot) StderrLine: {'line': b' 1700 |                     if(\x1b[01;35m\x1b[Kfabs(fabs(beta-ampha)-5*M_PI/6)< M_PI/180*10\x1b[m\x1b[K | fabs(fabs(beta-ampha)-1*M_PI/6)< M_PI/180*10){\n'}
[7.707940] (mission_layer_mvibot) StderrLine: {'line': b'      |                        \x1b[01;35m\x1b[K~~~~~~~~~~~~~~~~~~~~~~~~~~~~~~~^~~~~~~~~~~~~\x1b[m\x1b[K\n'}
[7.707990] (mission_layer_mvibot) StderrLine: {'line': b'\x1b[01m\x1b[K/home/mvibot/floorCleaningRobot_ws/src/mission_layer_mvibot/src/../include/mission_layer_mvibot/mvibot_mission/marker_function.h:1701:32:\x1b[m\x1b[K \x1b[01;35m\x1b[Kwarning: \x1b[m\x1b[Ksuggest parentheses around comparison in operand of \xe2\x80\x98\x1b[01m\x1b[K&\x1b[m\x1b[K\xe2\x80\x99 [\x1b[01;35m\x1b[K\x1b]8;;https://gcc.gnu.org/onlinedocs/gcc/Warning-Options.html#index-Wparentheses\x07-Wparentheses\x1b]8;;\x07\x1b[m\x1b[K]\n'}
[7.708052] (mission_layer_mvibot) StderrLine: {'line': b' 1701 |                         if(\x1b[01;35m\x1b[Kdis1>=0.35\x1b[m\x1b[K &  dis2 >=0.15 & dis2 <=0.2 &  dis3>=0.15 & dis3 <=0.2){\n'}
[7.708096] (mission_layer_mvibot) StderrLine: {'line': b'      |                            \x1b[01;35m\x1b[K~~~~^~~~~~\x1b[m\x1b[K\n'}
[7.708138] (mission_layer_mvibot) StderrLine: {'line': b'\x1b[01m\x1b[K/home/mvibot/floorCleaningRobot_ws/src/mission_layer_mvibot/src/../include/mission_layer_mvibot/mvibot_mission/marker_function.h:1701:61:\x1b[m\x1b[K \x1b[01;35m\x1b[Kwarning: \x1b[m\x1b[Ksuggest parentheses around comparison in operand of \xe2\x80\x98\x1b[01m\x1b[K&\x1b[m\x1b[K\xe2\x80\x99 [\x1b[01;35m\x1b[K\x1b]8;;https://gcc.gnu.org/onlinedocs/gcc/Warning-Options.html#index-Wparentheses\x07-Wparentheses\x1b]8;;\x07\x1b[m\x1b[K]\n'}
[7.708186] (mission_layer_mvibot) StderrLine: {'line': b' 1701 |                         if(dis1>=0.35 &  dis2 >=0.15 & \x1b[01;35m\x1b[Kdis2 <=0.2\x1b[m\x1b[K &  dis3>=0.15 & dis3 <=0.2){\n'}
[7.708246] (mission_layer_mvibot) StderrLine: {'line': b'      |                                                        \x1b[01;35m\x1b[K~~~~~^~~~~\x1b[m\x1b[K\n'}
[7.708289] (mission_layer_mvibot) StderrLine: {'line': b'\x1b[01m\x1b[K/home/mvibot/floorCleaningRobot_ws/src/mission_layer_mvibot/src/../include/mission_layer_mvibot/mvibot_mission/marker_function.h:1701:74:\x1b[m\x1b[K \x1b[01;35m\x1b[Kwarning: \x1b[m\x1b[Ksuggest parentheses around comparison in operand of \xe2\x80\x98\x1b[01m\x1b[K&\x1b[m\x1b[K\xe2\x80\x99 [\x1b[01;35m\x1b[K\x1b]8;;https://gcc.gnu.org/onlinedocs/gcc/Warning-Options.html#index-Wparentheses\x07-Wparentheses\x1b]8;;\x07\x1b[m\x1b[K]\n'}
[7.708334] (mission_layer_mvibot) StderrLine: {'line': b' 1701 |                         if(dis1>=0.35 &  dis2 >=0.15 & dis2 <=0.2 &  \x1b[01;35m\x1b[Kdis3>=0.15\x1b[m\x1b[K & dis3 <=0.2){\n'}
[7.708381] (mission_layer_mvibot) StderrLine: {'line': b'      |                                                                      \x1b[01;35m\x1b[K~~~~^~~~~~\x1b[m\x1b[K\n'}
[7.708426] (mission_layer_mvibot) StderrLine: {'line': b'\x1b[01m\x1b[K/home/mvibot/floorCleaningRobot_ws/src/mission_layer_mvibot/src/../include/mission_layer_mvibot/mvibot_mission/marker_function.h:1701:88:\x1b[m\x1b[K \x1b[01;35m\x1b[Kwarning: \x1b[m\x1b[Ksuggest parentheses around comparison in operand of \xe2\x80\x98\x1b[01m\x1b[K&\x1b[m\x1b[K\xe2\x80\x99 [\x1b[01;35m\x1b[K\x1b]8;;https://gcc.gnu.org/onlinedocs/gcc/Warning-Options.html#index-Wparentheses\x07-Wparentheses\x1b]8;;\x07\x1b[m\x1b[K]\n'}
[7.708475] (mission_layer_mvibot) StderrLine: {'line': b' 1701 |                         if(dis1>=0.35 &  dis2 >=0.15 & dis2 <=0.2 &  dis3>=0.15 & \x1b[01;35m\x1b[Kdis3 <=0.2\x1b[m\x1b[K){\n'}
[7.708521] (mission_layer_mvibot) StderrLine: {'line': b'      |                                                                                   \x1b[01;35m\x1b[K~~~~~^~~~~\x1b[m\x1b[K\n'}
[7.708566] (mission_layer_mvibot) StderrLine: {'line': b'\x1b[01m\x1b[K/home/mvibot/floorCleaningRobot_ws/src/mission_layer_mvibot/src/../include/mission_layer_mvibot/mvibot_mission/marker_function.h:1712:42:\x1b[m\x1b[K \x1b[01;35m\x1b[Kwarning: \x1b[m\x1b[Kcomparison of integer expressions of different signedness: \xe2\x80\x98\x1b[01m\x1b[Kint\x1b[m\x1b[K\xe2\x80\x99 and \xe2\x80\x98\x1b[01m\x1b[Kstd::vector<point>::size_type\x1b[m\x1b[K\xe2\x80\x99 {aka \xe2\x80\x98\x1b[01m\x1b[Klong unsigned int\x1b[m\x1b[K\xe2\x80\x99} [\x1b[01;35m\x1b[K\x1b]8;;https://gcc.gnu.org/onlinedocs/gcc/Warning-Options.html#index-Wsign-compare\x07-Wsign-compare\x1b]8;;\x07\x1b[m\x1b[K]\n'}
[7.708616] (mission_layer_mvibot) StderrLine: {'line': b' 1712 |                             for(int k=0;\x1b[01;35m\x1b[Kk<my_data.my_group3[i].points.size()\x1b[m\x1b[K;k++){\n'}
[7.708661] (mission_layer_mvibot) StderrLine: {'line': b'      |                                         \x1b[01;35m\x1b[K~^~~~~~~~~~~~~~~~~~~~~~~~~~~~~~~~~~~\x1b[m\x1b[K\n'}
[7.708709] (mission_layer_mvibot) StderrLine: {'line': b'\x1b[01m\x1b[K/home/mvibot/floorCleaningRobot_ws/src/mission_layer_mvibot/src/../include/mission_layer_mvibot/mvibot_mission/marker_function.h:1730:22:\x1b[m\x1b[K \x1b[01;35m\x1b[Kwarning: \x1b[m\x1b[Kcomparison of integer expressions of different signedness: \xe2\x80\x98\x1b[01m\x1b[Kint\x1b[m\x1b[K\xe2\x80\x99 and \xe2\x80\x98\x1b[01m\x1b[Kstd::vector<point>::size_type\x1b[m\x1b[K\xe2\x80\x99 {aka \xe2\x80\x98\x1b[01m\x1b[Klong unsigned int\x1b[m\x1b[K\xe2\x80\x99} [\x1b[01;35m\x1b[K\x1b]8;;https://gcc.gnu.org/onlinedocs/gcc/Warning-Options.html#index-Wsign-compare\x07-Wsign-compare\x1b]8;;\x07\x1b[m\x1b[K]\n'}
[7.708767] (mission_layer_mvibot) StderrLine: {'line': b' 1730 |         for(int i=0;\x1b[01;35m\x1b[Ki<line1.points.size()\x1b[m\x1b[K;i++){\n'}
[7.708844] (mission_layer_mvibot) StderrLine: {'line': b'      |                     \x1b[01;35m\x1b[K~^~~~~~~~~~~~~~~~~~~~\x1b[m\x1b[K\n'}
[7.708974] (mission_layer_mvibot) StderrLine: {'line': b'\x1b[01m\x1b[K/home/mvibot/floorCleaningRobot_ws/src/mission_layer_mvibot/src/../include/mission_layer_mvibot/mvibot_mission/marker_function.h:1738:22:\x1b[m\x1b[K \x1b[01;35m\x1b[Kwarning: \x1b[m\x1b[Kcomparison of integer expressions of different signedness: \xe2\x80\x98\x1b[01m\x1b[Kint\x1b[m\x1b[K\xe2\x80\x99 and \xe2\x80\x98\x1b[01m\x1b[Kstd::vector<point>::size_type\x1b[m\x1b[K\xe2\x80\x99 {aka \xe2\x80\x98\x1b[01m\x1b[Klong unsigned int\x1b[m\x1b[K\xe2\x80\x99} [\x1b[01;35m\x1b[K\x1b]8;;https://gcc.gnu.org/onlinedocs/gcc/Warning-Options.html#index-Wsign-compare\x07-Wsign-compare\x1b]8;;\x07\x1b[m\x1b[K]\n'}
[7.709027] (mission_layer_mvibot) StderrLine: {'line': b' 1738 |         for(int i=0;\x1b[01;35m\x1b[Ki<line1.points.size()\x1b[m\x1b[K;i++){\n'}
[7.709070] (mission_layer_mvibot) StderrLine: {'line': b'      |                     \x1b[01;35m\x1b[K~^~~~~~~~~~~~~~~~~~~~\x1b[m\x1b[K\n'}
[7.709114] (mission_layer_mvibot) StderrLine: {'line': b'\x1b[01m\x1b[K/home/mvibot/floorCleaningRobot_ws/src/mission_layer_mvibot/src/../include/mission_layer_mvibot/mvibot_mission/marker_function.h:1748:22:\x1b[m\x1b[K \x1b[01;35m\x1b[Kwarning: \x1b[m\x1b[Kcomparison of integer expressions of different signedness: \xe2\x80\x98\x1b[01m\x1b[Kint\x1b[m\x1b[K\xe2\x80\x99 and \xe2\x80\x98\x1b[01m\x1b[Kstd::vector<point>::size_type\x1b[m\x1b[K\xe2\x80\x99 {aka \xe2\x80\x98\x1b[01m\x1b[Klong unsigned int\x1b[m\x1b[K\xe2\x80\x99} [\x1b[01;35m\x1b[K\x1b]8;;https://gcc.gnu.org/onlinedocs/gcc/Warning-Options.html#index-Wsign-compare\x07-Wsign-compare\x1b]8;;\x07\x1b[m\x1b[K]\n'}
[7.709166] (mission_layer_mvibot) StderrLine: {'line': b' 1748 |         for(int i=0;\x1b[01;35m\x1b[Ki<line2.points.size()\x1b[m\x1b[K;i++){\n'}
[7.709209] (mission_layer_mvibot) StderrLine: {'line': b'      |                     \x1b[01;35m\x1b[K~^~~~~~~~~~~~~~~~~~~~\x1b[m\x1b[K\n'}
[7.709253] (mission_layer_mvibot) StderrLine: {'line': b'\x1b[01m\x1b[K/home/mvibot/floorCleaningRobot_ws/src/mission_layer_mvibot/src/../include/mission_layer_mvibot/mvibot_mission/marker_function.h:1756:22:\x1b[m\x1b[K \x1b[01;35m\x1b[Kwarning: \x1b[m\x1b[Kcomparison of integer expressions of different signedness: \xe2\x80\x98\x1b[01m\x1b[Kint\x1b[m\x1b[K\xe2\x80\x99 and \xe2\x80\x98\x1b[01m\x1b[Kstd::vector<point>::size_type\x1b[m\x1b[K\xe2\x80\x99 {aka \xe2\x80\x98\x1b[01m\x1b[Klong unsigned int\x1b[m\x1b[K\xe2\x80\x99} [\x1b[01;35m\x1b[K\x1b]8;;https://gcc.gnu.org/onlinedocs/gcc/Warning-Options.html#index-Wsign-compare\x07-Wsign-compare\x1b]8;;\x07\x1b[m\x1b[K]\n'}
[7.709299] (mission_layer_mvibot) StderrLine: {'line': b' 1756 |         for(int i=0;\x1b[01;35m\x1b[Ki<line2.points.size()\x1b[m\x1b[K;i++){\n'}
[7.709342] (mission_layer_mvibot) StderrLine: {'line': b'      |                     \x1b[01;35m\x1b[K~^~~~~~~~~~~~~~~~~~~~\x1b[m\x1b[K\n'}
[7.709385] (mission_layer_mvibot) StderrLine: {'line': b'\x1b[01m\x1b[K/home/mvibot/floorCleaningRobot_ws/src/mission_layer_mvibot/src/../include/mission_layer_mvibot/mvibot_mission/marker_function.h:1766:22:\x1b[m\x1b[K \x1b[01;35m\x1b[Kwarning: \x1b[m\x1b[Kcomparison of integer expressions of different signedness: \xe2\x80\x98\x1b[01m\x1b[Kint\x1b[m\x1b[K\xe2\x80\x99 and \xe2\x80\x98\x1b[01m\x1b[Kstd::vector<point>::size_type\x1b[m\x1b[K\xe2\x80\x99 {aka \xe2\x80\x98\x1b[01m\x1b[Klong unsigned int\x1b[m\x1b[K\xe2\x80\x99} [\x1b[01;35m\x1b[K\x1b]8;;https://gcc.gnu.org/onlinedocs/gcc/Warning-Options.html#index-Wsign-compare\x07-Wsign-compare\x1b]8;;\x07\x1b[m\x1b[K]\n'}
[7.709432] (mission_layer_mvibot) StderrLine: {'line': b' 1766 |         for(int i=0;\x1b[01;35m\x1b[Ki<line3.points.size()\x1b[m\x1b[K;i++){\n'}
[7.709478] (mission_layer_mvibot) StderrLine: {'line': b'      |                     \x1b[01;35m\x1b[K~^~~~~~~~~~~~~~~~~~~~\x1b[m\x1b[K\n'}
[7.709522] (mission_layer_mvibot) StderrLine: {'line': b'\x1b[01m\x1b[K/home/mvibot/floorCleaningRobot_ws/src/mission_layer_mvibot/src/../include/mission_layer_mvibot/mvibot_mission/marker_function.h:1774:22:\x1b[m\x1b[K \x1b[01;35m\x1b[Kwarning: \x1b[m\x1b[Kcomparison of integer expressions of different signedness: \xe2\x80\x98\x1b[01m\x1b[Kint\x1b[m\x1b[K\xe2\x80\x99 and \xe2\x80\x98\x1b[01m\x1b[Kstd::vector<point>::size_type\x1b[m\x1b[K\xe2\x80\x99 {aka \xe2\x80\x98\x1b[01m\x1b[Klong unsigned int\x1b[m\x1b[K\xe2\x80\x99} [\x1b[01;35m\x1b[K\x1b]8;;https://gcc.gnu.org/onlinedocs/gcc/Warning-Options.html#index-Wsign-compare\x07-Wsign-compare\x1b]8;;\x07\x1b[m\x1b[K]\n'}
[7.709567] (mission_layer_mvibot) StderrLine: {'line': b' 1774 |         for(int i=0;\x1b[01;35m\x1b[Ki<line3.points.size()\x1b[m\x1b[K;i++){\n'}
[7.709611] (mission_layer_mvibot) StderrLine: {'line': b'      |                     \x1b[01;35m\x1b[K~^~~~~~~~~~~~~~~~~~~~\x1b[m\x1b[K\n'}
[7.716355] (mission_layer_mvibot) StderrLine: {'line': b'In file included from \x1b[01m\x1b[K/home/mvibot/floorCleaningRobot_ws/src/mission_layer_mvibot/src/mvibot_mission.cpp:8\x1b[m\x1b[K:\n'}
[7.716501] (mission_layer_mvibot) StderrLine: {'line': b'\x1b[01m\x1b[K/home/mvibot/floorCleaningRobot_ws/src/mission_layer_mvibot/src/../include/mission_layer_mvibot/mvibot_mission/variable_function.h:\x1b[m\x1b[K In member function \xe2\x80\x98\x1b[01m\x1b[Kvoid multiple_variable_local::\x1b[01;32m\x1b[Kadd_var\x1b[m\x1b[K(variable_local)\x1b[m\x1b[K\xe2\x80\x99:\n'}
[7.716584] (mission_layer_mvibot) StderrLine: {'line': b'\x1b[01m\x1b[K/home/mvibot/floorCleaningRobot_ws/src/mission_layer_mvibot/src/../include/mission_layer_mvibot/mvibot_mission/variable_function.h:31:18:\x1b[m\x1b[K \x1b[01;35m\x1b[Kwarning: \x1b[m\x1b[Kcomparison of integer expressions of different signedness: \xe2\x80\x98\x1b[01m\x1b[Kint\x1b[m\x1b[K\xe2\x80\x99 and \xe2\x80\x98\x1b[01m\x1b[Kstd::vector<variable_local>::size_type\x1b[m\x1b[K\xe2\x80\x99 {aka \xe2\x80\x98\x1b[01m\x1b[Klong unsigned int\x1b[m\x1b[K\xe2\x80\x99} [\x1b[01;35m\x1b[K\x1b]8;;https://gcc.gnu.org/onlinedocs/gcc/Warning-Options.html#index-Wsign-compare\x07-Wsign-compare\x1b]8;;\x07\x1b[m\x1b[K]\n'}
[7.716665] (mission_layer_mvibot) StderrLine: {'line': b'   31 |     for(int i=0;\x1b[01;35m\x1b[Ki<var.size()\x1b[m\x1b[K;i++){\n'}
[7.716765] (mission_layer_mvibot) StderrLine: {'line': b'      |                 \x1b[01;35m\x1b[K~^~~~~~~~~~~\x1b[m\x1b[K\n'}
[7.716861] (mission_layer_mvibot) StderrLine: {'line': b'\x1b[01m\x1b[K/home/mvibot/floorCleaningRobot_ws/src/mission_layer_mvibot/src/../include/mission_layer_mvibot/mvibot_mission/variable_function.h:\x1b[m\x1b[K In member function \xe2\x80\x98\x1b[01m\x1b[Kvoid multiple_variable_local::\x1b[01;32m\x1b[Kupdate_var\x1b[m\x1b[K(variable_local)\x1b[m\x1b[K\xe2\x80\x99:\n'}
[7.716937] (mission_layer_mvibot) StderrLine: {'line': b'\x1b[01m\x1b[K/home/mvibot/floorCleaningRobot_ws/src/mission_layer_mvibot/src/../include/mission_layer_mvibot/mvibot_mission/variable_function.h:45:18:\x1b[m\x1b[K \x1b[01;35m\x1b[Kwarning: \x1b[m\x1b[Kcomparison of integer expressions of different signedness: \xe2\x80\x98\x1b[01m\x1b[Kint\x1b[m\x1b[K\xe2\x80\x99 and \xe2\x80\x98\x1b[01m\x1b[Kstd::vector<variable_local>::size_type\x1b[m\x1b[K\xe2\x80\x99 {aka \xe2\x80\x98\x1b[01m\x1b[Klong unsigned int\x1b[m\x1b[K\xe2\x80\x99} [\x1b[01;35m\x1b[K\x1b]8;;https://gcc.gnu.org/onlinedocs/gcc/Warning-Options.html#index-Wsign-compare\x07-Wsign-compare\x1b]8;;\x07\x1b[m\x1b[K]\n'}
[7.717032] (mission_layer_mvibot) StderrLine: {'line': b'   45 |     for(int i=0;\x1b[01;35m\x1b[Ki<var.size()\x1b[m\x1b[K;i++){\n'}
[7.717076] (mission_layer_mvibot) StderrLine: {'line': b'      |                 \x1b[01;35m\x1b[K~^~~~~~~~~~~\x1b[m\x1b[K\n'}
[7.717118] (mission_layer_mvibot) StderrLine: {'line': b'\x1b[01m\x1b[K/home/mvibot/floorCleaningRobot_ws/src/mission_layer_mvibot/src/../include/mission_layer_mvibot/mvibot_mission/variable_function.h:\x1b[m\x1b[K In member function \xe2\x80\x98\x1b[01m\x1b[Kvoid multiple_variable_local::\x1b[01;32m\x1b[Kreset_all\x1b[m\x1b[K()\x1b[m\x1b[K\xe2\x80\x99:\n'}
[7.717163] (mission_layer_mvibot) StderrLine: {'line': b'\x1b[01m\x1b[K/home/mvibot/floorCleaningRobot_ws/src/mission_layer_mvibot/src/../include/mission_layer_mvibot/mvibot_mission/variable_function.h:58:18:\x1b[m\x1b[K \x1b[01;35m\x1b[Kwarning: \x1b[m\x1b[Kcomparison of integer expressions of different signedness: \xe2\x80\x98\x1b[01m\x1b[Kint\x1b[m\x1b[K\xe2\x80\x99 and \xe2\x80\x98\x1b[01m\x1b[Kstd::vector<variable_local>::size_type\x1b[m\x1b[K\xe2\x80\x99 {aka \xe2\x80\x98\x1b[01m\x1b[Klong unsigned int\x1b[m\x1b[K\xe2\x80\x99} [\x1b[01;35m\x1b[K\x1b]8;;https://gcc.gnu.org/onlinedocs/gcc/Warning-Options.html#index-Wsign-compare\x07-Wsign-compare\x1b]8;;\x07\x1b[m\x1b[K]\n'}
[7.717210] (mission_layer_mvibot) StderrLine: {'line': b'   58 |     for(int i=0;\x1b[01;35m\x1b[Ki<var.size()\x1b[m\x1b[K;i++){\n'}
[7.717253] (mission_layer_mvibot) StderrLine: {'line': b'      |                 \x1b[01;35m\x1b[K~^~~~~~~~~~~\x1b[m\x1b[K\n'}
[7.717326] (mission_layer_mvibot) StderrLine: {'line': b'\x1b[01m\x1b[K/home/mvibot/floorCleaningRobot_ws/src/mission_layer_mvibot/src/../include/mission_layer_mvibot/mvibot_mission/variable_function.h:\x1b[m\x1b[K In member function \xe2\x80\x98\x1b[01m\x1b[Kvoid multiple_variable_local::\x1b[01;32m\x1b[Kprint\x1b[m\x1b[K()\x1b[m\x1b[K\xe2\x80\x99:\n'}
[7.717375] (mission_layer_mvibot) StderrLine: {'line': b'\x1b[01m\x1b[K/home/mvibot/floorCleaningRobot_ws/src/mission_layer_mvibot/src/../include/mission_layer_mvibot/mvibot_mission/variable_function.h:68:18:\x1b[m\x1b[K \x1b[01;35m\x1b[Kwarning: \x1b[m\x1b[Kcomparison of integer expressions of different signedness: \xe2\x80\x98\x1b[01m\x1b[Kint\x1b[m\x1b[K\xe2\x80\x99 and \xe2\x80\x98\x1b[01m\x1b[Kstd::vector<variable_local>::size_type\x1b[m\x1b[K\xe2\x80\x99 {aka \xe2\x80\x98\x1b[01m\x1b[Klong unsigned int\x1b[m\x1b[K\xe2\x80\x99} [\x1b[01;35m\x1b[K\x1b]8;;https://gcc.gnu.org/onlinedocs/gcc/Warning-Options.html#index-Wsign-compare\x07-Wsign-compare\x1b]8;;\x07\x1b[m\x1b[K]\n'}
[7.717419] (mission_layer_mvibot) StderrLine: {'line': b'   68 |     for(int i=0;\x1b[01;35m\x1b[Ki<var.size()\x1b[m\x1b[K;i++){\n'}
[7.717461] (mission_layer_mvibot) StderrLine: {'line': b'      |                 \x1b[01;35m\x1b[K~^~~~~~~~~~~\x1b[m\x1b[K\n'}
[7.719726] (-) TimerEvent: {}
[7.727659] (mission_layer_mvibot) StderrLine: {'line': b'\x1b[01m\x1b[K/home/mvibot/floorCleaningRobot_ws/src/mission_layer_mvibot/src/../include/mission_layer_mvibot/mvibot_mission/variable_function.h:\x1b[m\x1b[K In member function \xe2\x80\x98\x1b[01m\x1b[Kvoid variable_function::\x1b[01;32m\x1b[Kpub_variable\x1b[m\x1b[K()\x1b[m\x1b[K\xe2\x80\x99:\n'}
[7.727805] (mission_layer_mvibot) StderrLine: {'line': b'\x1b[01m\x1b[K/home/mvibot/floorCleaningRobot_ws/src/mission_layer_mvibot/src/../include/mission_layer_mvibot/mvibot_mission/variable_function.h:208:22:\x1b[m\x1b[K \x1b[01;35m\x1b[Kwarning: \x1b[m\x1b[Kcomparison of integer expressions of different signedness: \xe2\x80\x98\x1b[01m\x1b[Kint\x1b[m\x1b[K\xe2\x80\x99 and \xe2\x80\x98\x1b[01m\x1b[Kstd::vector<variable_local>::size_type\x1b[m\x1b[K\xe2\x80\x99 {aka \xe2\x80\x98\x1b[01m\x1b[Klong unsigned int\x1b[m\x1b[K\xe2\x80\x99} [\x1b[01;35m\x1b[K\x1b]8;;https://gcc.gnu.org/onlinedocs/gcc/Warning-Options.html#index-Wsign-compare\x07-Wsign-compare\x1b]8;;\x07\x1b[m\x1b[K]\n'}
[7.727867] (mission_layer_mvibot) StderrLine: {'line': b'  208 |         for(int i=0;\x1b[01;35m\x1b[Ki<my_vars_local.var.size()\x1b[m\x1b[K;i++){\n'}
[7.727913] (mission_layer_mvibot) StderrLine: {'line': b'      |                     \x1b[01;35m\x1b[K~^~~~~~~~~~~~~~~~~~~~~~~~~\x1b[m\x1b[K\n'}
[7.740111] (mission_layer_mvibot) StderrLine: {'line': b'\x1b[01m\x1b[K/home/mvibot/floorCleaningRobot_ws/src/mission_layer_mvibot/src/../include/mission_layer_mvibot/mvibot_mission/variable_function.h:\x1b[m\x1b[K In member function \xe2\x80\x98\x1b[01m\x1b[Kint variable_function::\x1b[01;32m\x1b[Kaction\x1b[m\x1b[K()\x1b[m\x1b[K\xe2\x80\x99:\n'}
[7.740256] (mission_layer_mvibot) StderrLine: {'line': b'\x1b[01m\x1b[K/home/mvibot/floorCleaningRobot_ws/src/mission_layer_mvibot/src/../include/mission_layer_mvibot/mvibot_mission/variable_function.h:238:22:\x1b[m\x1b[K \x1b[01;35m\x1b[Kwarning: \x1b[m\x1b[Kcomparison of integer expressions of different signedness: \xe2\x80\x98\x1b[01m\x1b[Kint\x1b[m\x1b[K\xe2\x80\x99 and \xe2\x80\x98\x1b[01m\x1b[Kstd::vector<variable_local>::size_type\x1b[m\x1b[K\xe2\x80\x99 {aka \xe2\x80\x98\x1b[01m\x1b[Klong unsigned int\x1b[m\x1b[K\xe2\x80\x99} [\x1b[01;35m\x1b[K\x1b]8;;https://gcc.gnu.org/onlinedocs/gcc/Warning-Options.html#index-Wsign-compare\x07-Wsign-compare\x1b]8;;\x07\x1b[m\x1b[K]\n'}
[7.740313] (mission_layer_mvibot) StderrLine: {'line': b'  238 |         for(int i=0;\x1b[01;35m\x1b[Ki<my_vars_local.var.size()\x1b[m\x1b[K;i++){\n'}
[7.740359] (mission_layer_mvibot) StderrLine: {'line': b'      |                     \x1b[01;35m\x1b[K~^~~~~~~~~~~~~~~~~~~~~~~~~\x1b[m\x1b[K\n'}
[7.762061] (mission_layer_mvibot) StderrLine: {'line': b'In file included from \x1b[01m\x1b[K/home/mvibot/floorCleaningRobot_ws/src/mission_layer_mvibot/src/mvibot_mission.cpp:9\x1b[m\x1b[K:\n'}
[7.762197] (mission_layer_mvibot) StderrLine: {'line': b'\x1b[01m\x1b[K/home/mvibot/floorCleaningRobot_ws/src/mission_layer_mvibot/src/../include/mission_layer_mvibot/mvibot_mission/gpio_function.h:\x1b[m\x1b[K In member function \xe2\x80\x98\x1b[01m\x1b[Kint gpio_function::\x1b[01;32m\x1b[Kaction\x1b[m\x1b[K()\x1b[m\x1b[K\xe2\x80\x99:\n'}
[7.762247] (mission_layer_mvibot) StderrLine: {'line': b'\x1b[01m\x1b[K/home/mvibot/floorCleaningRobot_ws/src/mission_layer_mvibot/src/../include/mission_layer_mvibot/mvibot_mission/gpio_function.h:164:16:\x1b[m\x1b[K \x1b[01;35m\x1b[Kwarning: \x1b[m\x1b[Kunused variable \xe2\x80\x98\x1b[01m\x1b[Kvalue_return\x1b[m\x1b[K\xe2\x80\x99 [\x1b[01;35m\x1b[K\x1b]8;;https://gcc.gnu.org/onlinedocs/gcc/Warning-Options.html#index-Wunused-variable\x07-Wunused-variable\x1b]8;;\x07\x1b[m\x1b[K]\n'}
[7.762303] (mission_layer_mvibot) StderrLine: {'line': b'  164 |     static int \x1b[01;35m\x1b[Kvalue_return\x1b[m\x1b[K;\n'}
[7.762347] (mission_layer_mvibot) StderrLine: {'line': b'      |                \x1b[01;35m\x1b[K^~~~~~~~~~~~\x1b[m\x1b[K\n'}
[7.819923] (-) TimerEvent: {}
[7.920159] (-) TimerEvent: {}
[8.020433] (-) TimerEvent: {}
[8.120747] (-) TimerEvent: {}
[8.221071] (-) TimerEvent: {}
[8.321391] (-) TimerEvent: {}
[8.421717] (-) TimerEvent: {}
[8.522061] (-) TimerEvent: {}
[8.622378] (-) TimerEvent: {}
[8.722715] (-) TimerEvent: {}
[8.823080] (-) TimerEvent: {}
[8.923432] (-) TimerEvent: {}
[9.023758] (-) TimerEvent: {}
[9.123994] (-) TimerEvent: {}
[9.224254] (-) TimerEvent: {}
[9.324586] (-) TimerEvent: {}
[9.424933] (-) TimerEvent: {}
[9.525253] (-) TimerEvent: {}
[9.625567] (-) TimerEvent: {}
[9.725817] (-) TimerEvent: {}
[9.826035] (-) TimerEvent: {}
[9.926332] (-) TimerEvent: {}
[10.026648] (-) TimerEvent: {}
[10.126971] (-) TimerEvent: {}
[10.227291] (-) TimerEvent: {}
[10.327619] (-) TimerEvent: {}
[10.427945] (-) TimerEvent: {}
[10.528259] (-) TimerEvent: {}
[10.628600] (-) TimerEvent: {}
[10.728927] (-) TimerEvent: {}
[10.829155] (-) TimerEvent: {}
[10.929396] (-) TimerEvent: {}
[11.029719] (-) TimerEvent: {}
[11.130066] (-) TimerEvent: {}
[11.230374] (-) TimerEvent: {}
[11.330694] (-) TimerEvent: {}
[11.431034] (-) TimerEvent: {}
[11.531278] (-) TimerEvent: {}
[11.631600] (-) TimerEvent: {}
[11.731928] (-) TimerEvent: {}
[11.832243] (-) TimerEvent: {}
[11.932558] (-) TimerEvent: {}
[12.032888] (-) TimerEvent: {}
[12.133209] (-) TimerEvent: {}
[12.233570] (-) TimerEvent: {}
[12.333885] (-) TimerEvent: {}
[12.434199] (-) TimerEvent: {}
[12.534514] (-) TimerEvent: {}
[12.634831] (-) TimerEvent: {}
[12.735100] (-) TimerEvent: {}
[12.835320] (-) TimerEvent: {}
[12.935654] (-) TimerEvent: {}
[13.036061] (-) TimerEvent: {}
[13.136321] (-) TimerEvent: {}
[13.236639] (-) TimerEvent: {}
[13.337005] (-) TimerEvent: {}
[13.437328] (-) TimerEvent: {}
[13.537650] (-) TimerEvent: {}
[13.637987] (-) TimerEvent: {}
[13.738362] (-) TimerEvent: {}
[13.838738] (-) TimerEvent: {}
[13.939059] (-) TimerEvent: {}
[14.039377] (-) TimerEvent: {}
[14.139696] (-) TimerEvent: {}
[14.240018] (-) TimerEvent: {}
[14.340343] (-) TimerEvent: {}
[14.440653] (-) TimerEvent: {}
[14.540988] (-) TimerEvent: {}
[14.641316] (-) TimerEvent: {}
[14.741652] (-) TimerEvent: {}
[14.841983] (-) TimerEvent: {}
[14.942321] (-) TimerEvent: {}
[15.042653] (-) TimerEvent: {}
[15.142972] (-) TimerEvent: {}
[15.243291] (-) TimerEvent: {}
[15.343641] (-) TimerEvent: {}
[15.443978] (-) TimerEvent: {}
[15.544333] (-) TimerEvent: {}
[15.644604] (-) TimerEvent: {}
[15.744958] (-) TimerEvent: {}
[15.845291] (-) TimerEvent: {}
[15.945619] (-) TimerEvent: {}
[16.045967] (-) TimerEvent: {}
[16.146287] (-) TimerEvent: {}
[16.246606] (-) TimerEvent: {}
[16.346920] (-) TimerEvent: {}
[16.447144] (-) TimerEvent: {}
[16.547462] (-) TimerEvent: {}
[16.647790] (-) TimerEvent: {}
[16.748080] (-) TimerEvent: {}
[16.848416] (-) TimerEvent: {}
[16.948794] (-) TimerEvent: {}
[17.049130] (-) TimerEvent: {}
[17.149459] (-) TimerEvent: {}
[17.249825] (-) TimerEvent: {}
[17.350198] (-) TimerEvent: {}
[17.450456] (-) TimerEvent: {}
[17.470838] (mission_layer_mvibot) StderrLine: {'line': b'\x1b[01m\x1b[K/home/mvibot/floorCleaningRobot_ws/src/mission_layer_mvibot/src/../include/mission_layer_mvibot/mvibot_mission/manage_mission.h:\x1b[m\x1b[K In member function \xe2\x80\x98\x1b[01m\x1b[Kint manage_mission::\x1b[01;32m\x1b[Kcheck_object\x1b[m\x1b[K(const json&)\x1b[m\x1b[K\xe2\x80\x99:\n'}
[17.470999] (mission_layer_mvibot) StderrLine: {'line': b'\x1b[01m\x1b[K/home/mvibot/floorCleaningRobot_ws/src/mission_layer_mvibot/src/../include/mission_layer_mvibot/mvibot_mission/manage_mission.h:736:1:\x1b[m\x1b[K \x1b[01;35m\x1b[Kwarning: \x1b[m\x1b[Kcontrol reaches end of non-void function [\x1b[01;35m\x1b[K\x1b]8;;https://gcc.gnu.org/onlinedocs/gcc/Warning-Options.html#index-Wreturn-type\x07-Wreturn-type\x1b]8;;\x07\x1b[m\x1b[K]\n'}
[17.471057] (mission_layer_mvibot) StderrLine: {'line': b'  736 | \x1b[01;35m\x1b[K}\x1b[m\x1b[K\n'}
[17.471107] (mission_layer_mvibot) StderrLine: {'line': b'      | \x1b[01;35m\x1b[K^\x1b[m\x1b[K\n'}
[17.476499] (mission_layer_mvibot) StderrLine: {'line': b'\x1b[01m\x1b[K/home/mvibot/floorCleaningRobot_ws/src/mission_layer_mvibot/src/../include/mission_layer_mvibot/mvibot_mission/manage_mission.h:\x1b[m\x1b[K In member function \xe2\x80\x98\x1b[01m\x1b[Kint manage_mission::\x1b[01;32m\x1b[Khandle_content\x1b[m\x1b[K(const json&, const double&, double&, int&, rclcpp::Publisher<std_msgs::msg::String_<std::allocator<void> > >::SharedPtr, rclcpp::Publisher<std_msgs::msg::String_<std::allocator<void> > >::SharedPtr)\x1b[m\x1b[K\xe2\x80\x99:\n'}
[17.476619] (mission_layer_mvibot) StderrLine: {'line': b'\x1b[01m\x1b[K/home/mvibot/floorCleaningRobot_ws/src/mission_layer_mvibot/src/../include/mission_layer_mvibot/mvibot_mission/manage_mission.h:880:1:\x1b[m\x1b[K \x1b[01;35m\x1b[Kwarning: \x1b[m\x1b[Kcontrol reaches end of non-void function [\x1b[01;35m\x1b[K\x1b]8;;https://gcc.gnu.org/onlinedocs/gcc/Warning-Options.html#index-Wreturn-type\x07-Wreturn-type\x1b]8;;\x07\x1b[m\x1b[K]\n'}
[17.476671] (mission_layer_mvibot) StderrLine: {'line': b'  880 | \x1b[01;35m\x1b[K}\x1b[m\x1b[K\n'}
[17.476715] (mission_layer_mvibot) StderrLine: {'line': b'      | \x1b[01;35m\x1b[K^\x1b[m\x1b[K\n'}
[17.480058] (mission_layer_mvibot) StderrLine: {'line': b'\x1b[01m\x1b[K/home/mvibot/floorCleaningRobot_ws/src/mission_layer_mvibot/src/../include/mission_layer_mvibot/mvibot_mission/manage_mission.h:\x1b[m\x1b[K In member function \xe2\x80\x98\x1b[01m\x1b[Kint manage_mission::\x1b[01;32m\x1b[Kexecute_content\x1b[m\x1b[K(mission&, std::vector<std::__cxx11::basic_string<char>, std::allocator<std::__cxx11::basic_string<char> > >&, std::string&, std::string&, int&)\x1b[m\x1b[K\xe2\x80\x99:\n'}
[17.480162] (mission_layer_mvibot) StderrLine: {'line': b'\x1b[01m\x1b[K/home/mvibot/floorCleaningRobot_ws/src/mission_layer_mvibot/src/../include/mission_layer_mvibot/mvibot_mission/manage_mission.h:1147:1:\x1b[m\x1b[K \x1b[01;35m\x1b[Kwarning: \x1b[m\x1b[Kcontrol reaches end of non-void function [\x1b[01;35m\x1b[K\x1b]8;;https://gcc.gnu.org/onlinedocs/gcc/Warning-Options.html#index-Wreturn-type\x07-Wreturn-type\x1b]8;;\x07\x1b[m\x1b[K]\n'}
[17.480216] (mission_layer_mvibot) StderrLine: {'line': b' 1147 | \x1b[01;35m\x1b[K}\x1b[m\x1b[K\n'}
[17.480258] (mission_layer_mvibot) StderrLine: {'line': b'      | \x1b[01;35m\x1b[K^\x1b[m\x1b[K\n'}
[17.550651] (-) TimerEvent: {}
[17.650979] (-) TimerEvent: {}
[17.751299] (-) TimerEvent: {}
[17.851626] (-) TimerEvent: {}
[17.869078] (mission_layer_mvibot) StderrLine: {'line': b'\x1b[01m\x1b[K/home/mvibot/floorCleaningRobot_ws/src/mission_layer_mvibot/src/../include/mission_layer_mvibot/mvibot_mission/navigation_function.h:\x1b[m\x1b[K In member function \xe2\x80\x98\x1b[01m\x1b[Kint navigation_function::\x1b[01;32m\x1b[Kaction\x1b[m\x1b[K()\x1b[m\x1b[K\xe2\x80\x99:\n'}
[17.869215] (mission_layer_mvibot) StderrLine: {'line': b'\x1b[01m\x1b[K/home/mvibot/floorCleaningRobot_ws/src/mission_layer_mvibot/src/../include/mission_layer_mvibot/mvibot_mission/navigation_function.h:1377:1:\x1b[m\x1b[K \x1b[01;35m\x1b[Kwarning: \x1b[m\x1b[Kcontrol reaches end of non-void function [\x1b[01;35m\x1b[K\x1b]8;;https://gcc.gnu.org/onlinedocs/gcc/Warning-Options.html#index-Wreturn-type\x07-Wreturn-type\x1b]8;;\x07\x1b[m\x1b[K]\n'}
[17.869282] (mission_layer_mvibot) StderrLine: {'line': b' 1377 | \x1b[01;35m\x1b[K}\x1b[m\x1b[K\n'}
[17.869329] (mission_layer_mvibot) StderrLine: {'line': b'      | \x1b[01;35m\x1b[K^\x1b[m\x1b[K\n'}
[17.951834] (-) TimerEvent: {}
[18.052165] (-) TimerEvent: {}
[18.152433] (-) TimerEvent: {}
[18.252822] (-) TimerEvent: {}
[18.353054] (-) TimerEvent: {}
[18.453376] (-) TimerEvent: {}
[18.553693] (-) TimerEvent: {}
[18.654060] (-) TimerEvent: {}
[18.754419] (-) TimerEvent: {}
[18.854805] (-) TimerEvent: {}
[18.955159] (-) TimerEvent: {}
[19.055474] (-) TimerEvent: {}
[19.155808] (-) TimerEvent: {}
[19.256040] (-) TimerEvent: {}
[19.356285] (-) TimerEvent: {}
[19.456594] (-) TimerEvent: {}
[19.556832] (-) TimerEvent: {}
[19.657108] (-) TimerEvent: {}
[19.757453] (-) TimerEvent: {}
[19.857702] (-) TimerEvent: {}
[19.957927] (-) TimerEvent: {}
[20.058172] (-) TimerEvent: {}
[20.158429] (-) TimerEvent: {}
[20.258683] (-) TimerEvent: {}
[20.359026] (-) TimerEvent: {}
[20.459349] (-) TimerEvent: {}
[20.559668] (-) TimerEvent: {}
[20.659922] (-) TimerEvent: {}
[20.760258] (-) TimerEvent: {}
[20.860518] (-) TimerEvent: {}
[20.960845] (-) TimerEvent: {}
[21.061158] (-) TimerEvent: {}
[21.161508] (-) TimerEvent: {}
[21.261886] (-) TimerEvent: {}
[21.362150] (-) TimerEvent: {}
[21.462378] (-) TimerEvent: {}
[21.562742] (-) TimerEvent: {}
[21.663027] (-) TimerEvent: {}
[21.763372] (-) TimerEvent: {}
[21.863692] (-) TimerEvent: {}
[21.963913] (-) TimerEvent: {}
[22.064224] (-) TimerEvent: {}
[22.164464] (-) TimerEvent: {}
[22.264760] (-) TimerEvent: {}
[22.364981] (-) TimerEvent: {}
[22.465307] (-) TimerEvent: {}
[22.565576] (-) TimerEvent: {}
[22.665907] (-) TimerEvent: {}
[22.766181] (-) TimerEvent: {}
[22.866514] (-) TimerEvent: {}
[22.966759] (-) TimerEvent: {}
[23.067071] (-) TimerEvent: {}
[23.167317] (-) TimerEvent: {}
[23.267644] (-) TimerEvent: {}
[23.367969] (-) TimerEvent: {}
[23.468287] (-) TimerEvent: {}
[23.568522] (-) TimerEvent: {}
[23.668745] (-) TimerEvent: {}
[23.769100] (-) TimerEvent: {}
[23.869419] (-) TimerEvent: {}
[23.969720] (-) TimerEvent: {}
[24.070057] (-) TimerEvent: {}
[24.170338] (-) TimerEvent: {}
[24.270645] (-) TimerEvent: {}
[24.370947] (-) TimerEvent: {}
[24.471159] (-) TimerEvent: {}
[24.571378] (-) TimerEvent: {}
[24.671636] (-) TimerEvent: {}
[24.771971] (-) TimerEvent: {}
[24.872238] (-) TimerEvent: {}
[24.972563] (-) TimerEvent: {}
[25.072837] (-) TimerEvent: {}
[25.173163] (-) TimerEvent: {}
[25.273527] (-) TimerEvent: {}
[25.373798] (-) TimerEvent: {}
[25.474112] (-) TimerEvent: {}
[25.574430] (-) TimerEvent: {}
[25.674798] (-) TimerEvent: {}
[25.775180] (-) TimerEvent: {}
[25.875580] (-) TimerEvent: {}
[25.975939] (-) TimerEvent: {}
[26.076260] (-) TimerEvent: {}
[26.176544] (-) TimerEvent: {}
[26.276847] (-) TimerEvent: {}
[26.377162] (-) TimerEvent: {}
[26.477475] (-) TimerEvent: {}
[26.577793] (-) TimerEvent: {}
[26.678122] (-) TimerEvent: {}
[26.778514] (-) TimerEvent: {}
[26.878847] (-) TimerEvent: {}
[26.979069] (-) TimerEvent: {}
[27.079395] (-) TimerEvent: {}
[27.179737] (-) TimerEvent: {}
[27.280110] (-) TimerEvent: {}
[27.380453] (-) TimerEvent: {}
[27.480765] (-) TimerEvent: {}
[27.581079] (-) TimerEvent: {}
[27.681406] (-) TimerEvent: {}
[27.781790] (-) TimerEvent: {}
[27.882058] (-) TimerEvent: {}
[27.982312] (-) TimerEvent: {}
[28.082630] (-) TimerEvent: {}
[28.182884] (-) TimerEvent: {}
[28.283132] (-) TimerEvent: {}
[28.383446] (-) TimerEvent: {}
[28.483712] (-) TimerEvent: {}
[28.583950] (-) TimerEvent: {}
[28.684318] (-) TimerEvent: {}
[28.784671] (-) TimerEvent: {}
[28.885033] (-) TimerEvent: {}
[28.985413] (-) TimerEvent: {}
[29.085756] (-) TimerEvent: {}
[29.185989] (-) TimerEvent: {}
[29.286327] (-) TimerEvent: {}
[29.386713] (-) TimerEvent: {}
[29.487108] (-) TimerEvent: {}
[29.587476] (-) TimerEvent: {}
[29.687837] (-) TimerEvent: {}
[29.788157] (-) TimerEvent: {}
[29.888522] (-) TimerEvent: {}
[29.988893] (-) TimerEvent: {}
[30.089244] (-) TimerEvent: {}
[30.189558] (-) TimerEvent: {}
[30.289893] (-) TimerEvent: {}
[30.390132] (-) TimerEvent: {}
[30.490488] (-) TimerEvent: {}
[30.590809] (-) TimerEvent: {}
[30.691189] (-) TimerEvent: {}
[30.791466] (-) TimerEvent: {}
[30.891804] (-) TimerEvent: {}
[30.992075] (-) TimerEvent: {}
[31.092443] (-) TimerEvent: {}
[31.192843] (-) TimerEvent: {}
[31.293183] (-) TimerEvent: {}
[31.393519] (-) TimerEvent: {}
[31.493881] (-) TimerEvent: {}
[31.594232] (-) TimerEvent: {}
[31.694565] (-) TimerEvent: {}
[31.794922] (-) TimerEvent: {}
[31.895278] (-) TimerEvent: {}
[31.995618] (-) TimerEvent: {}
[32.095984] (-) TimerEvent: {}
[32.196342] (-) TimerEvent: {}
[32.296643] (-) TimerEvent: {}
[32.396962] (-) TimerEvent: {}
[32.497303] (-) TimerEvent: {}
[32.597633] (-) TimerEvent: {}
[32.697982] (-) TimerEvent: {}
[32.798214] (-) TimerEvent: {}
[32.898560] (-) TimerEvent: {}
[32.998903] (-) TimerEvent: {}
[33.099248] (-) TimerEvent: {}
[33.199561] (-) TimerEvent: {}
[33.299863] (-) TimerEvent: {}
[33.400177] (-) TimerEvent: {}
[33.500508] (-) TimerEvent: {}
[33.600830] (-) TimerEvent: {}
[33.701044] (-) TimerEvent: {}
[33.801334] (-) TimerEvent: {}
[33.901642] (-) TimerEvent: {}
[34.001954] (-) TimerEvent: {}
[34.102278] (-) TimerEvent: {}
[34.202521] (-) TimerEvent: {}
[34.302829] (-) TimerEvent: {}
[34.403137] (-) TimerEvent: {}
[34.503481] (-) TimerEvent: {}
[34.603843] (-) TimerEvent: {}
[34.704175] (-) TimerEvent: {}
[34.804556] (-) TimerEvent: {}
[34.904906] (-) TimerEvent: {}
[35.005222] (-) TimerEvent: {}
[35.105571] (-) TimerEvent: {}
[35.205857] (-) TimerEvent: {}
[35.306134] (-) TimerEvent: {}
[35.406481] (-) TimerEvent: {}
[35.506771] (-) TimerEvent: {}
[35.607001] (-) TimerEvent: {}
[35.707253] (-) TimerEvent: {}
[35.807501] (-) TimerEvent: {}
[35.907761] (-) TimerEvent: {}
[36.008013] (-) TimerEvent: {}
[36.108336] (-) TimerEvent: {}
[36.208672] (-) TimerEvent: {}
[36.309016] (-) TimerEvent: {}
[36.409269] (-) TimerEvent: {}
[36.509534] (-) TimerEvent: {}
[36.609904] (-) TimerEvent: {}
[36.710236] (-) TimerEvent: {}
[36.810584] (-) TimerEvent: {}
[36.910859] (-) TimerEvent: {}
[36.944050] (mission_layer_mvibot) StdoutLine: {'line': b'[100%] \x1b[32m\x1b[1mLinking CXX executable mvibot_mission\x1b[0m\n'}
[37.010964] (-) TimerEvent: {}
[37.111257] (-) TimerEvent: {}
[37.211582] (-) TimerEvent: {}
[37.311849] (-) TimerEvent: {}
[37.412085] (-) TimerEvent: {}
[37.512424] (-) TimerEvent: {}
[37.612680] (-) TimerEvent: {}
[37.712944] (-) TimerEvent: {}
[37.813322] (-) TimerEvent: {}
[37.913600] (-) TimerEvent: {}
[38.013881] (-) TimerEvent: {}
[38.114223] (-) TimerEvent: {}
[38.214470] (-) TimerEvent: {}
[38.314690] (-) TimerEvent: {}
[38.414947] (-) TimerEvent: {}
[38.515188] (-) TimerEvent: {}
[38.572949] (mission_layer_mvibot) StdoutLine: {'line': b'[100%] Built target mvibot_mission\n'}
[38.581000] (mission_layer_mvibot) CommandEnded: {'returncode': 0}
[38.581422] (mission_layer_mvibot) JobProgress: {'identifier': 'mission_layer_mvibot', 'progress': 'install'}
[38.587749] (mission_layer_mvibot) Command: {'cmd': ['/usr/bin/cmake', '--install', '/home/mvibot/floorCleaningRobot_ws/build/mission_layer_mvibot'], 'cwd': '/home/mvibot/floorCleaningRobot_ws/build/mission_layer_mvibot', 'env': OrderedDict({'LESSOPEN': '| /usr/bin/lesspipe %s', 'USER': 'mvibot', 'XDG_SESSION_TYPE': 'wayland', 'ROS_APT_SOURCE_VERSION': '1.1.0', 'SHLVL': '1', 'LD_LIBRARY_PATH': '/home/mvibot/floorCleaningRobot_ws/install/opennav_coverage_msgs/lib:/opt/ros/jazzy/opt/rviz_ogre_vendor/lib:/opt/ros/jazzy/lib/x86_64-linux-gnu:/opt/ros/jazzy/opt/gz_math_vendor/lib:/opt/ros/jazzy/opt/gz_utils_vendor/lib:/opt/ros/jazzy/opt/gz_cmake_vendor/lib:/opt/ros/jazzy/lib', 'HOME': '/home/mvibot', 'OLDPWD': '/home/mvibot', 'DESKTOP_SESSION': 'ubuntu', 'ROS_PYTHON_VERSION': '3', 'GNOME_SHELL_SESSION_MODE': 'ubuntu', 'GTK_MODULES': 'gail:atk-bridge', 'SYSTEMD_EXEC_PID': '2939', 'GSM_SKIP_SSH_AGENT_WORKAROUND': 'true', 'DBUS_SESSION_BUS_ADDRESS': 'unix:path=/run/user/1000/bus', 'COLORTERM': 'truecolor', 'DEBUGINFOD_URLS': 'https://debuginfod.ubuntu.com', 'IM_CONFIG_PHASE': '1', 'WAYLAND_DISPLAY': 'wayland-0', 'ROS_DISTRO': 'jazzy', 'LOGNAME': 'mvibot', '_': '/usr/bin/colcon', 'ROS_VERSION': '2', 'MEMORY_PRESSURE_WATCH': '/sys/fs/cgroup/user.slice/user-1000.slice/user@1000.service/session.slice/org.gnome.Shell@wayland.service/memory.pressure', 'XDG_SESSION_CLASS': 'user', 'USERNAME': 'mvibot', 'TERM': 'xterm-256color', 'GNOME_DESKTOP_SESSION_ID': 'this-is-deprecated', 'PATH': '/opt/ros/jazzy/bin:/usr/local/sbin:/usr/local/bin:/usr/sbin:/usr/bin:/sbin:/bin:/usr/games:/usr/local/games:/snap/bin:/snap/bin', 'SESSION_MANAGER': 'local/mvibot:@/tmp/.ICE-unix/2913,unix/mvibot:/tmp/.ICE-unix/2913', 'XDG_MENU_PREFIX': 'gnome-', 'GNOME_TERMINAL_SCREEN': '/org/gnome/Terminal/screen/b7a177f3_03ee_4737_8328_c3bdd1e2124b', 'GNOME_SETUP_DISPLAY': ':1', 'XDG_RUNTIME_DIR': '/run/user/1000', 'DISPLAY': ':0', 'LANG': 'en_US.UTF-8', 'XDG_CURRENT_DESKTOP': 'ubuntu:GNOME', 'XMODIFIERS': '@im=ibus', 'XDG_SESSION_DESKTOP': 'ubuntu', 'XAUTHORITY': '/run/user/1000/.mutter-Xwaylandauth.IPMDD3', 'LS_COLORS': 'rs=0:di=01;34:ln=01;36:mh=00:pi=40;33:so=01;35:do=01;35:bd=40;33;01:cd=40;33;01:or=40;31;01:mi=00:su=37;41:sg=30;43:ca=00:tw=30;42:ow=34;42:st=37;44:ex=01;32:*.tar=01;31:*.tgz=01;31:*.arc=01;31:*.arj=01;31:*.taz=01;31:*.lha=01;31:*.lz4=01;31:*.lzh=01;31:*.lzma=01;31:*.tlz=01;31:*.txz=01;31:*.tzo=01;31:*.t7z=01;31:*.zip=01;31:*.z=01;31:*.dz=01;31:*.gz=01;31:*.lrz=01;31:*.lz=01;31:*.lzo=01;31:*.xz=01;31:*.zst=01;31:*.tzst=01;31:*.bz2=01;31:*.bz=01;31:*.tbz=01;31:*.tbz2=01;31:*.tz=01;31:*.deb=01;31:*.rpm=01;31:*.jar=01;31:*.war=01;31:*.ear=01;31:*.sar=01;31:*.rar=01;31:*.alz=01;31:*.ace=01;31:*.zoo=01;31:*.cpio=01;31:*.7z=01;31:*.rz=01;31:*.cab=01;31:*.wim=01;31:*.swm=01;31:*.dwm=01;31:*.esd=01;31:*.avif=01;35:*.jpg=01;35:*.jpeg=01;35:*.mjpg=01;35:*.mjpeg=01;35:*.gif=01;35:*.bmp=01;35:*.pbm=01;35:*.pgm=01;35:*.ppm=01;35:*.tga=01;35:*.xbm=01;35:*.xpm=01;35:*.tif=01;35:*.tiff=01;35:*.png=01;35:*.svg=01;35:*.svgz=01;35:*.mng=01;35:*.pcx=01;35:*.mov=01;35:*.mpg=01;35:*.mpeg=01;35:*.m2v=01;35:*.mkv=01;35:*.webm=01;35:*.webp=01;35:*.ogm=01;35:*.mp4=01;35:*.m4v=01;35:*.mp4v=01;35:*.vob=01;35:*.qt=01;35:*.nuv=01;35:*.wmv=01;35:*.asf=01;35:*.rm=01;35:*.rmvb=01;35:*.flc=01;35:*.avi=01;35:*.fli=01;35:*.flv=01;35:*.gl=01;35:*.dl=01;35:*.xcf=01;35:*.xwd=01;35:*.yuv=01;35:*.cgm=01;35:*.emf=01;35:*.ogv=01;35:*.ogx=01;35:*.aac=00;36:*.au=00;36:*.flac=00;36:*.m4a=00;36:*.mid=00;36:*.midi=00;36:*.mka=00;36:*.mp3=00;36:*.mpc=00;36:*.ogg=00;36:*.ra=00;36:*.wav=00;36:*.oga=00;36:*.opus=00;36:*.spx=00;36:*.xspf=00;36:*~=00;90:*#=00;90:*.bak=00;90:*.crdownload=00;90:*.dpkg-dist=00;90:*.dpkg-new=00;90:*.dpkg-old=00;90:*.dpkg-tmp=00;90:*.old=00;90:*.orig=00;90:*.part=00;90:*.rej=00;90:*.rpmnew=00;90:*.rpmorig=00;90:*.rpmsave=00;90:*.swp=00;90:*.tmp=00;90:*.ucf-dist=00;90:*.ucf-new=00;90:*.ucf-old=00;90:', 'GNOME_TERMINAL_SERVICE': ':1.117', 'SSH_AUTH_SOCK': '/run/user/1000/keyring/ssh', 'ROS_DOMAIN_ID': '10', 'AMENT_PREFIX_PATH': '/home/mvibot/floorCleaningRobot_ws/install/opennav_coverage_msgs:/opt/ros/jazzy', 'SHELL': '/bin/bash', 'QT_ACCESSIBILITY': '1', 'GDMSESSION': 'ubuntu', 'LESSCLOSE': '/usr/bin/lesspipe %s %s', 'ROS_AUTOMATIC_DISCOVERY_RANGE': 'SUBNET', 'QT_IM_MODULE': 'ibus', 'PWD': '/home/mvibot/floorCleaningRobot_ws/build/mission_layer_mvibot', 'XDG_CONFIG_DIRS': '/etc/xdg/xdg-ubuntu:/etc/xdg', 'XDG_DATA_DIRS': '/usr/share/ubuntu:/usr/share/gnome:/usr/local/share/:/usr/share/:/var/lib/snapd/desktop', 'PYTHONPATH': '/home/mvibot/floorCleaningRobot_ws/install/opennav_coverage_msgs/lib/python3.12/site-packages:/opt/ros/jazzy/lib/python3.12/site-packages', 'COLCON': '1', 'MEMORY_PRESSURE_WRITE': 'c29tZSAyMDAwMDAgMjAwMDAwMAA=', 'VTE_VERSION': '7600', 'CMAKE_PREFIX_PATH': '/home/mvibot/floorCleaningRobot_ws/install/opennav_coverage_msgs:/opt/ros/jazzy/opt/gz_math_vendor:/opt/ros/jazzy/opt/gz_utils_vendor:/opt/ros/jazzy/opt/gz_cmake_vendor:/opt/ros/jazzy'}), 'shell': False}
[38.592967] (mission_layer_mvibot) StdoutLine: {'line': b'-- Install configuration: ""\n'}
[38.593196] (mission_layer_mvibot) StdoutLine: {'line': b'-- Execute custom install script\n'}
[38.593645] (mission_layer_mvibot) StdoutLine: {'line': b'-- Symlinking: /home/mvibot/floorCleaningRobot_ws/install/mission_layer_mvibot/share/mission_layer_mvibot//launch/mvibot_behavior_launch.py\n'}
[38.599898] (mission_layer_mvibot) StdoutLine: {'line': b'-- Symlinking: /home/mvibot/floorCleaningRobot_ws/install/mission_layer_mvibot/share/mission_layer_mvibot//launch/mvibot_bt_navigator_launch.py\n'}
[38.605877] (mission_layer_mvibot) StdoutLine: {'line': b'-- Symlinking: /home/mvibot/floorCleaningRobot_ws/install/mission_layer_mvibot/share/mission_layer_mvibot//launch/mvibot_collision_monitor_launch.py\n'}
[38.611870] (mission_layer_mvibot) StdoutLine: {'line': b'-- Symlinking: /home/mvibot/floorCleaningRobot_ws/install/mission_layer_mvibot/share/mission_layer_mvibot//launch/mvibot_controller_launch.py\n'}
[38.615284] (-) TimerEvent: {}
[38.618298] (mission_layer_mvibot) StdoutLine: {'line': b'-- Symlinking: /home/mvibot/floorCleaningRobot_ws/install/mission_layer_mvibot/share/mission_layer_mvibot//launch/mvibot_lifecycle_manager_navigation_launch.py\n'}
[38.624313] (mission_layer_mvibot) StdoutLine: {'line': b'-- Symlinking: /home/mvibot/floorCleaningRobot_ws/install/mission_layer_mvibot/share/mission_layer_mvibot//launch/mvibot_manage_mission_launch.py\n'}
[38.630170] (mission_layer_mvibot) StdoutLine: {'line': b'-- Symlinking: /home/mvibot/floorCleaningRobot_ws/install/mission_layer_mvibot/share/mission_layer_mvibot//launch/mvibot_mission_launch.py\n'}
[38.636257] (mission_layer_mvibot) StdoutLine: {'line': b'-- Symlinking: /home/mvibot/floorCleaningRobot_ws/install/mission_layer_mvibot/share/mission_layer_mvibot//launch/mvibot_navigation_launch.py\n'}
[38.642112] (mission_layer_mvibot) StdoutLine: {'line': b'-- Symlinking: /home/mvibot/floorCleaningRobot_ws/install/mission_layer_mvibot/share/mission_layer_mvibot//launch/mvibot_opennav_coverage_launch.py\n'}
[38.648228] (mission_layer_mvibot) StdoutLine: {'line': b'-- Symlinking: /home/mvibot/floorCleaningRobot_ws/install/mission_layer_mvibot/share/mission_layer_mvibot//launch/mvibot_planner_launch.py\n'}
[38.654576] (mission_layer_mvibot) StdoutLine: {'line': b'-- Symlinking: /home/mvibot/floorCleaningRobot_ws/install/mission_layer_mvibot/share/mission_layer_mvibot//launch/mvibot_smoother_launch.py\n'}
[38.660471] (mission_layer_mvibot) StdoutLine: {'line': b'-- Symlinking: /home/mvibot/floorCleaningRobot_ws/install/mission_layer_mvibot/share/mission_layer_mvibot//launch/mvibot_velocity_smoother_launch.py\n'}
[38.666339] (mission_layer_mvibot) StdoutLine: {'line': b'-- Symlinking: /home/mvibot/floorCleaningRobot_ws/install/mission_layer_mvibot/share/mission_layer_mvibot//launch/mvibot_waypoint_follower_launch.py\n'}
[38.672720] (mission_layer_mvibot) StdoutLine: {'line': b'-- Symlinking: /home/mvibot/floorCleaningRobot_ws/install/mission_layer_mvibot/lib/mission_layer_mvibot/mvibot_mission\n'}
[38.678567] (mission_layer_mvibot) StdoutLine: {'line': b'-- Symlinking: /home/mvibot/floorCleaningRobot_ws/install/mission_layer_mvibot/share/ament_index/resource_index/package_run_dependencies/mission_layer_mvibot\n'}
[38.684698] (mission_layer_mvibot) StdoutLine: {'line': b'-- Symlinking: /home/mvibot/floorCleaningRobot_ws/install/mission_layer_mvibot/share/ament_index/resource_index/parent_prefix_path/mission_layer_mvibot\n'}
[38.690896] (mission_layer_mvibot) StdoutLine: {'line': b'-- Symlinking: /home/mvibot/floorCleaningRobot_ws/install/mission_layer_mvibot/share/mission_layer_mvibot/environment/ament_prefix_path.sh\n'}
[38.696946] (mission_layer_mvibot) StdoutLine: {'line': b'-- Symlinking: /home/mvibot/floorCleaningRobot_ws/install/mission_layer_mvibot/share/mission_layer_mvibot/environment/ament_prefix_path.dsv\n'}
[38.702700] (mission_layer_mvibot) StdoutLine: {'line': b'-- Symlinking: /home/mvibot/floorCleaningRobot_ws/install/mission_layer_mvibot/share/mission_layer_mvibot/environment/path.sh\n'}
[38.709297] (mission_layer_mvibot) StdoutLine: {'line': b'-- Symlinking: /home/mvibot/floorCleaningRobot_ws/install/mission_layer_mvibot/share/mission_layer_mvibot/environment/path.dsv\n'}
[38.715395] (mission_layer_mvibot) StdoutLine: {'line': b'-- Symlinking: /home/mvibot/floorCleaningRobot_ws/install/mission_layer_mvibot/share/mission_layer_mvibot/local_setup.bash\n'}
[38.715525] (-) TimerEvent: {}
[38.721511] (mission_layer_mvibot) StdoutLine: {'line': b'-- Symlinking: /home/mvibot/floorCleaningRobot_ws/install/mission_layer_mvibot/share/mission_layer_mvibot/local_setup.sh\n'}
[38.727531] (mission_layer_mvibot) StdoutLine: {'line': b'-- Symlinking: /home/mvibot/floorCleaningRobot_ws/install/mission_layer_mvibot/share/mission_layer_mvibot/local_setup.zsh\n'}
[38.734125] (mission_layer_mvibot) StdoutLine: {'line': b'-- Symlinking: /home/mvibot/floorCleaningRobot_ws/install/mission_layer_mvibot/share/mission_layer_mvibot/local_setup.dsv\n'}
[38.740694] (mission_layer_mvibot) StdoutLine: {'line': b'-- Symlinking: /home/mvibot/floorCleaningRobot_ws/install/mission_layer_mvibot/share/mission_layer_mvibot/package.dsv\n'}
[38.746776] (mission_layer_mvibot) StdoutLine: {'line': b'-- Symlinking: /home/mvibot/floorCleaningRobot_ws/install/mission_layer_mvibot/share/ament_index/resource_index/packages/mission_layer_mvibot\n'}
[38.754065] (mission_layer_mvibot) StdoutLine: {'line': b'-- Symlinking: /home/mvibot/floorCleaningRobot_ws/install/mission_layer_mvibot/share/mission_layer_mvibot/cmake/mission_layer_mvibotConfig.cmake\n'}
[38.760413] (mission_layer_mvibot) StdoutLine: {'line': b'-- Symlinking: /home/mvibot/floorCleaningRobot_ws/install/mission_layer_mvibot/share/mission_layer_mvibot/cmake/mission_layer_mvibotConfig-version.cmake\n'}
[38.766321] (mission_layer_mvibot) StdoutLine: {'line': b'-- Symlinking: /home/mvibot/floorCleaningRobot_ws/install/mission_layer_mvibot/share/mission_layer_mvibot/package.xml\n'}
[38.774497] (mission_layer_mvibot) CommandEnded: {'returncode': 0}
[38.784417] (mission_layer_mvibot) JobEnded: {'identifier': 'mission_layer_mvibot', 'rc': 0}
[38.785303] (-) EventReactorShutdown: {}
