[0.000000] (-) TimerEvent: {}
[0.000163] (-) JobUnselected: {'identifier': 'fields2cover'}
[0.000192] (-) JobUnselected: {'identifier': 'higher_layer_mvibot'}
[0.000229] (-) JobUnselected: {'identifier': 'ira_laser_tools'}
[0.000244] (-) JobUnselected: {'identifier': 'lower_layer_mvibot'}
[0.000268] (-) JobUnselected: {'identifier': 'opennav_coverage'}
[0.000296] (-) JobUnselected: {'identifier': 'opennav_coverage_bt'}
[0.000308] (-) JobUnselected: {'identifier': 'opennav_coverage_demo'}
[0.000466] (-) JobUnselected: {'identifier': 'opennav_coverage_msgs'}
[0.000478] (-) JobUnselected: {'identifier': 'opennav_coverage_navigator'}
[0.000505] (-) JobUnselected: {'identifier': 'opennav_row_coverage'}
[0.000517] (-) JobUnselected: {'identifier': 'pointcloud_to_laserscan'}
[0.000548] (-) JobUnselected: {'identifier': 'realsense2_camera'}
[0.000559] (-) JobUnselected: {'identifier': 'realsense2_camera_msgs'}
[0.000569] (-) JobUnselected: {'identifier': 'realsense2_description'}
[0.000580] (-) JobUnselected: {'identifier': 'sllidar_ros2'}
[0.000590] (-) JobUnselected: {'identifier': 'tf2_web_republisher'}
[0.000601] (-) JobUnselected: {'identifier': 'tf2_web_republisher_interfaces'}
[0.000613] (mission_layer_mvibot) JobQueued: {'identifier': 'mission_layer_mvibot', 'dependencies': OrderedDict({'opennav_coverage_msgs': '/home/mvibot/floorCleaningRobot_ws/install/opennav_coverage_msgs'})}
[0.001115] (mission_layer_mvibot) JobStarted: {'identifier': 'mission_layer_mvibot'}
[0.026665] (mission_layer_mvibot) JobProgress: {'identifier': 'mission_layer_mvibot', 'progress': 'cmake'}
[0.028576] (mission_layer_mvibot) JobProgress: {'identifier': 'mission_layer_mvibot', 'progress': 'build'}
[0.030241] (mission_layer_mvibot) Command: {'cmd': ['/usr/bin/cmake', '--build', '/home/mvibot/floorCleaningRobot_ws/build/mission_layer_mvibot', '--', '-j8', '-l8'], 'cwd': '/home/mvibot/floorCleaningRobot_ws/build/mission_layer_mvibot', 'env': OrderedDict({'LESSOPEN': '| /usr/bin/lesspipe %s', 'USER': 'mvibot', 'SSH_CLIENT': '10.0.61.6 42856 22', 'GZ_CONFIG_PATH': '/opt/ros/jazzy/opt/gz_sim_vendor/share/gz:/opt/ros/jazzy/opt/sdformat_vendor/share/gz:/opt/ros/jazzy/opt/gz_gui_vendor/share/gz:/opt/ros/jazzy/opt/gz_transport_vendor/share/gz:/opt/ros/jazzy/opt/gz_rendering_vendor/share/gz:/opt/ros/jazzy/opt/gz_plugin_vendor/share/gz:/opt/ros/jazzy/opt/gz_fuel_tools_vendor/share/gz:/opt/ros/jazzy/opt/gz_msgs_vendor/share/gz:/opt/ros/jazzy/opt/gz_common_vendor/share/gz', 'XDG_SESSION_TYPE': 'tty', 'SHLVL': '1', 'LD_LIBRARY_PATH': '/home/mvibot/floorCleaningRobot_ws/install/opennav_coverage_msgs/lib:/home/mvibot/floorCleaningRobot_ws/install/tf2_web_republisher/lib:/home/mvibot/floorCleaningRobot_ws/install/tf2_web_republisher_interfaces/lib:/home/mvibot/floorCleaningRobot_ws/install/realsense2_camera/lib:/home/mvibot/floorCleaningRobot_ws/install/realsense2_camera_msgs/lib:/home/mvibot/floorCleaningRobot_ws/install/pointcloud_to_laserscan/lib:/home/mvibot/floorCleaningRobot_ws/install/opennav_row_coverage/lib:/home/mvibot/floorCleaningRobot_ws/install/opennav_coverage_navigator/lib:/home/mvibot/floorCleaningRobot_ws/install/opennav_coverage_bt/lib:/home/mvibot/floorCleaningRobot_ws/install/opennav_coverage/lib:/home/mvibot/floorCleaningRobot_ws/install/fields2cover/lib:/opt/ros/jazzy/opt/gz_sim_vendor/lib:/opt/ros/jazzy/opt/gz_sensors_vendor/lib:/opt/ros/jazzy/opt/gz_physics_vendor/lib:/opt/ros/jazzy/opt/sdformat_vendor/lib:/opt/ros/jazzy/opt/rviz_ogre_vendor/lib:/opt/ros/jazzy/lib/x86_64-linux-gnu:/opt/ros/jazzy/opt/gz_gui_vendor/lib:/opt/ros/jazzy/opt/gz_transport_vendor/lib:/opt/ros/jazzy/opt/gz_rendering_vendor/lib:/opt/ros/jazzy/opt/gz_plugin_vendor/lib:/opt/ros/jazzy/opt/gz_fuel_tools_vendor/lib:/opt/ros/jazzy/opt/gz_msgs_vendor/lib:/opt/ros/jazzy/opt/gz_common_vendor/lib:/opt/ros/jazzy/opt/gz_math_vendor/lib:/opt/ros/jazzy/opt/gz_utils_vendor/lib:/opt/ros/jazzy/opt/gz_tools_vendor/lib:/opt/ros/jazzy/opt/gz_ogre_next_vendor/lib:/opt/ros/jazzy/opt/gz_dartsim_vendor/lib:/opt/ros/jazzy/opt/gz_cmake_vendor/lib:/opt/ros/jazzy/lib', 'HOME': '/home/mvibot', 'OLDPWD': '/home/mvibot', 'NVM_BIN': '/home/mvibot/.nvm/versions/node/v24.12.0/bin', 'SSH_TTY': '/dev/pts/2', 'NVM_INC': '/home/mvibot/.nvm/versions/node/v24.12.0/include/node', 'ROS_PYTHON_VERSION': '3', 'DBUS_SESSION_BUS_ADDRESS': 'unix:path=/run/user/1000/bus', 'NVM_DIR': '/home/mvibot/.nvm', 'DEBUGINFOD_URLS': 'https://debuginfod.ubuntu.com', 'COLCON_PREFIX_PATH': '/home/mvibot/floorCleaningRobot_ws/install', 'ROS_DISTRO': 'jazzy', 'LOGNAME': 'mvibot', '_': '/usr/bin/colcon', 'ROS_VERSION': '2', 'PKG_CONFIG_PATH': '/home/mvibot/floorCleaningRobot_ws/install/fields2cover/lib/x86_64-linux-gnu/pkgconfig:/home/mvibot/floorCleaningRobot_ws/install/fields2cover/lib/pkgconfig', 'XDG_SESSION_CLASS': 'user', 'TERM': 'xterm-256color', 'XDG_SESSION_ID': '5', 'PATH': '/home/mvibot/.nvm/versions/node/v24.12.0/bin:/opt/ros/jazzy/opt/gz_msgs_vendor/bin:/opt/ros/jazzy/opt/gz_tools_vendor/bin:/opt/ros/jazzy/opt/gz_ogre_next_vendor/bin:/opt/ros/jazzy/bin:/usr/local/sbin:/usr/local/bin:/usr/sbin:/usr/bin:/sbin:/bin:/usr/games:/usr/local/games:/snap/bin', 'XDG_RUNTIME_DIR': '/run/user/1000', 'LANG': 'en_US.UTF-8', 'RMW_IMPLEMENTATION': 'rmw_fastrtps_cpp', 'LS_COLORS': 'rs=0:di=01;34:ln=01;36:mh=00:pi=40;33:so=01;35:do=01;35:bd=40;33;01:cd=40;33;01:or=40;31;01:mi=00:su=37;41:sg=30;43:ca=00:tw=30;42:ow=34;42:st=37;44:ex=01;32:*.tar=01;31:*.tgz=01;31:*.arc=01;31:*.arj=01;31:*.taz=01;31:*.lha=01;31:*.lz4=01;31:*.lzh=01;31:*.lzma=01;31:*.tlz=01;31:*.txz=01;31:*.tzo=01;31:*.t7z=01;31:*.zip=01;31:*.z=01;31:*.dz=01;31:*.gz=01;31:*.lrz=01;31:*.lz=01;31:*.lzo=01;31:*.xz=01;31:*.zst=01;31:*.tzst=01;31:*.bz2=01;31:*.bz=01;31:*.tbz=01;31:*.tbz2=01;31:*.tz=01;31:*.deb=01;31:*.rpm=01;31:*.jar=01;31:*.war=01;31:*.ear=01;31:*.sar=01;31:*.rar=01;31:*.alz=01;31:*.ace=01;31:*.zoo=01;31:*.cpio=01;31:*.7z=01;31:*.rz=01;31:*.cab=01;31:*.wim=01;31:*.swm=01;31:*.dwm=01;31:*.esd=01;31:*.avif=01;35:*.jpg=01;35:*.jpeg=01;35:*.mjpg=01;35:*.mjpeg=01;35:*.gif=01;35:*.bmp=01;35:*.pbm=01;35:*.pgm=01;35:*.ppm=01;35:*.tga=01;35:*.xbm=01;35:*.xpm=01;35:*.tif=01;35:*.tiff=01;35:*.png=01;35:*.svg=01;35:*.svgz=01;35:*.mng=01;35:*.pcx=01;35:*.mov=01;35:*.mpg=01;35:*.mpeg=01;35:*.m2v=01;35:*.mkv=01;35:*.webm=01;35:*.webp=01;35:*.ogm=01;35:*.mp4=01;35:*.m4v=01;35:*.mp4v=01;35:*.vob=01;35:*.qt=01;35:*.nuv=01;35:*.wmv=01;35:*.asf=01;35:*.rm=01;35:*.rmvb=01;35:*.flc=01;35:*.avi=01;35:*.fli=01;35:*.flv=01;35:*.gl=01;35:*.dl=01;35:*.xcf=01;35:*.xwd=01;35:*.yuv=01;35:*.cgm=01;35:*.emf=01;35:*.ogv=01;35:*.ogx=01;35:*.aac=00;36:*.au=00;36:*.flac=00;36:*.m4a=00;36:*.mid=00;36:*.midi=00;36:*.mka=00;36:*.mp3=00;36:*.mpc=00;36:*.ogg=00;36:*.ra=00;36:*.wav=00;36:*.oga=00;36:*.opus=00;36:*.spx=00;36:*.xspf=00;36:*~=00;90:*#=00;90:*.bak=00;90:*.crdownload=00;90:*.dpkg-dist=00;90:*.dpkg-new=00;90:*.dpkg-old=00;90:*.dpkg-tmp=00;90:*.old=00;90:*.orig=00;90:*.part=00;90:*.rej=00;90:*.rpmnew=00;90:*.rpmorig=00;90:*.rpmsave=00;90:*.swp=00;90:*.tmp=00;90:*.ucf-dist=00;90:*.ucf-new=00;90:*.ucf-old=00;90:', 'ROS_DOMAIN_ID': '10', 'AMENT_PREFIX_PATH': '/home/mvibot/floorCleaningRobot_ws/install/tf2_web_republisher:/home/mvibot/floorCleaningRobot_ws/install/tf2_web_republisher_interfaces:/home/mvibot/floorCleaningRobot_ws/install/sllidar_ros2:/home/mvibot/floorCleaningRobot_ws/install/realsense2_description:/home/mvibot/floorCleaningRobot_ws/install/realsense2_camera:/home/mvibot/floorCleaningRobot_ws/install/realsense2_camera_msgs:/home/mvibot/floorCleaningRobot_ws/install/pointcloud_to_laserscan:/home/mvibot/floorCleaningRobot_ws/install/opennav_coverage_demo:/home/mvibot/floorCleaningRobot_ws/install/opennav_row_coverage:/home/mvibot/floorCleaningRobot_ws/install/opennav_coverage_navigator:/home/mvibot/floorCleaningRobot_ws/install/opennav_coverage_bt:/home/mvibot/floorCleaningRobot_ws/install/opennav_coverage:/home/mvibot/floorCleaningRobot_ws/install/mission_layer_mvibot:/home/mvibot/floorCleaningRobot_ws/install/opennav_coverage_msgs:/home/mvibot/floorCleaningRobot_ws/install/lower_layer_mvibot:/home/mvibot/floorCleaningRobot_ws/install/ira_laser_tools:/home/mvibot/floorCleaningRobot_ws/install/higher_layer_mvibot:/opt/ros/jazzy', 'SHELL': '/bin/bash', 'LESSCLOSE': '/usr/bin/lesspipe %s %s', 'ROS_AUTOMATIC_DISCOVERY_RANGE': 'SUBNET', 'PWD': '/home/mvibot/floorCleaningRobot_ws/build/mission_layer_mvibot', 'LC_ALL': 'en_US.UTF-8', 'SSH_CONNECTION': '10.0.61.6 42856 10.0.70.69 22', 'NVM_CD_FLAGS': '', 'XDG_DATA_DIRS': '/usr/share/gnome:/usr/local/share:/usr/share:/var/lib/snapd/desktop', 'PYTHONPATH': '/home/mvibot/floorCleaningRobot_ws/install/opennav_coverage_msgs/lib/python3.12/site-packages:/home/mvibot/floorCleaningRobot_ws/install/tf2_web_republisher_interfaces/lib/python3.12/site-packages:/home/mvibot/floorCleaningRobot_ws/install/realsense2_camera_msgs/lib/python3.12/site-packages:/home/mvibot/floorCleaningRobot_ws/build/opennav_coverage_demo:/home/mvibot/floorCleaningRobot_ws/install/opennav_coverage_demo/lib/python3.12/site-packages:/opt/ros/jazzy/lib/python3.12/site-packages', 'COLCON': '1', 'CMAKE_PREFIX_PATH': '/home/mvibot/floorCleaningRobot_ws/install/opennav_coverage_msgs:/home/mvibot/floorCleaningRobot_ws/install/tf2_web_republisher:/home/mvibot/floorCleaningRobot_ws/install/tf2_web_republisher_interfaces:/home/mvibot/floorCleaningRobot_ws/install/sllidar_ros2:/home/mvibot/floorCleaningRobot_ws/install/realsense2_description:/home/mvibot/floorCleaningRobot_ws/install/realsense2_camera:/home/mvibot/floorCleaningRobot_ws/install/realsense2_camera_msgs:/home/mvibot/floorCleaningRobot_ws/install/pointcloud_to_laserscan:/home/mvibot/floorCleaningRobot_ws/install/opennav_row_coverage:/home/mvibot/floorCleaningRobot_ws/install/opennav_coverage_navigator:/home/mvibot/floorCleaningRobot_ws/install/opennav_coverage_bt:/home/mvibot/floorCleaningRobot_ws/install/opennav_coverage:/home/mvibot/floorCleaningRobot_ws/install/mission_layer_mvibot:/home/mvibot/floorCleaningRobot_ws/install/lower_layer_mvibot:/home/mvibot/floorCleaningRobot_ws/install/ira_laser_tools:/home/mvibot/floorCleaningRobot_ws/install/higher_layer_mvibot:/home/mvibot/floorCleaningRobot_ws/install/fields2cover:/opt/ros/jazzy/opt/gz_sim_vendor:/opt/ros/jazzy/opt/gz_sensors_vendor:/opt/ros/jazzy/opt/gz_physics_vendor:/opt/ros/jazzy/opt/sdformat_vendor:/opt/ros/jazzy/opt/gz_gui_vendor:/opt/ros/jazzy/opt/gz_transport_vendor:/opt/ros/jazzy/opt/gz_rendering_vendor:/opt/ros/jazzy/opt/gz_plugin_vendor:/opt/ros/jazzy/opt/gz_fuel_tools_vendor:/opt/ros/jazzy/opt/gz_msgs_vendor:/opt/ros/jazzy/opt/gz_common_vendor:/opt/ros/jazzy/opt/gz_math_vendor:/opt/ros/jazzy/opt/gz_utils_vendor:/opt/ros/jazzy/opt/gz_tools_vendor:/opt/ros/jazzy/opt/gz_ogre_next_vendor:/opt/ros/jazzy/opt/gz_dartsim_vendor:/opt/ros/jazzy/opt/gz_cmake_vendor:/home/mvibot/floorCleaningRobot_ws/install/opennav_coverage_demo:/opt/ros/jazzy'}), 'shell': False}
[0.099782] (-) TimerEvent: {}
[0.200033] (-) TimerEvent: {}
[0.300265] (-) TimerEvent: {}
[0.306394] (mission_layer_mvibot) StdoutLine: {'line': b'[ 50%] \x1b[32mBuilding CXX object CMakeFiles/mvibot_mission.dir/src/mvibot_mission.cpp.o\x1b[0m\n'}
[0.400364] (-) TimerEvent: {}
[0.500617] (-) TimerEvent: {}
[0.600862] (-) TimerEvent: {}
[0.701134] (-) TimerEvent: {}
[0.801497] (-) TimerEvent: {}
[0.901784] (-) TimerEvent: {}
[1.002026] (-) TimerEvent: {}
[1.102264] (-) TimerEvent: {}
[1.202506] (-) TimerEvent: {}
[1.302735] (-) TimerEvent: {}
[1.403016] (-) TimerEvent: {}
[1.503282] (-) TimerEvent: {}
[1.603541] (-) TimerEvent: {}
[1.703800] (-) TimerEvent: {}
[1.804081] (-) TimerEvent: {}
[1.904328] (-) TimerEvent: {}
[2.004563] (-) TimerEvent: {}
[2.104774] (-) TimerEvent: {}
[2.204989] (-) TimerEvent: {}
[2.305200] (-) TimerEvent: {}
[2.405538] (-) TimerEvent: {}
[2.506216] (-) TimerEvent: {}
[2.606624] (-) TimerEvent: {}
[2.707015] (-) TimerEvent: {}
[2.807362] (-) TimerEvent: {}
[2.907606] (-) TimerEvent: {}
[3.007846] (-) TimerEvent: {}
[3.108070] (-) TimerEvent: {}
[3.208295] (-) TimerEvent: {}
[3.308522] (-) TimerEvent: {}
[3.408741] (-) TimerEvent: {}
[3.508942] (-) TimerEvent: {}
[3.609285] (-) TimerEvent: {}
[3.709674] (-) TimerEvent: {}
[3.809872] (-) TimerEvent: {}
[3.910110] (-) TimerEvent: {}
[4.010559] (-) TimerEvent: {}
[4.110813] (-) TimerEvent: {}
[4.211081] (-) TimerEvent: {}
[4.311321] (-) TimerEvent: {}
[4.411579] (-) TimerEvent: {}
[4.512036] (-) TimerEvent: {}
[4.612368] (-) TimerEvent: {}
[4.712615] (-) TimerEvent: {}
[4.812813] (-) TimerEvent: {}
[4.913043] (-) TimerEvent: {}
[5.013383] (-) TimerEvent: {}
[5.113620] (-) TimerEvent: {}
[5.213834] (-) TimerEvent: {}
[5.314073] (-) TimerEvent: {}
[5.414260] (-) TimerEvent: {}
[5.514549] (-) TimerEvent: {}
[5.614772] (-) TimerEvent: {}
[5.715005] (-) TimerEvent: {}
[5.815249] (-) TimerEvent: {}
[5.915484] (-) TimerEvent: {}
[6.015712] (-) TimerEvent: {}
[6.115945] (-) TimerEvent: {}
[6.216186] (-) TimerEvent: {}
[6.316429] (-) TimerEvent: {}
[6.416647] (-) TimerEvent: {}
[6.516871] (-) TimerEvent: {}
[6.617096] (-) TimerEvent: {}
[6.717328] (-) TimerEvent: {}
[6.817539] (-) TimerEvent: {}
[6.917764] (-) TimerEvent: {}
[7.017997] (-) TimerEvent: {}
[7.118221] (-) TimerEvent: {}
[7.218537] (-) TimerEvent: {}
[7.233177] (mission_layer_mvibot) StderrLine: {'line': b'In file included from \x1b[01m\x1b[K/home/mvibot/floorCleaningRobot_ws/src/mission_layer_mvibot/src/mvibot_mission.cpp:3\x1b[m\x1b[K:\n'}
[7.233726] (mission_layer_mvibot) StderrLine: {'line': b'\x1b[01m\x1b[K/home/mvibot/floorCleaningRobot_ws/src/mission_layer_mvibot/src/../include/mission_layer_mvibot/mvibot_mission/manage_mission.h:\x1b[m\x1b[K In lambda function:\n'}
[7.233970] (mission_layer_mvibot) StderrLine: {'line': b'\x1b[01m\x1b[K/home/mvibot/floorCleaningRobot_ws/src/mission_layer_mvibot/src/../include/mission_layer_mvibot/mvibot_mission/manage_mission.h:254:34:\x1b[m\x1b[K \x1b[01;35m\x1b[Kwarning: \x1b[m\x1b[Kcomparison of integer expressions of different signedness: \xe2\x80\x98\x1b[01m\x1b[Kint\x1b[m\x1b[K\xe2\x80\x99 and \xe2\x80\x98\x1b[01m\x1b[Kstd::vector<std::__cxx11::basic_string<char>, std::allocator<std::__cxx11::basic_string<char> > >::size_type\x1b[m\x1b[K\xe2\x80\x99 {aka \xe2\x80\x98\x1b[01m\x1b[Klong unsigned int\x1b[m\x1b[K\xe2\x80\x99} [\x1b[01;35m\x1b[K\x1b]8;;https://gcc.gnu.org/onlinedocs/gcc/Warning-Options.html#index-Wsign-compare\x07-Wsign-compare\x1b]8;;\x07\x1b[m\x1b[K]\n'}
[7.234204] (mission_layer_mvibot) StderrLine: {'line': b'  254 |                     for(int i=1;\x1b[01;35m\x1b[Ki<data.data1.size()\x1b[m\x1b[K;i++){\n'}
[7.234405] (mission_layer_mvibot) StderrLine: {'line': b'      |                                 \x1b[01;35m\x1b[K~^~~~~~~~~~~~~~~~~~\x1b[m\x1b[K\n'}
[7.258851] (mission_layer_mvibot) StderrLine: {'line': b'\x1b[01m\x1b[K/home/mvibot/floorCleaningRobot_ws/src/mission_layer_mvibot/src/../include/mission_layer_mvibot/mvibot_mission/manage_mission.h:\x1b[m\x1b[K In lambda function:\n'}
[7.259200] (mission_layer_mvibot) StderrLine: {'line': b'\x1b[01m\x1b[K/home/mvibot/floorCleaningRobot_ws/src/mission_layer_mvibot/src/../include/mission_layer_mvibot/mvibot_mission/manage_mission.h:292:72:\x1b[m\x1b[K \x1b[01;35m\x1b[Kwarning: \x1b[m\x1b[Kunused parameter \xe2\x80\x98\x1b[01m\x1b[Kmsg\x1b[m\x1b[K\xe2\x80\x99 [\x1b[01;35m\x1b[K\x1b]8;;https://gcc.gnu.org/onlinedocs/gcc/Warning-Options.html#index-Wunused-parameter\x07-Wunused-parameter\x1b]8;;\x07\x1b[m\x1b[K]\n'}
[7.259396] (mission_layer_mvibot) StderrLine: {'line': b'  292 |             auto reset_mission_callback = [this](\x1b[01;35m\x1b[Kstd_msgs::msg::String msg\x1b[m\x1b[K)->void{\n'}
[7.259584] (mission_layer_mvibot) StderrLine: {'line': b'      |                                                  \x1b[01;35m\x1b[K~~~~~~~~~~~~~~~~~~~~~~^~~\x1b[m\x1b[K\n'}
[7.260046] (mission_layer_mvibot) StderrLine: {'line': b'\x1b[01m\x1b[K/home/mvibot/floorCleaningRobot_ws/src/mission_layer_mvibot/src/../include/mission_layer_mvibot/mvibot_mission/manage_mission.h:\x1b[m\x1b[K In lambda function:\n'}
[7.260307] (mission_layer_mvibot) StderrLine: {'line': b'\x1b[01m\x1b[K/home/mvibot/floorCleaningRobot_ws/src/mission_layer_mvibot/src/../include/mission_layer_mvibot/mvibot_mission/manage_mission.h:314:30:\x1b[m\x1b[K \x1b[01;35m\x1b[Kwarning: \x1b[m\x1b[Kcomparison of integer expressions of different signedness: \xe2\x80\x98\x1b[01m\x1b[Kint\x1b[m\x1b[K\xe2\x80\x99 and \xe2\x80\x98\x1b[01m\x1b[Kstd::vector<std::__cxx11::basic_string<char>, std::allocator<std::__cxx11::basic_string<char> > >::size_type\x1b[m\x1b[K\xe2\x80\x99 {aka \xe2\x80\x98\x1b[01m\x1b[Klong unsigned int\x1b[m\x1b[K\xe2\x80\x99} [\x1b[01;35m\x1b[K\x1b]8;;https://gcc.gnu.org/onlinedocs/gcc/Warning-Options.html#index-Wsign-compare\x07-Wsign-compare\x1b]8;;\x07\x1b[m\x1b[K]\n'}
[7.260485] (mission_layer_mvibot) StderrLine: {'line': b'  314 |                 for(int i=0;\x1b[01;35m\x1b[Ki<data.data1.size()\x1b[m\x1b[K;i++){\n'}
[7.260643] (mission_layer_mvibot) StderrLine: {'line': b'      |                             \x1b[01;35m\x1b[K~^~~~~~~~~~~~~~~~~~\x1b[m\x1b[K\n'}
[7.262097] (mission_layer_mvibot) StderrLine: {'line': b'\x1b[01m\x1b[K/home/mvibot/floorCleaningRobot_ws/src/mission_layer_mvibot/src/../include/mission_layer_mvibot/mvibot_mission/manage_mission.h:311:36:\x1b[m\x1b[K \x1b[01;35m\x1b[Kwarning: \x1b[m\x1b[Kunused variable \xe2\x80\x98\x1b[01m\x1b[Klive_f\x1b[m\x1b[K\xe2\x80\x99 [\x1b[01;35m\x1b[K\x1b]8;;https://gcc.gnu.org/onlinedocs/gcc/Warning-Options.html#index-Wunused-variable\x07-Wunused-variable\x1b]8;;\x07\x1b[m\x1b[K]\n'}
[7.262614] (mission_layer_mvibot) StderrLine: {'line': b'  311 |                 static int live=-1,\x1b[01;35m\x1b[Klive_f\x1b[m\x1b[K=-1,brake=-1,brake_f=-1,enable=-1,enable_f=-1,error=-1,error_f=-1;\n'}
[7.262938] (mission_layer_mvibot) StderrLine: {'line': b'      |                                    \x1b[01;35m\x1b[K^~~~~~\x1b[m\x1b[K\n'}
[7.263112] (mission_layer_mvibot) StderrLine: {'line': b'\x1b[01m\x1b[K/home/mvibot/floorCleaningRobot_ws/src/mission_layer_mvibot/src/../include/mission_layer_mvibot/mvibot_mission/manage_mission.h:311:55:\x1b[m\x1b[K \x1b[01;35m\x1b[Kwarning: \x1b[m\x1b[Kunused variable \xe2\x80\x98\x1b[01m\x1b[Kbrake_f\x1b[m\x1b[K\xe2\x80\x99 [\x1b[01;35m\x1b[K\x1b]8;;https://gcc.gnu.org/onlinedocs/gcc/Warning-Options.html#index-Wunused-variable\x07-Wunused-variable\x1b]8;;\x07\x1b[m\x1b[K]\n'}
[7.263378] (mission_layer_mvibot) StderrLine: {'line': b'  311 |                 static int live=-1,live_f=-1,brake=-1,\x1b[01;35m\x1b[Kbrake_f\x1b[m\x1b[K=-1,enable=-1,enable_f=-1,error=-1,error_f=-1;\n'}
[7.263545] (mission_layer_mvibot) StderrLine: {'line': b'      |                                                       \x1b[01;35m\x1b[K^~~~~~~\x1b[m\x1b[K\n'}
[7.263809] (mission_layer_mvibot) StderrLine: {'line': b'\x1b[01m\x1b[K/home/mvibot/floorCleaningRobot_ws/src/mission_layer_mvibot/src/../include/mission_layer_mvibot/mvibot_mission/manage_mission.h:311:76:\x1b[m\x1b[K \x1b[01;35m\x1b[Kwarning: \x1b[m\x1b[Kunused variable \xe2\x80\x98\x1b[01m\x1b[Kenable_f\x1b[m\x1b[K\xe2\x80\x99 [\x1b[01;35m\x1b[K\x1b]8;;https://gcc.gnu.org/onlinedocs/gcc/Warning-Options.html#index-Wunused-variable\x07-Wunused-variable\x1b]8;;\x07\x1b[m\x1b[K]\n'}
[7.264349] (mission_layer_mvibot) StderrLine: {'line': b'  311 |                 static int live=-1,live_f=-1,brake=-1,brake_f=-1,enable=-1,\x1b[01;35m\x1b[Kenable_f\x1b[m\x1b[K=-1,error=-1,error_f=-1;\n'}
[7.264608] (mission_layer_mvibot) StderrLine: {'line': b'      |                                                                            \x1b[01;35m\x1b[K^~~~~~~~\x1b[m\x1b[K\n'}
[7.264783] (mission_layer_mvibot) StderrLine: {'line': b'\x1b[01m\x1b[K/home/mvibot/floorCleaningRobot_ws/src/mission_layer_mvibot/src/../include/mission_layer_mvibot/mvibot_mission/manage_mission.h:311:88:\x1b[m\x1b[K \x1b[01;35m\x1b[Kwarning: \x1b[m\x1b[Kvariable \xe2\x80\x98\x1b[01m\x1b[Kerror\x1b[m\x1b[K\xe2\x80\x99 set but not used [\x1b[01;35m\x1b[K\x1b]8;;https://gcc.gnu.org/onlinedocs/gcc/Warning-Options.html#index-Wunused-but-set-variable\x07-Wunused-but-set-variable\x1b]8;;\x07\x1b[m\x1b[K]\n'}
[7.265053] (mission_layer_mvibot) StderrLine: {'line': b'  311 |                 static int live=-1,live_f=-1,brake=-1,brake_f=-1,enable=-1,enable_f=-1,\x1b[01;35m\x1b[Kerror\x1b[m\x1b[K=-1,error_f=-1;\n'}
[7.265209] (mission_layer_mvibot) StderrLine: {'line': b'      |                                                                                        \x1b[01;35m\x1b[K^~~~~\x1b[m\x1b[K\n'}
[7.265389] (mission_layer_mvibot) StderrLine: {'line': b'\x1b[01m\x1b[K/home/mvibot/floorCleaningRobot_ws/src/mission_layer_mvibot/src/../include/mission_layer_mvibot/mvibot_mission/manage_mission.h:311:97:\x1b[m\x1b[K \x1b[01;35m\x1b[Kwarning: \x1b[m\x1b[Kunused variable \xe2\x80\x98\x1b[01m\x1b[Kerror_f\x1b[m\x1b[K\xe2\x80\x99 [\x1b[01;35m\x1b[K\x1b]8;;https://gcc.gnu.org/onlinedocs/gcc/Warning-Options.html#index-Wunused-variable\x07-Wunused-variable\x1b]8;;\x07\x1b[m\x1b[K]\n'}
[7.265609] (mission_layer_mvibot) StderrLine: {'line': b'  311 |                 static int live=-1,live_f=-1,brake=-1,brake_f=-1,enable=-1,enable_f=-1,error=-1,\x1b[01;35m\x1b[Kerror_f\x1b[m\x1b[K=-1;\n'}
[7.265844] (mission_layer_mvibot) StderrLine: {'line': b'      |                                                                                                 \x1b[01;35m\x1b[K^~~~~~~\x1b[m\x1b[K\n'}
[7.266063] (mission_layer_mvibot) StderrLine: {'line': b'\x1b[01m\x1b[K/home/mvibot/floorCleaningRobot_ws/src/mission_layer_mvibot/src/../include/mission_layer_mvibot/mvibot_mission/manage_mission.h:\x1b[m\x1b[K In lambda function:\n'}
[7.266266] (mission_layer_mvibot) StderrLine: {'line': b'\x1b[01m\x1b[K/home/mvibot/floorCleaningRobot_ws/src/mission_layer_mvibot/src/../include/mission_layer_mvibot/mvibot_mission/manage_mission.h:343:30:\x1b[m\x1b[K \x1b[01;35m\x1b[Kwarning: \x1b[m\x1b[Kcomparison of integer expressions of different signedness: \xe2\x80\x98\x1b[01m\x1b[Kint\x1b[m\x1b[K\xe2\x80\x99 and \xe2\x80\x98\x1b[01m\x1b[Kstd::vector<std::__cxx11::basic_string<char>, std::allocator<std::__cxx11::basic_string<char> > >::size_type\x1b[m\x1b[K\xe2\x80\x99 {aka \xe2\x80\x98\x1b[01m\x1b[Klong unsigned int\x1b[m\x1b[K\xe2\x80\x99} [\x1b[01;35m\x1b[K\x1b]8;;https://gcc.gnu.org/onlinedocs/gcc/Warning-Options.html#index-Wsign-compare\x07-Wsign-compare\x1b]8;;\x07\x1b[m\x1b[K]\n'}
[7.266602] (mission_layer_mvibot) StderrLine: {'line': b'  343 |                 for(int i=0;\x1b[01;35m\x1b[Ki<data.data1.size()\x1b[m\x1b[K;i++){\n'}
[7.266747] (mission_layer_mvibot) StderrLine: {'line': b'      |                             \x1b[01;35m\x1b[K~^~~~~~~~~~~~~~~~~~\x1b[m\x1b[K\n'}
[7.266917] (mission_layer_mvibot) StderrLine: {'line': b'\x1b[01m\x1b[K/home/mvibot/floorCleaningRobot_ws/src/mission_layer_mvibot/src/../include/mission_layer_mvibot/mvibot_mission/manage_mission.h:339:36:\x1b[m\x1b[K \x1b[01;35m\x1b[Kwarning: \x1b[m\x1b[Kunused variable \xe2\x80\x98\x1b[01m\x1b[Klive_f\x1b[m\x1b[K\xe2\x80\x99 [\x1b[01;35m\x1b[K\x1b]8;;https://gcc.gnu.org/onlinedocs/gcc/Warning-Options.html#index-Wunused-variable\x07-Wunused-variable\x1b]8;;\x07\x1b[m\x1b[K]\n'}
[7.267058] (mission_layer_mvibot) StderrLine: {'line': b'  339 |                 static int live=-1,\x1b[01;35m\x1b[Klive_f\x1b[m\x1b[K=-1,brake=-1,brake_f=-1,enable=-1,enable_f=-1,error=-1,error_f=-1;\n'}
[7.267166] (mission_layer_mvibot) StderrLine: {'line': b'      |                                    \x1b[01;35m\x1b[K^~~~~~\x1b[m\x1b[K\n'}
[7.267334] (mission_layer_mvibot) StderrLine: {'line': b'\x1b[01m\x1b[K/home/mvibot/floorCleaningRobot_ws/src/mission_layer_mvibot/src/../include/mission_layer_mvibot/mvibot_mission/manage_mission.h:339:55:\x1b[m\x1b[K \x1b[01;35m\x1b[Kwarning: \x1b[m\x1b[Kunused variable \xe2\x80\x98\x1b[01m\x1b[Kbrake_f\x1b[m\x1b[K\xe2\x80\x99 [\x1b[01;35m\x1b[K\x1b]8;;https://gcc.gnu.org/onlinedocs/gcc/Warning-Options.html#index-Wunused-variable\x07-Wunused-variable\x1b]8;;\x07\x1b[m\x1b[K]\n'}
[7.267458] (mission_layer_mvibot) StderrLine: {'line': b'  339 |                 static int live=-1,live_f=-1,brake=-1,\x1b[01;35m\x1b[Kbrake_f\x1b[m\x1b[K=-1,enable=-1,enable_f=-1,error=-1,error_f=-1;\n'}
[7.267603] (mission_layer_mvibot) StderrLine: {'line': b'      |                                                       \x1b[01;35m\x1b[K^~~~~~~\x1b[m\x1b[K\n'}
[7.267769] (mission_layer_mvibot) StderrLine: {'line': b'\x1b[01m\x1b[K/home/mvibot/floorCleaningRobot_ws/src/mission_layer_mvibot/src/../include/mission_layer_mvibot/mvibot_mission/manage_mission.h:339:76:\x1b[m\x1b[K \x1b[01;35m\x1b[Kwarning: \x1b[m\x1b[Kunused variable \xe2\x80\x98\x1b[01m\x1b[Kenable_f\x1b[m\x1b[K\xe2\x80\x99 [\x1b[01;35m\x1b[K\x1b]8;;https://gcc.gnu.org/onlinedocs/gcc/Warning-Options.html#index-Wunused-variable\x07-Wunused-variable\x1b]8;;\x07\x1b[m\x1b[K]\n'}
[7.267944] (mission_layer_mvibot) StderrLine: {'line': b'  339 |                 static int live=-1,live_f=-1,brake=-1,brake_f=-1,enable=-1,\x1b[01;35m\x1b[Kenable_f\x1b[m\x1b[K=-1,error=-1,error_f=-1;\n'}
[7.268085] (mission_layer_mvibot) StderrLine: {'line': b'      |                                                                            \x1b[01;35m\x1b[K^~~~~~~~\x1b[m\x1b[K\n'}
[7.268248] (mission_layer_mvibot) StderrLine: {'line': b'\x1b[01m\x1b[K/home/mvibot/floorCleaningRobot_ws/src/mission_layer_mvibot/src/../include/mission_layer_mvibot/mvibot_mission/manage_mission.h:339:88:\x1b[m\x1b[K \x1b[01;35m\x1b[Kwarning: \x1b[m\x1b[Kvariable \xe2\x80\x98\x1b[01m\x1b[Kerror\x1b[m\x1b[K\xe2\x80\x99 set but not used [\x1b[01;35m\x1b[K\x1b]8;;https://gcc.gnu.org/onlinedocs/gcc/Warning-Options.html#index-Wunused-but-set-variable\x07-Wunused-but-set-variable\x1b]8;;\x07\x1b[m\x1b[K]\n'}
[7.268535] (mission_layer_mvibot) StderrLine: {'line': b'  339 |                 static int live=-1,live_f=-1,brake=-1,brake_f=-1,enable=-1,enable_f=-1,\x1b[01;35m\x1b[Kerror\x1b[m\x1b[K=-1,error_f=-1;\n'}
[7.268810] (mission_layer_mvibot) StderrLine: {'line': b'      |                                                                                        \x1b[01;35m\x1b[K^~~~~\x1b[m\x1b[K\n'}
[7.268978] (mission_layer_mvibot) StderrLine: {'line': b'\x1b[01m\x1b[K/home/mvibot/floorCleaningRobot_ws/src/mission_layer_mvibot/src/../include/mission_layer_mvibot/mvibot_mission/manage_mission.h:339:97:\x1b[m\x1b[K \x1b[01;35m\x1b[Kwarning: \x1b[m\x1b[Kunused variable \xe2\x80\x98\x1b[01m\x1b[Kerror_f\x1b[m\x1b[K\xe2\x80\x99 [\x1b[01;35m\x1b[K\x1b]8;;https://gcc.gnu.org/onlinedocs/gcc/Warning-Options.html#index-Wunused-variable\x07-Wunused-variable\x1b]8;;\x07\x1b[m\x1b[K]\n'}
[7.269177] (mission_layer_mvibot) StderrLine: {'line': b'  339 |                 static int live=-1,live_f=-1,brake=-1,brake_f=-1,enable=-1,enable_f=-1,error=-1,\x1b[01;35m\x1b[Kerror_f\x1b[m\x1b[K=-1;\n'}
[7.269321] (mission_layer_mvibot) StderrLine: {'line': b'      |                                                                                                 \x1b[01;35m\x1b[K^~~~~~~\x1b[m\x1b[K\n'}
[7.318608] (-) TimerEvent: {}
[7.323956] (mission_layer_mvibot) StderrLine: {'line': b'\x1b[01m\x1b[K/home/mvibot/floorCleaningRobot_ws/src/mission_layer_mvibot/src/../include/mission_layer_mvibot/mvibot_mission/manage_mission.h:\x1b[m\x1b[K In member function \xe2\x80\x98\x1b[01m\x1b[Kdouble* manage_mission::\x1b[01;32m\x1b[Kget_position_tf\x1b[m\x1b[K(std::string, std::string)\x1b[m\x1b[K\xe2\x80\x99:\n'}
[7.324128] (mission_layer_mvibot) StderrLine: {'line': b'\x1b[01m\x1b[K/home/mvibot/floorCleaningRobot_ws/src/mission_layer_mvibot/src/../include/mission_layer_mvibot/mvibot_mission/manage_mission.h:640:23:\x1b[m\x1b[K \x1b[01;35m\x1b[Kwarning: \x1b[m\x1b[Kvariable \xe2\x80\x98\x1b[01m\x1b[Kz\x1b[m\x1b[K\xe2\x80\x99 set but not used [\x1b[01;35m\x1b[K\x1b]8;;https://gcc.gnu.org/onlinedocs/gcc/Warning-Options.html#index-Wunused-but-set-variable\x07-Wunused-but-set-variable\x1b]8;;\x07\x1b[m\x1b[K]\n'}
[7.324213] (mission_layer_mvibot) StderrLine: {'line': b'  640 |     static double x,y,\x1b[01;35m\x1b[Kz\x1b[m\x1b[K,thz,thw;\n'}
[7.324293] (mission_layer_mvibot) StderrLine: {'line': b'      |                       \x1b[01;35m\x1b[K^\x1b[m\x1b[K\n'}
[7.408849] (mission_layer_mvibot) StderrLine: {'line': b'\x1b[01m\x1b[K/home/mvibot/floorCleaningRobot_ws/src/mission_layer_mvibot/src/../include/mission_layer_mvibot/mvibot_mission/manage_mission.h:\x1b[m\x1b[K In member function \xe2\x80\x98\x1b[01m\x1b[Kint manage_mission::\x1b[01;32m\x1b[Kexecute_content\x1b[m\x1b[K(mission&, std::vector<std::__cxx11::basic_string<char>, std::allocator<std::__cxx11::basic_string<char> > >&, std::string&, int&)\x1b[m\x1b[K\xe2\x80\x99:\n'}
[7.409109] (mission_layer_mvibot) StderrLine: {'line': b'\x1b[01m\x1b[K/home/mvibot/floorCleaningRobot_ws/src/mission_layer_mvibot/src/../include/mission_layer_mvibot/mvibot_mission/manage_mission.h:1028:14:\x1b[m\x1b[K \x1b[01;35m\x1b[Kwarning: \x1b[m\x1b[Kcomparison of integer expressions of different signedness: \xe2\x80\x98\x1b[01m\x1b[Kint\x1b[m\x1b[K\xe2\x80\x99 and \xe2\x80\x98\x1b[01m\x1b[Kstd::vector<std::__cxx11::basic_string<char>, std::allocator<std::__cxx11::basic_string<char> > >::size_type\x1b[m\x1b[K\xe2\x80\x99 {aka \xe2\x80\x98\x1b[01m\x1b[Klong unsigned int\x1b[m\x1b[K\xe2\x80\x99} [\x1b[01;35m\x1b[K\x1b]8;;https://gcc.gnu.org/onlinedocs/gcc/Warning-Options.html#index-Wsign-compare\x07-Wsign-compare\x1b]8;;\x07\x1b[m\x1b[K]\n'}
[7.409234] (mission_layer_mvibot) StderrLine: {'line': b' 1028 |         if(\x1b[01;35m\x1b[Ki == and_contents_list.size()\x1b[m\x1b[K){\n'}
[7.409360] (mission_layer_mvibot) StderrLine: {'line': b'      |            \x1b[01;35m\x1b[K~~^~~~~~~~~~~~~~~~~~~~~~~~~~~\x1b[m\x1b[K\n'}
[7.410034] (mission_layer_mvibot) StderrLine: {'line': b'\x1b[01m\x1b[K/home/mvibot/floorCleaningRobot_ws/src/mission_layer_mvibot/src/../include/mission_layer_mvibot/mvibot_mission/manage_mission.h:1051:14:\x1b[m\x1b[K \x1b[01;35m\x1b[Kwarning: \x1b[m\x1b[Kcomparison of integer expressions of different signedness: \xe2\x80\x98\x1b[01m\x1b[Kint\x1b[m\x1b[K\xe2\x80\x99 and \xe2\x80\x98\x1b[01m\x1b[Kstd::vector<std::__cxx11::basic_string<char>, std::allocator<std::__cxx11::basic_string<char> > >::size_type\x1b[m\x1b[K\xe2\x80\x99 {aka \xe2\x80\x98\x1b[01m\x1b[Klong unsigned int\x1b[m\x1b[K\xe2\x80\x99} [\x1b[01;35m\x1b[K\x1b]8;;https://gcc.gnu.org/onlinedocs/gcc/Warning-Options.html#index-Wsign-compare\x07-Wsign-compare\x1b]8;;\x07\x1b[m\x1b[K]\n'}
[7.410238] (mission_layer_mvibot) StderrLine: {'line': b' 1051 |         if(\x1b[01;35m\x1b[Ki == or_contents_list.size()\x1b[m\x1b[K){\n'}
[7.410384] (mission_layer_mvibot) StderrLine: {'line': b'      |            \x1b[01;35m\x1b[K~~^~~~~~~~~~~~~~~~~~~~~~~~~~\x1b[m\x1b[K\n'}
[7.418698] (-) TimerEvent: {}
[7.518924] (-) TimerEvent: {}
[7.619157] (-) TimerEvent: {}
[7.719363] (-) TimerEvent: {}
[7.783641] (mission_layer_mvibot) StderrLine: {'line': b'In file included from \x1b[01m\x1b[K/home/mvibot/floorCleaningRobot_ws/src/mission_layer_mvibot/src/mvibot_mission.cpp:4\x1b[m\x1b[K:\n'}
[7.783875] (mission_layer_mvibot) StderrLine: {'line': b'\x1b[01m\x1b[K/home/mvibot/floorCleaningRobot_ws/src/mission_layer_mvibot/src/../include/mission_layer_mvibot/mvibot_mission/navigation_function.h:\x1b[m\x1b[K In lambda function:\n'}
[7.784009] (mission_layer_mvibot) StderrLine: {'line': b'\x1b[01m\x1b[K/home/mvibot/floorCleaningRobot_ws/src/mission_layer_mvibot/src/../include/mission_layer_mvibot/mvibot_mission/navigation_function.h:353:120:\x1b[m\x1b[K \x1b[01;35m\x1b[Kwarning: \x1b[m\x1b[Kunused parameter \xe2\x80\x98\x1b[01m\x1b[Kfeedback\x1b[m\x1b[K\xe2\x80\x99 [\x1b[01;35m\x1b[K\x1b]8;;https://gcc.gnu.org/onlinedocs/gcc/Warning-Options.html#index-Wunused-parameter\x07-Wunused-parameter\x1b]8;;\x07\x1b[m\x1b[K]\n'}
[7.784153] (mission_layer_mvibot) StderrLine: {'line': b'  353 |                         \x1b[01;35m\x1b[Kconst std::shared_ptr<const opennav_coverage_msgs::action::NavigateCompleteCoverage::Feedback> feedback\x1b[m\x1b[K) {\n'}
[7.784274] (mission_layer_mvibot) StderrLine: {'line': b'      |                         \x1b[01;35m\x1b[K~~~~~~~~~~~~~~~~~~~~~~~~~~~~~~~~~~~~~~~~~~~~~~~~~~~~~~~~~~~~~~~~~~~~~~~~~~~~~~~~~~~~~~~~~~~~~~~^~~~~~~~\x1b[m\x1b[K\n'}
[7.802342] (mission_layer_mvibot) StderrLine: {'line': b'\x1b[01m\x1b[K/home/mvibot/floorCleaningRobot_ws/src/mission_layer_mvibot/src/../include/mission_layer_mvibot/mvibot_mission/navigation_function.h:\x1b[m\x1b[K In lambda function:\n'}
[7.802518] (mission_layer_mvibot) StderrLine: {'line': b'\x1b[01m\x1b[K/home/mvibot/floorCleaningRobot_ws/src/mission_layer_mvibot/src/../include/mission_layer_mvibot/mvibot_mission/navigation_function.h:417:115:\x1b[m\x1b[K \x1b[01;35m\x1b[Kwarning: \x1b[m\x1b[Kunused parameter \xe2\x80\x98\x1b[01m\x1b[Kfeedback\x1b[m\x1b[K\xe2\x80\x99 [\x1b[01;35m\x1b[K\x1b]8;;https://gcc.gnu.org/onlinedocs/gcc/Warning-Options.html#index-Wunused-parameter\x07-Wunused-parameter\x1b]8;;\x07\x1b[m\x1b[K]\n'}
[7.802624] (mission_layer_mvibot) StderrLine: {'line': b'  417 |                         \x1b[01;35m\x1b[Kconst std::shared_ptr<const opennav_coverage_msgs::action::ComputeCoveragePath::Feedback> feedback\x1b[m\x1b[K) {\n'}
[7.802696] (mission_layer_mvibot) StderrLine: {'line': b'      |                         \x1b[01;35m\x1b[K~~~~~~~~~~~~~~~~~~~~~~~~~~~~~~~~~~~~~~~~~~~~~~~~~~~~~~~~~~~~~~~~~~~~~~~~~~~~~~~~~~~~~~~~~~^~~~~~~~\x1b[m\x1b[K\n'}
[7.819458] (-) TimerEvent: {}
[7.821383] (mission_layer_mvibot) StderrLine: {'line': b'\x1b[01m\x1b[K/home/mvibot/floorCleaningRobot_ws/src/mission_layer_mvibot/src/../include/mission_layer_mvibot/mvibot_mission/navigation_function.h:\x1b[m\x1b[K In lambda function:\n'}
[7.821554] (mission_layer_mvibot) StderrLine: {'line': b'\x1b[01m\x1b[K/home/mvibot/floorCleaningRobot_ws/src/mission_layer_mvibot/src/../include/mission_layer_mvibot/mvibot_mission/navigation_function.h:462:98:\x1b[m\x1b[K \x1b[01;35m\x1b[Kwarning: \x1b[m\x1b[Kunused parameter \xe2\x80\x98\x1b[01m\x1b[Kfeedback\x1b[m\x1b[K\xe2\x80\x99 [\x1b[01;35m\x1b[K\x1b]8;;https://gcc.gnu.org/onlinedocs/gcc/Warning-Options.html#index-Wunused-parameter\x07-Wunused-parameter\x1b]8;;\x07\x1b[m\x1b[K]\n'}
[7.821631] (mission_layer_mvibot) StderrLine: {'line': b'  462 |                         \x1b[01;35m\x1b[Kconst std::shared_ptr<const nav2_msgs::action::NavigateToPose::Feedback> feedback\x1b[m\x1b[K) {\n'}
[7.821701] (mission_layer_mvibot) StderrLine: {'line': b'      |                         \x1b[01;35m\x1b[K~~~~~~~~~~~~~~~~~~~~~~~~~~~~~~~~~~~~~~~~~~~~~~~~~~~~~~~~~~~~~~~~~~~~~~~~~^~~~~~~~\x1b[m\x1b[K\n'}
[7.919551] (-) TimerEvent: {}
[7.930215] (mission_layer_mvibot) StderrLine: {'line': b'\x1b[01m\x1b[K/home/mvibot/floorCleaningRobot_ws/src/mission_layer_mvibot/src/../include/mission_layer_mvibot/mvibot_mission/navigation_function.h:\x1b[m\x1b[K In member function \xe2\x80\x98\x1b[01m\x1b[Kint navigation_function::\x1b[01;32m\x1b[Kaction\x1b[m\x1b[K()\x1b[m\x1b[K\xe2\x80\x99:\n'}
[7.930556] (mission_layer_mvibot) StderrLine: {'line': b'\x1b[01m\x1b[K/home/mvibot/floorCleaningRobot_ws/src/mission_layer_mvibot/src/../include/mission_layer_mvibot/mvibot_mission/navigation_function.h:799:16:\x1b[m\x1b[K \x1b[01;35m\x1b[Kwarning: \x1b[m\x1b[Kunused variable \xe2\x80\x98\x1b[01m\x1b[Kt\x1b[m\x1b[K\xe2\x80\x99 [\x1b[01;35m\x1b[K\x1b]8;;https://gcc.gnu.org/onlinedocs/gcc/Warning-Options.html#index-Wunused-variable\x07-Wunused-variable\x1b]8;;\x07\x1b[m\x1b[K]\n'}
[7.930681] (mission_layer_mvibot) StderrLine: {'line': b'  799 |     static int \x1b[01;35m\x1b[Kt\x1b[m\x1b[K = 0;\n'}
[7.930777] (mission_layer_mvibot) StderrLine: {'line': b'      |                \x1b[01;35m\x1b[K^\x1b[m\x1b[K\n'}
[8.019646] (-) TimerEvent: {}
[8.119898] (-) TimerEvent: {}
[8.167448] (mission_layer_mvibot) StderrLine: {'line': b'In file included from \x1b[01m\x1b[K/home/mvibot/floorCleaningRobot_ws/src/mission_layer_mvibot/src/mvibot_mission.cpp:6\x1b[m\x1b[K:\n'}
[8.167675] (mission_layer_mvibot) StderrLine: {'line': b'\x1b[01m\x1b[K/home/mvibot/floorCleaningRobot_ws/src/mission_layer_mvibot/src/../include/mission_layer_mvibot/mvibot_mission/marker_function.h:\x1b[m\x1b[K In member function \xe2\x80\x98\x1b[01m\x1b[Kdouble* marker_function::\x1b[01;32m\x1b[Kget_position\x1b[m\x1b[K(std::string, std::string)\x1b[m\x1b[K\xe2\x80\x99:\n'}
[8.167778] (mission_layer_mvibot) StderrLine: {'line': b'\x1b[01m\x1b[K/home/mvibot/floorCleaningRobot_ws/src/mission_layer_mvibot/src/../include/mission_layer_mvibot/mvibot_mission/marker_function.h:206:23:\x1b[m\x1b[K \x1b[01;35m\x1b[Kwarning: \x1b[m\x1b[Kvariable \xe2\x80\x98\x1b[01m\x1b[Kz\x1b[m\x1b[K\xe2\x80\x99 set but not used [\x1b[01;35m\x1b[K\x1b]8;;https://gcc.gnu.org/onlinedocs/gcc/Warning-Options.html#index-Wunused-but-set-variable\x07-Wunused-but-set-variable\x1b]8;;\x07\x1b[m\x1b[K]\n'}
[8.167877] (mission_layer_mvibot) StderrLine: {'line': b'  206 |     static double x,y,\x1b[01;35m\x1b[Kz\x1b[m\x1b[K,thz,thw;\n'}
[8.167947] (mission_layer_mvibot) StderrLine: {'line': b'      |                       \x1b[01;35m\x1b[K^\x1b[m\x1b[K\n'}
[8.169975] (mission_layer_mvibot) StderrLine: {'line': b'\x1b[01m\x1b[K/home/mvibot/floorCleaningRobot_ws/src/mission_layer_mvibot/src/../include/mission_layer_mvibot/mvibot_mission/marker_function.h:\x1b[m\x1b[K In member function \xe2\x80\x98\x1b[01m\x1b[Kint marker_function::\x1b[01;32m\x1b[Kcaculate_transforms_ofset\x1b[m\x1b[K()\x1b[m\x1b[K\xe2\x80\x99:\n'}
[8.170190] (mission_layer_mvibot) StderrLine: {'line': b'\x1b[01m\x1b[K/home/mvibot/floorCleaningRobot_ws/src/mission_layer_mvibot/src/../include/mission_layer_mvibot/mvibot_mission/marker_function.h:254:19:\x1b[m\x1b[K \x1b[01;35m\x1b[Kwarning: \x1b[m\x1b[Kvariable \xe2\x80\x98\x1b[01m\x1b[Ktheta\x1b[m\x1b[K\xe2\x80\x99 set but not used [\x1b[01;35m\x1b[K\x1b]8;;https://gcc.gnu.org/onlinedocs/gcc/Warning-Options.html#index-Wunused-but-set-variable\x07-Wunused-but-set-variable\x1b]8;;\x07\x1b[m\x1b[K]\n'}
[8.170291] (mission_layer_mvibot) StderrLine: {'line': b'  254 |     static double \x1b[01;35m\x1b[Ktheta\x1b[m\x1b[K;\n'}
[8.170372] (mission_layer_mvibot) StderrLine: {'line': b'      |                   \x1b[01;35m\x1b[K^~~~~\x1b[m\x1b[K\n'}
[8.191662] (mission_layer_mvibot) StderrLine: {'line': b'\x1b[01m\x1b[K/home/mvibot/floorCleaningRobot_ws/src/mission_layer_mvibot/src/../include/mission_layer_mvibot/mvibot_mission/marker_function.h:\x1b[m\x1b[K In member function \xe2\x80\x98\x1b[01m\x1b[Kint marker_function::\x1b[01;32m\x1b[Kmove_to_goal\x1b[m\x1b[K()\x1b[m\x1b[K\xe2\x80\x99:\n'}
[8.191907] (mission_layer_mvibot) StderrLine: {'line': b'\x1b[01m\x1b[K/home/mvibot/floorCleaningRobot_ws/src/mission_layer_mvibot/src/../include/mission_layer_mvibot/mvibot_mission/marker_function.h:442:21:\x1b[m\x1b[K \x1b[01;35m\x1b[Kwarning: \x1b[m\x1b[Kvariable \xe2\x80\x98\x1b[01m\x1b[Ky\x1b[m\x1b[K\xe2\x80\x99 set but not used [\x1b[01;35m\x1b[K\x1b]8;;https://gcc.gnu.org/onlinedocs/gcc/Warning-Options.html#index-Wunused-but-set-variable\x07-Wunused-but-set-variable\x1b]8;;\x07\x1b[m\x1b[K]\n'}
[8.192039] (mission_layer_mvibot) StderrLine: {'line': b'  442 |     static double x,\x1b[01;35m\x1b[Ky\x1b[m\x1b[K;\n'}
[8.192166] (mission_layer_mvibot) StderrLine: {'line': b'      |                     \x1b[01;35m\x1b[K^\x1b[m\x1b[K\n'}
[8.219994] (-) TimerEvent: {}
[8.220228] (mission_layer_mvibot) StderrLine: {'line': b'In file included from \x1b[01m\x1b[K/home/mvibot/floorCleaningRobot_ws/src/mission_layer_mvibot/src/mvibot_mission.cpp:7\x1b[m\x1b[K:\n'}
[8.220371] (mission_layer_mvibot) StderrLine: {'line': b'\x1b[01m\x1b[K/home/mvibot/floorCleaningRobot_ws/src/mission_layer_mvibot/src/../include/mission_layer_mvibot/mvibot_mission/variable_function.h:\x1b[m\x1b[K In member function \xe2\x80\x98\x1b[01m\x1b[Kvoid multiple_variable_local::\x1b[01;32m\x1b[Kadd_var\x1b[m\x1b[K(variable_local)\x1b[m\x1b[K\xe2\x80\x99:\n'}
[8.220455] (mission_layer_mvibot) StderrLine: {'line': b'\x1b[01m\x1b[K/home/mvibot/floorCleaningRobot_ws/src/mission_layer_mvibot/src/../include/mission_layer_mvibot/mvibot_mission/variable_function.h:31:18:\x1b[m\x1b[K \x1b[01;35m\x1b[Kwarning: \x1b[m\x1b[Kcomparison of integer expressions of different signedness: \xe2\x80\x98\x1b[01m\x1b[Kint\x1b[m\x1b[K\xe2\x80\x99 and \xe2\x80\x98\x1b[01m\x1b[Kstd::vector<variable_local>::size_type\x1b[m\x1b[K\xe2\x80\x99 {aka \xe2\x80\x98\x1b[01m\x1b[Klong unsigned int\x1b[m\x1b[K\xe2\x80\x99} [\x1b[01;35m\x1b[K\x1b]8;;https://gcc.gnu.org/onlinedocs/gcc/Warning-Options.html#index-Wsign-compare\x07-Wsign-compare\x1b]8;;\x07\x1b[m\x1b[K]\n'}
[8.220547] (mission_layer_mvibot) StderrLine: {'line': b'   31 |     for(int i=0;\x1b[01;35m\x1b[Ki<var.size()\x1b[m\x1b[K;i++){\n'}
[8.220617] (mission_layer_mvibot) StderrLine: {'line': b'      |                 \x1b[01;35m\x1b[K~^~~~~~~~~~~\x1b[m\x1b[K\n'}
[8.220786] (mission_layer_mvibot) StderrLine: {'line': b'\x1b[01m\x1b[K/home/mvibot/floorCleaningRobot_ws/src/mission_layer_mvibot/src/../include/mission_layer_mvibot/mvibot_mission/variable_function.h:\x1b[m\x1b[K In member function \xe2\x80\x98\x1b[01m\x1b[Kvoid multiple_variable_local::\x1b[01;32m\x1b[Kupdate_var\x1b[m\x1b[K(variable_local)\x1b[m\x1b[K\xe2\x80\x99:\n'}
[8.220860] (mission_layer_mvibot) StderrLine: {'line': b'\x1b[01m\x1b[K/home/mvibot/floorCleaningRobot_ws/src/mission_layer_mvibot/src/../include/mission_layer_mvibot/mvibot_mission/variable_function.h:45:18:\x1b[m\x1b[K \x1b[01;35m\x1b[Kwarning: \x1b[m\x1b[Kcomparison of integer expressions of different signedness: \xe2\x80\x98\x1b[01m\x1b[Kint\x1b[m\x1b[K\xe2\x80\x99 and \xe2\x80\x98\x1b[01m\x1b[Kstd::vector<variable_local>::size_type\x1b[m\x1b[K\xe2\x80\x99 {aka \xe2\x80\x98\x1b[01m\x1b[Klong unsigned int\x1b[m\x1b[K\xe2\x80\x99} [\x1b[01;35m\x1b[K\x1b]8;;https://gcc.gnu.org/onlinedocs/gcc/Warning-Options.html#index-Wsign-compare\x07-Wsign-compare\x1b]8;;\x07\x1b[m\x1b[K]\n'}
[8.220932] (mission_layer_mvibot) StderrLine: {'line': b'   45 |     for(int i=0;\x1b[01;35m\x1b[Ki<var.size()\x1b[m\x1b[K;i++){\n'}
[8.221010] (mission_layer_mvibot) StderrLine: {'line': b'      |                 \x1b[01;35m\x1b[K~^~~~~~~~~~~\x1b[m\x1b[K\n'}
[8.221281] (mission_layer_mvibot) StderrLine: {'line': b'\x1b[01m\x1b[K/home/mvibot/floorCleaningRobot_ws/src/mission_layer_mvibot/src/../include/mission_layer_mvibot/mvibot_mission/variable_function.h:\x1b[m\x1b[K In member function \xe2\x80\x98\x1b[01m\x1b[Kvoid multiple_variable_local::\x1b[01;32m\x1b[Kreset_all\x1b[m\x1b[K()\x1b[m\x1b[K\xe2\x80\x99:\n'}
[8.221374] (mission_layer_mvibot) StderrLine: {'line': b'\x1b[01m\x1b[K/home/mvibot/floorCleaningRobot_ws/src/mission_layer_mvibot/src/../include/mission_layer_mvibot/mvibot_mission/variable_function.h:58:18:\x1b[m\x1b[K \x1b[01;35m\x1b[Kwarning: \x1b[m\x1b[Kcomparison of integer expressions of different signedness: \xe2\x80\x98\x1b[01m\x1b[Kint\x1b[m\x1b[K\xe2\x80\x99 and \xe2\x80\x98\x1b[01m\x1b[Kstd::vector<variable_local>::size_type\x1b[m\x1b[K\xe2\x80\x99 {aka \xe2\x80\x98\x1b[01m\x1b[Klong unsigned int\x1b[m\x1b[K\xe2\x80\x99} [\x1b[01;35m\x1b[K\x1b]8;;https://gcc.gnu.org/onlinedocs/gcc/Warning-Options.html#index-Wsign-compare\x07-Wsign-compare\x1b]8;;\x07\x1b[m\x1b[K]\n'}
[8.221468] (mission_layer_mvibot) StderrLine: {'line': b'   58 |     for(int i=0;\x1b[01;35m\x1b[Ki<var.size()\x1b[m\x1b[K;i++){\n'}
[8.221544] (mission_layer_mvibot) StderrLine: {'line': b'      |                 \x1b[01;35m\x1b[K~^~~~~~~~~~~\x1b[m\x1b[K\n'}
[8.221780] (mission_layer_mvibot) StderrLine: {'line': b'\x1b[01m\x1b[K/home/mvibot/floorCleaningRobot_ws/src/mission_layer_mvibot/src/../include/mission_layer_mvibot/mvibot_mission/variable_function.h:\x1b[m\x1b[K In member function \xe2\x80\x98\x1b[01m\x1b[Kvoid multiple_variable_local::\x1b[01;32m\x1b[Kprint\x1b[m\x1b[K()\x1b[m\x1b[K\xe2\x80\x99:\n'}
[8.221856] (mission_layer_mvibot) StderrLine: {'line': b'\x1b[01m\x1b[K/home/mvibot/floorCleaningRobot_ws/src/mission_layer_mvibot/src/../include/mission_layer_mvibot/mvibot_mission/variable_function.h:68:18:\x1b[m\x1b[K \x1b[01;35m\x1b[Kwarning: \x1b[m\x1b[Kcomparison of integer expressions of different signedness: \xe2\x80\x98\x1b[01m\x1b[Kint\x1b[m\x1b[K\xe2\x80\x99 and \xe2\x80\x98\x1b[01m\x1b[Kstd::vector<variable_local>::size_type\x1b[m\x1b[K\xe2\x80\x99 {aka \xe2\x80\x98\x1b[01m\x1b[Klong unsigned int\x1b[m\x1b[K\xe2\x80\x99} [\x1b[01;35m\x1b[K\x1b]8;;https://gcc.gnu.org/onlinedocs/gcc/Warning-Options.html#index-Wsign-compare\x07-Wsign-compare\x1b]8;;\x07\x1b[m\x1b[K]\n'}
[8.221938] (mission_layer_mvibot) StderrLine: {'line': b'   68 |     for(int i=0;\x1b[01;35m\x1b[Ki<var.size()\x1b[m\x1b[K;i++){\n'}
[8.222003] (mission_layer_mvibot) StderrLine: {'line': b'      |                 \x1b[01;35m\x1b[K~^~~~~~~~~~~\x1b[m\x1b[K\n'}
[8.239982] (mission_layer_mvibot) StderrLine: {'line': b'\x1b[01m\x1b[K/home/mvibot/floorCleaningRobot_ws/src/mission_layer_mvibot/src/../include/mission_layer_mvibot/mvibot_mission/variable_function.h:\x1b[m\x1b[K In member function \xe2\x80\x98\x1b[01m\x1b[Kint variable_function::\x1b[01;32m\x1b[Kaction\x1b[m\x1b[K()\x1b[m\x1b[K\xe2\x80\x99:\n'}
[8.240234] (mission_layer_mvibot) StderrLine: {'line': b'\x1b[01m\x1b[K/home/mvibot/floorCleaningRobot_ws/src/mission_layer_mvibot/src/../include/mission_layer_mvibot/mvibot_mission/variable_function.h:195:26:\x1b[m\x1b[K \x1b[01;35m\x1b[Kwarning: \x1b[m\x1b[Kcomparison of integer expressions of different signedness: \xe2\x80\x98\x1b[01m\x1b[Kint\x1b[m\x1b[K\xe2\x80\x99 and \xe2\x80\x98\x1b[01m\x1b[Kstd::vector<variable_local>::size_type\x1b[m\x1b[K\xe2\x80\x99 {aka \xe2\x80\x98\x1b[01m\x1b[Klong unsigned int\x1b[m\x1b[K\xe2\x80\x99} [\x1b[01;35m\x1b[K\x1b]8;;https://gcc.gnu.org/onlinedocs/gcc/Warning-Options.html#index-Wsign-compare\x07-Wsign-compare\x1b]8;;\x07\x1b[m\x1b[K]\n'}
[8.240356] (mission_layer_mvibot) StderrLine: {'line': b'  195 |             for(int i=0;\x1b[01;35m\x1b[Ki<my_vars_local.var.size()\x1b[m\x1b[K;i++){\n'}
[8.240461] (mission_layer_mvibot) StderrLine: {'line': b'      |                         \x1b[01;35m\x1b[K~^~~~~~~~~~~~~~~~~~~~~~~~~\x1b[m\x1b[K\n'}
[8.320076] (-) TimerEvent: {}
[8.331644] (mission_layer_mvibot) StderrLine: {'line': b'In file included from \x1b[01m\x1b[K/home/mvibot/floorCleaningRobot_ws/src/mission_layer_mvibot/src/mvibot_mission.cpp:8\x1b[m\x1b[K:\n'}
[8.331866] (mission_layer_mvibot) StderrLine: {'line': b'\x1b[01m\x1b[K/home/mvibot/floorCleaningRobot_ws/src/mission_layer_mvibot/src/../include/mission_layer_mvibot/mvibot_mission/gpio_function.h:\x1b[m\x1b[K In member function \xe2\x80\x98\x1b[01m\x1b[Kint gpio_function::\x1b[01;32m\x1b[Kaction\x1b[m\x1b[K()\x1b[m\x1b[K\xe2\x80\x99:\n'}
[8.331963] (mission_layer_mvibot) StderrLine: {'line': b'\x1b[01m\x1b[K/home/mvibot/floorCleaningRobot_ws/src/mission_layer_mvibot/src/../include/mission_layer_mvibot/mvibot_mission/gpio_function.h:143:16:\x1b[m\x1b[K \x1b[01;35m\x1b[Kwarning: \x1b[m\x1b[Kunused variable \xe2\x80\x98\x1b[01m\x1b[Kvalue_return\x1b[m\x1b[K\xe2\x80\x99 [\x1b[01;35m\x1b[K\x1b]8;;https://gcc.gnu.org/onlinedocs/gcc/Warning-Options.html#index-Wunused-variable\x07-Wunused-variable\x1b]8;;\x07\x1b[m\x1b[K]\n'}
[8.332046] (mission_layer_mvibot) StderrLine: {'line': b'  143 |     static int \x1b[01;35m\x1b[Kvalue_return\x1b[m\x1b[K;\n'}
[8.332118] (mission_layer_mvibot) StderrLine: {'line': b'      |                \x1b[01;35m\x1b[K^~~~~~~~~~~~\x1b[m\x1b[K\n'}
[8.420145] (-) TimerEvent: {}
[8.520373] (-) TimerEvent: {}
[8.620665] (-) TimerEvent: {}
[8.720940] (-) TimerEvent: {}
[8.821142] (-) TimerEvent: {}
[8.921387] (-) TimerEvent: {}
[9.021665] (-) TimerEvent: {}
[9.121925] (-) TimerEvent: {}
[9.222190] (-) TimerEvent: {}
[9.322419] (-) TimerEvent: {}
[9.422627] (-) TimerEvent: {}
[9.522907] (-) TimerEvent: {}
[9.623220] (-) TimerEvent: {}
[9.723745] (-) TimerEvent: {}
[9.823997] (-) TimerEvent: {}
[9.924244] (-) TimerEvent: {}
[10.024486] (-) TimerEvent: {}
[10.124706] (-) TimerEvent: {}
[10.224919] (-) TimerEvent: {}
[10.325216] (-) TimerEvent: {}
[10.425613] (-) TimerEvent: {}
[10.525954] (-) TimerEvent: {}
[10.626223] (-) TimerEvent: {}
[10.726473] (-) TimerEvent: {}
[10.826714] (-) TimerEvent: {}
[10.927048] (-) TimerEvent: {}
[11.027291] (-) TimerEvent: {}
[11.127607] (-) TimerEvent: {}
[11.227836] (-) TimerEvent: {}
[11.328067] (-) TimerEvent: {}
[11.428392] (-) TimerEvent: {}
[11.528704] (-) TimerEvent: {}
[11.628996] (-) TimerEvent: {}
[11.729381] (-) TimerEvent: {}
[11.829706] (-) TimerEvent: {}
[11.930060] (-) TimerEvent: {}
[12.030544] (-) TimerEvent: {}
[12.130862] (-) TimerEvent: {}
[12.231376] (-) TimerEvent: {}
[12.331717] (-) TimerEvent: {}
[12.432033] (-) TimerEvent: {}
[12.532296] (-) TimerEvent: {}
[12.632543] (-) TimerEvent: {}
[12.732774] (-) TimerEvent: {}
[12.832993] (-) TimerEvent: {}
[12.933250] (-) TimerEvent: {}
[13.033579] (-) TimerEvent: {}
[13.133849] (-) TimerEvent: {}
[13.234084] (-) TimerEvent: {}
[13.334354] (-) TimerEvent: {}
[13.434616] (-) TimerEvent: {}
[13.534864] (-) TimerEvent: {}
[13.635101] (-) TimerEvent: {}
[13.735359] (-) TimerEvent: {}
[13.835601] (-) TimerEvent: {}
[13.935877] (-) TimerEvent: {}
[14.036111] (-) TimerEvent: {}
[14.136381] (-) TimerEvent: {}
[14.236667] (-) TimerEvent: {}
[14.336956] (-) TimerEvent: {}
[14.437265] (-) TimerEvent: {}
[14.537697] (-) TimerEvent: {}
[14.637958] (-) TimerEvent: {}
[14.738243] (-) TimerEvent: {}
[14.838616] (-) TimerEvent: {}
[14.939361] (-) TimerEvent: {}
[15.039797] (-) TimerEvent: {}
[15.140078] (-) TimerEvent: {}
[15.240440] (-) TimerEvent: {}
[15.341459] (-) TimerEvent: {}
[15.441747] (-) TimerEvent: {}
[15.542036] (-) TimerEvent: {}
[15.642333] (-) TimerEvent: {}
[15.742625] (-) TimerEvent: {}
[15.842931] (-) TimerEvent: {}
[15.943225] (-) TimerEvent: {}
[16.043528] (-) TimerEvent: {}
[16.143803] (-) TimerEvent: {}
[16.244042] (-) TimerEvent: {}
[16.344349] (-) TimerEvent: {}
[16.444637] (-) TimerEvent: {}
[16.544888] (-) TimerEvent: {}
[16.645145] (-) TimerEvent: {}
[16.745371] (-) TimerEvent: {}
[16.845598] (-) TimerEvent: {}
[16.945811] (-) TimerEvent: {}
[17.046044] (-) TimerEvent: {}
[17.146309] (-) TimerEvent: {}
[17.246613] (-) TimerEvent: {}
[17.346943] (-) TimerEvent: {}
[17.447279] (-) TimerEvent: {}
[17.547633] (-) TimerEvent: {}
[17.647970] (-) TimerEvent: {}
[17.748257] (-) TimerEvent: {}
[17.848519] (-) TimerEvent: {}
[17.948786] (-) TimerEvent: {}
[18.049063] (-) TimerEvent: {}
[18.149333] (-) TimerEvent: {}
[18.249570] (-) TimerEvent: {}
[18.350126] (-) TimerEvent: {}
[18.450796] (-) TimerEvent: {}
[18.551108] (-) TimerEvent: {}
[18.651580] (-) TimerEvent: {}
[18.751874] (-) TimerEvent: {}
[18.852174] (-) TimerEvent: {}
[18.952478] (-) TimerEvent: {}
[19.052773] (-) TimerEvent: {}
[19.153080] (-) TimerEvent: {}
[19.253383] (-) TimerEvent: {}
[19.353675] (-) TimerEvent: {}
[19.453945] (-) TimerEvent: {}
[19.554204] (-) TimerEvent: {}
[19.654628] (-) TimerEvent: {}
[19.754986] (-) TimerEvent: {}
[19.855215] (-) TimerEvent: {}
[19.955453] (-) TimerEvent: {}
[20.055725] (-) TimerEvent: {}
[20.156002] (-) TimerEvent: {}
[20.256235] (-) TimerEvent: {}
[20.356494] (-) TimerEvent: {}
[20.456765] (-) TimerEvent: {}
[20.557037] (-) TimerEvent: {}
[20.657306] (-) TimerEvent: {}
[20.757535] (-) TimerEvent: {}
[20.857755] (-) TimerEvent: {}
[20.957989] (-) TimerEvent: {}
[21.058267] (-) TimerEvent: {}
[21.158498] (-) TimerEvent: {}
[21.258718] (-) TimerEvent: {}
[21.358950] (-) TimerEvent: {}
[21.459535] (-) TimerEvent: {}
[21.559767] (-) TimerEvent: {}
[21.659991] (-) TimerEvent: {}
[21.760216] (-) TimerEvent: {}
[21.860479] (-) TimerEvent: {}
[21.960837] (-) TimerEvent: {}
[22.061092] (-) TimerEvent: {}
[22.161339] (-) TimerEvent: {}
[22.261575] (-) TimerEvent: {}
[22.361843] (-) TimerEvent: {}
[22.462087] (-) TimerEvent: {}
[22.562385] (-) TimerEvent: {}
[22.662578] (-) TimerEvent: {}
[22.762850] (-) TimerEvent: {}
[22.863157] (-) TimerEvent: {}
[22.963478] (-) TimerEvent: {}
[23.063725] (-) TimerEvent: {}
[23.164030] (-) TimerEvent: {}
[23.264307] (-) TimerEvent: {}
[23.365186] (-) TimerEvent: {}
[23.465495] (-) TimerEvent: {}
[23.565731] (-) TimerEvent: {}
[23.665928] (-) TimerEvent: {}
[23.766168] (-) TimerEvent: {}
[23.866358] (-) TimerEvent: {}
[23.966573] (-) TimerEvent: {}
[24.066807] (-) TimerEvent: {}
[24.167035] (-) TimerEvent: {}
[24.267291] (-) TimerEvent: {}
[24.367996] (-) TimerEvent: {}
[24.468529] (-) TimerEvent: {}
[24.568823] (-) TimerEvent: {}
[24.669026] (-) TimerEvent: {}
[24.769266] (-) TimerEvent: {}
[24.869490] (-) TimerEvent: {}
[24.969734] (-) TimerEvent: {}
[25.069981] (-) TimerEvent: {}
[25.073731] (mission_layer_mvibot) StderrLine: {'line': b'\x1b[01m\x1b[K/home/mvibot/floorCleaningRobot_ws/src/mission_layer_mvibot/src/../include/mission_layer_mvibot/mvibot_mission/manage_mission.h:\x1b[m\x1b[K In member function \xe2\x80\x98\x1b[01m\x1b[Kint manage_mission::\x1b[01;32m\x1b[Khandle_content\x1b[m\x1b[K(const json&, const double&, double&, int&, rclcpp::Publisher<std_msgs::msg::String_<std::allocator<void> > >::SharedPtr, rclcpp::Publisher<std_msgs::msg::String_<std::allocator<void> > >::SharedPtr)\x1b[m\x1b[K\xe2\x80\x99:\n'}
[25.073980] (mission_layer_mvibot) StderrLine: {'line': b'\x1b[01m\x1b[K/home/mvibot/floorCleaningRobot_ws/src/mission_layer_mvibot/src/../include/mission_layer_mvibot/mvibot_mission/manage_mission.h:890:1:\x1b[m\x1b[K \x1b[01;35m\x1b[Kwarning: \x1b[m\x1b[Kcontrol reaches end of non-void function [\x1b[01;35m\x1b[K\x1b]8;;https://gcc.gnu.org/onlinedocs/gcc/Warning-Options.html#index-Wreturn-type\x07-Wreturn-type\x1b]8;;\x07\x1b[m\x1b[K]\n'}
[25.074066] (mission_layer_mvibot) StderrLine: {'line': b'  890 | \x1b[01;35m\x1b[K}\x1b[m\x1b[K\n'}
[25.074145] (mission_layer_mvibot) StderrLine: {'line': b'      | \x1b[01;35m\x1b[K^\x1b[m\x1b[K\n'}
[25.170041] (-) TimerEvent: {}
[25.270278] (-) TimerEvent: {}
[25.337797] (mission_layer_mvibot) StderrLine: {'line': b'\x1b[01m\x1b[K/home/mvibot/floorCleaningRobot_ws/src/mission_layer_mvibot/src/../include/mission_layer_mvibot/mvibot_mission/navigation_function.h:\x1b[m\x1b[K In member function \xe2\x80\x98\x1b[01m\x1b[Kint navigation_function::\x1b[01;32m\x1b[Kaction\x1b[m\x1b[K()\x1b[m\x1b[K\xe2\x80\x99:\n'}
[25.338025] (mission_layer_mvibot) StderrLine: {'line': b'\x1b[01m\x1b[K/home/mvibot/floorCleaningRobot_ws/src/mission_layer_mvibot/src/../include/mission_layer_mvibot/mvibot_mission/navigation_function.h:1062:1:\x1b[m\x1b[K \x1b[01;35m\x1b[Kwarning: \x1b[m\x1b[Kcontrol reaches end of non-void function [\x1b[01;35m\x1b[K\x1b]8;;https://gcc.gnu.org/onlinedocs/gcc/Warning-Options.html#index-Wreturn-type\x07-Wreturn-type\x1b]8;;\x07\x1b[m\x1b[K]\n'}
[25.338158] (mission_layer_mvibot) StderrLine: {'line': b' 1062 | \x1b[01;35m\x1b[K}\x1b[m\x1b[K\n'}
[25.338585] (mission_layer_mvibot) StderrLine: {'line': b'      | \x1b[01;35m\x1b[K^\x1b[m\x1b[K\n'}
[25.370367] (-) TimerEvent: {}
[25.393815] (mission_layer_mvibot) StderrLine: {'line': b'\x1b[01m\x1b[K/home/mvibot/floorCleaningRobot_ws/src/mission_layer_mvibot/src/../include/mission_layer_mvibot/mvibot_mission/marker_function.h:\x1b[m\x1b[K In member function \xe2\x80\x98\x1b[01m\x1b[Kint marker_function::\x1b[01;32m\x1b[Kaction\x1b[m\x1b[K()\x1b[m\x1b[K\xe2\x80\x99:\n'}
[25.394005] (mission_layer_mvibot) StderrLine: {'line': b'\x1b[01m\x1b[K/home/mvibot/floorCleaningRobot_ws/src/mission_layer_mvibot/src/../include/mission_layer_mvibot/mvibot_mission/marker_function.h:906:1:\x1b[m\x1b[K \x1b[01;35m\x1b[Kwarning: \x1b[m\x1b[Kcontrol reaches end of non-void function [\x1b[01;35m\x1b[K\x1b]8;;https://gcc.gnu.org/onlinedocs/gcc/Warning-Options.html#index-Wreturn-type\x07-Wreturn-type\x1b]8;;\x07\x1b[m\x1b[K]\n'}
[25.394113] (mission_layer_mvibot) StderrLine: {'line': b'  906 | \x1b[01;35m\x1b[K}\x1b[m\x1b[K\n'}
[25.394182] (mission_layer_mvibot) StderrLine: {'line': b'      | \x1b[01;35m\x1b[K^\x1b[m\x1b[K\n'}
[25.410299] (mission_layer_mvibot) StderrLine: {'line': b'In file included from \x1b[01m\x1b[K/home/mvibot/floorCleaningRobot_ws/src/mission_layer_mvibot/src/mvibot_mission.cpp:13\x1b[m\x1b[K:\n'}
[25.410547] (mission_layer_mvibot) StderrLine: {'line': b'\x1b[01m\x1b[K/home/mvibot/floorCleaningRobot_ws/src/mission_layer_mvibot/src/../include/mission_layer_mvibot/mvibot_mission/lift_function.h:\x1b[m\x1b[K In member function \xe2\x80\x98\x1b[01m\x1b[Kint lift_function::\x1b[01;32m\x1b[Kaction\x1b[m\x1b[K()\x1b[m\x1b[K\xe2\x80\x99:\n'}
[25.410670] (mission_layer_mvibot) StderrLine: {'line': b'\x1b[01m\x1b[K/home/mvibot/floorCleaningRobot_ws/src/mission_layer_mvibot/src/../include/mission_layer_mvibot/mvibot_mission/lift_function.h:203:1:\x1b[m\x1b[K \x1b[01;35m\x1b[Kwarning: \x1b[m\x1b[Kcontrol reaches end of non-void function [\x1b[01;35m\x1b[K\x1b]8;;https://gcc.gnu.org/onlinedocs/gcc/Warning-Options.html#index-Wreturn-type\x07-Wreturn-type\x1b]8;;\x07\x1b[m\x1b[K]\n'}
[25.410784] (mission_layer_mvibot) StderrLine: {'line': b'  203 | \x1b[01;35m\x1b[K}\x1b[m\x1b[K\n'}
[25.410882] (mission_layer_mvibot) StderrLine: {'line': b'      | \x1b[01;35m\x1b[K^\x1b[m\x1b[K\n'}
[25.419341] (mission_layer_mvibot) StderrLine: {'line': b'In file included from \x1b[01m\x1b[K/home/mvibot/floorCleaningRobot_ws/src/mission_layer_mvibot/src/mvibot_mission.cpp:14\x1b[m\x1b[K:\n'}
[25.419528] (mission_layer_mvibot) StderrLine: {'line': b'\x1b[01m\x1b[K/home/mvibot/floorCleaningRobot_ws/src/mission_layer_mvibot/src/../include/mission_layer_mvibot/mvibot_mission/map_function.h:\x1b[m\x1b[K In member function \xe2\x80\x98\x1b[01m\x1b[Kint loadmap_function::\x1b[01;32m\x1b[Kaction\x1b[m\x1b[K()\x1b[m\x1b[K\xe2\x80\x99:\n'}
[25.419607] (mission_layer_mvibot) StderrLine: {'line': b'\x1b[01m\x1b[K/home/mvibot/floorCleaningRobot_ws/src/mission_layer_mvibot/src/../include/mission_layer_mvibot/mvibot_mission/map_function.h:160:1:\x1b[m\x1b[K \x1b[01;35m\x1b[Kwarning: \x1b[m\x1b[Kcontrol reaches end of non-void function [\x1b[01;35m\x1b[K\x1b]8;;https://gcc.gnu.org/onlinedocs/gcc/Warning-Options.html#index-Wreturn-type\x07-Wreturn-type\x1b]8;;\x07\x1b[m\x1b[K]\n'}
[25.419679] (mission_layer_mvibot) StderrLine: {'line': b'  160 | \x1b[01;35m\x1b[K}\x1b[m\x1b[K\n'}
[25.419740] (mission_layer_mvibot) StderrLine: {'line': b'      | \x1b[01;35m\x1b[K^\x1b[m\x1b[K\n'}
[25.470463] (-) TimerEvent: {}
[25.570675] (-) TimerEvent: {}
[25.670918] (-) TimerEvent: {}
[25.771161] (-) TimerEvent: {}
[25.871471] (-) TimerEvent: {}
[25.971755] (-) TimerEvent: {}
[26.072101] (-) TimerEvent: {}
[26.172399] (-) TimerEvent: {}
[26.272701] (-) TimerEvent: {}
[26.372991] (-) TimerEvent: {}
[26.473622] (-) TimerEvent: {}
[26.574184] (-) TimerEvent: {}
[26.674422] (-) TimerEvent: {}
[26.774647] (-) TimerEvent: {}
[26.874822] (-) TimerEvent: {}
[26.975016] (-) TimerEvent: {}
[27.075214] (-) TimerEvent: {}
[27.175432] (-) TimerEvent: {}
[27.275644] (-) TimerEvent: {}
[27.375904] (-) TimerEvent: {}
[27.476178] (-) TimerEvent: {}
[27.576427] (-) TimerEvent: {}
[27.676686] (-) TimerEvent: {}
[27.776952] (-) TimerEvent: {}
[27.877175] (-) TimerEvent: {}
[27.977378] (-) TimerEvent: {}
[28.077586] (-) TimerEvent: {}
[28.177876] (-) TimerEvent: {}
[28.278183] (-) TimerEvent: {}
[28.378510] (-) TimerEvent: {}
[28.478790] (-) TimerEvent: {}
[28.579190] (-) TimerEvent: {}
[28.679467] (-) TimerEvent: {}
[28.779700] (-) TimerEvent: {}
[28.879950] (-) TimerEvent: {}
[28.980217] (-) TimerEvent: {}
[29.080875] (-) TimerEvent: {}
[29.181176] (-) TimerEvent: {}
[29.281521] (-) TimerEvent: {}
[29.381797] (-) TimerEvent: {}
[29.482389] (-) TimerEvent: {}
[29.582696] (-) TimerEvent: {}
[29.682912] (-) TimerEvent: {}
[29.783147] (-) TimerEvent: {}
[29.883366] (-) TimerEvent: {}
[29.983595] (-) TimerEvent: {}
[30.083809] (-) TimerEvent: {}
[30.184059] (-) TimerEvent: {}
[30.284286] (-) TimerEvent: {}
[30.384547] (-) TimerEvent: {}
[30.484856] (-) TimerEvent: {}
[30.585135] (-) TimerEvent: {}
[30.685408] (-) TimerEvent: {}
[30.785692] (-) TimerEvent: {}
[30.885995] (-) TimerEvent: {}
[30.986268] (-) TimerEvent: {}
[31.086508] (-) TimerEvent: {}
[31.186773] (-) TimerEvent: {}
[31.287029] (-) TimerEvent: {}
[31.387289] (-) TimerEvent: {}
[31.487574] (-) TimerEvent: {}
[31.587813] (-) TimerEvent: {}
[31.688045] (-) TimerEvent: {}
[31.788288] (-) TimerEvent: {}
[31.888502] (-) TimerEvent: {}
[31.988753] (-) TimerEvent: {}
[32.088994] (-) TimerEvent: {}
[32.189290] (-) TimerEvent: {}
[32.290058] (-) TimerEvent: {}
[32.390282] (-) TimerEvent: {}
[32.490550] (-) TimerEvent: {}
[32.590861] (-) TimerEvent: {}
[32.691158] (-) TimerEvent: {}
[32.791364] (-) TimerEvent: {}
[32.891566] (-) TimerEvent: {}
[32.991755] (-) TimerEvent: {}
[33.092001] (-) TimerEvent: {}
[33.192253] (-) TimerEvent: {}
[33.292444] (-) TimerEvent: {}
[33.392659] (-) TimerEvent: {}
[33.492883] (-) TimerEvent: {}
[33.593102] (-) TimerEvent: {}
[33.693311] (-) TimerEvent: {}
[33.793561] (-) TimerEvent: {}
[33.893809] (-) TimerEvent: {}
[33.994046] (-) TimerEvent: {}
[34.094308] (-) TimerEvent: {}
[34.194582] (-) TimerEvent: {}
[34.294793] (-) TimerEvent: {}
[34.394986] (-) TimerEvent: {}
[34.495240] (-) TimerEvent: {}
[34.595515] (-) TimerEvent: {}
[34.695721] (-) TimerEvent: {}
[34.795963] (-) TimerEvent: {}
[34.896275] (-) TimerEvent: {}
[34.996711] (-) TimerEvent: {}
[35.097037] (-) TimerEvent: {}
[35.197372] (-) TimerEvent: {}
[35.297614] (-) TimerEvent: {}
[35.397879] (-) TimerEvent: {}
[35.498162] (-) TimerEvent: {}
[35.598383] (-) TimerEvent: {}
[35.698597] (-) TimerEvent: {}
[35.798849] (-) TimerEvent: {}
[35.899089] (-) TimerEvent: {}
[35.999294] (-) TimerEvent: {}
[36.099514] (-) TimerEvent: {}
[36.199753] (-) TimerEvent: {}
[36.299998] (-) TimerEvent: {}
[36.400222] (-) TimerEvent: {}
[36.500474] (-) TimerEvent: {}
[36.600721] (-) TimerEvent: {}
[36.700979] (-) TimerEvent: {}
[36.801284] (-) TimerEvent: {}
[36.901606] (-) TimerEvent: {}
[37.001858] (-) TimerEvent: {}
[37.102116] (-) TimerEvent: {}
[37.202344] (-) TimerEvent: {}
[37.302665] (-) TimerEvent: {}
[37.402928] (-) TimerEvent: {}
[37.503187] (-) TimerEvent: {}
[37.603485] (-) TimerEvent: {}
[37.703760] (-) TimerEvent: {}
[37.804018] (-) TimerEvent: {}
[37.904286] (-) TimerEvent: {}
[38.004520] (-) TimerEvent: {}
[38.104748] (-) TimerEvent: {}
[38.204992] (-) TimerEvent: {}
[38.305193] (-) TimerEvent: {}
[38.405394] (-) TimerEvent: {}
[38.505904] (-) TimerEvent: {}
[38.606192] (-) TimerEvent: {}
[38.706518] (-) TimerEvent: {}
[38.806803] (-) TimerEvent: {}
[38.907077] (-) TimerEvent: {}
[39.007309] (-) TimerEvent: {}
[39.107575] (-) TimerEvent: {}
[39.207794] (-) TimerEvent: {}
[39.308006] (-) TimerEvent: {}
[39.408278] (-) TimerEvent: {}
[39.508528] (-) TimerEvent: {}
[39.608770] (-) TimerEvent: {}
[39.709013] (-) TimerEvent: {}
[39.809356] (-) TimerEvent: {}
[39.909927] (-) TimerEvent: {}
[40.010171] (-) TimerEvent: {}
[40.110527] (-) TimerEvent: {}
[40.210921] (-) TimerEvent: {}
[40.312101] (-) TimerEvent: {}
[40.412383] (-) TimerEvent: {}
[40.512612] (-) TimerEvent: {}
[40.612872] (-) TimerEvent: {}
[40.713113] (-) TimerEvent: {}
[40.813377] (-) TimerEvent: {}
[40.913745] (-) TimerEvent: {}
[41.014066] (-) TimerEvent: {}
[41.114310] (-) TimerEvent: {}
[41.214612] (-) TimerEvent: {}
[41.314877] (-) TimerEvent: {}
[41.415133] (-) TimerEvent: {}
[41.515568] (-) TimerEvent: {}
[41.615811] (-) TimerEvent: {}
[41.716072] (-) TimerEvent: {}
[41.816290] (-) TimerEvent: {}
[41.916496] (-) TimerEvent: {}
[42.016728] (-) TimerEvent: {}
[42.116963] (-) TimerEvent: {}
[42.217177] (-) TimerEvent: {}
[42.317430] (-) TimerEvent: {}
[42.417671] (-) TimerEvent: {}
[42.517888] (-) TimerEvent: {}
[42.618154] (-) TimerEvent: {}
[42.718370] (-) TimerEvent: {}
[42.818611] (-) TimerEvent: {}
[42.918864] (-) TimerEvent: {}
[43.019114] (-) TimerEvent: {}
[43.119343] (-) TimerEvent: {}
[43.219555] (-) TimerEvent: {}
[43.319800] (-) TimerEvent: {}
[43.420083] (-) TimerEvent: {}
[43.520339] (-) TimerEvent: {}
[43.620608] (-) TimerEvent: {}
[43.720864] (-) TimerEvent: {}
[43.821098] (-) TimerEvent: {}
[43.921330] (-) TimerEvent: {}
[44.021654] (-) TimerEvent: {}
[44.121999] (-) TimerEvent: {}
[44.222248] (-) TimerEvent: {}
[44.322547] (-) TimerEvent: {}
[44.422792] (-) TimerEvent: {}
[44.523034] (-) TimerEvent: {}
[44.623336] (-) TimerEvent: {}
[44.723570] (-) TimerEvent: {}
[44.823800] (-) TimerEvent: {}
[44.924025] (-) TimerEvent: {}
[45.024497] (-) TimerEvent: {}
[45.124867] (-) TimerEvent: {}
[45.225102] (-) TimerEvent: {}
[45.325407] (-) TimerEvent: {}
[45.425848] (-) TimerEvent: {}
[45.526180] (-) TimerEvent: {}
[45.626440] (-) TimerEvent: {}
[45.726761] (-) TimerEvent: {}
[45.827063] (-) TimerEvent: {}
[45.927301] (-) TimerEvent: {}
[46.027495] (-) TimerEvent: {}
[46.127775] (-) TimerEvent: {}
[46.228061] (-) TimerEvent: {}
[46.328331] (-) TimerEvent: {}
[46.428681] (-) TimerEvent: {}
[46.529054] (-) TimerEvent: {}
[46.629271] (-) TimerEvent: {}
[46.729489] (-) TimerEvent: {}
[46.829731] (-) TimerEvent: {}
[46.929970] (-) TimerEvent: {}
[47.030289] (-) TimerEvent: {}
[47.130566] (-) TimerEvent: {}
[47.230968] (-) TimerEvent: {}
[47.331269] (-) TimerEvent: {}
[47.431862] (-) TimerEvent: {}
[47.532159] (-) TimerEvent: {}
[47.632410] (-) TimerEvent: {}
[47.732712] (-) TimerEvent: {}
[47.832928] (-) TimerEvent: {}
[47.933219] (-) TimerEvent: {}
[48.033489] (-) TimerEvent: {}
[48.133742] (-) TimerEvent: {}
[48.233966] (-) TimerEvent: {}
[48.334368] (-) TimerEvent: {}
[48.434646] (-) TimerEvent: {}
[48.534886] (-) TimerEvent: {}
[48.635206] (-) TimerEvent: {}
[48.735481] (-) TimerEvent: {}
[48.835766] (-) TimerEvent: {}
[48.935977] (-) TimerEvent: {}
[49.036220] (-) TimerEvent: {}
[49.136469] (-) TimerEvent: {}
[49.236675] (-) TimerEvent: {}
[49.336907] (-) TimerEvent: {}
[49.437190] (-) TimerEvent: {}
[49.537448] (-) TimerEvent: {}
[49.637709] (-) TimerEvent: {}
[49.738003] (-) TimerEvent: {}
[49.838381] (-) TimerEvent: {}
[49.938663] (-) TimerEvent: {}
[50.038900] (-) TimerEvent: {}
[50.139147] (-) TimerEvent: {}
[50.239373] (-) TimerEvent: {}
[50.339722] (-) TimerEvent: {}
[50.440133] (-) TimerEvent: {}
[50.540371] (-) TimerEvent: {}
[50.640954] (-) TimerEvent: {}
[50.741229] (-) TimerEvent: {}
[50.841511] (-) TimerEvent: {}
[50.941825] (-) TimerEvent: {}
[51.042090] (-) TimerEvent: {}
[51.142332] (-) TimerEvent: {}
[51.242580] (-) TimerEvent: {}
[51.342859] (-) TimerEvent: {}
[51.443140] (-) TimerEvent: {}
[51.543524] (-) TimerEvent: {}
[51.643744] (-) TimerEvent: {}
[51.743991] (-) TimerEvent: {}
[51.844256] (-) TimerEvent: {}
[51.944518] (-) TimerEvent: {}
[52.044752] (-) TimerEvent: {}
[52.144951] (-) TimerEvent: {}
[52.245192] (-) TimerEvent: {}
[52.345361] (-) TimerEvent: {}
[52.445580] (-) TimerEvent: {}
[52.545800] (-) TimerEvent: {}
[52.646027] (-) TimerEvent: {}
[52.746281] (-) TimerEvent: {}
[52.846560] (-) TimerEvent: {}
[52.946844] (-) TimerEvent: {}
[53.047140] (-) TimerEvent: {}
[53.147493] (-) TimerEvent: {}
[53.247753] (-) TimerEvent: {}
[53.348040] (-) TimerEvent: {}
[53.448400] (-) TimerEvent: {}
[53.548833] (-) TimerEvent: {}
[53.649117] (-) TimerEvent: {}
[53.749343] (-) TimerEvent: {}
[53.849650] (-) TimerEvent: {}
[53.949932] (-) TimerEvent: {}
[54.050180] (-) TimerEvent: {}
[54.150481] (-) TimerEvent: {}
[54.250784] (-) TimerEvent: {}
[54.351384] (-) TimerEvent: {}
[54.451667] (-) TimerEvent: {}
[54.551948] (-) TimerEvent: {}
[54.652206] (-) TimerEvent: {}
[54.752470] (-) TimerEvent: {}
[54.852722] (-) TimerEvent: {}
[54.952974] (-) TimerEvent: {}
[55.053228] (-) TimerEvent: {}
[55.153490] (-) TimerEvent: {}
[55.253710] (-) TimerEvent: {}
[55.353953] (-) TimerEvent: {}
[55.454207] (-) TimerEvent: {}
[55.554511] (-) TimerEvent: {}
[55.654755] (-) TimerEvent: {}
[55.755000] (-) TimerEvent: {}
[55.855227] (-) TimerEvent: {}
[55.955599] (-) TimerEvent: {}
[56.055859] (-) TimerEvent: {}
[56.156107] (-) TimerEvent: {}
[56.256350] (-) TimerEvent: {}
[56.356587] (-) TimerEvent: {}
[56.456856] (-) TimerEvent: {}
[56.557045] (-) TimerEvent: {}
[56.657370] (-) TimerEvent: {}
[56.757712] (-) TimerEvent: {}
[56.857919] (-) TimerEvent: {}
[56.958225] (-) TimerEvent: {}
[57.058451] (-) TimerEvent: {}
[57.158663] (-) TimerEvent: {}
[57.258892] (-) TimerEvent: {}
[57.359201] (-) TimerEvent: {}
[57.459474] (-) TimerEvent: {}
[57.559694] (-) TimerEvent: {}
[57.659918] (-) TimerEvent: {}
[57.760155] (-) TimerEvent: {}
[57.860433] (-) TimerEvent: {}
[57.960685] (-) TimerEvent: {}
[58.060940] (-) TimerEvent: {}
[58.161155] (-) TimerEvent: {}
[58.261375] (-) TimerEvent: {}
[58.361586] (-) TimerEvent: {}
[58.461872] (-) TimerEvent: {}
[58.562149] (-) TimerEvent: {}
[58.662371] (-) TimerEvent: {}
[58.762550] (-) TimerEvent: {}
[58.862764] (-) TimerEvent: {}
[58.962932] (-) TimerEvent: {}
[59.063166] (-) TimerEvent: {}
[59.163758] (-) TimerEvent: {}
[59.264020] (-) TimerEvent: {}
[59.364265] (-) TimerEvent: {}
[59.464529] (-) TimerEvent: {}
[59.564810] (-) TimerEvent: {}
[59.665065] (-) TimerEvent: {}
[59.765304] (-) TimerEvent: {}
[59.865634] (-) TimerEvent: {}
[59.965868] (-) TimerEvent: {}
[60.066117] (-) TimerEvent: {}
[60.166349] (-) TimerEvent: {}
[60.267019] (-) TimerEvent: {}
[60.367265] (-) TimerEvent: {}
[60.467577] (-) TimerEvent: {}
[60.567889] (-) TimerEvent: {}
[60.668166] (-) TimerEvent: {}
[60.768480] (-) TimerEvent: {}
[60.868875] (-) TimerEvent: {}
[60.969171] (-) TimerEvent: {}
[61.069452] (-) TimerEvent: {}
[61.162781] (mission_layer_mvibot) StderrLine: {'line': b'\x1b[01m\x1b[K/home/mvibot/floorCleaningRobot_ws/src/mission_layer_mvibot/src/../include/mission_layer_mvibot/mvibot_mission/manage_mission.h:\x1b[m\x1b[K In member function \xe2\x80\x98\x1b[01m\x1b[Kdouble* manage_mission::\x1b[01;32m\x1b[Kget_position_tf\x1b[m\x1b[K(std::string, std::string)\x1b[m\x1b[K\xe2\x80\x99:\n'}
[61.164758] (mission_layer_mvibot) StderrLine: {'line': b'\x1b[01m\x1b[K/home/mvibot/floorCleaningRobot_ws/src/mission_layer_mvibot/src/../include/mission_layer_mvibot/mvibot_mission/manage_mission.h:654:33:\x1b[m\x1b[K \x1b[01;35m\x1b[Kwarning: \x1b[m\x1b[Karray subscript 2 is above array bounds of \xe2\x80\x98\x1b[01m\x1b[Kdouble [2]\x1b[m\x1b[K\xe2\x80\x99 [\x1b[01;35m\x1b[K\x1b]8;;https://gcc.gnu.org/onlinedocs/gcc/Warning-Options.html#index-Warray-bounds=\x07-Warray-bounds=\x1b]8;;\x07\x1b[m\x1b[K]\n'}
[61.164948] (mission_layer_mvibot) StderrLine: {'line': b'  654 |     data[0]=x; data[1]=y; \x1b[01;35m\x1b[Kdata[2]\x1b[m\x1b[K=thz; data[3]=thw;\n'}
[61.165070] (mission_layer_mvibot) StderrLine: {'line': b'      |                           \x1b[01;35m\x1b[K~~~~~~^\x1b[m\x1b[K\n'}
[61.165194] (mission_layer_mvibot) StderrLine: {'line': b'\x1b[01m\x1b[K/home/mvibot/floorCleaningRobot_ws/src/mission_layer_mvibot/src/../include/mission_layer_mvibot/mvibot_mission/manage_mission.h:638:19:\x1b[m\x1b[K \x1b[01;36m\x1b[Knote: \x1b[m\x1b[Kwhile referencing \xe2\x80\x98\x1b[01m\x1b[Kdata\x1b[m\x1b[K\xe2\x80\x99\n'}
[61.165913] (mission_layer_mvibot) StderrLine: {'line': b'  638 |     static double \x1b[01;36m\x1b[Kdata\x1b[m\x1b[K[2];\n'}
[61.166030] (mission_layer_mvibot) StderrLine: {'line': b'      |                   \x1b[01;36m\x1b[K^~~~\x1b[m\x1b[K\n'}
[61.166157] (mission_layer_mvibot) StderrLine: {'line': b'\x1b[01m\x1b[K/home/mvibot/floorCleaningRobot_ws/src/mission_layer_mvibot/src/../include/mission_layer_mvibot/mvibot_mission/manage_mission.h:654:46:\x1b[m\x1b[K \x1b[01;35m\x1b[Kwarning: \x1b[m\x1b[Karray subscript 3 is above array bounds of \xe2\x80\x98\x1b[01m\x1b[Kdouble [2]\x1b[m\x1b[K\xe2\x80\x99 [\x1b[01;35m\x1b[K\x1b]8;;https://gcc.gnu.org/onlinedocs/gcc/Warning-Options.html#index-Warray-bounds=\x07-Warray-bounds=\x1b]8;;\x07\x1b[m\x1b[K]\n'}
[61.166296] (mission_layer_mvibot) StderrLine: {'line': b'  654 |     data[0]=x; data[1]=y; data[2]=thz; \x1b[01;35m\x1b[Kdata[3]\x1b[m\x1b[K=thw;\n'}
[61.166428] (mission_layer_mvibot) StderrLine: {'line': b'      |                                        \x1b[01;35m\x1b[K~~~~~~^\x1b[m\x1b[K\n'}
[61.166537] (mission_layer_mvibot) StderrLine: {'line': b'\x1b[01m\x1b[K/home/mvibot/floorCleaningRobot_ws/src/mission_layer_mvibot/src/../include/mission_layer_mvibot/mvibot_mission/manage_mission.h:638:19:\x1b[m\x1b[K \x1b[01;36m\x1b[Knote: \x1b[m\x1b[Kwhile referencing \xe2\x80\x98\x1b[01m\x1b[Kdata\x1b[m\x1b[K\xe2\x80\x99\n'}
[61.166649] (mission_layer_mvibot) StderrLine: {'line': b'  638 |     static double \x1b[01;36m\x1b[Kdata\x1b[m\x1b[K[2];\n'}
[61.166752] (mission_layer_mvibot) StderrLine: {'line': b'      |                   \x1b[01;36m\x1b[K^~~~\x1b[m\x1b[K\n'}
[61.169555] (-) TimerEvent: {}
[61.269814] (-) TimerEvent: {}
[61.370070] (-) TimerEvent: {}
[61.470345] (-) TimerEvent: {}
[61.570589] (-) TimerEvent: {}
[61.670798] (-) TimerEvent: {}
[61.771059] (-) TimerEvent: {}
[61.871411] (-) TimerEvent: {}
[61.971685] (-) TimerEvent: {}
[62.071914] (-) TimerEvent: {}
[62.172183] (-) TimerEvent: {}
[62.272472] (-) TimerEvent: {}
[62.372798] (-) TimerEvent: {}
[62.473059] (-) TimerEvent: {}
[62.573302] (-) TimerEvent: {}
[62.673552] (-) TimerEvent: {}
[62.773794] (-) TimerEvent: {}
[62.874067] (-) TimerEvent: {}
[62.974241] (-) TimerEvent: {}
[63.074470] (-) TimerEvent: {}
[63.174700] (-) TimerEvent: {}
[63.274920] (-) TimerEvent: {}
[63.375124] (-) TimerEvent: {}
[63.475389] (-) TimerEvent: {}
[63.575769] (-) TimerEvent: {}
[63.676105] (-) TimerEvent: {}
[63.776491] (-) TimerEvent: {}
[63.876786] (-) TimerEvent: {}
[63.977069] (-) TimerEvent: {}
[64.077341] (-) TimerEvent: {}
[64.177590] (-) TimerEvent: {}
[64.277874] (-) TimerEvent: {}
[64.378128] (-) TimerEvent: {}
[64.478468] (-) TimerEvent: {}
[64.578777] (-) TimerEvent: {}
[64.679092] (-) TimerEvent: {}
[64.779593] (-) TimerEvent: {}
[64.879875] (-) TimerEvent: {}
[64.980193] (-) TimerEvent: {}
[65.080559] (-) TimerEvent: {}
[65.181229] (-) TimerEvent: {}
[65.281541] (-) TimerEvent: {}
[65.381888] (-) TimerEvent: {}
[65.482172] (-) TimerEvent: {}
[65.582466] (-) TimerEvent: {}
[65.682705] (-) TimerEvent: {}
[65.782959] (-) TimerEvent: {}
[65.883236] (-) TimerEvent: {}
[65.983513] (-) TimerEvent: {}
[66.083739] (-) TimerEvent: {}
[66.183969] (-) TimerEvent: {}
[66.284204] (-) TimerEvent: {}
[66.384725] (-) TimerEvent: {}
[66.484970] (-) TimerEvent: {}
[66.585207] (-) TimerEvent: {}
[66.685843] (-) TimerEvent: {}
[66.786063] (-) TimerEvent: {}
[66.886280] (-) TimerEvent: {}
[66.986512] (-) TimerEvent: {}
[67.086743] (-) TimerEvent: {}
[67.187031] (-) TimerEvent: {}
[67.287276] (-) TimerEvent: {}
[67.387534] (-) TimerEvent: {}
[67.487798] (-) TimerEvent: {}
[67.588084] (-) TimerEvent: {}
[67.688378] (-) TimerEvent: {}
[67.788600] (-) TimerEvent: {}
[67.888848] (-) TimerEvent: {}
[67.989123] (-) TimerEvent: {}
[68.089687] (-) TimerEvent: {}
[68.189965] (-) TimerEvent: {}
[68.290241] (-) TimerEvent: {}
[68.390739] (-) TimerEvent: {}
[68.490974] (-) TimerEvent: {}
[68.591183] (-) TimerEvent: {}
[68.691358] (-) TimerEvent: {}
[68.791579] (-) TimerEvent: {}
[68.891795] (-) TimerEvent: {}
[68.992016] (-) TimerEvent: {}
[69.092228] (-) TimerEvent: {}
[69.192434] (-) TimerEvent: {}
[69.292657] (-) TimerEvent: {}
[69.392879] (-) TimerEvent: {}
[69.493120] (-) TimerEvent: {}
[69.593358] (-) TimerEvent: {}
[69.693573] (-) TimerEvent: {}
[69.793793] (-) TimerEvent: {}
[69.894063] (-) TimerEvent: {}
[69.994302] (-) TimerEvent: {}
[70.094531] (-) TimerEvent: {}
[70.194753] (-) TimerEvent: {}
[70.294976] (-) TimerEvent: {}
[70.395189] (-) TimerEvent: {}
[70.495420] (-) TimerEvent: {}
[70.595646] (-) TimerEvent: {}
[70.695890] (-) TimerEvent: {}
[70.796191] (-) TimerEvent: {}
[70.896518] (-) TimerEvent: {}
[70.996792] (-) TimerEvent: {}
[71.097133] (-) TimerEvent: {}
[71.197490] (-) TimerEvent: {}
[71.297754] (-) TimerEvent: {}
[71.398043] (-) TimerEvent: {}
[71.498353] (-) TimerEvent: {}
[71.598630] (-) TimerEvent: {}
[71.698925] (-) TimerEvent: {}
[71.799183] (-) TimerEvent: {}
[71.899439] (-) TimerEvent: {}
[71.999658] (-) TimerEvent: {}
[72.099927] (-) TimerEvent: {}
[72.200171] (-) TimerEvent: {}
[72.300368] (-) TimerEvent: {}
[72.400579] (-) TimerEvent: {}
[72.500797] (-) TimerEvent: {}
[72.601046] (-) TimerEvent: {}
[72.701446] (-) TimerEvent: {}
[72.801765] (-) TimerEvent: {}
[72.902035] (-) TimerEvent: {}
[73.002289] (-) TimerEvent: {}
[73.102546] (-) TimerEvent: {}
[73.202777] (-) TimerEvent: {}
[73.302987] (-) TimerEvent: {}
[73.403217] (-) TimerEvent: {}
[73.503454] (-) TimerEvent: {}
[73.603708] (-) TimerEvent: {}
[73.703939] (-) TimerEvent: {}
[73.804211] (-) TimerEvent: {}
[73.904466] (-) TimerEvent: {}
[74.004703] (-) TimerEvent: {}
[74.104947] (-) TimerEvent: {}
[74.205176] (-) TimerEvent: {}
[74.305503] (-) TimerEvent: {}
[74.405857] (-) TimerEvent: {}
[74.506191] (-) TimerEvent: {}
[74.606468] (-) TimerEvent: {}
[74.706738] (-) TimerEvent: {}
[74.807009] (-) TimerEvent: {}
[74.907226] (-) TimerEvent: {}
[75.007466] (-) TimerEvent: {}
[75.107694] (-) TimerEvent: {}
[75.207916] (-) TimerEvent: {}
[75.308088] (-) TimerEvent: {}
[75.408352] (-) TimerEvent: {}
[75.508560] (-) TimerEvent: {}
[75.608747] (-) TimerEvent: {}
[75.708969] (-) TimerEvent: {}
[75.809401] (-) TimerEvent: {}
[75.909940] (-) TimerEvent: {}
[76.010289] (-) TimerEvent: {}
[76.110905] (-) TimerEvent: {}
[76.211335] (-) TimerEvent: {}
[76.311632] (-) TimerEvent: {}
[76.411900] (-) TimerEvent: {}
[76.512210] (-) TimerEvent: {}
[76.612669] (-) TimerEvent: {}
[76.712956] (-) TimerEvent: {}
[76.813237] (-) TimerEvent: {}
[76.913515] (-) TimerEvent: {}
[77.013796] (-) TimerEvent: {}
[77.114098] (-) TimerEvent: {}
[77.214393] (-) TimerEvent: {}
[77.314706] (-) TimerEvent: {}
[77.415020] (-) TimerEvent: {}
[77.515380] (-) TimerEvent: {}
[77.615788] (-) TimerEvent: {}
[77.716076] (-) TimerEvent: {}
[77.816407] (-) TimerEvent: {}
[77.916634] (-) TimerEvent: {}
[78.016892] (-) TimerEvent: {}
[78.117169] (-) TimerEvent: {}
[78.217418] (-) TimerEvent: {}
[78.317616] (-) TimerEvent: {}
[78.417854] (-) TimerEvent: {}
[78.518095] (-) TimerEvent: {}
[78.618367] (-) TimerEvent: {}
[78.718665] (-) TimerEvent: {}
[78.818958] (-) TimerEvent: {}
[78.919275] (-) TimerEvent: {}
[79.019521] (-) TimerEvent: {}
[79.119755] (-) TimerEvent: {}
[79.220063] (-) TimerEvent: {}
[79.320374] (-) TimerEvent: {}
[79.420618] (-) TimerEvent: {}
[79.520874] (-) TimerEvent: {}
[79.621119] (-) TimerEvent: {}
[79.721374] (-) TimerEvent: {}
[79.821627] (-) TimerEvent: {}
[79.921891] (-) TimerEvent: {}
[80.022177] (-) TimerEvent: {}
[80.122563] (-) TimerEvent: {}
[80.222818] (-) TimerEvent: {}
[80.323067] (-) TimerEvent: {}
[80.423338] (-) TimerEvent: {}
[80.523609] (-) TimerEvent: {}
[80.623886] (-) TimerEvent: {}
[80.724117] (-) TimerEvent: {}
[80.824379] (-) TimerEvent: {}
[80.924606] (-) TimerEvent: {}
[81.024915] (-) TimerEvent: {}
[81.125248] (-) TimerEvent: {}
[81.225690] (-) TimerEvent: {}
[81.326016] (-) TimerEvent: {}
[81.426257] (-) TimerEvent: {}
[81.526510] (-) TimerEvent: {}
[81.626747] (-) TimerEvent: {}
[81.727007] (-) TimerEvent: {}
[81.827243] (-) TimerEvent: {}
[81.927478] (-) TimerEvent: {}
[82.027706] (-) TimerEvent: {}
[82.127945] (-) TimerEvent: {}
[82.228189] (-) TimerEvent: {}
[82.328504] (-) TimerEvent: {}
[82.428796] (-) TimerEvent: {}
[82.529050] (-) TimerEvent: {}
[82.629352] (-) TimerEvent: {}
[82.729603] (-) TimerEvent: {}
[82.829865] (-) TimerEvent: {}
[82.930161] (-) TimerEvent: {}
[83.031410] (-) TimerEvent: {}
[83.131645] (-) TimerEvent: {}
[83.231933] (-) TimerEvent: {}
[83.332193] (-) TimerEvent: {}
[83.432499] (-) TimerEvent: {}
[83.533079] (-) TimerEvent: {}
[83.633367] (-) TimerEvent: {}
[83.733635] (-) TimerEvent: {}
[83.833870] (-) TimerEvent: {}
[83.934093] (-) TimerEvent: {}
[84.034373] (-) TimerEvent: {}
[84.134644] (-) TimerEvent: {}
[84.234886] (-) TimerEvent: {}
[84.335105] (-) TimerEvent: {}
[84.435360] (-) TimerEvent: {}
[84.535647] (-) TimerEvent: {}
[84.635904] (-) TimerEvent: {}
[84.736128] (-) TimerEvent: {}
[84.836349] (-) TimerEvent: {}
[84.936585] (-) TimerEvent: {}
[85.036845] (-) TimerEvent: {}
[85.137113] (-) TimerEvent: {}
[85.208647] (mission_layer_mvibot) StderrLine: {'line': b'\x1b[01m\x1b[K/home/mvibot/floorCleaningRobot_ws/src/mission_layer_mvibot/src/../include/mission_layer_mvibot/mvibot_mission/navigation_function.h:\x1b[m\x1b[K In member function \xe2\x80\x98\x1b[01m\x1b[Kvoid navigation_function::\x1b[01;32m\x1b[Kset_initial_robot\x1b[m\x1b[K(const std::string&)\x1b[m\x1b[K\xe2\x80\x99:\n'}
[85.209970] (mission_layer_mvibot) StderrLine: {'line': b'\x1b[01m\x1b[K/home/mvibot/floorCleaningRobot_ws/src/mission_layer_mvibot/src/../include/mission_layer_mvibot/mvibot_mission/navigation_function.h:306:13:\x1b[m\x1b[K \x1b[01;35m\x1b[Kwarning: \x1b[m\x1b[K\xe2\x80\x98\x1b[01m\x1b[Kx\x1b[m\x1b[K\xe2\x80\x99 may be used uninitialized [\x1b[01;35m\x1b[K\x1b]8;;https://gcc.gnu.org/onlinedocs/gcc/Warning-Options.html#index-Wmaybe-uninitialized\x07-Wmaybe-uninitialized\x1b]8;;\x07\x1b[m\x1b[K]\n'}
[85.210106] (mission_layer_mvibot) StderrLine: {'line': b'  306 |     \x1b[01;35m\x1b[Kpub_amcl(x,y,thz,thw)\x1b[m\x1b[K;\n'}
[85.210206] (mission_layer_mvibot) StderrLine: {'line': b'      |     \x1b[01;35m\x1b[K~~~~~~~~^~~~~~~~~~~~~\x1b[m\x1b[K\n'}
[85.210287] (mission_layer_mvibot) StderrLine: {'line': b'\x1b[01m\x1b[K/home/mvibot/floorCleaningRobot_ws/src/mission_layer_mvibot/src/../include/mission_layer_mvibot/mvibot_mission/navigation_function.h:298:18:\x1b[m\x1b[K \x1b[01;36m\x1b[Knote: \x1b[m\x1b[K\xe2\x80\x98\x1b[01m\x1b[Kx\x1b[m\x1b[K\xe2\x80\x99 was declared here\n'}
[85.210460] (mission_layer_mvibot) StderrLine: {'line': b'  298 |     double value,\x1b[01;36m\x1b[Kx\x1b[m\x1b[K,y,thz,thw;\n'}
[85.210839] (mission_layer_mvibot) StderrLine: {'line': b'      |                  \x1b[01;36m\x1b[K^\x1b[m\x1b[K\n'}
[85.210944] (mission_layer_mvibot) StderrLine: {'line': b'\x1b[01m\x1b[K/home/mvibot/floorCleaningRobot_ws/src/mission_layer_mvibot/src/../include/mission_layer_mvibot/mvibot_mission/navigation_function.h:306:13:\x1b[m\x1b[K \x1b[01;35m\x1b[Kwarning: \x1b[m\x1b[K\xe2\x80\x98\x1b[01m\x1b[Ky\x1b[m\x1b[K\xe2\x80\x99 may be used uninitialized [\x1b[01;35m\x1b[K\x1b]8;;https://gcc.gnu.org/onlinedocs/gcc/Warning-Options.html#index-Wmaybe-uninitialized\x07-Wmaybe-uninitialized\x1b]8;;\x07\x1b[m\x1b[K]\n'}
[85.211054] (mission_layer_mvibot) StderrLine: {'line': b'  306 |     \x1b[01;35m\x1b[Kpub_amcl(x,y,thz,thw)\x1b[m\x1b[K;\n'}
[85.211150] (mission_layer_mvibot) StderrLine: {'line': b'      |     \x1b[01;35m\x1b[K~~~~~~~~^~~~~~~~~~~~~\x1b[m\x1b[K\n'}
[85.211245] (mission_layer_mvibot) StderrLine: {'line': b'\x1b[01m\x1b[K/home/mvibot/floorCleaningRobot_ws/src/mission_layer_mvibot/src/../include/mission_layer_mvibot/mvibot_mission/navigation_function.h:298:20:\x1b[m\x1b[K \x1b[01;36m\x1b[Knote: \x1b[m\x1b[K\xe2\x80\x98\x1b[01m\x1b[Ky\x1b[m\x1b[K\xe2\x80\x99 was declared here\n'}
[85.211356] (mission_layer_mvibot) StderrLine: {'line': b'  298 |     double value,x,\x1b[01;36m\x1b[Ky\x1b[m\x1b[K,thz,thw;\n'}
[85.211449] (mission_layer_mvibot) StderrLine: {'line': b'      |                    \x1b[01;36m\x1b[K^\x1b[m\x1b[K\n'}
[85.211549] (mission_layer_mvibot) StderrLine: {'line': b'\x1b[01m\x1b[K/home/mvibot/floorCleaningRobot_ws/src/mission_layer_mvibot/src/../include/mission_layer_mvibot/mvibot_mission/navigation_function.h:306:13:\x1b[m\x1b[K \x1b[01;35m\x1b[Kwarning: \x1b[m\x1b[K\xe2\x80\x98\x1b[01m\x1b[Kthz\x1b[m\x1b[K\xe2\x80\x99 may be used uninitialized [\x1b[01;35m\x1b[K\x1b]8;;https://gcc.gnu.org/onlinedocs/gcc/Warning-Options.html#index-Wmaybe-uninitialized\x07-Wmaybe-uninitialized\x1b]8;;\x07\x1b[m\x1b[K]\n'}
[85.211662] (mission_layer_mvibot) StderrLine: {'line': b'  306 |     \x1b[01;35m\x1b[Kpub_amcl(x,y,thz,thw)\x1b[m\x1b[K;\n'}
[85.211767] (mission_layer_mvibot) StderrLine: {'line': b'      |     \x1b[01;35m\x1b[K~~~~~~~~^~~~~~~~~~~~~\x1b[m\x1b[K\n'}
[85.211864] (mission_layer_mvibot) StderrLine: {'line': b'\x1b[01m\x1b[K/home/mvibot/floorCleaningRobot_ws/src/mission_layer_mvibot/src/../include/mission_layer_mvibot/mvibot_mission/navigation_function.h:298:22:\x1b[m\x1b[K \x1b[01;36m\x1b[Knote: \x1b[m\x1b[K\xe2\x80\x98\x1b[01m\x1b[Kthz\x1b[m\x1b[K\xe2\x80\x99 was declared here\n'}
[85.211967] (mission_layer_mvibot) StderrLine: {'line': b'  298 |     double value,x,y,\x1b[01;36m\x1b[Kthz\x1b[m\x1b[K,thw;\n'}
[85.212066] (mission_layer_mvibot) StderrLine: {'line': b'      |                      \x1b[01;36m\x1b[K^~~\x1b[m\x1b[K\n'}
[85.212161] (mission_layer_mvibot) StderrLine: {'line': b'\x1b[01m\x1b[K/home/mvibot/floorCleaningRobot_ws/src/mission_layer_mvibot/src/../include/mission_layer_mvibot/mvibot_mission/navigation_function.h:306:13:\x1b[m\x1b[K \x1b[01;35m\x1b[Kwarning: \x1b[m\x1b[K\xe2\x80\x98\x1b[01m\x1b[Kthw\x1b[m\x1b[K\xe2\x80\x99 may be used uninitialized [\x1b[01;35m\x1b[K\x1b]8;;https://gcc.gnu.org/onlinedocs/gcc/Warning-Options.html#index-Wmaybe-uninitialized\x07-Wmaybe-uninitialized\x1b]8;;\x07\x1b[m\x1b[K]\n'}
[85.212302] (mission_layer_mvibot) StderrLine: {'line': b'  306 |     \x1b[01;35m\x1b[Kpub_amcl(x,y,thz,thw)\x1b[m\x1b[K;\n'}
[85.212428] (mission_layer_mvibot) StderrLine: {'line': b'      |     \x1b[01;35m\x1b[K~~~~~~~~^~~~~~~~~~~~~\x1b[m\x1b[K\n'}
[85.212561] (mission_layer_mvibot) StderrLine: {'line': b'\x1b[01m\x1b[K/home/mvibot/floorCleaningRobot_ws/src/mission_layer_mvibot/src/../include/mission_layer_mvibot/mvibot_mission/navigation_function.h:298:26:\x1b[m\x1b[K \x1b[01;36m\x1b[Knote: \x1b[m\x1b[K\xe2\x80\x98\x1b[01m\x1b[Kthw\x1b[m\x1b[K\xe2\x80\x99 was declared here\n'}
[85.212670] (mission_layer_mvibot) StderrLine: {'line': b'  298 |     double value,x,y,thz,\x1b[01;36m\x1b[Kthw\x1b[m\x1b[K;\n'}
[85.213263] (mission_layer_mvibot) StderrLine: {'line': b'      |                          \x1b[01;36m\x1b[K^~~\x1b[m\x1b[K\n'}
[85.237250] (-) TimerEvent: {}
[85.337565] (-) TimerEvent: {}
[85.437861] (-) TimerEvent: {}
[85.538311] (-) TimerEvent: {}
[85.638950] (-) TimerEvent: {}
[85.739222] (-) TimerEvent: {}
[85.839675] (-) TimerEvent: {}
[85.939976] (-) TimerEvent: {}
[86.040229] (-) TimerEvent: {}
[86.140572] (-) TimerEvent: {}
[86.241195] (-) TimerEvent: {}
[86.341471] (-) TimerEvent: {}
[86.441920] (-) TimerEvent: {}
[86.542164] (-) TimerEvent: {}
[86.642369] (-) TimerEvent: {}
[86.742605] (-) TimerEvent: {}
[86.842848] (-) TimerEvent: {}
[86.861202] (mission_layer_mvibot) StderrLine: {'line': b'\x1b[01m\x1b[K/home/mvibot/floorCleaningRobot_ws/src/mission_layer_mvibot/src/../include/mission_layer_mvibot/mvibot_mission/manage_mission.h:\x1b[m\x1b[K In member function \xe2\x80\x98\x1b[01m\x1b[Kint manage_mission::\x1b[01;32m\x1b[Kexecute_content\x1b[m\x1b[K(mission&, std::vector<std::__cxx11::basic_string<char>, std::allocator<std::__cxx11::basic_string<char> > >&, std::string&, int&)\x1b[m\x1b[K\xe2\x80\x99:\n'}
[86.861462] (mission_layer_mvibot) StderrLine: {'line': b'\x1b[01m\x1b[K/home/mvibot/floorCleaningRobot_ws/src/mission_layer_mvibot/src/../include/mission_layer_mvibot/mvibot_mission/manage_mission.h:1073:9:\x1b[m\x1b[K \x1b[01;35m\x1b[Kwarning: \x1b[m\x1b[K\xe2\x80\x98\x1b[01m\x1b[Kres\x1b[m\x1b[K\xe2\x80\x99 may be used uninitialized [\x1b[01;35m\x1b[K\x1b]8;;https://gcc.gnu.org/onlinedocs/gcc/Warning-Options.html#index-Wmaybe-uninitialized\x07-Wmaybe-uninitialized\x1b]8;;\x07\x1b[m\x1b[K]\n'}
[86.861607] (mission_layer_mvibot) StderrLine: {'line': b' 1073 |         \x1b[01;35m\x1b[Kif\x1b[m\x1b[K(res == Finish_) queue_content.erase(queue_content.begin());\n'}
[86.861940] (mission_layer_mvibot) StderrLine: {'line': b'      |         \x1b[01;35m\x1b[K^~\x1b[m\x1b[K\n'}
[86.862051] (mission_layer_mvibot) StderrLine: {'line': b'\x1b[01m\x1b[K/home/mvibot/floorCleaningRobot_ws/src/mission_layer_mvibot/src/../include/mission_layer_mvibot/mvibot_mission/manage_mission.h:1059:13:\x1b[m\x1b[K \x1b[01;36m\x1b[Knote: \x1b[m\x1b[K\xe2\x80\x98\x1b[01m\x1b[Kres\x1b[m\x1b[K\xe2\x80\x99 was declared here\n'}
[86.862169] (mission_layer_mvibot) StderrLine: {'line': b' 1059 |         int \x1b[01;36m\x1b[Kres\x1b[m\x1b[K;\n'}
[86.862269] (mission_layer_mvibot) StderrLine: {'line': b'      |             \x1b[01;36m\x1b[K^~~\x1b[m\x1b[K\n'}
[86.942935] (-) TimerEvent: {}
[87.043164] (-) TimerEvent: {}
[87.143454] (-) TimerEvent: {}
[87.243686] (-) TimerEvent: {}
[87.343990] (-) TimerEvent: {}
[87.444258] (-) TimerEvent: {}
[87.544499] (-) TimerEvent: {}
[87.644686] (-) TimerEvent: {}
[87.744953] (-) TimerEvent: {}
[87.845217] (-) TimerEvent: {}
[87.945426] (-) TimerEvent: {}
[88.045643] (-) TimerEvent: {}
[88.145874] (-) TimerEvent: {}
[88.246086] (-) TimerEvent: {}
[88.346335] (-) TimerEvent: {}
[88.446584] (-) TimerEvent: {}
[88.546855] (-) TimerEvent: {}
[88.647109] (-) TimerEvent: {}
[88.747416] (-) TimerEvent: {}
[88.847692] (-) TimerEvent: {}
[88.947973] (-) TimerEvent: {}
[89.048248] (-) TimerEvent: {}
[89.148530] (-) TimerEvent: {}
[89.248806] (-) TimerEvent: {}
[89.349066] (-) TimerEvent: {}
[89.449344] (-) TimerEvent: {}
[89.549610] (-) TimerEvent: {}
[89.649869] (-) TimerEvent: {}
[89.750120] (-) TimerEvent: {}
[89.850380] (-) TimerEvent: {}
[89.950653] (-) TimerEvent: {}
[90.050911] (-) TimerEvent: {}
[90.151253] (-) TimerEvent: {}
[90.251670] (-) TimerEvent: {}
[90.351955] (-) TimerEvent: {}
[90.452377] (-) TimerEvent: {}
[90.552644] (-) TimerEvent: {}
[90.652931] (-) TimerEvent: {}
[90.753214] (-) TimerEvent: {}
[90.853518] (-) TimerEvent: {}
[90.953834] (-) TimerEvent: {}
[91.054153] (-) TimerEvent: {}
[91.154366] (-) TimerEvent: {}
[91.254585] (-) TimerEvent: {}
[91.354801] (-) TimerEvent: {}
[91.455044] (-) TimerEvent: {}
[91.555334] (-) TimerEvent: {}
[91.655588] (-) TimerEvent: {}
[91.755980] (-) TimerEvent: {}
[91.856219] (-) TimerEvent: {}
[91.956455] (-) TimerEvent: {}
[92.056700] (-) TimerEvent: {}
[92.156897] (-) TimerEvent: {}
[92.257162] (-) TimerEvent: {}
[92.357432] (-) TimerEvent: {}
[92.457693] (-) TimerEvent: {}
[92.557928] (-) TimerEvent: {}
[92.658099] (-) TimerEvent: {}
[92.758405] (-) TimerEvent: {}
[92.858798] (-) TimerEvent: {}
[92.959121] (-) TimerEvent: {}
[93.059376] (-) TimerEvent: {}
[93.159568] (-) TimerEvent: {}
[93.259783] (-) TimerEvent: {}
[93.360002] (-) TimerEvent: {}
[93.460277] (-) TimerEvent: {}
[93.560509] (-) TimerEvent: {}
[93.660773] (-) TimerEvent: {}
[93.761019] (-) TimerEvent: {}
[93.861296] (-) TimerEvent: {}
[93.961524] (-) TimerEvent: {}
[94.061750] (-) TimerEvent: {}
[94.161961] (-) TimerEvent: {}
[94.262160] (-) TimerEvent: {}
[94.362372] (-) TimerEvent: {}
[94.462639] (-) TimerEvent: {}
[94.562887] (-) TimerEvent: {}
[94.663112] (-) TimerEvent: {}
[94.763374] (-) TimerEvent: {}
[94.863662] (-) TimerEvent: {}
[94.963940] (-) TimerEvent: {}
[95.064223] (-) TimerEvent: {}
[95.164572] (-) TimerEvent: {}
[95.264871] (-) TimerEvent: {}
[95.365127] (-) TimerEvent: {}
[95.465430] (-) TimerEvent: {}
[95.565633] (-) TimerEvent: {}
[95.665874] (-) TimerEvent: {}
[95.766137] (-) TimerEvent: {}
[95.866368] (-) TimerEvent: {}
[95.966560] (-) TimerEvent: {}
[96.066804] (-) TimerEvent: {}
[96.167056] (-) TimerEvent: {}
[96.267366] (-) TimerEvent: {}
[96.367882] (-) TimerEvent: {}
[96.468178] (-) TimerEvent: {}
[96.568571] (-) TimerEvent: {}
[96.668861] (-) TimerEvent: {}
[96.769131] (-) TimerEvent: {}
[96.869375] (-) TimerEvent: {}
[96.969688] (-) TimerEvent: {}
[97.069926] (-) TimerEvent: {}
[97.170176] (-) TimerEvent: {}
[97.270431] (-) TimerEvent: {}
[97.370675] (-) TimerEvent: {}
[97.470949] (-) TimerEvent: {}
[97.571266] (-) TimerEvent: {}
[97.671741] (-) TimerEvent: {}
[97.772279] (-) TimerEvent: {}
[97.872680] (-) TimerEvent: {}
[97.972984] (-) TimerEvent: {}
[98.073200] (-) TimerEvent: {}
[98.173464] (-) TimerEvent: {}
[98.273812] (-) TimerEvent: {}
[98.374055] (-) TimerEvent: {}
[98.474301] (-) TimerEvent: {}
[98.574488] (-) TimerEvent: {}
[98.674708] (-) TimerEvent: {}
[98.774891] (-) TimerEvent: {}
[98.875110] (-) TimerEvent: {}
[98.975336] (-) TimerEvent: {}
[99.075524] (-) TimerEvent: {}
[99.175734] (-) TimerEvent: {}
[99.275938] (-) TimerEvent: {}
[99.376184] (-) TimerEvent: {}
[99.476430] (-) TimerEvent: {}
[99.576670] (-) TimerEvent: {}
[99.676942] (-) TimerEvent: {}
[99.777161] (-) TimerEvent: {}
[99.877374] (-) TimerEvent: {}
[99.977611] (-) TimerEvent: {}
[100.077855] (-) TimerEvent: {}
[100.178047] (-) TimerEvent: {}
[100.278277] (-) TimerEvent: {}
[100.378572] (-) TimerEvent: {}
[100.478830] (-) TimerEvent: {}
[100.579118] (-) TimerEvent: {}
[100.679517] (-) TimerEvent: {}
[100.779915] (-) TimerEvent: {}
[100.880225] (-) TimerEvent: {}
[100.980535] (-) TimerEvent: {}
[101.080826] (-) TimerEvent: {}
[101.181243] (-) TimerEvent: {}
[101.281733] (-) TimerEvent: {}
[101.382288] (-) TimerEvent: {}
[101.482912] (-) TimerEvent: {}
[101.583383] (-) TimerEvent: {}
[101.683653] (-) TimerEvent: {}
[101.783923] (-) TimerEvent: {}
[101.884193] (-) TimerEvent: {}
[101.984497] (-) TimerEvent: {}
[102.084740] (-) TimerEvent: {}
[102.184967] (-) TimerEvent: {}
[102.285226] (-) TimerEvent: {}
[102.308239] (mission_layer_mvibot) StdoutLine: {'line': b'[100%] \x1b[32m\x1b[1mLinking CXX executable mvibot_mission\x1b[0m\n'}
[102.385399] (-) TimerEvent: {}
[102.485920] (-) TimerEvent: {}
[102.586156] (-) TimerEvent: {}
[102.686459] (-) TimerEvent: {}
[102.786764] (-) TimerEvent: {}
[102.887015] (-) TimerEvent: {}
[102.987294] (-) TimerEvent: {}
[103.087582] (-) TimerEvent: {}
[103.187827] (-) TimerEvent: {}
[103.253503] (mission_layer_mvibot) StdoutLine: {'line': b'[100%] Built target mvibot_mission\n'}
[103.287932] (-) TimerEvent: {}
[103.331363] (mission_layer_mvibot) CommandEnded: {'returncode': 0}
[103.373127] (mission_layer_mvibot) JobProgress: {'identifier': 'mission_layer_mvibot', 'progress': 'install'}
[103.388032] (-) TimerEvent: {}
[103.403934] (mission_layer_mvibot) Command: {'cmd': ['/usr/bin/cmake', '--install', '/home/mvibot/floorCleaningRobot_ws/build/mission_layer_mvibot'], 'cwd': '/home/mvibot/floorCleaningRobot_ws/build/mission_layer_mvibot', 'env': OrderedDict({'LESSOPEN': '| /usr/bin/lesspipe %s', 'USER': 'mvibot', 'SSH_CLIENT': '10.0.61.6 42856 22', 'GZ_CONFIG_PATH': '/opt/ros/jazzy/opt/gz_sim_vendor/share/gz:/opt/ros/jazzy/opt/sdformat_vendor/share/gz:/opt/ros/jazzy/opt/gz_gui_vendor/share/gz:/opt/ros/jazzy/opt/gz_transport_vendor/share/gz:/opt/ros/jazzy/opt/gz_rendering_vendor/share/gz:/opt/ros/jazzy/opt/gz_plugin_vendor/share/gz:/opt/ros/jazzy/opt/gz_fuel_tools_vendor/share/gz:/opt/ros/jazzy/opt/gz_msgs_vendor/share/gz:/opt/ros/jazzy/opt/gz_common_vendor/share/gz', 'XDG_SESSION_TYPE': 'tty', 'SHLVL': '1', 'LD_LIBRARY_PATH': '/home/mvibot/floorCleaningRobot_ws/install/opennav_coverage_msgs/lib:/home/mvibot/floorCleaningRobot_ws/install/tf2_web_republisher/lib:/home/mvibot/floorCleaningRobot_ws/install/tf2_web_republisher_interfaces/lib:/home/mvibot/floorCleaningRobot_ws/install/realsense2_camera/lib:/home/mvibot/floorCleaningRobot_ws/install/realsense2_camera_msgs/lib:/home/mvibot/floorCleaningRobot_ws/install/pointcloud_to_laserscan/lib:/home/mvibot/floorCleaningRobot_ws/install/opennav_row_coverage/lib:/home/mvibot/floorCleaningRobot_ws/install/opennav_coverage_navigator/lib:/home/mvibot/floorCleaningRobot_ws/install/opennav_coverage_bt/lib:/home/mvibot/floorCleaningRobot_ws/install/opennav_coverage/lib:/home/mvibot/floorCleaningRobot_ws/install/fields2cover/lib:/opt/ros/jazzy/opt/gz_sim_vendor/lib:/opt/ros/jazzy/opt/gz_sensors_vendor/lib:/opt/ros/jazzy/opt/gz_physics_vendor/lib:/opt/ros/jazzy/opt/sdformat_vendor/lib:/opt/ros/jazzy/opt/rviz_ogre_vendor/lib:/opt/ros/jazzy/lib/x86_64-linux-gnu:/opt/ros/jazzy/opt/gz_gui_vendor/lib:/opt/ros/jazzy/opt/gz_transport_vendor/lib:/opt/ros/jazzy/opt/gz_rendering_vendor/lib:/opt/ros/jazzy/opt/gz_plugin_vendor/lib:/opt/ros/jazzy/opt/gz_fuel_tools_vendor/lib:/opt/ros/jazzy/opt/gz_msgs_vendor/lib:/opt/ros/jazzy/opt/gz_common_vendor/lib:/opt/ros/jazzy/opt/gz_math_vendor/lib:/opt/ros/jazzy/opt/gz_utils_vendor/lib:/opt/ros/jazzy/opt/gz_tools_vendor/lib:/opt/ros/jazzy/opt/gz_ogre_next_vendor/lib:/opt/ros/jazzy/opt/gz_dartsim_vendor/lib:/opt/ros/jazzy/opt/gz_cmake_vendor/lib:/opt/ros/jazzy/lib', 'HOME': '/home/mvibot', 'OLDPWD': '/home/mvibot', 'NVM_BIN': '/home/mvibot/.nvm/versions/node/v24.12.0/bin', 'SSH_TTY': '/dev/pts/2', 'NVM_INC': '/home/mvibot/.nvm/versions/node/v24.12.0/include/node', 'ROS_PYTHON_VERSION': '3', 'DBUS_SESSION_BUS_ADDRESS': 'unix:path=/run/user/1000/bus', 'NVM_DIR': '/home/mvibot/.nvm', 'DEBUGINFOD_URLS': 'https://debuginfod.ubuntu.com', 'COLCON_PREFIX_PATH': '/home/mvibot/floorCleaningRobot_ws/install', 'ROS_DISTRO': 'jazzy', 'LOGNAME': 'mvibot', '_': '/usr/bin/colcon', 'ROS_VERSION': '2', 'PKG_CONFIG_PATH': '/home/mvibot/floorCleaningRobot_ws/install/fields2cover/lib/x86_64-linux-gnu/pkgconfig:/home/mvibot/floorCleaningRobot_ws/install/fields2cover/lib/pkgconfig', 'XDG_SESSION_CLASS': 'user', 'TERM': 'xterm-256color', 'XDG_SESSION_ID': '5', 'PATH': '/home/mvibot/.nvm/versions/node/v24.12.0/bin:/opt/ros/jazzy/opt/gz_msgs_vendor/bin:/opt/ros/jazzy/opt/gz_tools_vendor/bin:/opt/ros/jazzy/opt/gz_ogre_next_vendor/bin:/opt/ros/jazzy/bin:/usr/local/sbin:/usr/local/bin:/usr/sbin:/usr/bin:/sbin:/bin:/usr/games:/usr/local/games:/snap/bin', 'XDG_RUNTIME_DIR': '/run/user/1000', 'LANG': 'en_US.UTF-8', 'RMW_IMPLEMENTATION': 'rmw_fastrtps_cpp', 'LS_COLORS': 'rs=0:di=01;34:ln=01;36:mh=00:pi=40;33:so=01;35:do=01;35:bd=40;33;01:cd=40;33;01:or=40;31;01:mi=00:su=37;41:sg=30;43:ca=00:tw=30;42:ow=34;42:st=37;44:ex=01;32:*.tar=01;31:*.tgz=01;31:*.arc=01;31:*.arj=01;31:*.taz=01;31:*.lha=01;31:*.lz4=01;31:*.lzh=01;31:*.lzma=01;31:*.tlz=01;31:*.txz=01;31:*.tzo=01;31:*.t7z=01;31:*.zip=01;31:*.z=01;31:*.dz=01;31:*.gz=01;31:*.lrz=01;31:*.lz=01;31:*.lzo=01;31:*.xz=01;31:*.zst=01;31:*.tzst=01;31:*.bz2=01;31:*.bz=01;31:*.tbz=01;31:*.tbz2=01;31:*.tz=01;31:*.deb=01;31:*.rpm=01;31:*.jar=01;31:*.war=01;31:*.ear=01;31:*.sar=01;31:*.rar=01;31:*.alz=01;31:*.ace=01;31:*.zoo=01;31:*.cpio=01;31:*.7z=01;31:*.rz=01;31:*.cab=01;31:*.wim=01;31:*.swm=01;31:*.dwm=01;31:*.esd=01;31:*.avif=01;35:*.jpg=01;35:*.jpeg=01;35:*.mjpg=01;35:*.mjpeg=01;35:*.gif=01;35:*.bmp=01;35:*.pbm=01;35:*.pgm=01;35:*.ppm=01;35:*.tga=01;35:*.xbm=01;35:*.xpm=01;35:*.tif=01;35:*.tiff=01;35:*.png=01;35:*.svg=01;35:*.svgz=01;35:*.mng=01;35:*.pcx=01;35:*.mov=01;35:*.mpg=01;35:*.mpeg=01;35:*.m2v=01;35:*.mkv=01;35:*.webm=01;35:*.webp=01;35:*.ogm=01;35:*.mp4=01;35:*.m4v=01;35:*.mp4v=01;35:*.vob=01;35:*.qt=01;35:*.nuv=01;35:*.wmv=01;35:*.asf=01;35:*.rm=01;35:*.rmvb=01;35:*.flc=01;35:*.avi=01;35:*.fli=01;35:*.flv=01;35:*.gl=01;35:*.dl=01;35:*.xcf=01;35:*.xwd=01;35:*.yuv=01;35:*.cgm=01;35:*.emf=01;35:*.ogv=01;35:*.ogx=01;35:*.aac=00;36:*.au=00;36:*.flac=00;36:*.m4a=00;36:*.mid=00;36:*.midi=00;36:*.mka=00;36:*.mp3=00;36:*.mpc=00;36:*.ogg=00;36:*.ra=00;36:*.wav=00;36:*.oga=00;36:*.opus=00;36:*.spx=00;36:*.xspf=00;36:*~=00;90:*#=00;90:*.bak=00;90:*.crdownload=00;90:*.dpkg-dist=00;90:*.dpkg-new=00;90:*.dpkg-old=00;90:*.dpkg-tmp=00;90:*.old=00;90:*.orig=00;90:*.part=00;90:*.rej=00;90:*.rpmnew=00;90:*.rpmorig=00;90:*.rpmsave=00;90:*.swp=00;90:*.tmp=00;90:*.ucf-dist=00;90:*.ucf-new=00;90:*.ucf-old=00;90:', 'ROS_DOMAIN_ID': '10', 'AMENT_PREFIX_PATH': '/home/mvibot/floorCleaningRobot_ws/install/tf2_web_republisher:/home/mvibot/floorCleaningRobot_ws/install/tf2_web_republisher_interfaces:/home/mvibot/floorCleaningRobot_ws/install/sllidar_ros2:/home/mvibot/floorCleaningRobot_ws/install/realsense2_description:/home/mvibot/floorCleaningRobot_ws/install/realsense2_camera:/home/mvibot/floorCleaningRobot_ws/install/realsense2_camera_msgs:/home/mvibot/floorCleaningRobot_ws/install/pointcloud_to_laserscan:/home/mvibot/floorCleaningRobot_ws/install/opennav_coverage_demo:/home/mvibot/floorCleaningRobot_ws/install/opennav_row_coverage:/home/mvibot/floorCleaningRobot_ws/install/opennav_coverage_navigator:/home/mvibot/floorCleaningRobot_ws/install/opennav_coverage_bt:/home/mvibot/floorCleaningRobot_ws/install/opennav_coverage:/home/mvibot/floorCleaningRobot_ws/install/mission_layer_mvibot:/home/mvibot/floorCleaningRobot_ws/install/opennav_coverage_msgs:/home/mvibot/floorCleaningRobot_ws/install/lower_layer_mvibot:/home/mvibot/floorCleaningRobot_ws/install/ira_laser_tools:/home/mvibot/floorCleaningRobot_ws/install/higher_layer_mvibot:/opt/ros/jazzy', 'SHELL': '/bin/bash', 'LESSCLOSE': '/usr/bin/lesspipe %s %s', 'ROS_AUTOMATIC_DISCOVERY_RANGE': 'SUBNET', 'PWD': '/home/mvibot/floorCleaningRobot_ws/build/mission_layer_mvibot', 'LC_ALL': 'en_US.UTF-8', 'SSH_CONNECTION': '10.0.61.6 42856 10.0.70.69 22', 'NVM_CD_FLAGS': '', 'XDG_DATA_DIRS': '/usr/share/gnome:/usr/local/share:/usr/share:/var/lib/snapd/desktop', 'PYTHONPATH': '/home/mvibot/floorCleaningRobot_ws/install/opennav_coverage_msgs/lib/python3.12/site-packages:/home/mvibot/floorCleaningRobot_ws/install/tf2_web_republisher_interfaces/lib/python3.12/site-packages:/home/mvibot/floorCleaningRobot_ws/install/realsense2_camera_msgs/lib/python3.12/site-packages:/home/mvibot/floorCleaningRobot_ws/build/opennav_coverage_demo:/home/mvibot/floorCleaningRobot_ws/install/opennav_coverage_demo/lib/python3.12/site-packages:/opt/ros/jazzy/lib/python3.12/site-packages', 'COLCON': '1', 'CMAKE_PREFIX_PATH': '/home/mvibot/floorCleaningRobot_ws/install/opennav_coverage_msgs:/home/mvibot/floorCleaningRobot_ws/install/tf2_web_republisher:/home/mvibot/floorCleaningRobot_ws/install/tf2_web_republisher_interfaces:/home/mvibot/floorCleaningRobot_ws/install/sllidar_ros2:/home/mvibot/floorCleaningRobot_ws/install/realsense2_description:/home/mvibot/floorCleaningRobot_ws/install/realsense2_camera:/home/mvibot/floorCleaningRobot_ws/install/realsense2_camera_msgs:/home/mvibot/floorCleaningRobot_ws/install/pointcloud_to_laserscan:/home/mvibot/floorCleaningRobot_ws/install/opennav_row_coverage:/home/mvibot/floorCleaningRobot_ws/install/opennav_coverage_navigator:/home/mvibot/floorCleaningRobot_ws/install/opennav_coverage_bt:/home/mvibot/floorCleaningRobot_ws/install/opennav_coverage:/home/mvibot/floorCleaningRobot_ws/install/mission_layer_mvibot:/home/mvibot/floorCleaningRobot_ws/install/lower_layer_mvibot:/home/mvibot/floorCleaningRobot_ws/install/ira_laser_tools:/home/mvibot/floorCleaningRobot_ws/install/higher_layer_mvibot:/home/mvibot/floorCleaningRobot_ws/install/fields2cover:/opt/ros/jazzy/opt/gz_sim_vendor:/opt/ros/jazzy/opt/gz_sensors_vendor:/opt/ros/jazzy/opt/gz_physics_vendor:/opt/ros/jazzy/opt/sdformat_vendor:/opt/ros/jazzy/opt/gz_gui_vendor:/opt/ros/jazzy/opt/gz_transport_vendor:/opt/ros/jazzy/opt/gz_rendering_vendor:/opt/ros/jazzy/opt/gz_plugin_vendor:/opt/ros/jazzy/opt/gz_fuel_tools_vendor:/opt/ros/jazzy/opt/gz_msgs_vendor:/opt/ros/jazzy/opt/gz_common_vendor:/opt/ros/jazzy/opt/gz_math_vendor:/opt/ros/jazzy/opt/gz_utils_vendor:/opt/ros/jazzy/opt/gz_tools_vendor:/opt/ros/jazzy/opt/gz_ogre_next_vendor:/opt/ros/jazzy/opt/gz_dartsim_vendor:/opt/ros/jazzy/opt/gz_cmake_vendor:/home/mvibot/floorCleaningRobot_ws/install/opennav_coverage_demo:/opt/ros/jazzy'}), 'shell': False}
[103.418959] (mission_layer_mvibot) StdoutLine: {'line': b'-- Install configuration: "Release"\n'}
[103.420897] (mission_layer_mvibot) StdoutLine: {'line': b'-- Execute custom install script\n'}
[103.424269] (mission_layer_mvibot) StdoutLine: {'line': b'-- Up-to-date symlink: /home/mvibot/floorCleaningRobot_ws/install/mission_layer_mvibot/share/mission_layer_mvibot//launch/mvibot_amcl_launch.py\n'}
[103.424963] (mission_layer_mvibot) StdoutLine: {'line': b'-- Up-to-date symlink: /home/mvibot/floorCleaningRobot_ws/install/mission_layer_mvibot/share/mission_layer_mvibot//launch/mvibot_behavior_launch.py\n'}
[103.425374] (mission_layer_mvibot) StdoutLine: {'line': b'-- Up-to-date symlink: /home/mvibot/floorCleaningRobot_ws/install/mission_layer_mvibot/share/mission_layer_mvibot//launch/mvibot_bt_navigator_launch.py\n'}
[103.425784] (mission_layer_mvibot) StdoutLine: {'line': b'-- Up-to-date symlink: /home/mvibot/floorCleaningRobot_ws/install/mission_layer_mvibot/share/mission_layer_mvibot//launch/mvibot_collision_monitor_launch.py\n'}
[103.426171] (mission_layer_mvibot) StdoutLine: {'line': b'-- Up-to-date symlink: /home/mvibot/floorCleaningRobot_ws/install/mission_layer_mvibot/share/mission_layer_mvibot//launch/mvibot_controller_launch.py\n'}
[103.426615] (mission_layer_mvibot) StdoutLine: {'line': b'-- Up-to-date symlink: /home/mvibot/floorCleaningRobot_ws/install/mission_layer_mvibot/share/mission_layer_mvibot//launch/mvibot_lifecycle_manager_navigation_launch.py\n'}
[103.426956] (mission_layer_mvibot) StdoutLine: {'line': b'-- Up-to-date symlink: /home/mvibot/floorCleaningRobot_ws/install/mission_layer_mvibot/share/mission_layer_mvibot//launch/mvibot_manage_mission_launch.py\n'}
[103.427405] (mission_layer_mvibot) StdoutLine: {'line': b'-- Up-to-date symlink: /home/mvibot/floorCleaningRobot_ws/install/mission_layer_mvibot/share/mission_layer_mvibot//launch/mvibot_mission_launch.py\n'}
[103.427774] (mission_layer_mvibot) StdoutLine: {'line': b'-- Up-to-date symlink: /home/mvibot/floorCleaningRobot_ws/install/mission_layer_mvibot/share/mission_layer_mvibot//launch/mvibot_navigation_launch.py\n'}
[103.428171] (mission_layer_mvibot) StdoutLine: {'line': b'-- Up-to-date symlink: /home/mvibot/floorCleaningRobot_ws/install/mission_layer_mvibot/share/mission_layer_mvibot//launch/mvibot_opennav_coverage_launch.py\n'}
[103.428564] (mission_layer_mvibot) StdoutLine: {'line': b'-- Up-to-date symlink: /home/mvibot/floorCleaningRobot_ws/install/mission_layer_mvibot/share/mission_layer_mvibot//launch/mvibot_planner_launch.py\n'}
[103.428807] (mission_layer_mvibot) StdoutLine: {'line': b'-- Up-to-date symlink: /home/mvibot/floorCleaningRobot_ws/install/mission_layer_mvibot/share/mission_layer_mvibot//launch/mvibot_smoother_launch.py\n'}
[103.429017] (mission_layer_mvibot) StdoutLine: {'line': b'-- Up-to-date symlink: /home/mvibot/floorCleaningRobot_ws/install/mission_layer_mvibot/share/mission_layer_mvibot//launch/mvibot_velocity_smoother_launch.py\n'}
[103.429290] (mission_layer_mvibot) StdoutLine: {'line': b'-- Up-to-date symlink: /home/mvibot/floorCleaningRobot_ws/install/mission_layer_mvibot/share/mission_layer_mvibot//launch/mvibot_waypoint_follower_launch.py\n'}
[103.432008] (mission_layer_mvibot) StdoutLine: {'line': b'-- Up-to-date symlink: /home/mvibot/floorCleaningRobot_ws/install/mission_layer_mvibot/lib/mission_layer_mvibot/mvibot_mission\n'}
[103.432222] (mission_layer_mvibot) StdoutLine: {'line': b'-- Up-to-date symlink: /home/mvibot/floorCleaningRobot_ws/install/mission_layer_mvibot/share/ament_index/resource_index/package_run_dependencies/mission_layer_mvibot\n'}
[103.433581] (mission_layer_mvibot) StdoutLine: {'line': b'-- Up-to-date symlink: /home/mvibot/floorCleaningRobot_ws/install/mission_layer_mvibot/share/ament_index/resource_index/parent_prefix_path/mission_layer_mvibot\n'}
[103.433902] (mission_layer_mvibot) StdoutLine: {'line': b'-- Up-to-date symlink: /home/mvibot/floorCleaningRobot_ws/install/mission_layer_mvibot/share/mission_layer_mvibot/environment/ament_prefix_path.sh\n'}
[103.434244] (mission_layer_mvibot) StdoutLine: {'line': b'-- Up-to-date symlink: /home/mvibot/floorCleaningRobot_ws/install/mission_layer_mvibot/share/mission_layer_mvibot/environment/ament_prefix_path.dsv\n'}
[103.434612] (mission_layer_mvibot) StdoutLine: {'line': b'-- Up-to-date symlink: /home/mvibot/floorCleaningRobot_ws/install/mission_layer_mvibot/share/mission_layer_mvibot/environment/path.sh\n'}
[103.434839] (mission_layer_mvibot) StdoutLine: {'line': b'-- Up-to-date symlink: /home/mvibot/floorCleaningRobot_ws/install/mission_layer_mvibot/share/mission_layer_mvibot/environment/path.dsv\n'}
[103.435162] (mission_layer_mvibot) StdoutLine: {'line': b'-- Up-to-date symlink: /home/mvibot/floorCleaningRobot_ws/install/mission_layer_mvibot/share/mission_layer_mvibot/local_setup.bash\n'}
[103.435518] (mission_layer_mvibot) StdoutLine: {'line': b'-- Up-to-date symlink: /home/mvibot/floorCleaningRobot_ws/install/mission_layer_mvibot/share/mission_layer_mvibot/local_setup.sh\n'}
[103.435764] (mission_layer_mvibot) StdoutLine: {'line': b'-- Up-to-date symlink: /home/mvibot/floorCleaningRobot_ws/install/mission_layer_mvibot/share/mission_layer_mvibot/local_setup.zsh\n'}
[103.436421] (mission_layer_mvibot) StdoutLine: {'line': b'-- Up-to-date symlink: /home/mvibot/floorCleaningRobot_ws/install/mission_layer_mvibot/share/mission_layer_mvibot/local_setup.dsv\n'}
[103.436574] (mission_layer_mvibot) StdoutLine: {'line': b'-- Symlinking: /home/mvibot/floorCleaningRobot_ws/install/mission_layer_mvibot/share/mission_layer_mvibot/package.dsv\n'}
[103.452559] (mission_layer_mvibot) StdoutLine: {'line': b'-- Up-to-date symlink: /home/mvibot/floorCleaningRobot_ws/install/mission_layer_mvibot/share/ament_index/resource_index/packages/mission_layer_mvibot\n'}
[103.452976] (mission_layer_mvibot) StdoutLine: {'line': b'-- Up-to-date symlink: /home/mvibot/floorCleaningRobot_ws/install/mission_layer_mvibot/share/mission_layer_mvibot/cmake/mission_layer_mvibotConfig.cmake\n'}
[103.453282] (mission_layer_mvibot) StdoutLine: {'line': b'-- Up-to-date symlink: /home/mvibot/floorCleaningRobot_ws/install/mission_layer_mvibot/share/mission_layer_mvibot/cmake/mission_layer_mvibotConfig-version.cmake\n'}
[103.453682] (mission_layer_mvibot) StdoutLine: {'line': b'-- Up-to-date symlink: /home/mvibot/floorCleaningRobot_ws/install/mission_layer_mvibot/share/mission_layer_mvibot/package.xml\n'}
[103.462837] (mission_layer_mvibot) CommandEnded: {'returncode': 0}
[103.488191] (-) TimerEvent: {}
[103.576790] (mission_layer_mvibot) JobEnded: {'identifier': 'mission_layer_mvibot', 'rc': 0}
[103.583676] (-) EventReactorShutdown: {}
