[0.000000] (-) TimerEvent: {}
[0.000336] (-) JobUnselected: {'identifier': 'fields2cover'}
[0.000371] (-) JobUnselected: {'identifier': 'higher_layer_mvibot'}
[0.000389] (-) JobUnselected: {'identifier': 'ira_laser_tools'}
[0.000402] (-) JobUnselected: {'identifier': 'lower_layer_mvibot'}
[0.000414] (-) JobUnselected: {'identifier': 'opennav_coverage'}
[0.000426] (-) JobUnselected: {'identifier': 'opennav_coverage_bt'}
[0.000437] (-) JobUnselected: {'identifier': 'opennav_coverage_demo'}
[0.000459] (-) JobUnselected: {'identifier': 'opennav_coverage_msgs'}
[0.000471] (-) JobUnselected: {'identifier': 'opennav_coverage_navigator'}
[0.000482] (-) JobUnselected: {'identifier': 'opennav_row_coverage'}
[0.000492] (-) JobUnselected: {'identifier': 'pointcloud_to_laserscan'}
[0.000503] (-) JobUnselected: {'identifier': 'realsense2_camera'}
[0.000514] (-) JobUnselected: {'identifier': 'realsense2_camera_msgs'}
[0.000525] (-) JobUnselected: {'identifier': 'realsense2_description'}
[0.000535] (-) JobUnselected: {'identifier': 'sllidar_ros2'}
[0.000546] (-) JobUnselected: {'identifier': 'tf2_web_republisher'}
[0.000557] (-) JobUnselected: {'identifier': 'tf2_web_republisher_interfaces'}
[0.000570] (mission_layer_mvibot) JobQueued: {'identifier': 'mission_layer_mvibot', 'dependencies': OrderedDict({'opennav_coverage_msgs': '/home/mvibot/floorCleaningRobot_ws/install/opennav_coverage_msgs'})}
[0.001237] (mission_layer_mvibot) JobStarted: {'identifier': 'mission_layer_mvibot'}
[0.024343] (mission_layer_mvibot) JobProgress: {'identifier': 'mission_layer_mvibot', 'progress': 'cmake'}
[0.025644] (mission_layer_mvibot) JobProgress: {'identifier': 'mission_layer_mvibot', 'progress': 'build'}
[0.026479] (mission_layer_mvibot) Command: {'cmd': ['/usr/bin/cmake', '--build', '/home/mvibot/floorCleaningRobot_ws/build/mission_layer_mvibot', '--', '-j8', '-l8'], 'cwd': '/home/mvibot/floorCleaningRobot_ws/build/mission_layer_mvibot', 'env': OrderedDict({'LESSOPEN': '| /usr/bin/lesspipe %s', 'USER': 'mvibot', 'SSH_CLIENT': '10.0.60.48 40340 22', 'GZ_CONFIG_PATH': '/opt/ros/jazzy/opt/gz_sim_vendor/share/gz:/opt/ros/jazzy/opt/sdformat_vendor/share/gz:/opt/ros/jazzy/opt/gz_gui_vendor/share/gz:/opt/ros/jazzy/opt/gz_transport_vendor/share/gz:/opt/ros/jazzy/opt/gz_rendering_vendor/share/gz:/opt/ros/jazzy/opt/gz_plugin_vendor/share/gz:/opt/ros/jazzy/opt/gz_fuel_tools_vendor/share/gz:/opt/ros/jazzy/opt/gz_msgs_vendor/share/gz:/opt/ros/jazzy/opt/gz_common_vendor/share/gz', 'XDG_SESSION_TYPE': 'tty', 'SHLVL': '1', 'LD_LIBRARY_PATH': '/home/mvibot/floorCleaningRobot_ws/install/opennav_coverage_msgs/lib:/home/mvibot/floorCleaningRobot_ws/install/tf2_web_republisher/lib:/home/mvibot/floorCleaningRobot_ws/install/tf2_web_republisher_interfaces/lib:/home/mvibot/floorCleaningRobot_ws/install/realsense2_camera/lib:/home/mvibot/floorCleaningRobot_ws/install/realsense2_camera_msgs/lib:/home/mvibot/floorCleaningRobot_ws/install/pointcloud_to_laserscan/lib:/home/mvibot/floorCleaningRobot_ws/install/opennav_row_coverage/lib:/home/mvibot/floorCleaningRobot_ws/install/opennav_coverage_navigator/lib:/home/mvibot/floorCleaningRobot_ws/install/opennav_coverage_bt/lib:/home/mvibot/floorCleaningRobot_ws/install/opennav_coverage/lib:/home/mvibot/floorCleaningRobot_ws/install/fields2cover/lib:/opt/ros/jazzy/opt/gz_sim_vendor/lib:/opt/ros/jazzy/opt/gz_sensors_vendor/lib:/opt/ros/jazzy/opt/gz_physics_vendor/lib:/opt/ros/jazzy/opt/sdformat_vendor/lib:/opt/ros/jazzy/opt/rviz_ogre_vendor/lib:/opt/ros/jazzy/lib/x86_64-linux-gnu:/opt/ros/jazzy/opt/gz_gui_vendor/lib:/opt/ros/jazzy/opt/gz_transport_vendor/lib:/opt/ros/jazzy/opt/gz_rendering_vendor/lib:/opt/ros/jazzy/opt/gz_plugin_vendor/lib:/opt/ros/jazzy/opt/gz_fuel_tools_vendor/lib:/opt/ros/jazzy/opt/gz_msgs_vendor/lib:/opt/ros/jazzy/opt/gz_common_vendor/lib:/opt/ros/jazzy/opt/gz_math_vendor/lib:/opt/ros/jazzy/opt/gz_utils_vendor/lib:/opt/ros/jazzy/opt/gz_tools_vendor/lib:/opt/ros/jazzy/opt/gz_ogre_next_vendor/lib:/opt/ros/jazzy/opt/gz_dartsim_vendor/lib:/opt/ros/jazzy/opt/gz_cmake_vendor/lib:/opt/ros/jazzy/lib', 'HOME': '/home/mvibot', 'OLDPWD': '/home/mvibot', 'NVM_BIN': '/home/mvibot/.nvm/versions/node/v24.12.0/bin', 'SSH_TTY': '/dev/pts/2', 'NVM_INC': '/home/mvibot/.nvm/versions/node/v24.12.0/include/node', 'ROS_PYTHON_VERSION': '3', 'DBUS_SESSION_BUS_ADDRESS': 'unix:path=/run/user/1000/bus', 'NVM_DIR': '/home/mvibot/.nvm', 'DEBUGINFOD_URLS': 'https://debuginfod.ubuntu.com', 'COLCON_PREFIX_PATH': '/home/mvibot/floorCleaningRobot_ws/install', 'ROS_DISTRO': 'jazzy', 'LOGNAME': 'mvibot', '_': '/usr/bin/colcon', 'ROS_VERSION': '2', 'PKG_CONFIG_PATH': '/home/mvibot/floorCleaningRobot_ws/install/fields2cover/lib/x86_64-linux-gnu/pkgconfig:/home/mvibot/floorCleaningRobot_ws/install/fields2cover/lib/pkgconfig', 'XDG_SESSION_CLASS': 'user', 'TERM': 'xterm-256color', 'XDG_SESSION_ID': '10', 'PATH': '/home/mvibot/.nvm/versions/node/v24.12.0/bin:/opt/ros/jazzy/opt/gz_msgs_vendor/bin:/opt/ros/jazzy/opt/gz_tools_vendor/bin:/opt/ros/jazzy/opt/gz_ogre_next_vendor/bin:/opt/ros/jazzy/bin:/usr/local/sbin:/usr/local/bin:/usr/sbin:/usr/bin:/sbin:/bin:/usr/games:/usr/local/games:/snap/bin', 'XDG_RUNTIME_DIR': '/run/user/1000', 'LANG': 'en_US.UTF-8', 'RMW_IMPLEMENTATION': 'rmw_fastrtps_cpp', 'LS_COLORS': 'rs=0:di=01;34:ln=01;36:mh=00:pi=40;33:so=01;35:do=01;35:bd=40;33;01:cd=40;33;01:or=40;31;01:mi=00:su=37;41:sg=30;43:ca=00:tw=30;42:ow=34;42:st=37;44:ex=01;32:*.tar=01;31:*.tgz=01;31:*.arc=01;31:*.arj=01;31:*.taz=01;31:*.lha=01;31:*.lz4=01;31:*.lzh=01;31:*.lzma=01;31:*.tlz=01;31:*.txz=01;31:*.tzo=01;31:*.t7z=01;31:*.zip=01;31:*.z=01;31:*.dz=01;31:*.gz=01;31:*.lrz=01;31:*.lz=01;31:*.lzo=01;31:*.xz=01;31:*.zst=01;31:*.tzst=01;31:*.bz2=01;31:*.bz=01;31:*.tbz=01;31:*.tbz2=01;31:*.tz=01;31:*.deb=01;31:*.rpm=01;31:*.jar=01;31:*.war=01;31:*.ear=01;31:*.sar=01;31:*.rar=01;31:*.alz=01;31:*.ace=01;31:*.zoo=01;31:*.cpio=01;31:*.7z=01;31:*.rz=01;31:*.cab=01;31:*.wim=01;31:*.swm=01;31:*.dwm=01;31:*.esd=01;31:*.avif=01;35:*.jpg=01;35:*.jpeg=01;35:*.mjpg=01;35:*.mjpeg=01;35:*.gif=01;35:*.bmp=01;35:*.pbm=01;35:*.pgm=01;35:*.ppm=01;35:*.tga=01;35:*.xbm=01;35:*.xpm=01;35:*.tif=01;35:*.tiff=01;35:*.png=01;35:*.svg=01;35:*.svgz=01;35:*.mng=01;35:*.pcx=01;35:*.mov=01;35:*.mpg=01;35:*.mpeg=01;35:*.m2v=01;35:*.mkv=01;35:*.webm=01;35:*.webp=01;35:*.ogm=01;35:*.mp4=01;35:*.m4v=01;35:*.mp4v=01;35:*.vob=01;35:*.qt=01;35:*.nuv=01;35:*.wmv=01;35:*.asf=01;35:*.rm=01;35:*.rmvb=01;35:*.flc=01;35:*.avi=01;35:*.fli=01;35:*.flv=01;35:*.gl=01;35:*.dl=01;35:*.xcf=01;35:*.xwd=01;35:*.yuv=01;35:*.cgm=01;35:*.emf=01;35:*.ogv=01;35:*.ogx=01;35:*.aac=00;36:*.au=00;36:*.flac=00;36:*.m4a=00;36:*.mid=00;36:*.midi=00;36:*.mka=00;36:*.mp3=00;36:*.mpc=00;36:*.ogg=00;36:*.ra=00;36:*.wav=00;36:*.oga=00;36:*.opus=00;36:*.spx=00;36:*.xspf=00;36:*~=00;90:*#=00;90:*.bak=00;90:*.crdownload=00;90:*.dpkg-dist=00;90:*.dpkg-new=00;90:*.dpkg-old=00;90:*.dpkg-tmp=00;90:*.old=00;90:*.orig=00;90:*.part=00;90:*.rej=00;90:*.rpmnew=00;90:*.rpmorig=00;90:*.rpmsave=00;90:*.swp=00;90:*.tmp=00;90:*.ucf-dist=00;90:*.ucf-new=00;90:*.ucf-old=00;90:', 'ROS_DOMAIN_ID': '10', 'AMENT_PREFIX_PATH': '/home/mvibot/floorCleaningRobot_ws/install/tf2_web_republisher:/home/mvibot/floorCleaningRobot_ws/install/tf2_web_republisher_interfaces:/home/mvibot/floorCleaningRobot_ws/install/sllidar_ros2:/home/mvibot/floorCleaningRobot_ws/install/realsense2_description:/home/mvibot/floorCleaningRobot_ws/install/realsense2_camera:/home/mvibot/floorCleaningRobot_ws/install/realsense2_camera_msgs:/home/mvibot/floorCleaningRobot_ws/install/pointcloud_to_laserscan:/home/mvibot/floorCleaningRobot_ws/install/opennav_coverage_demo:/home/mvibot/floorCleaningRobot_ws/install/opennav_row_coverage:/home/mvibot/floorCleaningRobot_ws/install/opennav_coverage_navigator:/home/mvibot/floorCleaningRobot_ws/install/opennav_coverage_bt:/home/mvibot/floorCleaningRobot_ws/install/opennav_coverage:/home/mvibot/floorCleaningRobot_ws/install/mission_layer_mvibot:/home/mvibot/floorCleaningRobot_ws/install/opennav_coverage_msgs:/home/mvibot/floorCleaningRobot_ws/install/lower_layer_mvibot:/home/mvibot/floorCleaningRobot_ws/install/ira_laser_tools:/home/mvibot/floorCleaningRobot_ws/install/higher_layer_mvibot:/opt/ros/jazzy', 'SHELL': '/bin/bash', 'LESSCLOSE': '/usr/bin/lesspipe %s %s', 'ROS_AUTOMATIC_DISCOVERY_RANGE': 'SUBNET', 'PWD': '/home/mvibot/floorCleaningRobot_ws/build/mission_layer_mvibot', 'LC_ALL': 'en_US.UTF-8', 'SSH_CONNECTION': '10.0.60.48 40340 10.0.70.69 22', 'NVM_CD_FLAGS': '', 'XDG_DATA_DIRS': '/usr/share/gnome:/usr/local/share:/usr/share:/var/lib/snapd/desktop', 'PYTHONPATH': '/home/mvibot/floorCleaningRobot_ws/install/opennav_coverage_msgs/lib/python3.12/site-packages:/home/mvibot/floorCleaningRobot_ws/install/tf2_web_republisher_interfaces/lib/python3.12/site-packages:/home/mvibot/floorCleaningRobot_ws/install/realsense2_camera_msgs/lib/python3.12/site-packages:/home/mvibot/floorCleaningRobot_ws/build/opennav_coverage_demo:/home/mvibot/floorCleaningRobot_ws/install/opennav_coverage_demo/lib/python3.12/site-packages:/opt/ros/jazzy/lib/python3.12/site-packages', 'COLCON': '1', 'CMAKE_PREFIX_PATH': '/home/mvibot/floorCleaningRobot_ws/install/opennav_coverage_msgs:/home/mvibot/floorCleaningRobot_ws/install/tf2_web_republisher:/home/mvibot/floorCleaningRobot_ws/install/tf2_web_republisher_interfaces:/home/mvibot/floorCleaningRobot_ws/install/sllidar_ros2:/home/mvibot/floorCleaningRobot_ws/install/realsense2_description:/home/mvibot/floorCleaningRobot_ws/install/realsense2_camera:/home/mvibot/floorCleaningRobot_ws/install/realsense2_camera_msgs:/home/mvibot/floorCleaningRobot_ws/install/pointcloud_to_laserscan:/home/mvibot/floorCleaningRobot_ws/install/opennav_row_coverage:/home/mvibot/floorCleaningRobot_ws/install/opennav_coverage_navigator:/home/mvibot/floorCleaningRobot_ws/install/opennav_coverage_bt:/home/mvibot/floorCleaningRobot_ws/install/opennav_coverage:/home/mvibot/floorCleaningRobot_ws/install/mission_layer_mvibot:/home/mvibot/floorCleaningRobot_ws/install/lower_layer_mvibot:/home/mvibot/floorCleaningRobot_ws/install/ira_laser_tools:/home/mvibot/floorCleaningRobot_ws/install/higher_layer_mvibot:/home/mvibot/floorCleaningRobot_ws/install/fields2cover:/opt/ros/jazzy/opt/gz_sim_vendor:/opt/ros/jazzy/opt/gz_sensors_vendor:/opt/ros/jazzy/opt/gz_physics_vendor:/opt/ros/jazzy/opt/sdformat_vendor:/opt/ros/jazzy/opt/gz_gui_vendor:/opt/ros/jazzy/opt/gz_transport_vendor:/opt/ros/jazzy/opt/gz_rendering_vendor:/opt/ros/jazzy/opt/gz_plugin_vendor:/opt/ros/jazzy/opt/gz_fuel_tools_vendor:/opt/ros/jazzy/opt/gz_msgs_vendor:/opt/ros/jazzy/opt/gz_common_vendor:/opt/ros/jazzy/opt/gz_math_vendor:/opt/ros/jazzy/opt/gz_utils_vendor:/opt/ros/jazzy/opt/gz_tools_vendor:/opt/ros/jazzy/opt/gz_ogre_next_vendor:/opt/ros/jazzy/opt/gz_dartsim_vendor:/opt/ros/jazzy/opt/gz_cmake_vendor:/home/mvibot/floorCleaningRobot_ws/install/opennav_coverage_demo:/opt/ros/jazzy'}), 'shell': False}
[0.099633] (-) TimerEvent: {}
[0.147056] (mission_layer_mvibot) StdoutLine: {'line': b'[ 50%] \x1b[32mBuilding CXX object CMakeFiles/mvibot_mission.dir/src/mvibot_mission.cpp.o\x1b[0m\n'}
[0.199720] (-) TimerEvent: {}
[0.299988] (-) TimerEvent: {}
[0.400242] (-) TimerEvent: {}
[0.500461] (-) TimerEvent: {}
[0.600687] (-) TimerEvent: {}
[0.700916] (-) TimerEvent: {}
[0.801131] (-) TimerEvent: {}
[0.901371] (-) TimerEvent: {}
[1.001629] (-) TimerEvent: {}
[1.101896] (-) TimerEvent: {}
[1.202198] (-) TimerEvent: {}
[1.302494] (-) TimerEvent: {}
[1.402695] (-) TimerEvent: {}
[1.502948] (-) TimerEvent: {}
[1.603151] (-) TimerEvent: {}
[1.703476] (-) TimerEvent: {}
[1.803758] (-) TimerEvent: {}
[1.904002] (-) TimerEvent: {}
[2.004278] (-) TimerEvent: {}
[2.104530] (-) TimerEvent: {}
[2.204749] (-) TimerEvent: {}
[2.304959] (-) TimerEvent: {}
[2.405173] (-) TimerEvent: {}
[2.505364] (-) TimerEvent: {}
[2.605599] (-) TimerEvent: {}
[2.705918] (-) TimerEvent: {}
[2.806248] (-) TimerEvent: {}
[2.906537] (-) TimerEvent: {}
[3.006925] (-) TimerEvent: {}
[3.107208] (-) TimerEvent: {}
[3.207489] (-) TimerEvent: {}
[3.307690] (-) TimerEvent: {}
[3.407982] (-) TimerEvent: {}
[3.508203] (-) TimerEvent: {}
[3.608705] (-) TimerEvent: {}
[3.709306] (-) TimerEvent: {}
[3.809573] (-) TimerEvent: {}
[3.909905] (-) TimerEvent: {}
[4.010375] (-) TimerEvent: {}
[4.111248] (-) TimerEvent: {}
[4.211531] (-) TimerEvent: {}
[4.311800] (-) TimerEvent: {}
[4.412068] (-) TimerEvent: {}
[4.512320] (-) TimerEvent: {}
[4.612592] (-) TimerEvent: {}
[4.712873] (-) TimerEvent: {}
[4.813191] (-) TimerEvent: {}
[4.913477] (-) TimerEvent: {}
[5.013755] (-) TimerEvent: {}
[5.114006] (-) TimerEvent: {}
[5.214241] (-) TimerEvent: {}
[5.314514] (-) TimerEvent: {}
[5.414742] (-) TimerEvent: {}
[5.514956] (-) TimerEvent: {}
[5.615183] (-) TimerEvent: {}
[5.715377] (-) TimerEvent: {}
[5.815786] (-) TimerEvent: {}
[5.916083] (-) TimerEvent: {}
[6.016289] (-) TimerEvent: {}
[6.116568] (-) TimerEvent: {}
[6.216815] (-) TimerEvent: {}
[6.317115] (-) TimerEvent: {}
[6.417388] (-) TimerEvent: {}
[6.517620] (-) TimerEvent: {}
[6.600829] (mission_layer_mvibot) StderrLine: {'line': b'In file included from \x1b[01m\x1b[K/home/mvibot/floorCleaningRobot_ws/src/mission_layer_mvibot/src/mvibot_mission.cpp:3\x1b[m\x1b[K:\n'}
[6.601185] (mission_layer_mvibot) StderrLine: {'line': b'\x1b[01m\x1b[K/home/mvibot/floorCleaningRobot_ws/src/mission_layer_mvibot/src/../include/mission_layer_mvibot/mvibot_mission/manage_mission.h:\x1b[m\x1b[K In lambda function:\n'}
[6.601356] (mission_layer_mvibot) StderrLine: {'line': b'\x1b[01m\x1b[K/home/mvibot/floorCleaningRobot_ws/src/mission_layer_mvibot/src/../include/mission_layer_mvibot/mvibot_mission/manage_mission.h:254:34:\x1b[m\x1b[K \x1b[01;35m\x1b[Kwarning: \x1b[m\x1b[Kcomparison of integer expressions of different signedness: \xe2\x80\x98\x1b[01m\x1b[Kint\x1b[m\x1b[K\xe2\x80\x99 and \xe2\x80\x98\x1b[01m\x1b[Kstd::vector<std::__cxx11::basic_string<char>, std::allocator<std::__cxx11::basic_string<char> > >::size_type\x1b[m\x1b[K\xe2\x80\x99 {aka \xe2\x80\x98\x1b[01m\x1b[Klong unsigned int\x1b[m\x1b[K\xe2\x80\x99} [\x1b[01;35m\x1b[K\x1b]8;;https://gcc.gnu.org/onlinedocs/gcc/Warning-Options.html#index-Wsign-compare\x07-Wsign-compare\x1b]8;;\x07\x1b[m\x1b[K]\n'}
[6.601586] (mission_layer_mvibot) StderrLine: {'line': b'  254 |                     for(int i=1;\x1b[01;35m\x1b[Ki<data.data1.size()\x1b[m\x1b[K;i++){\n'}
[6.601658] (mission_layer_mvibot) StderrLine: {'line': b'      |                                 \x1b[01;35m\x1b[K~^~~~~~~~~~~~~~~~~~\x1b[m\x1b[K\n'}
[6.617778] (-) TimerEvent: {}
[6.624909] (mission_layer_mvibot) StderrLine: {'line': b'\x1b[01m\x1b[K/home/mvibot/floorCleaningRobot_ws/src/mission_layer_mvibot/src/../include/mission_layer_mvibot/mvibot_mission/manage_mission.h:\x1b[m\x1b[K In lambda function:\n'}
[6.625176] (mission_layer_mvibot) StderrLine: {'line': b'\x1b[01m\x1b[K/home/mvibot/floorCleaningRobot_ws/src/mission_layer_mvibot/src/../include/mission_layer_mvibot/mvibot_mission/manage_mission.h:292:72:\x1b[m\x1b[K \x1b[01;35m\x1b[Kwarning: \x1b[m\x1b[Kunused parameter \xe2\x80\x98\x1b[01m\x1b[Kmsg\x1b[m\x1b[K\xe2\x80\x99 [\x1b[01;35m\x1b[K\x1b]8;;https://gcc.gnu.org/onlinedocs/gcc/Warning-Options.html#index-Wunused-parameter\x07-Wunused-parameter\x1b]8;;\x07\x1b[m\x1b[K]\n'}
[6.625286] (mission_layer_mvibot) StderrLine: {'line': b'  292 |             auto reset_mission_callback = [this](\x1b[01;35m\x1b[Kstd_msgs::msg::String msg\x1b[m\x1b[K)->void{\n'}
[6.625393] (mission_layer_mvibot) StderrLine: {'line': b'      |                                                  \x1b[01;35m\x1b[K~~~~~~~~~~~~~~~~~~~~~~^~~\x1b[m\x1b[K\n'}
[6.625914] (mission_layer_mvibot) StderrLine: {'line': b'\x1b[01m\x1b[K/home/mvibot/floorCleaningRobot_ws/src/mission_layer_mvibot/src/../include/mission_layer_mvibot/mvibot_mission/manage_mission.h:\x1b[m\x1b[K In lambda function:\n'}
[6.626019] (mission_layer_mvibot) StderrLine: {'line': b'\x1b[01m\x1b[K/home/mvibot/floorCleaningRobot_ws/src/mission_layer_mvibot/src/../include/mission_layer_mvibot/mvibot_mission/manage_mission.h:314:30:\x1b[m\x1b[K \x1b[01;35m\x1b[Kwarning: \x1b[m\x1b[Kcomparison of integer expressions of different signedness: \xe2\x80\x98\x1b[01m\x1b[Kint\x1b[m\x1b[K\xe2\x80\x99 and \xe2\x80\x98\x1b[01m\x1b[Kstd::vector<std::__cxx11::basic_string<char>, std::allocator<std::__cxx11::basic_string<char> > >::size_type\x1b[m\x1b[K\xe2\x80\x99 {aka \xe2\x80\x98\x1b[01m\x1b[Klong unsigned int\x1b[m\x1b[K\xe2\x80\x99} [\x1b[01;35m\x1b[K\x1b]8;;https://gcc.gnu.org/onlinedocs/gcc/Warning-Options.html#index-Wsign-compare\x07-Wsign-compare\x1b]8;;\x07\x1b[m\x1b[K]\n'}
[6.626132] (mission_layer_mvibot) StderrLine: {'line': b'  314 |                 for(int i=0;\x1b[01;35m\x1b[Ki<data.data1.size()\x1b[m\x1b[K;i++){\n'}
[6.626222] (mission_layer_mvibot) StderrLine: {'line': b'      |                             \x1b[01;35m\x1b[K~^~~~~~~~~~~~~~~~~~\x1b[m\x1b[K\n'}
[6.627708] (mission_layer_mvibot) StderrLine: {'line': b'\x1b[01m\x1b[K/home/mvibot/floorCleaningRobot_ws/src/mission_layer_mvibot/src/../include/mission_layer_mvibot/mvibot_mission/manage_mission.h:311:36:\x1b[m\x1b[K \x1b[01;35m\x1b[Kwarning: \x1b[m\x1b[Kunused variable \xe2\x80\x98\x1b[01m\x1b[Klive_f\x1b[m\x1b[K\xe2\x80\x99 [\x1b[01;35m\x1b[K\x1b]8;;https://gcc.gnu.org/onlinedocs/gcc/Warning-Options.html#index-Wunused-variable\x07-Wunused-variable\x1b]8;;\x07\x1b[m\x1b[K]\n'}
[6.628022] (mission_layer_mvibot) StderrLine: {'line': b'  311 |                 static int live=-1,\x1b[01;35m\x1b[Klive_f\x1b[m\x1b[K=-1,brake=-1,brake_f=-1,enable=-1,enable_f=-1,error=-1,error_f=-1;\n'}
[6.628104] (mission_layer_mvibot) StderrLine: {'line': b'      |                                    \x1b[01;35m\x1b[K^~~~~~\x1b[m\x1b[K\n'}
[6.628175] (mission_layer_mvibot) StderrLine: {'line': b'\x1b[01m\x1b[K/home/mvibot/floorCleaningRobot_ws/src/mission_layer_mvibot/src/../include/mission_layer_mvibot/mvibot_mission/manage_mission.h:311:55:\x1b[m\x1b[K \x1b[01;35m\x1b[Kwarning: \x1b[m\x1b[Kunused variable \xe2\x80\x98\x1b[01m\x1b[Kbrake_f\x1b[m\x1b[K\xe2\x80\x99 [\x1b[01;35m\x1b[K\x1b]8;;https://gcc.gnu.org/onlinedocs/gcc/Warning-Options.html#index-Wunused-variable\x07-Wunused-variable\x1b]8;;\x07\x1b[m\x1b[K]\n'}
[6.628256] (mission_layer_mvibot) StderrLine: {'line': b'  311 |                 static int live=-1,live_f=-1,brake=-1,\x1b[01;35m\x1b[Kbrake_f\x1b[m\x1b[K=-1,enable=-1,enable_f=-1,error=-1,error_f=-1;\n'}
[6.628362] (mission_layer_mvibot) StderrLine: {'line': b'      |                                                       \x1b[01;35m\x1b[K^~~~~~~\x1b[m\x1b[K\n'}
[6.628473] (mission_layer_mvibot) StderrLine: {'line': b'\x1b[01m\x1b[K/home/mvibot/floorCleaningRobot_ws/src/mission_layer_mvibot/src/../include/mission_layer_mvibot/mvibot_mission/manage_mission.h:311:76:\x1b[m\x1b[K \x1b[01;35m\x1b[Kwarning: \x1b[m\x1b[Kunused variable \xe2\x80\x98\x1b[01m\x1b[Kenable_f\x1b[m\x1b[K\xe2\x80\x99 [\x1b[01;35m\x1b[K\x1b]8;;https://gcc.gnu.org/onlinedocs/gcc/Warning-Options.html#index-Wunused-variable\x07-Wunused-variable\x1b]8;;\x07\x1b[m\x1b[K]\n'}
[6.628614] (mission_layer_mvibot) StderrLine: {'line': b'  311 |                 static int live=-1,live_f=-1,brake=-1,brake_f=-1,enable=-1,\x1b[01;35m\x1b[Kenable_f\x1b[m\x1b[K=-1,error=-1,error_f=-1;\n'}
[6.628723] (mission_layer_mvibot) StderrLine: {'line': b'      |                                                                            \x1b[01;35m\x1b[K^~~~~~~~\x1b[m\x1b[K\n'}
[6.628822] (mission_layer_mvibot) StderrLine: {'line': b'\x1b[01m\x1b[K/home/mvibot/floorCleaningRobot_ws/src/mission_layer_mvibot/src/../include/mission_layer_mvibot/mvibot_mission/manage_mission.h:311:88:\x1b[m\x1b[K \x1b[01;35m\x1b[Kwarning: \x1b[m\x1b[Kvariable \xe2\x80\x98\x1b[01m\x1b[Kerror\x1b[m\x1b[K\xe2\x80\x99 set but not used [\x1b[01;35m\x1b[K\x1b]8;;https://gcc.gnu.org/onlinedocs/gcc/Warning-Options.html#index-Wunused-but-set-variable\x07-Wunused-but-set-variable\x1b]8;;\x07\x1b[m\x1b[K]\n'}
[6.628940] (mission_layer_mvibot) StderrLine: {'line': b'  311 |                 static int live=-1,live_f=-1,brake=-1,brake_f=-1,enable=-1,enable_f=-1,\x1b[01;35m\x1b[Kerror\x1b[m\x1b[K=-1,error_f=-1;\n'}
[6.629066] (mission_layer_mvibot) StderrLine: {'line': b'      |                                                                                        \x1b[01;35m\x1b[K^~~~~\x1b[m\x1b[K\n'}
[6.629180] (mission_layer_mvibot) StderrLine: {'line': b'\x1b[01m\x1b[K/home/mvibot/floorCleaningRobot_ws/src/mission_layer_mvibot/src/../include/mission_layer_mvibot/mvibot_mission/manage_mission.h:311:97:\x1b[m\x1b[K \x1b[01;35m\x1b[Kwarning: \x1b[m\x1b[Kunused variable \xe2\x80\x98\x1b[01m\x1b[Kerror_f\x1b[m\x1b[K\xe2\x80\x99 [\x1b[01;35m\x1b[K\x1b]8;;https://gcc.gnu.org/onlinedocs/gcc/Warning-Options.html#index-Wunused-variable\x07-Wunused-variable\x1b]8;;\x07\x1b[m\x1b[K]\n'}
[6.629298] (mission_layer_mvibot) StderrLine: {'line': b'  311 |                 static int live=-1,live_f=-1,brake=-1,brake_f=-1,enable=-1,enable_f=-1,error=-1,\x1b[01;35m\x1b[Kerror_f\x1b[m\x1b[K=-1;\n'}
[6.629404] (mission_layer_mvibot) StderrLine: {'line': b'      |                                                                                                 \x1b[01;35m\x1b[K^~~~~~~\x1b[m\x1b[K\n'}
[6.629631] (mission_layer_mvibot) StderrLine: {'line': b'\x1b[01m\x1b[K/home/mvibot/floorCleaningRobot_ws/src/mission_layer_mvibot/src/../include/mission_layer_mvibot/mvibot_mission/manage_mission.h:\x1b[m\x1b[K In lambda function:\n'}
[6.629753] (mission_layer_mvibot) StderrLine: {'line': b'\x1b[01m\x1b[K/home/mvibot/floorCleaningRobot_ws/src/mission_layer_mvibot/src/../include/mission_layer_mvibot/mvibot_mission/manage_mission.h:343:30:\x1b[m\x1b[K \x1b[01;35m\x1b[Kwarning: \x1b[m\x1b[Kcomparison of integer expressions of different signedness: \xe2\x80\x98\x1b[01m\x1b[Kint\x1b[m\x1b[K\xe2\x80\x99 and \xe2\x80\x98\x1b[01m\x1b[Kstd::vector<std::__cxx11::basic_string<char>, std::allocator<std::__cxx11::basic_string<char> > >::size_type\x1b[m\x1b[K\xe2\x80\x99 {aka \xe2\x80\x98\x1b[01m\x1b[Klong unsigned int\x1b[m\x1b[K\xe2\x80\x99} [\x1b[01;35m\x1b[K\x1b]8;;https://gcc.gnu.org/onlinedocs/gcc/Warning-Options.html#index-Wsign-compare\x07-Wsign-compare\x1b]8;;\x07\x1b[m\x1b[K]\n'}
[6.629834] (mission_layer_mvibot) StderrLine: {'line': b'  343 |                 for(int i=0;\x1b[01;35m\x1b[Ki<data.data1.size()\x1b[m\x1b[K;i++){\n'}
[6.629905] (mission_layer_mvibot) StderrLine: {'line': b'      |                             \x1b[01;35m\x1b[K~^~~~~~~~~~~~~~~~~~\x1b[m\x1b[K\n'}
[6.630823] (mission_layer_mvibot) StderrLine: {'line': b'\x1b[01m\x1b[K/home/mvibot/floorCleaningRobot_ws/src/mission_layer_mvibot/src/../include/mission_layer_mvibot/mvibot_mission/manage_mission.h:339:36:\x1b[m\x1b[K \x1b[01;35m\x1b[Kwarning: \x1b[m\x1b[Kunused variable \xe2\x80\x98\x1b[01m\x1b[Klive_f\x1b[m\x1b[K\xe2\x80\x99 [\x1b[01;35m\x1b[K\x1b]8;;https://gcc.gnu.org/onlinedocs/gcc/Warning-Options.html#index-Wunused-variable\x07-Wunused-variable\x1b]8;;\x07\x1b[m\x1b[K]\n'}
[6.631063] (mission_layer_mvibot) StderrLine: {'line': b'  339 |                 static int live=-1,\x1b[01;35m\x1b[Klive_f\x1b[m\x1b[K=-1,brake=-1,brake_f=-1,enable=-1,enable_f=-1,error=-1,error_f=-1;\n'}
[6.631170] (mission_layer_mvibot) StderrLine: {'line': b'      |                                    \x1b[01;35m\x1b[K^~~~~~\x1b[m\x1b[K\n'}
[6.631270] (mission_layer_mvibot) StderrLine: {'line': b'\x1b[01m\x1b[K/home/mvibot/floorCleaningRobot_ws/src/mission_layer_mvibot/src/../include/mission_layer_mvibot/mvibot_mission/manage_mission.h:339:55:\x1b[m\x1b[K \x1b[01;35m\x1b[Kwarning: \x1b[m\x1b[Kunused variable \xe2\x80\x98\x1b[01m\x1b[Kbrake_f\x1b[m\x1b[K\xe2\x80\x99 [\x1b[01;35m\x1b[K\x1b]8;;https://gcc.gnu.org/onlinedocs/gcc/Warning-Options.html#index-Wunused-variable\x07-Wunused-variable\x1b]8;;\x07\x1b[m\x1b[K]\n'}
[6.631448] (mission_layer_mvibot) StderrLine: {'line': b'  339 |                 static int live=-1,live_f=-1,brake=-1,\x1b[01;35m\x1b[Kbrake_f\x1b[m\x1b[K=-1,enable=-1,enable_f=-1,error=-1,error_f=-1;\n'}
[6.631806] (mission_layer_mvibot) StderrLine: {'line': b'      |                                                       \x1b[01;35m\x1b[K^~~~~~~\x1b[m\x1b[K\n'}
[6.631921] (mission_layer_mvibot) StderrLine: {'line': b'\x1b[01m\x1b[K/home/mvibot/floorCleaningRobot_ws/src/mission_layer_mvibot/src/../include/mission_layer_mvibot/mvibot_mission/manage_mission.h:339:76:\x1b[m\x1b[K \x1b[01;35m\x1b[Kwarning: \x1b[m\x1b[Kunused variable \xe2\x80\x98\x1b[01m\x1b[Kenable_f\x1b[m\x1b[K\xe2\x80\x99 [\x1b[01;35m\x1b[K\x1b]8;;https://gcc.gnu.org/onlinedocs/gcc/Warning-Options.html#index-Wunused-variable\x07-Wunused-variable\x1b]8;;\x07\x1b[m\x1b[K]\n'}
[6.632058] (mission_layer_mvibot) StderrLine: {'line': b'  339 |                 static int live=-1,live_f=-1,brake=-1,brake_f=-1,enable=-1,\x1b[01;35m\x1b[Kenable_f\x1b[m\x1b[K=-1,error=-1,error_f=-1;\n'}
[6.632134] (mission_layer_mvibot) StderrLine: {'line': b'      |                                                                            \x1b[01;35m\x1b[K^~~~~~~~\x1b[m\x1b[K\n'}
[6.632197] (mission_layer_mvibot) StderrLine: {'line': b'\x1b[01m\x1b[K/home/mvibot/floorCleaningRobot_ws/src/mission_layer_mvibot/src/../include/mission_layer_mvibot/mvibot_mission/manage_mission.h:339:88:\x1b[m\x1b[K \x1b[01;35m\x1b[Kwarning: \x1b[m\x1b[Kvariable \xe2\x80\x98\x1b[01m\x1b[Kerror\x1b[m\x1b[K\xe2\x80\x99 set but not used [\x1b[01;35m\x1b[K\x1b]8;;https://gcc.gnu.org/onlinedocs/gcc/Warning-Options.html#index-Wunused-but-set-variable\x07-Wunused-but-set-variable\x1b]8;;\x07\x1b[m\x1b[K]\n'}
[6.632268] (mission_layer_mvibot) StderrLine: {'line': b'  339 |                 static int live=-1,live_f=-1,brake=-1,brake_f=-1,enable=-1,enable_f=-1,\x1b[01;35m\x1b[Kerror\x1b[m\x1b[K=-1,error_f=-1;\n'}
[6.632333] (mission_layer_mvibot) StderrLine: {'line': b'      |                                                                                        \x1b[01;35m\x1b[K^~~~~\x1b[m\x1b[K\n'}
[6.632399] (mission_layer_mvibot) StderrLine: {'line': b'\x1b[01m\x1b[K/home/mvibot/floorCleaningRobot_ws/src/mission_layer_mvibot/src/../include/mission_layer_mvibot/mvibot_mission/manage_mission.h:339:97:\x1b[m\x1b[K \x1b[01;35m\x1b[Kwarning: \x1b[m\x1b[Kunused variable \xe2\x80\x98\x1b[01m\x1b[Kerror_f\x1b[m\x1b[K\xe2\x80\x99 [\x1b[01;35m\x1b[K\x1b]8;;https://gcc.gnu.org/onlinedocs/gcc/Warning-Options.html#index-Wunused-variable\x07-Wunused-variable\x1b]8;;\x07\x1b[m\x1b[K]\n'}
[6.632485] (mission_layer_mvibot) StderrLine: {'line': b'  339 |                 static int live=-1,live_f=-1,brake=-1,brake_f=-1,enable=-1,enable_f=-1,error=-1,\x1b[01;35m\x1b[Kerror_f\x1b[m\x1b[K=-1;\n'}
[6.632574] (mission_layer_mvibot) StderrLine: {'line': b'      |                                                                                                 \x1b[01;35m\x1b[K^~~~~~~\x1b[m\x1b[K\n'}
[6.688085] (mission_layer_mvibot) StderrLine: {'line': b'\x1b[01m\x1b[K/home/mvibot/floorCleaningRobot_ws/src/mission_layer_mvibot/src/../include/mission_layer_mvibot/mvibot_mission/manage_mission.h:\x1b[m\x1b[K In member function \xe2\x80\x98\x1b[01m\x1b[Kdouble* manage_mission::\x1b[01;32m\x1b[Kget_position_tf\x1b[m\x1b[K(std::string, std::string)\x1b[m\x1b[K\xe2\x80\x99:\n'}
[6.688343] (mission_layer_mvibot) StderrLine: {'line': b'\x1b[01m\x1b[K/home/mvibot/floorCleaningRobot_ws/src/mission_layer_mvibot/src/../include/mission_layer_mvibot/mvibot_mission/manage_mission.h:633:23:\x1b[m\x1b[K \x1b[01;35m\x1b[Kwarning: \x1b[m\x1b[Kvariable \xe2\x80\x98\x1b[01m\x1b[Kz\x1b[m\x1b[K\xe2\x80\x99 set but not used [\x1b[01;35m\x1b[K\x1b]8;;https://gcc.gnu.org/onlinedocs/gcc/Warning-Options.html#index-Wunused-but-set-variable\x07-Wunused-but-set-variable\x1b]8;;\x07\x1b[m\x1b[K]\n'}
[6.688507] (mission_layer_mvibot) StderrLine: {'line': b'  633 |     static double x,y,\x1b[01;35m\x1b[Kz\x1b[m\x1b[K,thz,thw;\n'}
[6.688656] (mission_layer_mvibot) StderrLine: {'line': b'      |                       \x1b[01;35m\x1b[K^\x1b[m\x1b[K\n'}
[6.717874] (-) TimerEvent: {}
[6.771276] (mission_layer_mvibot) StderrLine: {'line': b'\x1b[01m\x1b[K/home/mvibot/floorCleaningRobot_ws/src/mission_layer_mvibot/src/../include/mission_layer_mvibot/mvibot_mission/manage_mission.h:\x1b[m\x1b[K In member function \xe2\x80\x98\x1b[01m\x1b[Kint manage_mission::\x1b[01;32m\x1b[Kexecute_content\x1b[m\x1b[K(mission&, std::vector<std::__cxx11::basic_string<char>, std::allocator<std::__cxx11::basic_string<char> > >&, std::string&, int&)\x1b[m\x1b[K\xe2\x80\x99:\n'}
[6.771541] (mission_layer_mvibot) StderrLine: {'line': b'\x1b[01m\x1b[K/home/mvibot/floorCleaningRobot_ws/src/mission_layer_mvibot/src/../include/mission_layer_mvibot/mvibot_mission/manage_mission.h:1020:14:\x1b[m\x1b[K \x1b[01;35m\x1b[Kwarning: \x1b[m\x1b[Kcomparison of integer expressions of different signedness: \xe2\x80\x98\x1b[01m\x1b[Kint\x1b[m\x1b[K\xe2\x80\x99 and \xe2\x80\x98\x1b[01m\x1b[Kstd::vector<std::__cxx11::basic_string<char>, std::allocator<std::__cxx11::basic_string<char> > >::size_type\x1b[m\x1b[K\xe2\x80\x99 {aka \xe2\x80\x98\x1b[01m\x1b[Klong unsigned int\x1b[m\x1b[K\xe2\x80\x99} [\x1b[01;35m\x1b[K\x1b]8;;https://gcc.gnu.org/onlinedocs/gcc/Warning-Options.html#index-Wsign-compare\x07-Wsign-compare\x1b]8;;\x07\x1b[m\x1b[K]\n'}
[6.771694] (mission_layer_mvibot) StderrLine: {'line': b' 1020 |         if(\x1b[01;35m\x1b[Ki == and_contents_list.size()\x1b[m\x1b[K){\n'}
[6.771901] (mission_layer_mvibot) StderrLine: {'line': b'      |            \x1b[01;35m\x1b[K~~^~~~~~~~~~~~~~~~~~~~~~~~~~~\x1b[m\x1b[K\n'}
[6.772766] (mission_layer_mvibot) StderrLine: {'line': b'\x1b[01m\x1b[K/home/mvibot/floorCleaningRobot_ws/src/mission_layer_mvibot/src/../include/mission_layer_mvibot/mvibot_mission/manage_mission.h:1043:14:\x1b[m\x1b[K \x1b[01;35m\x1b[Kwarning: \x1b[m\x1b[Kcomparison of integer expressions of different signedness: \xe2\x80\x98\x1b[01m\x1b[Kint\x1b[m\x1b[K\xe2\x80\x99 and \xe2\x80\x98\x1b[01m\x1b[Kstd::vector<std::__cxx11::basic_string<char>, std::allocator<std::__cxx11::basic_string<char> > >::size_type\x1b[m\x1b[K\xe2\x80\x99 {aka \xe2\x80\x98\x1b[01m\x1b[Klong unsigned int\x1b[m\x1b[K\xe2\x80\x99} [\x1b[01;35m\x1b[K\x1b]8;;https://gcc.gnu.org/onlinedocs/gcc/Warning-Options.html#index-Wsign-compare\x07-Wsign-compare\x1b]8;;\x07\x1b[m\x1b[K]\n'}
[6.772941] (mission_layer_mvibot) StderrLine: {'line': b' 1043 |         if(\x1b[01;35m\x1b[Ki == or_contents_list.size()\x1b[m\x1b[K){\n'}
[6.773047] (mission_layer_mvibot) StderrLine: {'line': b'      |            \x1b[01;35m\x1b[K~~^~~~~~~~~~~~~~~~~~~~~~~~~~\x1b[m\x1b[K\n'}
[6.817936] (-) TimerEvent: {}
[6.918143] (-) TimerEvent: {}
[7.018423] (-) TimerEvent: {}
[7.118780] (-) TimerEvent: {}
[7.151303] (mission_layer_mvibot) StderrLine: {'line': b'In file included from \x1b[01m\x1b[K/home/mvibot/floorCleaningRobot_ws/src/mission_layer_mvibot/src/mvibot_mission.cpp:4\x1b[m\x1b[K:\n'}
[7.151506] (mission_layer_mvibot) StderrLine: {'line': b'\x1b[01m\x1b[K/home/mvibot/floorCleaningRobot_ws/src/mission_layer_mvibot/src/../include/mission_layer_mvibot/mvibot_mission/navigation_function.h:\x1b[m\x1b[K In lambda function:\n'}
[7.151606] (mission_layer_mvibot) StderrLine: {'line': b'\x1b[01m\x1b[K/home/mvibot/floorCleaningRobot_ws/src/mission_layer_mvibot/src/../include/mission_layer_mvibot/mvibot_mission/navigation_function.h:307:120:\x1b[m\x1b[K \x1b[01;35m\x1b[Kwarning: \x1b[m\x1b[Kunused parameter \xe2\x80\x98\x1b[01m\x1b[Kfeedback\x1b[m\x1b[K\xe2\x80\x99 [\x1b[01;35m\x1b[K\x1b]8;;https://gcc.gnu.org/onlinedocs/gcc/Warning-Options.html#index-Wunused-parameter\x07-Wunused-parameter\x1b]8;;\x07\x1b[m\x1b[K]\n'}
[7.151731] (mission_layer_mvibot) StderrLine: {'line': b'  307 |                         \x1b[01;35m\x1b[Kconst std::shared_ptr<const opennav_coverage_msgs::action::NavigateCompleteCoverage::Feedback> feedback\x1b[m\x1b[K) {\n'}
[7.151833] (mission_layer_mvibot) StderrLine: {'line': b'      |                         \x1b[01;35m\x1b[K~~~~~~~~~~~~~~~~~~~~~~~~~~~~~~~~~~~~~~~~~~~~~~~~~~~~~~~~~~~~~~~~~~~~~~~~~~~~~~~~~~~~~~~~~~~~~~~^~~~~~~~\x1b[m\x1b[K\n'}
[7.172396] (mission_layer_mvibot) StderrLine: {'line': b'\x1b[01m\x1b[K/home/mvibot/floorCleaningRobot_ws/src/mission_layer_mvibot/src/../include/mission_layer_mvibot/mvibot_mission/navigation_function.h:\x1b[m\x1b[K In lambda function:\n'}
[7.172677] (mission_layer_mvibot) StderrLine: {'line': b'\x1b[01m\x1b[K/home/mvibot/floorCleaningRobot_ws/src/mission_layer_mvibot/src/../include/mission_layer_mvibot/mvibot_mission/navigation_function.h:363:98:\x1b[m\x1b[K \x1b[01;35m\x1b[Kwarning: \x1b[m\x1b[Kunused parameter \xe2\x80\x98\x1b[01m\x1b[Kfeedback\x1b[m\x1b[K\xe2\x80\x99 [\x1b[01;35m\x1b[K\x1b]8;;https://gcc.gnu.org/onlinedocs/gcc/Warning-Options.html#index-Wunused-parameter\x07-Wunused-parameter\x1b]8;;\x07\x1b[m\x1b[K]\n'}
[7.172840] (mission_layer_mvibot) StderrLine: {'line': b'  363 |                         \x1b[01;35m\x1b[Kconst std::shared_ptr<const nav2_msgs::action::NavigateToPose::Feedback> feedback\x1b[m\x1b[K) {\n'}
[7.172968] (mission_layer_mvibot) StderrLine: {'line': b'      |                         \x1b[01;35m\x1b[K~~~~~~~~~~~~~~~~~~~~~~~~~~~~~~~~~~~~~~~~~~~~~~~~~~~~~~~~~~~~~~~~~~~~~~~~~^~~~~~~~\x1b[m\x1b[K\n'}
[7.218870] (-) TimerEvent: {}
[7.296581] (mission_layer_mvibot) StderrLine: {'line': b'\x1b[01m\x1b[K/home/mvibot/floorCleaningRobot_ws/src/mission_layer_mvibot/src/../include/mission_layer_mvibot/mvibot_mission/navigation_function.h:\x1b[m\x1b[K In member function \xe2\x80\x98\x1b[01m\x1b[Kint navigation_function::\x1b[01;32m\x1b[Kaction\x1b[m\x1b[K()\x1b[m\x1b[K\xe2\x80\x99:\n'}
[7.296774] (mission_layer_mvibot) StderrLine: {'line': b'\x1b[01m\x1b[K/home/mvibot/floorCleaningRobot_ws/src/mission_layer_mvibot/src/../include/mission_layer_mvibot/mvibot_mission/navigation_function.h:700:16:\x1b[m\x1b[K \x1b[01;35m\x1b[Kwarning: \x1b[m\x1b[Kunused variable \xe2\x80\x98\x1b[01m\x1b[Kt\x1b[m\x1b[K\xe2\x80\x99 [\x1b[01;35m\x1b[K\x1b]8;;https://gcc.gnu.org/onlinedocs/gcc/Warning-Options.html#index-Wunused-variable\x07-Wunused-variable\x1b]8;;\x07\x1b[m\x1b[K]\n'}
[7.296889] (mission_layer_mvibot) StderrLine: {'line': b'  700 |     static int \x1b[01;35m\x1b[Kt\x1b[m\x1b[K = 0;\n'}
[7.296992] (mission_layer_mvibot) StderrLine: {'line': b'      |                \x1b[01;35m\x1b[K^\x1b[m\x1b[K\n'}
[7.318955] (-) TimerEvent: {}
[7.419169] (-) TimerEvent: {}
[7.519391] (-) TimerEvent: {}
[7.541861] (mission_layer_mvibot) StderrLine: {'line': b'In file included from \x1b[01m\x1b[K/home/mvibot/floorCleaningRobot_ws/src/mission_layer_mvibot/src/mvibot_mission.cpp:6\x1b[m\x1b[K:\n'}
[7.542034] (mission_layer_mvibot) StderrLine: {'line': b'\x1b[01m\x1b[K/home/mvibot/floorCleaningRobot_ws/src/mission_layer_mvibot/src/../include/mission_layer_mvibot/mvibot_mission/marker_function.h:\x1b[m\x1b[K In member function \xe2\x80\x98\x1b[01m\x1b[Kdouble* marker_function::\x1b[01;32m\x1b[Kget_position\x1b[m\x1b[K(std::string, std::string)\x1b[m\x1b[K\xe2\x80\x99:\n'}
[7.542129] (mission_layer_mvibot) StderrLine: {'line': b'\x1b[01m\x1b[K/home/mvibot/floorCleaningRobot_ws/src/mission_layer_mvibot/src/../include/mission_layer_mvibot/mvibot_mission/marker_function.h:206:23:\x1b[m\x1b[K \x1b[01;35m\x1b[Kwarning: \x1b[m\x1b[Kvariable \xe2\x80\x98\x1b[01m\x1b[Kz\x1b[m\x1b[K\xe2\x80\x99 set but not used [\x1b[01;35m\x1b[K\x1b]8;;https://gcc.gnu.org/onlinedocs/gcc/Warning-Options.html#index-Wunused-but-set-variable\x07-Wunused-but-set-variable\x1b]8;;\x07\x1b[m\x1b[K]\n'}
[7.542205] (mission_layer_mvibot) StderrLine: {'line': b'  206 |     static double x,y,\x1b[01;35m\x1b[Kz\x1b[m\x1b[K,thz,thw;\n'}
[7.542270] (mission_layer_mvibot) StderrLine: {'line': b'      |                       \x1b[01;35m\x1b[K^\x1b[m\x1b[K\n'}
[7.544294] (mission_layer_mvibot) StderrLine: {'line': b'\x1b[01m\x1b[K/home/mvibot/floorCleaningRobot_ws/src/mission_layer_mvibot/src/../include/mission_layer_mvibot/mvibot_mission/marker_function.h:\x1b[m\x1b[K In member function \xe2\x80\x98\x1b[01m\x1b[Kint marker_function::\x1b[01;32m\x1b[Kcaculate_transforms_ofset\x1b[m\x1b[K()\x1b[m\x1b[K\xe2\x80\x99:\n'}
[7.544562] (mission_layer_mvibot) StderrLine: {'line': b'\x1b[01m\x1b[K/home/mvibot/floorCleaningRobot_ws/src/mission_layer_mvibot/src/../include/mission_layer_mvibot/mvibot_mission/marker_function.h:254:19:\x1b[m\x1b[K \x1b[01;35m\x1b[Kwarning: \x1b[m\x1b[Kvariable \xe2\x80\x98\x1b[01m\x1b[Ktheta\x1b[m\x1b[K\xe2\x80\x99 set but not used [\x1b[01;35m\x1b[K\x1b]8;;https://gcc.gnu.org/onlinedocs/gcc/Warning-Options.html#index-Wunused-but-set-variable\x07-Wunused-but-set-variable\x1b]8;;\x07\x1b[m\x1b[K]\n'}
[7.544742] (mission_layer_mvibot) StderrLine: {'line': b'  254 |     static double \x1b[01;35m\x1b[Ktheta\x1b[m\x1b[K;\n'}
[7.544858] (mission_layer_mvibot) StderrLine: {'line': b'      |                   \x1b[01;35m\x1b[K^~~~~\x1b[m\x1b[K\n'}
[7.566285] (mission_layer_mvibot) StderrLine: {'line': b'\x1b[01m\x1b[K/home/mvibot/floorCleaningRobot_ws/src/mission_layer_mvibot/src/../include/mission_layer_mvibot/mvibot_mission/marker_function.h:\x1b[m\x1b[K In member function \xe2\x80\x98\x1b[01m\x1b[Kint marker_function::\x1b[01;32m\x1b[Kmove_to_goal\x1b[m\x1b[K()\x1b[m\x1b[K\xe2\x80\x99:\n'}
[7.566575] (mission_layer_mvibot) StderrLine: {'line': b'\x1b[01m\x1b[K/home/mvibot/floorCleaningRobot_ws/src/mission_layer_mvibot/src/../include/mission_layer_mvibot/mvibot_mission/marker_function.h:442:21:\x1b[m\x1b[K \x1b[01;35m\x1b[Kwarning: \x1b[m\x1b[Kvariable \xe2\x80\x98\x1b[01m\x1b[Ky\x1b[m\x1b[K\xe2\x80\x99 set but not used [\x1b[01;35m\x1b[K\x1b]8;;https://gcc.gnu.org/onlinedocs/gcc/Warning-Options.html#index-Wunused-but-set-variable\x07-Wunused-but-set-variable\x1b]8;;\x07\x1b[m\x1b[K]\n'}
[7.566776] (mission_layer_mvibot) StderrLine: {'line': b'  442 |     static double x,\x1b[01;35m\x1b[Ky\x1b[m\x1b[K;\n'}
[7.566911] (mission_layer_mvibot) StderrLine: {'line': b'      |                     \x1b[01;35m\x1b[K^\x1b[m\x1b[K\n'}
[7.596377] (mission_layer_mvibot) StderrLine: {'line': b'In file included from \x1b[01m\x1b[K/home/mvibot/floorCleaningRobot_ws/src/mission_layer_mvibot/src/mvibot_mission.cpp:7\x1b[m\x1b[K:\n'}
[7.596680] (mission_layer_mvibot) StderrLine: {'line': b'\x1b[01m\x1b[K/home/mvibot/floorCleaningRobot_ws/src/mission_layer_mvibot/src/../include/mission_layer_mvibot/mvibot_mission/variable_function.h:\x1b[m\x1b[K In member function \xe2\x80\x98\x1b[01m\x1b[Kvoid multiple_variable_local::\x1b[01;32m\x1b[Kadd_var\x1b[m\x1b[K(variable_local)\x1b[m\x1b[K\xe2\x80\x99:\n'}
[7.596792] (mission_layer_mvibot) StderrLine: {'line': b'\x1b[01m\x1b[K/home/mvibot/floorCleaningRobot_ws/src/mission_layer_mvibot/src/../include/mission_layer_mvibot/mvibot_mission/variable_function.h:31:18:\x1b[m\x1b[K \x1b[01;35m\x1b[Kwarning: \x1b[m\x1b[Kcomparison of integer expressions of different signedness: \xe2\x80\x98\x1b[01m\x1b[Kint\x1b[m\x1b[K\xe2\x80\x99 and \xe2\x80\x98\x1b[01m\x1b[Kstd::vector<variable_local>::size_type\x1b[m\x1b[K\xe2\x80\x99 {aka \xe2\x80\x98\x1b[01m\x1b[Klong unsigned int\x1b[m\x1b[K\xe2\x80\x99} [\x1b[01;35m\x1b[K\x1b]8;;https://gcc.gnu.org/onlinedocs/gcc/Warning-Options.html#index-Wsign-compare\x07-Wsign-compare\x1b]8;;\x07\x1b[m\x1b[K]\n'}
[7.597035] (mission_layer_mvibot) StderrLine: {'line': b'   31 |     for(int i=0;\x1b[01;35m\x1b[Ki<var.size()\x1b[m\x1b[K;i++){\n'}
[7.597217] (mission_layer_mvibot) StderrLine: {'line': b'      |                 \x1b[01;35m\x1b[K~^~~~~~~~~~~\x1b[m\x1b[K\n'}
[7.597342] (mission_layer_mvibot) StderrLine: {'line': b'\x1b[01m\x1b[K/home/mvibot/floorCleaningRobot_ws/src/mission_layer_mvibot/src/../include/mission_layer_mvibot/mvibot_mission/variable_function.h:\x1b[m\x1b[K In member function \xe2\x80\x98\x1b[01m\x1b[Kvoid multiple_variable_local::\x1b[01;32m\x1b[Kupdate_var\x1b[m\x1b[K(variable_local)\x1b[m\x1b[K\xe2\x80\x99:\n'}
[7.597430] (mission_layer_mvibot) StderrLine: {'line': b'\x1b[01m\x1b[K/home/mvibot/floorCleaningRobot_ws/src/mission_layer_mvibot/src/../include/mission_layer_mvibot/mvibot_mission/variable_function.h:45:18:\x1b[m\x1b[K \x1b[01;35m\x1b[Kwarning: \x1b[m\x1b[Kcomparison of integer expressions of different signedness: \xe2\x80\x98\x1b[01m\x1b[Kint\x1b[m\x1b[K\xe2\x80\x99 and \xe2\x80\x98\x1b[01m\x1b[Kstd::vector<variable_local>::size_type\x1b[m\x1b[K\xe2\x80\x99 {aka \xe2\x80\x98\x1b[01m\x1b[Klong unsigned int\x1b[m\x1b[K\xe2\x80\x99} [\x1b[01;35m\x1b[K\x1b]8;;https://gcc.gnu.org/onlinedocs/gcc/Warning-Options.html#index-Wsign-compare\x07-Wsign-compare\x1b]8;;\x07\x1b[m\x1b[K]\n'}
[7.597557] (mission_layer_mvibot) StderrLine: {'line': b'   45 |     for(int i=0;\x1b[01;35m\x1b[Ki<var.size()\x1b[m\x1b[K;i++){\n'}
[7.597692] (mission_layer_mvibot) StderrLine: {'line': b'      |                 \x1b[01;35m\x1b[K~^~~~~~~~~~~\x1b[m\x1b[K\n'}
[7.597901] (mission_layer_mvibot) StderrLine: {'line': b'\x1b[01m\x1b[K/home/mvibot/floorCleaningRobot_ws/src/mission_layer_mvibot/src/../include/mission_layer_mvibot/mvibot_mission/variable_function.h:\x1b[m\x1b[K In member function \xe2\x80\x98\x1b[01m\x1b[Kvoid multiple_variable_local::\x1b[01;32m\x1b[Kreset_all\x1b[m\x1b[K()\x1b[m\x1b[K\xe2\x80\x99:\n'}
[7.598071] (mission_layer_mvibot) StderrLine: {'line': b'\x1b[01m\x1b[K/home/mvibot/floorCleaningRobot_ws/src/mission_layer_mvibot/src/../include/mission_layer_mvibot/mvibot_mission/variable_function.h:58:18:\x1b[m\x1b[K \x1b[01;35m\x1b[Kwarning: \x1b[m\x1b[Kcomparison of integer expressions of different signedness: \xe2\x80\x98\x1b[01m\x1b[Kint\x1b[m\x1b[K\xe2\x80\x99 and \xe2\x80\x98\x1b[01m\x1b[Kstd::vector<variable_local>::size_type\x1b[m\x1b[K\xe2\x80\x99 {aka \xe2\x80\x98\x1b[01m\x1b[Klong unsigned int\x1b[m\x1b[K\xe2\x80\x99} [\x1b[01;35m\x1b[K\x1b]8;;https://gcc.gnu.org/onlinedocs/gcc/Warning-Options.html#index-Wsign-compare\x07-Wsign-compare\x1b]8;;\x07\x1b[m\x1b[K]\n'}
[7.598181] (mission_layer_mvibot) StderrLine: {'line': b'   58 |     for(int i=0;\x1b[01;35m\x1b[Ki<var.size()\x1b[m\x1b[K;i++){\n'}
[7.598283] (mission_layer_mvibot) StderrLine: {'line': b'      |                 \x1b[01;35m\x1b[K~^~~~~~~~~~~\x1b[m\x1b[K\n'}
[7.598535] (mission_layer_mvibot) StderrLine: {'line': b'\x1b[01m\x1b[K/home/mvibot/floorCleaningRobot_ws/src/mission_layer_mvibot/src/../include/mission_layer_mvibot/mvibot_mission/variable_function.h:\x1b[m\x1b[K In member function \xe2\x80\x98\x1b[01m\x1b[Kvoid multiple_variable_local::\x1b[01;32m\x1b[Kprint\x1b[m\x1b[K()\x1b[m\x1b[K\xe2\x80\x99:\n'}
[7.598688] (mission_layer_mvibot) StderrLine: {'line': b'\x1b[01m\x1b[K/home/mvibot/floorCleaningRobot_ws/src/mission_layer_mvibot/src/../include/mission_layer_mvibot/mvibot_mission/variable_function.h:68:18:\x1b[m\x1b[K \x1b[01;35m\x1b[Kwarning: \x1b[m\x1b[Kcomparison of integer expressions of different signedness: \xe2\x80\x98\x1b[01m\x1b[Kint\x1b[m\x1b[K\xe2\x80\x99 and \xe2\x80\x98\x1b[01m\x1b[Kstd::vector<variable_local>::size_type\x1b[m\x1b[K\xe2\x80\x99 {aka \xe2\x80\x98\x1b[01m\x1b[Klong unsigned int\x1b[m\x1b[K\xe2\x80\x99} [\x1b[01;35m\x1b[K\x1b]8;;https://gcc.gnu.org/onlinedocs/gcc/Warning-Options.html#index-Wsign-compare\x07-Wsign-compare\x1b]8;;\x07\x1b[m\x1b[K]\n'}
[7.598786] (mission_layer_mvibot) StderrLine: {'line': b'   68 |     for(int i=0;\x1b[01;35m\x1b[Ki<var.size()\x1b[m\x1b[K;i++){\n'}
[7.598863] (mission_layer_mvibot) StderrLine: {'line': b'      |                 \x1b[01;35m\x1b[K~^~~~~~~~~~~\x1b[m\x1b[K\n'}
[7.616848] (mission_layer_mvibot) StderrLine: {'line': b'\x1b[01m\x1b[K/home/mvibot/floorCleaningRobot_ws/src/mission_layer_mvibot/src/../include/mission_layer_mvibot/mvibot_mission/variable_function.h:\x1b[m\x1b[K In member function \xe2\x80\x98\x1b[01m\x1b[Kint variable_function::\x1b[01;32m\x1b[Kaction\x1b[m\x1b[K()\x1b[m\x1b[K\xe2\x80\x99:\n'}
[7.617035] (mission_layer_mvibot) StderrLine: {'line': b'\x1b[01m\x1b[K/home/mvibot/floorCleaningRobot_ws/src/mission_layer_mvibot/src/../include/mission_layer_mvibot/mvibot_mission/variable_function.h:195:26:\x1b[m\x1b[K \x1b[01;35m\x1b[Kwarning: \x1b[m\x1b[Kcomparison of integer expressions of different signedness: \xe2\x80\x98\x1b[01m\x1b[Kint\x1b[m\x1b[K\xe2\x80\x99 and \xe2\x80\x98\x1b[01m\x1b[Kstd::vector<variable_local>::size_type\x1b[m\x1b[K\xe2\x80\x99 {aka \xe2\x80\x98\x1b[01m\x1b[Klong unsigned int\x1b[m\x1b[K\xe2\x80\x99} [\x1b[01;35m\x1b[K\x1b]8;;https://gcc.gnu.org/onlinedocs/gcc/Warning-Options.html#index-Wsign-compare\x07-Wsign-compare\x1b]8;;\x07\x1b[m\x1b[K]\n'}
[7.617148] (mission_layer_mvibot) StderrLine: {'line': b'  195 |             for(int i=0;\x1b[01;35m\x1b[Ki<my_vars_local.var.size()\x1b[m\x1b[K;i++){\n'}
[7.617215] (mission_layer_mvibot) StderrLine: {'line': b'      |                         \x1b[01;35m\x1b[K~^~~~~~~~~~~~~~~~~~~~~~~~~\x1b[m\x1b[K\n'}
[7.619423] (-) TimerEvent: {}
[7.713486] (mission_layer_mvibot) StderrLine: {'line': b'In file included from \x1b[01m\x1b[K/home/mvibot/floorCleaningRobot_ws/src/mission_layer_mvibot/src/mvibot_mission.cpp:8\x1b[m\x1b[K:\n'}
[7.713809] (mission_layer_mvibot) StderrLine: {'line': b'\x1b[01m\x1b[K/home/mvibot/floorCleaningRobot_ws/src/mission_layer_mvibot/src/../include/mission_layer_mvibot/mvibot_mission/gpio_function.h:\x1b[m\x1b[K In member function \xe2\x80\x98\x1b[01m\x1b[Kint gpio_function::\x1b[01;32m\x1b[Kaction\x1b[m\x1b[K()\x1b[m\x1b[K\xe2\x80\x99:\n'}
[7.713946] (mission_layer_mvibot) StderrLine: {'line': b'\x1b[01m\x1b[K/home/mvibot/floorCleaningRobot_ws/src/mission_layer_mvibot/src/../include/mission_layer_mvibot/mvibot_mission/gpio_function.h:143:16:\x1b[m\x1b[K \x1b[01;35m\x1b[Kwarning: \x1b[m\x1b[Kunused variable \xe2\x80\x98\x1b[01m\x1b[Kvalue_return\x1b[m\x1b[K\xe2\x80\x99 [\x1b[01;35m\x1b[K\x1b]8;;https://gcc.gnu.org/onlinedocs/gcc/Warning-Options.html#index-Wunused-variable\x07-Wunused-variable\x1b]8;;\x07\x1b[m\x1b[K]\n'}
[7.714092] (mission_layer_mvibot) StderrLine: {'line': b'  143 |     static int \x1b[01;35m\x1b[Kvalue_return\x1b[m\x1b[K;\n'}
[7.714212] (mission_layer_mvibot) StderrLine: {'line': b'      |                \x1b[01;35m\x1b[K^~~~~~~~~~~~\x1b[m\x1b[K\n'}
[7.719514] (-) TimerEvent: {}
[7.819799] (-) TimerEvent: {}
[7.920074] (-) TimerEvent: {}
[8.020355] (-) TimerEvent: {}
[8.120575] (-) TimerEvent: {}
[8.220776] (-) TimerEvent: {}
[8.321014] (-) TimerEvent: {}
[8.421253] (-) TimerEvent: {}
[8.521516] (-) TimerEvent: {}
[8.621855] (-) TimerEvent: {}
[8.722222] (-) TimerEvent: {}
[8.822708] (-) TimerEvent: {}
[8.922949] (-) TimerEvent: {}
[9.023220] (-) TimerEvent: {}
[9.123632] (-) TimerEvent: {}
[9.223955] (-) TimerEvent: {}
[9.324476] (-) TimerEvent: {}
[9.424727] (-) TimerEvent: {}
[9.524976] (-) TimerEvent: {}
[9.625223] (-) TimerEvent: {}
[9.725527] (-) TimerEvent: {}
[9.825812] (-) TimerEvent: {}
[9.926098] (-) TimerEvent: {}
[10.026373] (-) TimerEvent: {}
[10.126619] (-) TimerEvent: {}
[10.227053] (-) TimerEvent: {}
[10.327413] (-) TimerEvent: {}
[10.427723] (-) TimerEvent: {}
[10.528060] (-) TimerEvent: {}
[10.628413] (-) TimerEvent: {}
[10.728738] (-) TimerEvent: {}
[10.829106] (-) TimerEvent: {}
[10.929424] (-) TimerEvent: {}
[11.029725] (-) TimerEvent: {}
[11.129987] (-) TimerEvent: {}
[11.230219] (-) TimerEvent: {}
[11.330430] (-) TimerEvent: {}
[11.430700] (-) TimerEvent: {}
[11.530922] (-) TimerEvent: {}
[11.631139] (-) TimerEvent: {}
[11.731352] (-) TimerEvent: {}
[11.831571] (-) TimerEvent: {}
[11.931808] (-) TimerEvent: {}
[12.032026] (-) TimerEvent: {}
[12.132258] (-) TimerEvent: {}
[12.232519] (-) TimerEvent: {}
[12.332796] (-) TimerEvent: {}
[12.432998] (-) TimerEvent: {}
[12.533257] (-) TimerEvent: {}
[12.633506] (-) TimerEvent: {}
[12.733766] (-) TimerEvent: {}
[12.834018] (-) TimerEvent: {}
[12.934245] (-) TimerEvent: {}
[13.034504] (-) TimerEvent: {}
[13.134757] (-) TimerEvent: {}
[13.235030] (-) TimerEvent: {}
[13.335273] (-) TimerEvent: {}
[13.435583] (-) TimerEvent: {}
[13.535905] (-) TimerEvent: {}
[13.636936] (-) TimerEvent: {}
[13.737184] (-) TimerEvent: {}
[13.837457] (-) TimerEvent: {}
[13.937698] (-) TimerEvent: {}
[14.037927] (-) TimerEvent: {}
[14.138182] (-) TimerEvent: {}
[14.238488] (-) TimerEvent: {}
[14.338871] (-) TimerEvent: {}
[14.439188] (-) TimerEvent: {}
[14.539426] (-) TimerEvent: {}
[14.639693] (-) TimerEvent: {}
[14.739965] (-) TimerEvent: {}
[14.840269] (-) TimerEvent: {}
[14.940573] (-) TimerEvent: {}
[15.040848] (-) TimerEvent: {}
[15.141071] (-) TimerEvent: {}
[15.241306] (-) TimerEvent: {}
[15.341547] (-) TimerEvent: {}
[15.441779] (-) TimerEvent: {}
[15.541995] (-) TimerEvent: {}
[15.642232] (-) TimerEvent: {}
[15.742473] (-) TimerEvent: {}
[15.842697] (-) TimerEvent: {}
[15.942952] (-) TimerEvent: {}
[16.043219] (-) TimerEvent: {}
[16.143516] (-) TimerEvent: {}
[16.243819] (-) TimerEvent: {}
[16.344102] (-) TimerEvent: {}
[16.444352] (-) TimerEvent: {}
[16.544718] (-) TimerEvent: {}
[16.645137] (-) TimerEvent: {}
[16.745560] (-) TimerEvent: {}
[16.845967] (-) TimerEvent: {}
[16.946301] (-) TimerEvent: {}
[17.046509] (-) TimerEvent: {}
[17.146794] (-) TimerEvent: {}
[17.247056] (-) TimerEvent: {}
[17.347376] (-) TimerEvent: {}
[17.447695] (-) TimerEvent: {}
[17.548019] (-) TimerEvent: {}
[17.648261] (-) TimerEvent: {}
[17.748554] (-) TimerEvent: {}
[17.848956] (-) TimerEvent: {}
[17.949213] (-) TimerEvent: {}
[18.049461] (-) TimerEvent: {}
[18.149661] (-) TimerEvent: {}
[18.249940] (-) TimerEvent: {}
[18.350169] (-) TimerEvent: {}
[18.450432] (-) TimerEvent: {}
[18.550954] (-) TimerEvent: {}
[18.651333] (-) TimerEvent: {}
[18.752002] (-) TimerEvent: {}
[18.852288] (-) TimerEvent: {}
[18.952716] (-) TimerEvent: {}
[19.052967] (-) TimerEvent: {}
[19.153225] (-) TimerEvent: {}
[19.253498] (-) TimerEvent: {}
[19.353785] (-) TimerEvent: {}
[19.454023] (-) TimerEvent: {}
[19.554232] (-) TimerEvent: {}
[19.654428] (-) TimerEvent: {}
[19.754609] (-) TimerEvent: {}
[19.854812] (-) TimerEvent: {}
[19.955023] (-) TimerEvent: {}
[20.055280] (-) TimerEvent: {}
[20.155561] (-) TimerEvent: {}
[20.255886] (-) TimerEvent: {}
[20.356334] (-) TimerEvent: {}
[20.456837] (-) TimerEvent: {}
[20.557085] (-) TimerEvent: {}
[20.657325] (-) TimerEvent: {}
[20.757592] (-) TimerEvent: {}
[20.857886] (-) TimerEvent: {}
[20.958178] (-) TimerEvent: {}
[21.058414] (-) TimerEvent: {}
[21.158707] (-) TimerEvent: {}
[21.258943] (-) TimerEvent: {}
[21.359158] (-) TimerEvent: {}
[21.459377] (-) TimerEvent: {}
[21.559631] (-) TimerEvent: {}
[21.659874] (-) TimerEvent: {}
[21.760118] (-) TimerEvent: {}
[21.860366] (-) TimerEvent: {}
[21.960690] (-) TimerEvent: {}
[22.060938] (-) TimerEvent: {}
[22.161230] (-) TimerEvent: {}
[22.261521] (-) TimerEvent: {}
[22.361860] (-) TimerEvent: {}
[22.462230] (-) TimerEvent: {}
[22.562483] (-) TimerEvent: {}
[22.662759] (-) TimerEvent: {}
[22.763076] (-) TimerEvent: {}
[22.863620] (-) TimerEvent: {}
[22.963849] (-) TimerEvent: {}
[23.064101] (-) TimerEvent: {}
[23.164432] (-) TimerEvent: {}
[23.264748] (-) TimerEvent: {}
[23.364997] (-) TimerEvent: {}
[23.465253] (-) TimerEvent: {}
[23.565510] (-) TimerEvent: {}
[23.665796] (-) TimerEvent: {}
[23.766138] (-) TimerEvent: {}
[23.866638] (-) TimerEvent: {}
[23.966904] (-) TimerEvent: {}
[24.067147] (-) TimerEvent: {}
[24.167467] (-) TimerEvent: {}
[24.267754] (-) TimerEvent: {}
[24.368013] (-) TimerEvent: {}
[24.468269] (-) TimerEvent: {}
[24.568645] (-) TimerEvent: {}
[24.668886] (-) TimerEvent: {}
[24.769134] (-) TimerEvent: {}
[24.869351] (-) TimerEvent: {}
[24.947484] (mission_layer_mvibot) StderrLine: {'line': b'\x1b[01m\x1b[K/home/mvibot/floorCleaningRobot_ws/src/mission_layer_mvibot/src/../include/mission_layer_mvibot/mvibot_mission/manage_mission.h:\x1b[m\x1b[K In member function \xe2\x80\x98\x1b[01m\x1b[Kint manage_mission::\x1b[01;32m\x1b[Khandle_content\x1b[m\x1b[K(const json&, const double&, double&, int&, rclcpp::Publisher<std_msgs::msg::String_<std::allocator<void> > >::SharedPtr, rclcpp::Publisher<std_msgs::msg::String_<std::allocator<void> > >::SharedPtr)\x1b[m\x1b[K\xe2\x80\x99:\n'}
[24.947841] (mission_layer_mvibot) StderrLine: {'line': b'\x1b[01m\x1b[K/home/mvibot/floorCleaningRobot_ws/src/mission_layer_mvibot/src/../include/mission_layer_mvibot/mvibot_mission/manage_mission.h:882:1:\x1b[m\x1b[K \x1b[01;35m\x1b[Kwarning: \x1b[m\x1b[Kcontrol reaches end of non-void function [\x1b[01;35m\x1b[K\x1b]8;;https://gcc.gnu.org/onlinedocs/gcc/Warning-Options.html#index-Wreturn-type\x07-Wreturn-type\x1b]8;;\x07\x1b[m\x1b[K]\n'}
[24.947997] (mission_layer_mvibot) StderrLine: {'line': b'  882 | \x1b[01;35m\x1b[K}\x1b[m\x1b[K\n'}
[24.948125] (mission_layer_mvibot) StderrLine: {'line': b'      | \x1b[01;35m\x1b[K^\x1b[m\x1b[K\n'}
[24.969430] (-) TimerEvent: {}
[25.069872] (-) TimerEvent: {}
[25.140084] (mission_layer_mvibot) StderrLine: {'line': b'\x1b[01m\x1b[K/home/mvibot/floorCleaningRobot_ws/src/mission_layer_mvibot/src/../include/mission_layer_mvibot/mvibot_mission/navigation_function.h:\x1b[m\x1b[K In member function \xe2\x80\x98\x1b[01m\x1b[Kint navigation_function::\x1b[01;32m\x1b[Kaction\x1b[m\x1b[K()\x1b[m\x1b[K\xe2\x80\x99:\n'}
[25.140260] (mission_layer_mvibot) StderrLine: {'line': b'\x1b[01m\x1b[K/home/mvibot/floorCleaningRobot_ws/src/mission_layer_mvibot/src/../include/mission_layer_mvibot/mvibot_mission/navigation_function.h:966:1:\x1b[m\x1b[K \x1b[01;35m\x1b[Kwarning: \x1b[m\x1b[Kcontrol reaches end of non-void function [\x1b[01;35m\x1b[K\x1b]8;;https://gcc.gnu.org/onlinedocs/gcc/Warning-Options.html#index-Wreturn-type\x07-Wreturn-type\x1b]8;;\x07\x1b[m\x1b[K]\n'}
[25.140352] (mission_layer_mvibot) StderrLine: {'line': b'  966 | \x1b[01;35m\x1b[K}\x1b[m\x1b[K\n'}
[25.140431] (mission_layer_mvibot) StderrLine: {'line': b'      | \x1b[01;35m\x1b[K^\x1b[m\x1b[K\n'}
[25.169921] (-) TimerEvent: {}
[25.219398] (mission_layer_mvibot) StderrLine: {'line': b'\x1b[01m\x1b[K/home/mvibot/floorCleaningRobot_ws/src/mission_layer_mvibot/src/../include/mission_layer_mvibot/mvibot_mission/marker_function.h:\x1b[m\x1b[K In member function \xe2\x80\x98\x1b[01m\x1b[Kint marker_function::\x1b[01;32m\x1b[Kaction\x1b[m\x1b[K()\x1b[m\x1b[K\xe2\x80\x99:\n'}
[25.219633] (mission_layer_mvibot) StderrLine: {'line': b'\x1b[01m\x1b[K/home/mvibot/floorCleaningRobot_ws/src/mission_layer_mvibot/src/../include/mission_layer_mvibot/mvibot_mission/marker_function.h:906:1:\x1b[m\x1b[K \x1b[01;35m\x1b[Kwarning: \x1b[m\x1b[Kcontrol reaches end of non-void function [\x1b[01;35m\x1b[K\x1b]8;;https://gcc.gnu.org/onlinedocs/gcc/Warning-Options.html#index-Wreturn-type\x07-Wreturn-type\x1b]8;;\x07\x1b[m\x1b[K]\n'}
[25.219735] (mission_layer_mvibot) StderrLine: {'line': b'  906 | \x1b[01;35m\x1b[K}\x1b[m\x1b[K\n'}
[25.219817] (mission_layer_mvibot) StderrLine: {'line': b'      | \x1b[01;35m\x1b[K^\x1b[m\x1b[K\n'}
[25.235023] (mission_layer_mvibot) StderrLine: {'line': b'In file included from \x1b[01m\x1b[K/home/mvibot/floorCleaningRobot_ws/src/mission_layer_mvibot/src/mvibot_mission.cpp:13\x1b[m\x1b[K:\n'}
[25.235318] (mission_layer_mvibot) StderrLine: {'line': b'\x1b[01m\x1b[K/home/mvibot/floorCleaningRobot_ws/src/mission_layer_mvibot/src/../include/mission_layer_mvibot/mvibot_mission/lift_function.h:\x1b[m\x1b[K In member function \xe2\x80\x98\x1b[01m\x1b[Kint lift_function::\x1b[01;32m\x1b[Kaction\x1b[m\x1b[K()\x1b[m\x1b[K\xe2\x80\x99:\n'}
[25.235972] (mission_layer_mvibot) StderrLine: {'line': b'\x1b[01m\x1b[K/home/mvibot/floorCleaningRobot_ws/src/mission_layer_mvibot/src/../include/mission_layer_mvibot/mvibot_mission/lift_function.h:203:1:\x1b[m\x1b[K \x1b[01;35m\x1b[Kwarning: \x1b[m\x1b[Kcontrol reaches end of non-void function [\x1b[01;35m\x1b[K\x1b]8;;https://gcc.gnu.org/onlinedocs/gcc/Warning-Options.html#index-Wreturn-type\x07-Wreturn-type\x1b]8;;\x07\x1b[m\x1b[K]\n'}
[25.236932] (mission_layer_mvibot) StderrLine: {'line': b'  203 | \x1b[01;35m\x1b[K}\x1b[m\x1b[K\n'}
[25.237074] (mission_layer_mvibot) StderrLine: {'line': b'      | \x1b[01;35m\x1b[K^\x1b[m\x1b[K\n'}
[25.243179] (mission_layer_mvibot) StderrLine: {'line': b'In file included from \x1b[01m\x1b[K/home/mvibot/floorCleaningRobot_ws/src/mission_layer_mvibot/src/mvibot_mission.cpp:14\x1b[m\x1b[K:\n'}
[25.243448] (mission_layer_mvibot) StderrLine: {'line': b'\x1b[01m\x1b[K/home/mvibot/floorCleaningRobot_ws/src/mission_layer_mvibot/src/../include/mission_layer_mvibot/mvibot_mission/map_function.h:\x1b[m\x1b[K In member function \xe2\x80\x98\x1b[01m\x1b[Kint loadmap_function::\x1b[01;32m\x1b[Kaction\x1b[m\x1b[K()\x1b[m\x1b[K\xe2\x80\x99:\n'}
[25.243550] (mission_layer_mvibot) StderrLine: {'line': b'\x1b[01m\x1b[K/home/mvibot/floorCleaningRobot_ws/src/mission_layer_mvibot/src/../include/mission_layer_mvibot/mvibot_mission/map_function.h:160:1:\x1b[m\x1b[K \x1b[01;35m\x1b[Kwarning: \x1b[m\x1b[Kcontrol reaches end of non-void function [\x1b[01;35m\x1b[K\x1b]8;;https://gcc.gnu.org/onlinedocs/gcc/Warning-Options.html#index-Wreturn-type\x07-Wreturn-type\x1b]8;;\x07\x1b[m\x1b[K]\n'}
[25.243661] (mission_layer_mvibot) StderrLine: {'line': b'  160 | \x1b[01;35m\x1b[K}\x1b[m\x1b[K\n'}
[25.243763] (mission_layer_mvibot) StderrLine: {'line': b'      | \x1b[01;35m\x1b[K^\x1b[m\x1b[K\n'}
[25.270015] (-) TimerEvent: {}
[25.370250] (-) TimerEvent: {}
[25.470482] (-) TimerEvent: {}
[25.570714] (-) TimerEvent: {}
[25.670913] (-) TimerEvent: {}
[25.771138] (-) TimerEvent: {}
[25.871378] (-) TimerEvent: {}
[25.971852] (-) TimerEvent: {}
[26.072370] (-) TimerEvent: {}
[26.175347] (-) TimerEvent: {}
[26.275628] (-) TimerEvent: {}
[26.375891] (-) TimerEvent: {}
[26.476131] (-) TimerEvent: {}
[26.576382] (-) TimerEvent: {}
[26.676616] (-) TimerEvent: {}
[26.776963] (-) TimerEvent: {}
[26.877230] (-) TimerEvent: {}
[26.977517] (-) TimerEvent: {}
[27.078099] (-) TimerEvent: {}
[27.303074] (-) TimerEvent: {}
[27.403331] (-) TimerEvent: {}
[27.503629] (-) TimerEvent: {}
[27.603916] (-) TimerEvent: {}
[27.704223] (-) TimerEvent: {}
[27.804472] (-) TimerEvent: {}
[27.904686] (-) TimerEvent: {}
[28.004882] (-) TimerEvent: {}
[28.105094] (-) TimerEvent: {}
[28.205366] (-) TimerEvent: {}
[28.305596] (-) TimerEvent: {}
[28.405820] (-) TimerEvent: {}
[28.506061] (-) TimerEvent: {}
[28.606282] (-) TimerEvent: {}
[28.706781] (-) TimerEvent: {}
[28.807076] (-) TimerEvent: {}
[28.907490] (-) TimerEvent: {}
[29.007766] (-) TimerEvent: {}
[29.108040] (-) TimerEvent: {}
[29.208411] (-) TimerEvent: {}
[29.308735] (-) TimerEvent: {}
[29.409001] (-) TimerEvent: {}
[29.509247] (-) TimerEvent: {}
[29.609515] (-) TimerEvent: {}
[29.709794] (-) TimerEvent: {}
[29.809989] (-) TimerEvent: {}
[29.910233] (-) TimerEvent: {}
[30.010503] (-) TimerEvent: {}
[30.110987] (-) TimerEvent: {}
[30.211309] (-) TimerEvent: {}
[30.311632] (-) TimerEvent: {}
[30.411932] (-) TimerEvent: {}
[30.512274] (-) TimerEvent: {}
[30.612567] (-) TimerEvent: {}
[30.712845] (-) TimerEvent: {}
[30.813109] (-) TimerEvent: {}
[30.913403] (-) TimerEvent: {}
[31.013854] (-) TimerEvent: {}
[31.114122] (-) TimerEvent: {}
[31.214412] (-) TimerEvent: {}
[31.314688] (-) TimerEvent: {}
[31.414920] (-) TimerEvent: {}
[31.515176] (-) TimerEvent: {}
[31.615395] (-) TimerEvent: {}
[31.715668] (-) TimerEvent: {}
[31.816133] (-) TimerEvent: {}
[31.916431] (-) TimerEvent: {}
[32.016679] (-) TimerEvent: {}
[32.116886] (-) TimerEvent: {}
[32.217263] (-) TimerEvent: {}
[32.317671] (-) TimerEvent: {}
[32.417906] (-) TimerEvent: {}
[32.518131] (-) TimerEvent: {}
[32.618348] (-) TimerEvent: {}
[32.718572] (-) TimerEvent: {}
[32.818783] (-) TimerEvent: {}
[32.919017] (-) TimerEvent: {}
[33.019221] (-) TimerEvent: {}
[33.119486] (-) TimerEvent: {}
[33.219734] (-) TimerEvent: {}
[33.319971] (-) TimerEvent: {}
[33.420269] (-) TimerEvent: {}
[33.520658] (-) TimerEvent: {}
[33.622289] (-) TimerEvent: {}
[33.722711] (-) TimerEvent: {}
[33.822976] (-) TimerEvent: {}
[33.923467] (-) TimerEvent: {}
[34.023786] (-) TimerEvent: {}
[34.124039] (-) TimerEvent: {}
[34.224342] (-) TimerEvent: {}
[34.324588] (-) TimerEvent: {}
[34.424893] (-) TimerEvent: {}
[34.525513] (-) TimerEvent: {}
[34.625805] (-) TimerEvent: {}
[34.726044] (-) TimerEvent: {}
[34.826359] (-) TimerEvent: {}
[34.926666] (-) TimerEvent: {}
[35.026945] (-) TimerEvent: {}
[35.127247] (-) TimerEvent: {}
[35.227601] (-) TimerEvent: {}
[35.327888] (-) TimerEvent: {}
[35.428156] (-) TimerEvent: {}
[35.528408] (-) TimerEvent: {}
[35.628671] (-) TimerEvent: {}
[35.728966] (-) TimerEvent: {}
[35.829256] (-) TimerEvent: {}
[35.929580] (-) TimerEvent: {}
[36.029844] (-) TimerEvent: {}
[36.130130] (-) TimerEvent: {}
[36.230404] (-) TimerEvent: {}
[36.330676] (-) TimerEvent: {}
[36.430911] (-) TimerEvent: {}
[36.531126] (-) TimerEvent: {}
[36.631340] (-) TimerEvent: {}
[36.731573] (-) TimerEvent: {}
[36.831823] (-) TimerEvent: {}
[36.932042] (-) TimerEvent: {}
[37.032268] (-) TimerEvent: {}
[37.132519] (-) TimerEvent: {}
[37.232774] (-) TimerEvent: {}
[37.333009] (-) TimerEvent: {}
[37.433253] (-) TimerEvent: {}
[37.533498] (-) TimerEvent: {}
[37.633732] (-) TimerEvent: {}
[37.733975] (-) TimerEvent: {}
[37.834211] (-) TimerEvent: {}
[37.934467] (-) TimerEvent: {}
[38.034754] (-) TimerEvent: {}
[38.135038] (-) TimerEvent: {}
[38.235330] (-) TimerEvent: {}
[38.335680] (-) TimerEvent: {}
[38.436006] (-) TimerEvent: {}
[38.536335] (-) TimerEvent: {}
[38.636759] (-) TimerEvent: {}
[38.737033] (-) TimerEvent: {}
[38.837335] (-) TimerEvent: {}
[38.937575] (-) TimerEvent: {}
[39.037817] (-) TimerEvent: {}
[39.138054] (-) TimerEvent: {}
[39.238294] (-) TimerEvent: {}
[39.338565] (-) TimerEvent: {}
[39.438832] (-) TimerEvent: {}
[39.539081] (-) TimerEvent: {}
[39.639500] (-) TimerEvent: {}
[39.739794] (-) TimerEvent: {}
[39.840021] (-) TimerEvent: {}
[39.940250] (-) TimerEvent: {}
[40.040484] (-) TimerEvent: {}
[40.140711] (-) TimerEvent: {}
[40.240931] (-) TimerEvent: {}
[40.341131] (-) TimerEvent: {}
[40.441369] (-) TimerEvent: {}
[40.541623] (-) TimerEvent: {}
[40.641857] (-) TimerEvent: {}
[40.742101] (-) TimerEvent: {}
[40.842367] (-) TimerEvent: {}
[40.942625] (-) TimerEvent: {}
[41.042867] (-) TimerEvent: {}
[41.143109] (-) TimerEvent: {}
[41.243359] (-) TimerEvent: {}
[41.343630] (-) TimerEvent: {}
[41.443911] (-) TimerEvent: {}
[41.544147] (-) TimerEvent: {}
[41.644402] (-) TimerEvent: {}
[41.744751] (-) TimerEvent: {}
[41.845127] (-) TimerEvent: {}
[41.945429] (-) TimerEvent: {}
[42.045674] (-) TimerEvent: {}
[42.146034] (-) TimerEvent: {}
[42.246285] (-) TimerEvent: {}
[42.346600] (-) TimerEvent: {}
[42.446856] (-) TimerEvent: {}
[42.547166] (-) TimerEvent: {}
[42.647434] (-) TimerEvent: {}
[42.747739] (-) TimerEvent: {}
[42.847964] (-) TimerEvent: {}
[42.948197] (-) TimerEvent: {}
[43.048479] (-) TimerEvent: {}
[43.148696] (-) TimerEvent: {}
[43.248882] (-) TimerEvent: {}
[43.349134] (-) TimerEvent: {}
[43.449365] (-) TimerEvent: {}
[43.549584] (-) TimerEvent: {}
[43.649794] (-) TimerEvent: {}
[43.749995] (-) TimerEvent: {}
[43.850233] (-) TimerEvent: {}
[43.950504] (-) TimerEvent: {}
[44.050838] (-) TimerEvent: {}
[44.151091] (-) TimerEvent: {}
[44.251333] (-) TimerEvent: {}
[44.351615] (-) TimerEvent: {}
[44.451870] (-) TimerEvent: {}
[44.552074] (-) TimerEvent: {}
[44.652282] (-) TimerEvent: {}
[44.752494] (-) TimerEvent: {}
[44.852692] (-) TimerEvent: {}
[44.953005] (-) TimerEvent: {}
[45.053214] (-) TimerEvent: {}
[45.153470] (-) TimerEvent: {}
[45.253729] (-) TimerEvent: {}
[45.354060] (-) TimerEvent: {}
[45.454301] (-) TimerEvent: {}
[45.554500] (-) TimerEvent: {}
[45.654707] (-) TimerEvent: {}
[45.754922] (-) TimerEvent: {}
[45.855130] (-) TimerEvent: {}
[45.955348] (-) TimerEvent: {}
[46.055560] (-) TimerEvent: {}
[46.155840] (-) TimerEvent: {}
[46.256164] (-) TimerEvent: {}
[46.356485] (-) TimerEvent: {}
[46.456760] (-) TimerEvent: {}
[46.557034] (-) TimerEvent: {}
[46.657276] (-) TimerEvent: {}
[46.757492] (-) TimerEvent: {}
[46.857719] (-) TimerEvent: {}
[46.957998] (-) TimerEvent: {}
[47.058264] (-) TimerEvent: {}
[47.158492] (-) TimerEvent: {}
[47.258772] (-) TimerEvent: {}
[47.359060] (-) TimerEvent: {}
[47.459350] (-) TimerEvent: {}
[47.559619] (-) TimerEvent: {}
[47.659905] (-) TimerEvent: {}
[47.760265] (-) TimerEvent: {}
[47.860532] (-) TimerEvent: {}
[47.960836] (-) TimerEvent: {}
[48.061111] (-) TimerEvent: {}
[48.161377] (-) TimerEvent: {}
[48.261685] (-) TimerEvent: {}
[48.361917] (-) TimerEvent: {}
[48.462250] (-) TimerEvent: {}
[48.562596] (-) TimerEvent: {}
[48.662940] (-) TimerEvent: {}
[48.763275] (-) TimerEvent: {}
[48.863727] (-) TimerEvent: {}
[48.964018] (-) TimerEvent: {}
[49.064656] (-) TimerEvent: {}
[49.165210] (-) TimerEvent: {}
[49.265453] (-) TimerEvent: {}
[49.365705] (-) TimerEvent: {}
[49.465979] (-) TimerEvent: {}
[49.566260] (-) TimerEvent: {}
[49.666519] (-) TimerEvent: {}
[49.766851] (-) TimerEvent: {}
[49.867141] (-) TimerEvent: {}
[49.967380] (-) TimerEvent: {}
[50.067662] (-) TimerEvent: {}
[50.168036] (-) TimerEvent: {}
[50.268315] (-) TimerEvent: {}
[50.368727] (-) TimerEvent: {}
[50.468980] (-) TimerEvent: {}
[50.569251] (-) TimerEvent: {}
[50.669510] (-) TimerEvent: {}
[50.769813] (-) TimerEvent: {}
[50.870079] (-) TimerEvent: {}
[50.970387] (-) TimerEvent: {}
[51.070653] (-) TimerEvent: {}
[51.170906] (-) TimerEvent: {}
[51.271297] (-) TimerEvent: {}
[51.371897] (-) TimerEvent: {}
[51.472300] (-) TimerEvent: {}
[51.572668] (-) TimerEvent: {}
[51.673392] (-) TimerEvent: {}
[51.773683] (-) TimerEvent: {}
[51.873950] (-) TimerEvent: {}
[51.974214] (-) TimerEvent: {}
[52.074492] (-) TimerEvent: {}
[52.174696] (-) TimerEvent: {}
[52.274927] (-) TimerEvent: {}
[52.375177] (-) TimerEvent: {}
[52.475495] (-) TimerEvent: {}
[52.575776] (-) TimerEvent: {}
[52.676047] (-) TimerEvent: {}
[52.776304] (-) TimerEvent: {}
[52.876493] (-) TimerEvent: {}
[52.976757] (-) TimerEvent: {}
[53.076980] (-) TimerEvent: {}
[53.177206] (-) TimerEvent: {}
[53.277459] (-) TimerEvent: {}
[53.377699] (-) TimerEvent: {}
[53.478043] (-) TimerEvent: {}
[53.578326] (-) TimerEvent: {}
[53.678577] (-) TimerEvent: {}
[53.778851] (-) TimerEvent: {}
[53.879168] (-) TimerEvent: {}
[53.979485] (-) TimerEvent: {}
[54.079778] (-) TimerEvent: {}
[54.180053] (-) TimerEvent: {}
[54.280342] (-) TimerEvent: {}
[54.380662] (-) TimerEvent: {}
[54.480895] (-) TimerEvent: {}
[54.581162] (-) TimerEvent: {}
[54.681487] (-) TimerEvent: {}
[54.781733] (-) TimerEvent: {}
[54.882025] (-) TimerEvent: {}
[54.982293] (-) TimerEvent: {}
[55.082587] (-) TimerEvent: {}
[55.182807] (-) TimerEvent: {}
[55.283051] (-) TimerEvent: {}
[55.383282] (-) TimerEvent: {}
[55.483504] (-) TimerEvent: {}
[55.583834] (-) TimerEvent: {}
[55.684106] (-) TimerEvent: {}
[55.784336] (-) TimerEvent: {}
[55.884573] (-) TimerEvent: {}
[55.984805] (-) TimerEvent: {}
[56.084987] (-) TimerEvent: {}
[56.185219] (-) TimerEvent: {}
[56.285452] (-) TimerEvent: {}
[56.385706] (-) TimerEvent: {}
[56.486285] (-) TimerEvent: {}
[56.586498] (-) TimerEvent: {}
[56.686727] (-) TimerEvent: {}
[56.786936] (-) TimerEvent: {}
[56.887136] (-) TimerEvent: {}
[56.987434] (-) TimerEvent: {}
[57.087734] (-) TimerEvent: {}
[57.188050] (-) TimerEvent: {}
[57.288290] (-) TimerEvent: {}
[57.388503] (-) TimerEvent: {}
[57.488751] (-) TimerEvent: {}
[57.588994] (-) TimerEvent: {}
[57.689199] (-) TimerEvent: {}
[57.789419] (-) TimerEvent: {}
[57.889612] (-) TimerEvent: {}
[57.989832] (-) TimerEvent: {}
[58.090061] (-) TimerEvent: {}
[58.190331] (-) TimerEvent: {}
[58.290560] (-) TimerEvent: {}
[58.390791] (-) TimerEvent: {}
[58.491051] (-) TimerEvent: {}
[58.591275] (-) TimerEvent: {}
[58.691490] (-) TimerEvent: {}
[58.791710] (-) TimerEvent: {}
[58.891948] (-) TimerEvent: {}
[58.992162] (-) TimerEvent: {}
[59.092436] (-) TimerEvent: {}
[59.192683] (-) TimerEvent: {}
[59.292920] (-) TimerEvent: {}
[59.393169] (-) TimerEvent: {}
[59.493375] (-) TimerEvent: {}
[59.593643] (-) TimerEvent: {}
[59.693907] (-) TimerEvent: {}
[59.794173] (-) TimerEvent: {}
[59.894472] (-) TimerEvent: {}
[59.994726] (-) TimerEvent: {}
[60.095040] (-) TimerEvent: {}
[60.195475] (-) TimerEvent: {}
[60.295723] (-) TimerEvent: {}
[60.395967] (-) TimerEvent: {}
[60.496210] (-) TimerEvent: {}
[60.596497] (-) TimerEvent: {}
[60.696792] (-) TimerEvent: {}
[60.797375] (-) TimerEvent: {}
[60.897713] (-) TimerEvent: {}
[60.998056] (-) TimerEvent: {}
[61.098348] (-) TimerEvent: {}
[61.198632] (-) TimerEvent: {}
[61.298852] (-) TimerEvent: {}
[61.399085] (-) TimerEvent: {}
[61.499339] (-) TimerEvent: {}
[61.599570] (-) TimerEvent: {}
[61.699794] (-) TimerEvent: {}
[61.800345] (-) TimerEvent: {}
[61.900824] (-) TimerEvent: {}
[61.907491] (mission_layer_mvibot) StderrLine: {'line': b'\x1b[01m\x1b[K/home/mvibot/floorCleaningRobot_ws/src/mission_layer_mvibot/src/../include/mission_layer_mvibot/mvibot_mission/manage_mission.h:\x1b[m\x1b[K In member function \xe2\x80\x98\x1b[01m\x1b[Kdouble* manage_mission::\x1b[01;32m\x1b[Kget_position_tf\x1b[m\x1b[K(std::string, std::string)\x1b[m\x1b[K\xe2\x80\x99:\n'}
[61.907863] (mission_layer_mvibot) StderrLine: {'line': b'\x1b[01m\x1b[K/home/mvibot/floorCleaningRobot_ws/src/mission_layer_mvibot/src/../include/mission_layer_mvibot/mvibot_mission/manage_mission.h:647:33:\x1b[m\x1b[K \x1b[01;35m\x1b[Kwarning: \x1b[m\x1b[Karray subscript 2 is above array bounds of \xe2\x80\x98\x1b[01m\x1b[Kdouble [2]\x1b[m\x1b[K\xe2\x80\x99 [\x1b[01;35m\x1b[K\x1b]8;;https://gcc.gnu.org/onlinedocs/gcc/Warning-Options.html#index-Warray-bounds=\x07-Warray-bounds=\x1b]8;;\x07\x1b[m\x1b[K]\n'}
[61.908064] (mission_layer_mvibot) StderrLine: {'line': b'  647 |     data[0]=x; data[1]=y; \x1b[01;35m\x1b[Kdata[2]\x1b[m\x1b[K=thz; data[3]=thw;\n'}
[61.908219] (mission_layer_mvibot) StderrLine: {'line': b'      |                           \x1b[01;35m\x1b[K~~~~~~^\x1b[m\x1b[K\n'}
[61.908482] (mission_layer_mvibot) StderrLine: {'line': b'\x1b[01m\x1b[K/home/mvibot/floorCleaningRobot_ws/src/mission_layer_mvibot/src/../include/mission_layer_mvibot/mvibot_mission/manage_mission.h:631:19:\x1b[m\x1b[K \x1b[01;36m\x1b[Knote: \x1b[m\x1b[Kwhile referencing \xe2\x80\x98\x1b[01m\x1b[Kdata\x1b[m\x1b[K\xe2\x80\x99\n'}
[61.908730] (mission_layer_mvibot) StderrLine: {'line': b'  631 |     static double \x1b[01;36m\x1b[Kdata\x1b[m\x1b[K[2];\n'}
[61.908949] (mission_layer_mvibot) StderrLine: {'line': b'      |                   \x1b[01;36m\x1b[K^~~~\x1b[m\x1b[K\n'}
[61.909148] (mission_layer_mvibot) StderrLine: {'line': b'\x1b[01m\x1b[K/home/mvibot/floorCleaningRobot_ws/src/mission_layer_mvibot/src/../include/mission_layer_mvibot/mvibot_mission/manage_mission.h:647:46:\x1b[m\x1b[K \x1b[01;35m\x1b[Kwarning: \x1b[m\x1b[Karray subscript 3 is above array bounds of \xe2\x80\x98\x1b[01m\x1b[Kdouble [2]\x1b[m\x1b[K\xe2\x80\x99 [\x1b[01;35m\x1b[K\x1b]8;;https://gcc.gnu.org/onlinedocs/gcc/Warning-Options.html#index-Warray-bounds=\x07-Warray-bounds=\x1b]8;;\x07\x1b[m\x1b[K]\n'}
[61.909272] (mission_layer_mvibot) StderrLine: {'line': b'  647 |     data[0]=x; data[1]=y; data[2]=thz; \x1b[01;35m\x1b[Kdata[3]\x1b[m\x1b[K=thw;\n'}
[61.909432] (mission_layer_mvibot) StderrLine: {'line': b'      |                                        \x1b[01;35m\x1b[K~~~~~~^\x1b[m\x1b[K\n'}
[61.909596] (mission_layer_mvibot) StderrLine: {'line': b'\x1b[01m\x1b[K/home/mvibot/floorCleaningRobot_ws/src/mission_layer_mvibot/src/../include/mission_layer_mvibot/mvibot_mission/manage_mission.h:631:19:\x1b[m\x1b[K \x1b[01;36m\x1b[Knote: \x1b[m\x1b[Kwhile referencing \xe2\x80\x98\x1b[01m\x1b[Kdata\x1b[m\x1b[K\xe2\x80\x99\n'}
[61.909755] (mission_layer_mvibot) StderrLine: {'line': b'  631 |     static double \x1b[01;36m\x1b[Kdata\x1b[m\x1b[K[2];\n'}
[61.909912] (mission_layer_mvibot) StderrLine: {'line': b'      |                   \x1b[01;36m\x1b[K^~~~\x1b[m\x1b[K\n'}
[62.000902] (-) TimerEvent: {}
[62.101119] (-) TimerEvent: {}
[62.201374] (-) TimerEvent: {}
[62.301646] (-) TimerEvent: {}
[62.401883] (-) TimerEvent: {}
[62.502070] (-) TimerEvent: {}
[62.602289] (-) TimerEvent: {}
[62.702507] (-) TimerEvent: {}
[62.802730] (-) TimerEvent: {}
[62.902953] (-) TimerEvent: {}
[63.003171] (-) TimerEvent: {}
[63.103460] (-) TimerEvent: {}
[63.203760] (-) TimerEvent: {}
[63.304000] (-) TimerEvent: {}
[63.404245] (-) TimerEvent: {}
[63.504632] (-) TimerEvent: {}
[63.605113] (-) TimerEvent: {}
[63.705621] (-) TimerEvent: {}
[63.805970] (-) TimerEvent: {}
[63.906237] (-) TimerEvent: {}
[64.006713] (-) TimerEvent: {}
[64.107030] (-) TimerEvent: {}
[64.207329] (-) TimerEvent: {}
[64.307563] (-) TimerEvent: {}
[64.407774] (-) TimerEvent: {}
[64.507984] (-) TimerEvent: {}
[64.608203] (-) TimerEvent: {}
[64.708618] (-) TimerEvent: {}
[64.809048] (-) TimerEvent: {}
[64.909323] (-) TimerEvent: {}
[65.009620] (-) TimerEvent: {}
[65.109896] (-) TimerEvent: {}
[65.210306] (-) TimerEvent: {}
[65.310558] (-) TimerEvent: {}
[65.410803] (-) TimerEvent: {}
[65.511032] (-) TimerEvent: {}
[65.611271] (-) TimerEvent: {}
[65.711514] (-) TimerEvent: {}
[65.812055] (-) TimerEvent: {}
[65.912310] (-) TimerEvent: {}
[66.012613] (-) TimerEvent: {}
[66.112921] (-) TimerEvent: {}
[66.213154] (-) TimerEvent: {}
[66.313404] (-) TimerEvent: {}
[66.413671] (-) TimerEvent: {}
[66.513937] (-) TimerEvent: {}
[66.614209] (-) TimerEvent: {}
[66.714484] (-) TimerEvent: {}
[66.814741] (-) TimerEvent: {}
[66.914958] (-) TimerEvent: {}
[67.015180] (-) TimerEvent: {}
[67.115420] (-) TimerEvent: {}
[67.215676] (-) TimerEvent: {}
[67.315945] (-) TimerEvent: {}
[67.416167] (-) TimerEvent: {}
[67.516406] (-) TimerEvent: {}
[67.616633] (-) TimerEvent: {}
[67.716871] (-) TimerEvent: {}
[67.817127] (-) TimerEvent: {}
[67.917392] (-) TimerEvent: {}
[68.017653] (-) TimerEvent: {}
[68.117884] (-) TimerEvent: {}
[68.218117] (-) TimerEvent: {}
[68.318378] (-) TimerEvent: {}
[68.418643] (-) TimerEvent: {}
[68.519052] (-) TimerEvent: {}
[68.619420] (-) TimerEvent: {}
[68.719743] (-) TimerEvent: {}
[68.819978] (-) TimerEvent: {}
[68.920358] (-) TimerEvent: {}
[69.020596] (-) TimerEvent: {}
[69.120849] (-) TimerEvent: {}
[69.221062] (-) TimerEvent: {}
[69.321318] (-) TimerEvent: {}
[69.421587] (-) TimerEvent: {}
[69.521905] (-) TimerEvent: {}
[69.622807] (-) TimerEvent: {}
[69.723261] (-) TimerEvent: {}
[69.823701] (-) TimerEvent: {}
[69.924076] (-) TimerEvent: {}
[70.024351] (-) TimerEvent: {}
[70.124619] (-) TimerEvent: {}
[70.224880] (-) TimerEvent: {}
[70.325116] (-) TimerEvent: {}
[70.425348] (-) TimerEvent: {}
[70.525681] (-) TimerEvent: {}
[70.625927] (-) TimerEvent: {}
[70.726204] (-) TimerEvent: {}
[70.826603] (-) TimerEvent: {}
[70.926875] (-) TimerEvent: {}
[71.027182] (-) TimerEvent: {}
[71.127449] (-) TimerEvent: {}
[71.227703] (-) TimerEvent: {}
[71.327943] (-) TimerEvent: {}
[71.428210] (-) TimerEvent: {}
[71.528513] (-) TimerEvent: {}
[71.628810] (-) TimerEvent: {}
[71.729121] (-) TimerEvent: {}
[71.829421] (-) TimerEvent: {}
[71.929725] (-) TimerEvent: {}
[72.030003] (-) TimerEvent: {}
[72.130254] (-) TimerEvent: {}
[72.230510] (-) TimerEvent: {}
[72.330790] (-) TimerEvent: {}
[72.431017] (-) TimerEvent: {}
[72.531236] (-) TimerEvent: {}
[72.631481] (-) TimerEvent: {}
[72.731705] (-) TimerEvent: {}
[72.831923] (-) TimerEvent: {}
[72.932149] (-) TimerEvent: {}
[73.032375] (-) TimerEvent: {}
[73.132597] (-) TimerEvent: {}
[73.232825] (-) TimerEvent: {}
[73.333045] (-) TimerEvent: {}
[73.433244] (-) TimerEvent: {}
[73.533491] (-) TimerEvent: {}
[73.633736] (-) TimerEvent: {}
[73.733972] (-) TimerEvent: {}
[73.834230] (-) TimerEvent: {}
[73.934452] (-) TimerEvent: {}
[74.034638] (-) TimerEvent: {}
[74.134876] (-) TimerEvent: {}
[74.235141] (-) TimerEvent: {}
[74.335426] (-) TimerEvent: {}
[74.435798] (-) TimerEvent: {}
[74.536470] (-) TimerEvent: {}
[74.636740] (-) TimerEvent: {}
[74.737107] (-) TimerEvent: {}
[74.837397] (-) TimerEvent: {}
[74.937643] (-) TimerEvent: {}
[75.037885] (-) TimerEvent: {}
[75.138137] (-) TimerEvent: {}
[75.239226] (-) TimerEvent: {}
[75.339420] (-) TimerEvent: {}
[75.439721] (-) TimerEvent: {}
[75.539921] (-) TimerEvent: {}
[75.640203] (-) TimerEvent: {}
[75.740439] (-) TimerEvent: {}
[75.840697] (-) TimerEvent: {}
[75.940914] (-) TimerEvent: {}
[76.041148] (-) TimerEvent: {}
[76.141381] (-) TimerEvent: {}
[76.241618] (-) TimerEvent: {}
[76.341837] (-) TimerEvent: {}
[76.442046] (-) TimerEvent: {}
[76.542266] (-) TimerEvent: {}
[76.642494] (-) TimerEvent: {}
[76.742713] (-) TimerEvent: {}
[76.842908] (-) TimerEvent: {}
[76.943140] (-) TimerEvent: {}
[77.043381] (-) TimerEvent: {}
[77.143664] (-) TimerEvent: {}
[77.244118] (-) TimerEvent: {}
[77.344522] (-) TimerEvent: {}
[77.444887] (-) TimerEvent: {}
[77.545282] (-) TimerEvent: {}
[77.645715] (-) TimerEvent: {}
[77.746069] (-) TimerEvent: {}
[77.846337] (-) TimerEvent: {}
[77.946604] (-) TimerEvent: {}
[78.046872] (-) TimerEvent: {}
[78.147132] (-) TimerEvent: {}
[78.247396] (-) TimerEvent: {}
[78.347708] (-) TimerEvent: {}
[78.448035] (-) TimerEvent: {}
[78.548252] (-) TimerEvent: {}
[78.648495] (-) TimerEvent: {}
[78.748747] (-) TimerEvent: {}
[78.848965] (-) TimerEvent: {}
[78.949196] (-) TimerEvent: {}
[79.049418] (-) TimerEvent: {}
[79.149604] (-) TimerEvent: {}
[79.249814] (-) TimerEvent: {}
[79.350021] (-) TimerEvent: {}
[79.450255] (-) TimerEvent: {}
[79.550772] (-) TimerEvent: {}
[79.651089] (-) TimerEvent: {}
[79.751355] (-) TimerEvent: {}
[79.851637] (-) TimerEvent: {}
[79.951874] (-) TimerEvent: {}
[80.052137] (-) TimerEvent: {}
[80.152419] (-) TimerEvent: {}
[80.252689] (-) TimerEvent: {}
[80.352949] (-) TimerEvent: {}
[80.453182] (-) TimerEvent: {}
[80.553417] (-) TimerEvent: {}
[80.653678] (-) TimerEvent: {}
[80.753992] (-) TimerEvent: {}
[80.854504] (-) TimerEvent: {}
[80.954740] (-) TimerEvent: {}
[81.054974] (-) TimerEvent: {}
[81.155183] (-) TimerEvent: {}
[81.255414] (-) TimerEvent: {}
[81.355790] (-) TimerEvent: {}
[81.456196] (-) TimerEvent: {}
[81.556439] (-) TimerEvent: {}
[81.656682] (-) TimerEvent: {}
[81.756940] (-) TimerEvent: {}
[81.857143] (-) TimerEvent: {}
[81.957355] (-) TimerEvent: {}
[82.057572] (-) TimerEvent: {}
[82.157814] (-) TimerEvent: {}
[82.258057] (-) TimerEvent: {}
[82.358235] (-) TimerEvent: {}
[82.458400] (-) TimerEvent: {}
[82.558633] (-) TimerEvent: {}
[82.658855] (-) TimerEvent: {}
[82.759022] (-) TimerEvent: {}
[82.859236] (-) TimerEvent: {}
[82.959489] (-) TimerEvent: {}
[83.059730] (-) TimerEvent: {}
[83.160014] (-) TimerEvent: {}
[83.260243] (-) TimerEvent: {}
[83.360487] (-) TimerEvent: {}
[83.460697] (-) TimerEvent: {}
[83.560882] (-) TimerEvent: {}
[83.661076] (-) TimerEvent: {}
[83.761307] (-) TimerEvent: {}
[83.861541] (-) TimerEvent: {}
[83.961766] (-) TimerEvent: {}
[84.061987] (-) TimerEvent: {}
[84.162240] (-) TimerEvent: {}
[84.262489] (-) TimerEvent: {}
[84.362835] (-) TimerEvent: {}
[84.463187] (-) TimerEvent: {}
[84.563667] (-) TimerEvent: {}
[84.663953] (-) TimerEvent: {}
[84.764196] (-) TimerEvent: {}
[84.864440] (-) TimerEvent: {}
[84.964777] (-) TimerEvent: {}
[85.065323] (-) TimerEvent: {}
[85.165671] (-) TimerEvent: {}
[85.265932] (-) TimerEvent: {}
[85.366205] (-) TimerEvent: {}
[85.466479] (-) TimerEvent: {}
[85.566713] (-) TimerEvent: {}
[85.666965] (-) TimerEvent: {}
[85.767246] (-) TimerEvent: {}
[85.867496] (-) TimerEvent: {}
[85.967724] (-) TimerEvent: {}
[86.067925] (-) TimerEvent: {}
[86.168300] (-) TimerEvent: {}
[86.268557] (-) TimerEvent: {}
[86.368788] (-) TimerEvent: {}
[86.469025] (-) TimerEvent: {}
[86.569254] (-) TimerEvent: {}
[86.669490] (-) TimerEvent: {}
[86.769719] (-) TimerEvent: {}
[86.869996] (-) TimerEvent: {}
[86.970202] (-) TimerEvent: {}
[87.070420] (-) TimerEvent: {}
[87.170842] (-) TimerEvent: {}
[87.271223] (-) TimerEvent: {}
[87.371474] (-) TimerEvent: {}
[87.472026] (-) TimerEvent: {}
[87.572320] (-) TimerEvent: {}
[87.672561] (-) TimerEvent: {}
[87.772839] (-) TimerEvent: {}
[87.873120] (-) TimerEvent: {}
[87.973918] (-) TimerEvent: {}
[88.074498] (-) TimerEvent: {}
[88.174764] (-) TimerEvent: {}
[88.275023] (-) TimerEvent: {}
[88.375798] (-) TimerEvent: {}
[88.476034] (-) TimerEvent: {}
[88.576338] (-) TimerEvent: {}
[88.653766] (mission_layer_mvibot) StderrLine: {'line': b'\x1b[01m\x1b[K/home/mvibot/floorCleaningRobot_ws/src/mission_layer_mvibot/src/../include/mission_layer_mvibot/mvibot_mission/navigation_function.h:\x1b[m\x1b[K In member function \xe2\x80\x98\x1b[01m\x1b[Kvoid navigation_function::\x1b[01;32m\x1b[Kset_initial_robot\x1b[m\x1b[K(const std::string&)\x1b[m\x1b[K\xe2\x80\x99:\n'}
[88.654267] (mission_layer_mvibot) StderrLine: {'line': b'\x1b[01m\x1b[K/home/mvibot/floorCleaningRobot_ws/src/mission_layer_mvibot/src/../include/mission_layer_mvibot/mvibot_mission/navigation_function.h:260:13:\x1b[m\x1b[K \x1b[01;35m\x1b[Kwarning: \x1b[m\x1b[K\xe2\x80\x98\x1b[01m\x1b[Kx\x1b[m\x1b[K\xe2\x80\x99 may be used uninitialized [\x1b[01;35m\x1b[K\x1b]8;;https://gcc.gnu.org/onlinedocs/gcc/Warning-Options.html#index-Wmaybe-uninitialized\x07-Wmaybe-uninitialized\x1b]8;;\x07\x1b[m\x1b[K]\n'}
[88.654496] (mission_layer_mvibot) StderrLine: {'line': b'  260 |     \x1b[01;35m\x1b[Kpub_amcl(x,y,thz,thw)\x1b[m\x1b[K;\n'}
[88.654623] (mission_layer_mvibot) StderrLine: {'line': b'      |     \x1b[01;35m\x1b[K~~~~~~~~^~~~~~~~~~~~~\x1b[m\x1b[K\n'}
[88.654775] (mission_layer_mvibot) StderrLine: {'line': b'\x1b[01m\x1b[K/home/mvibot/floorCleaningRobot_ws/src/mission_layer_mvibot/src/../include/mission_layer_mvibot/mvibot_mission/navigation_function.h:252:18:\x1b[m\x1b[K \x1b[01;36m\x1b[Knote: \x1b[m\x1b[K\xe2\x80\x98\x1b[01m\x1b[Kx\x1b[m\x1b[K\xe2\x80\x99 was declared here\n'}
[88.654938] (mission_layer_mvibot) StderrLine: {'line': b'  252 |     double value,\x1b[01;36m\x1b[Kx\x1b[m\x1b[K,y,thz,thw;\n'}
[88.655077] (mission_layer_mvibot) StderrLine: {'line': b'      |                  \x1b[01;36m\x1b[K^\x1b[m\x1b[K\n'}
[88.655226] (mission_layer_mvibot) StderrLine: {'line': b'\x1b[01m\x1b[K/home/mvibot/floorCleaningRobot_ws/src/mission_layer_mvibot/src/../include/mission_layer_mvibot/mvibot_mission/navigation_function.h:260:13:\x1b[m\x1b[K \x1b[01;35m\x1b[Kwarning: \x1b[m\x1b[K\xe2\x80\x98\x1b[01m\x1b[Ky\x1b[m\x1b[K\xe2\x80\x99 may be used uninitialized [\x1b[01;35m\x1b[K\x1b]8;;https://gcc.gnu.org/onlinedocs/gcc/Warning-Options.html#index-Wmaybe-uninitialized\x07-Wmaybe-uninitialized\x1b]8;;\x07\x1b[m\x1b[K]\n'}
[88.655451] (mission_layer_mvibot) StderrLine: {'line': b'  260 |     \x1b[01;35m\x1b[Kpub_amcl(x,y,thz,thw)\x1b[m\x1b[K;\n'}
[88.655619] (mission_layer_mvibot) StderrLine: {'line': b'      |     \x1b[01;35m\x1b[K~~~~~~~~^~~~~~~~~~~~~\x1b[m\x1b[K\n'}
[88.655864] (mission_layer_mvibot) StderrLine: {'line': b'\x1b[01m\x1b[K/home/mvibot/floorCleaningRobot_ws/src/mission_layer_mvibot/src/../include/mission_layer_mvibot/mvibot_mission/navigation_function.h:252:20:\x1b[m\x1b[K \x1b[01;36m\x1b[Knote: \x1b[m\x1b[K\xe2\x80\x98\x1b[01m\x1b[Ky\x1b[m\x1b[K\xe2\x80\x99 was declared here\n'}
[88.656387] (mission_layer_mvibot) StderrLine: {'line': b'  252 |     double value,x,\x1b[01;36m\x1b[Ky\x1b[m\x1b[K,thz,thw;\n'}
[88.656726] (mission_layer_mvibot) StderrLine: {'line': b'      |                    \x1b[01;36m\x1b[K^\x1b[m\x1b[K\n'}
[88.656866] (mission_layer_mvibot) StderrLine: {'line': b'\x1b[01m\x1b[K/home/mvibot/floorCleaningRobot_ws/src/mission_layer_mvibot/src/../include/mission_layer_mvibot/mvibot_mission/navigation_function.h:260:13:\x1b[m\x1b[K \x1b[01;35m\x1b[Kwarning: \x1b[m\x1b[K\xe2\x80\x98\x1b[01m\x1b[Kthz\x1b[m\x1b[K\xe2\x80\x99 may be used uninitialized [\x1b[01;35m\x1b[K\x1b]8;;https://gcc.gnu.org/onlinedocs/gcc/Warning-Options.html#index-Wmaybe-uninitialized\x07-Wmaybe-uninitialized\x1b]8;;\x07\x1b[m\x1b[K]\n'}
[88.657013] (mission_layer_mvibot) StderrLine: {'line': b'  260 |     \x1b[01;35m\x1b[Kpub_amcl(x,y,thz,thw)\x1b[m\x1b[K;\n'}
[88.657146] (mission_layer_mvibot) StderrLine: {'line': b'      |     \x1b[01;35m\x1b[K~~~~~~~~^~~~~~~~~~~~~\x1b[m\x1b[K\n'}
[88.657266] (mission_layer_mvibot) StderrLine: {'line': b'\x1b[01m\x1b[K/home/mvibot/floorCleaningRobot_ws/src/mission_layer_mvibot/src/../include/mission_layer_mvibot/mvibot_mission/navigation_function.h:252:22:\x1b[m\x1b[K \x1b[01;36m\x1b[Knote: \x1b[m\x1b[K\xe2\x80\x98\x1b[01m\x1b[Kthz\x1b[m\x1b[K\xe2\x80\x99 was declared here\n'}
[88.657408] (mission_layer_mvibot) StderrLine: {'line': b'  252 |     double value,x,y,\x1b[01;36m\x1b[Kthz\x1b[m\x1b[K,thw;\n'}
[88.657519] (mission_layer_mvibot) StderrLine: {'line': b'      |                      \x1b[01;36m\x1b[K^~~\x1b[m\x1b[K\n'}
[88.657698] (mission_layer_mvibot) StderrLine: {'line': b'\x1b[01m\x1b[K/home/mvibot/floorCleaningRobot_ws/src/mission_layer_mvibot/src/../include/mission_layer_mvibot/mvibot_mission/navigation_function.h:260:13:\x1b[m\x1b[K \x1b[01;35m\x1b[Kwarning: \x1b[m\x1b[K\xe2\x80\x98\x1b[01m\x1b[Kthw\x1b[m\x1b[K\xe2\x80\x99 may be used uninitialized [\x1b[01;35m\x1b[K\x1b]8;;https://gcc.gnu.org/onlinedocs/gcc/Warning-Options.html#index-Wmaybe-uninitialized\x07-Wmaybe-uninitialized\x1b]8;;\x07\x1b[m\x1b[K]\n'}
[88.657825] (mission_layer_mvibot) StderrLine: {'line': b'  260 |     \x1b[01;35m\x1b[Kpub_amcl(x,y,thz,thw)\x1b[m\x1b[K;\n'}
[88.657973] (mission_layer_mvibot) StderrLine: {'line': b'      |     \x1b[01;35m\x1b[K~~~~~~~~^~~~~~~~~~~~~\x1b[m\x1b[K\n'}
[88.658112] (mission_layer_mvibot) StderrLine: {'line': b'\x1b[01m\x1b[K/home/mvibot/floorCleaningRobot_ws/src/mission_layer_mvibot/src/../include/mission_layer_mvibot/mvibot_mission/navigation_function.h:252:26:\x1b[m\x1b[K \x1b[01;36m\x1b[Knote: \x1b[m\x1b[K\xe2\x80\x98\x1b[01m\x1b[Kthw\x1b[m\x1b[K\xe2\x80\x99 was declared here\n'}
[88.658211] (mission_layer_mvibot) StderrLine: {'line': b'  252 |     double value,x,y,thz,\x1b[01;36m\x1b[Kthw\x1b[m\x1b[K;\n'}
[88.658341] (mission_layer_mvibot) StderrLine: {'line': b'      |                          \x1b[01;36m\x1b[K^~~\x1b[m\x1b[K\n'}
[88.676477] (-) TimerEvent: {}
[88.776905] (-) TimerEvent: {}
[88.877239] (-) TimerEvent: {}
[88.977484] (-) TimerEvent: {}
[89.077724] (-) TimerEvent: {}
[89.177995] (-) TimerEvent: {}
[89.278240] (-) TimerEvent: {}
[89.378514] (-) TimerEvent: {}
[89.478815] (-) TimerEvent: {}
[89.579110] (-) TimerEvent: {}
[89.679391] (-) TimerEvent: {}
[89.779677] (-) TimerEvent: {}
[89.880003] (-) TimerEvent: {}
[89.980318] (-) TimerEvent: {}
[90.080713] (-) TimerEvent: {}
[90.180972] (-) TimerEvent: {}
[90.281195] (-) TimerEvent: {}
[90.381429] (-) TimerEvent: {}
[90.481807] (-) TimerEvent: {}
[90.582083] (-) TimerEvent: {}
[90.666479] (mission_layer_mvibot) StderrLine: {'line': b'\x1b[01m\x1b[K/home/mvibot/floorCleaningRobot_ws/src/mission_layer_mvibot/src/../include/mission_layer_mvibot/mvibot_mission/manage_mission.h:\x1b[m\x1b[K In member function \xe2\x80\x98\x1b[01m\x1b[Kint manage_mission::\x1b[01;32m\x1b[Kexecute_content\x1b[m\x1b[K(mission&, std::vector<std::__cxx11::basic_string<char>, std::allocator<std::__cxx11::basic_string<char> > >&, std::string&, int&)\x1b[m\x1b[K\xe2\x80\x99:\n'}
[90.666723] (mission_layer_mvibot) StderrLine: {'line': b'\x1b[01m\x1b[K/home/mvibot/floorCleaningRobot_ws/src/mission_layer_mvibot/src/../include/mission_layer_mvibot/mvibot_mission/manage_mission.h:1065:9:\x1b[m\x1b[K \x1b[01;35m\x1b[Kwarning: \x1b[m\x1b[K\xe2\x80\x98\x1b[01m\x1b[Kres\x1b[m\x1b[K\xe2\x80\x99 may be used uninitialized [\x1b[01;35m\x1b[K\x1b]8;;https://gcc.gnu.org/onlinedocs/gcc/Warning-Options.html#index-Wmaybe-uninitialized\x07-Wmaybe-uninitialized\x1b]8;;\x07\x1b[m\x1b[K]\n'}
[90.666852] (mission_layer_mvibot) StderrLine: {'line': b' 1065 |         \x1b[01;35m\x1b[Kif\x1b[m\x1b[K(res == Finish_) queue_content.erase(queue_content.begin());\n'}
[90.666951] (mission_layer_mvibot) StderrLine: {'line': b'      |         \x1b[01;35m\x1b[K^~\x1b[m\x1b[K\n'}
[90.667048] (mission_layer_mvibot) StderrLine: {'line': b'\x1b[01m\x1b[K/home/mvibot/floorCleaningRobot_ws/src/mission_layer_mvibot/src/../include/mission_layer_mvibot/mvibot_mission/manage_mission.h:1051:13:\x1b[m\x1b[K \x1b[01;36m\x1b[Knote: \x1b[m\x1b[K\xe2\x80\x98\x1b[01m\x1b[Kres\x1b[m\x1b[K\xe2\x80\x99 was declared here\n'}
[90.667125] (mission_layer_mvibot) StderrLine: {'line': b' 1051 |         int \x1b[01;36m\x1b[Kres\x1b[m\x1b[K;\n'}
[90.667204] (mission_layer_mvibot) StderrLine: {'line': b'      |             \x1b[01;36m\x1b[K^~~\x1b[m\x1b[K\n'}
[90.682131] (-) TimerEvent: {}
[90.782370] (-) TimerEvent: {}
[90.882645] (-) TimerEvent: {}
[90.982868] (-) TimerEvent: {}
[91.083111] (-) TimerEvent: {}
[91.183353] (-) TimerEvent: {}
[91.283712] (-) TimerEvent: {}
[91.384095] (-) TimerEvent: {}
[91.484530] (-) TimerEvent: {}
[91.584927] (-) TimerEvent: {}
[91.685257] (-) TimerEvent: {}
[91.785611] (-) TimerEvent: {}
[91.886103] (-) TimerEvent: {}
[91.986861] (-) TimerEvent: {}
[92.087094] (-) TimerEvent: {}
[92.187378] (-) TimerEvent: {}
[92.287674] (-) TimerEvent: {}
[92.387908] (-) TimerEvent: {}
[92.488162] (-) TimerEvent: {}
[92.588397] (-) TimerEvent: {}
[92.688645] (-) TimerEvent: {}
[92.788920] (-) TimerEvent: {}
[92.889157] (-) TimerEvent: {}
[92.989415] (-) TimerEvent: {}
[93.089674] (-) TimerEvent: {}
[93.189890] (-) TimerEvent: {}
[93.290114] (-) TimerEvent: {}
[93.390313] (-) TimerEvent: {}
[93.490547] (-) TimerEvent: {}
[93.590784] (-) TimerEvent: {}
[93.691052] (-) TimerEvent: {}
[93.791317] (-) TimerEvent: {}
[93.891622] (-) TimerEvent: {}
[93.991862] (-) TimerEvent: {}
[94.092088] (-) TimerEvent: {}
[94.192351] (-) TimerEvent: {}
[94.292593] (-) TimerEvent: {}
[94.392818] (-) TimerEvent: {}
[94.493039] (-) TimerEvent: {}
[94.593266] (-) TimerEvent: {}
[94.693497] (-) TimerEvent: {}
[94.793709] (-) TimerEvent: {}
[94.893947] (-) TimerEvent: {}
[94.994189] (-) TimerEvent: {}
[95.094426] (-) TimerEvent: {}
[95.194645] (-) TimerEvent: {}
[95.294886] (-) TimerEvent: {}
[95.395241] (-) TimerEvent: {}
[95.495505] (-) TimerEvent: {}
[95.595735] (-) TimerEvent: {}
[95.695973] (-) TimerEvent: {}
[95.796187] (-) TimerEvent: {}
[95.896502] (-) TimerEvent: {}
[95.996778] (-) TimerEvent: {}
[96.097061] (-) TimerEvent: {}
[96.197610] (-) TimerEvent: {}
[96.297918] (-) TimerEvent: {}
[96.398439] (-) TimerEvent: {}
[96.498678] (-) TimerEvent: {}
[96.598914] (-) TimerEvent: {}
[96.699168] (-) TimerEvent: {}
[96.799386] (-) TimerEvent: {}
[96.899614] (-) TimerEvent: {}
[96.999838] (-) TimerEvent: {}
[97.100133] (-) TimerEvent: {}
[97.200402] (-) TimerEvent: {}
[97.300622] (-) TimerEvent: {}
[97.400869] (-) TimerEvent: {}
[97.501128] (-) TimerEvent: {}
[97.601328] (-) TimerEvent: {}
[97.701567] (-) TimerEvent: {}
[97.801806] (-) TimerEvent: {}
[97.902079] (-) TimerEvent: {}
[98.002434] (-) TimerEvent: {}
[98.102666] (-) TimerEvent: {}
[98.202870] (-) TimerEvent: {}
[98.303089] (-) TimerEvent: {}
[98.403314] (-) TimerEvent: {}
[98.503616] (-) TimerEvent: {}
[98.604012] (-) TimerEvent: {}
[98.704243] (-) TimerEvent: {}
[98.804496] (-) TimerEvent: {}
[98.904737] (-) TimerEvent: {}
[99.004986] (-) TimerEvent: {}
[99.105197] (-) TimerEvent: {}
[99.205533] (-) TimerEvent: {}
[99.305863] (-) TimerEvent: {}
[99.406045] (-) TimerEvent: {}
[99.506235] (-) TimerEvent: {}
[99.606499] (-) TimerEvent: {}
[99.706741] (-) TimerEvent: {}
[99.807010] (-) TimerEvent: {}
[99.907229] (-) TimerEvent: {}
[100.007473] (-) TimerEvent: {}
[100.107758] (-) TimerEvent: {}
[100.208061] (-) TimerEvent: {}
[100.308321] (-) TimerEvent: {}
[100.408740] (-) TimerEvent: {}
[100.509132] (-) TimerEvent: {}
[100.609365] (-) TimerEvent: {}
[100.709658] (-) TimerEvent: {}
[100.809933] (-) TimerEvent: {}
[100.910186] (-) TimerEvent: {}
[101.010424] (-) TimerEvent: {}
[101.110758] (-) TimerEvent: {}
[101.210975] (-) TimerEvent: {}
[101.311210] (-) TimerEvent: {}
[101.411462] (-) TimerEvent: {}
[101.511706] (-) TimerEvent: {}
[101.611933] (-) TimerEvent: {}
[101.712222] (-) TimerEvent: {}
[101.812525] (-) TimerEvent: {}
[101.912847] (-) TimerEvent: {}
[102.013173] (-) TimerEvent: {}
[102.113524] (-) TimerEvent: {}
[102.213821] (-) TimerEvent: {}
[102.314132] (-) TimerEvent: {}
[102.414509] (-) TimerEvent: {}
[102.514788] (-) TimerEvent: {}
[102.615030] (-) TimerEvent: {}
[102.715229] (-) TimerEvent: {}
[102.815511] (-) TimerEvent: {}
[102.915791] (-) TimerEvent: {}
[103.016177] (-) TimerEvent: {}
[103.116512] (-) TimerEvent: {}
[103.216721] (-) TimerEvent: {}
[103.316919] (-) TimerEvent: {}
[103.417111] (-) TimerEvent: {}
[103.517303] (-) TimerEvent: {}
[103.617515] (-) TimerEvent: {}
[103.717773] (-) TimerEvent: {}
[103.817992] (-) TimerEvent: {}
[103.918241] (-) TimerEvent: {}
[104.018519] (-) TimerEvent: {}
[104.118839] (-) TimerEvent: {}
[104.219056] (-) TimerEvent: {}
[104.319300] (-) TimerEvent: {}
[104.419552] (-) TimerEvent: {}
[104.519783] (-) TimerEvent: {}
[104.619999] (-) TimerEvent: {}
[104.720267] (-) TimerEvent: {}
[104.820583] (-) TimerEvent: {}
[104.920818] (-) TimerEvent: {}
[105.021047] (-) TimerEvent: {}
[105.121281] (-) TimerEvent: {}
[105.221501] (-) TimerEvent: {}
[105.321785] (-) TimerEvent: {}
[105.422064] (-) TimerEvent: {}
[105.522316] (-) TimerEvent: {}
[105.622709] (-) TimerEvent: {}
[105.722953] (-) TimerEvent: {}
[105.823363] (-) TimerEvent: {}
[105.924212] (-) TimerEvent: {}
[106.024439] (-) TimerEvent: {}
[106.124705] (-) TimerEvent: {}
[106.225011] (-) TimerEvent: {}
[106.325263] (-) TimerEvent: {}
[106.425498] (-) TimerEvent: {}
[106.525769] (-) TimerEvent: {}
[106.625987] (-) TimerEvent: {}
[106.726227] (-) TimerEvent: {}
[106.826488] (-) TimerEvent: {}
[106.926752] (-) TimerEvent: {}
[107.027083] (-) TimerEvent: {}
[107.127395] (-) TimerEvent: {}
[107.227671] (-) TimerEvent: {}
[107.327881] (-) TimerEvent: {}
[107.428115] (-) TimerEvent: {}
[107.528341] (-) TimerEvent: {}
[107.628594] (-) TimerEvent: {}
[107.728877] (-) TimerEvent: {}
[107.829098] (-) TimerEvent: {}
[107.929374] (-) TimerEvent: {}
[108.029666] (-) TimerEvent: {}
[108.129952] (-) TimerEvent: {}
[108.230292] (-) TimerEvent: {}
[108.330491] (-) TimerEvent: {}
[108.430723] (-) TimerEvent: {}
[108.530967] (-) TimerEvent: {}
[108.610337] (mission_layer_mvibot) StdoutLine: {'line': b'[100%] \x1b[32m\x1b[1mLinking CXX executable mvibot_mission\x1b[0m\n'}
[108.631081] (-) TimerEvent: {}
[108.731329] (-) TimerEvent: {}
[108.831649] (-) TimerEvent: {}
[108.931873] (-) TimerEvent: {}
[109.032113] (-) TimerEvent: {}
[109.132357] (-) TimerEvent: {}
[109.232680] (-) TimerEvent: {}
[109.332989] (-) TimerEvent: {}
[109.395599] (mission_layer_mvibot) StdoutLine: {'line': b'[100%] Built target mvibot_mission\n'}
[109.412786] (mission_layer_mvibot) CommandEnded: {'returncode': 0}
[109.414010] (mission_layer_mvibot) JobProgress: {'identifier': 'mission_layer_mvibot', 'progress': 'install'}
[109.427616] (mission_layer_mvibot) Command: {'cmd': ['/usr/bin/cmake', '--install', '/home/mvibot/floorCleaningRobot_ws/build/mission_layer_mvibot'], 'cwd': '/home/mvibot/floorCleaningRobot_ws/build/mission_layer_mvibot', 'env': OrderedDict({'LESSOPEN': '| /usr/bin/lesspipe %s', 'USER': 'mvibot', 'SSH_CLIENT': '10.0.60.48 40340 22', 'GZ_CONFIG_PATH': '/opt/ros/jazzy/opt/gz_sim_vendor/share/gz:/opt/ros/jazzy/opt/sdformat_vendor/share/gz:/opt/ros/jazzy/opt/gz_gui_vendor/share/gz:/opt/ros/jazzy/opt/gz_transport_vendor/share/gz:/opt/ros/jazzy/opt/gz_rendering_vendor/share/gz:/opt/ros/jazzy/opt/gz_plugin_vendor/share/gz:/opt/ros/jazzy/opt/gz_fuel_tools_vendor/share/gz:/opt/ros/jazzy/opt/gz_msgs_vendor/share/gz:/opt/ros/jazzy/opt/gz_common_vendor/share/gz', 'XDG_SESSION_TYPE': 'tty', 'SHLVL': '1', 'LD_LIBRARY_PATH': '/home/mvibot/floorCleaningRobot_ws/install/opennav_coverage_msgs/lib:/home/mvibot/floorCleaningRobot_ws/install/tf2_web_republisher/lib:/home/mvibot/floorCleaningRobot_ws/install/tf2_web_republisher_interfaces/lib:/home/mvibot/floorCleaningRobot_ws/install/realsense2_camera/lib:/home/mvibot/floorCleaningRobot_ws/install/realsense2_camera_msgs/lib:/home/mvibot/floorCleaningRobot_ws/install/pointcloud_to_laserscan/lib:/home/mvibot/floorCleaningRobot_ws/install/opennav_row_coverage/lib:/home/mvibot/floorCleaningRobot_ws/install/opennav_coverage_navigator/lib:/home/mvibot/floorCleaningRobot_ws/install/opennav_coverage_bt/lib:/home/mvibot/floorCleaningRobot_ws/install/opennav_coverage/lib:/home/mvibot/floorCleaningRobot_ws/install/fields2cover/lib:/opt/ros/jazzy/opt/gz_sim_vendor/lib:/opt/ros/jazzy/opt/gz_sensors_vendor/lib:/opt/ros/jazzy/opt/gz_physics_vendor/lib:/opt/ros/jazzy/opt/sdformat_vendor/lib:/opt/ros/jazzy/opt/rviz_ogre_vendor/lib:/opt/ros/jazzy/lib/x86_64-linux-gnu:/opt/ros/jazzy/opt/gz_gui_vendor/lib:/opt/ros/jazzy/opt/gz_transport_vendor/lib:/opt/ros/jazzy/opt/gz_rendering_vendor/lib:/opt/ros/jazzy/opt/gz_plugin_vendor/lib:/opt/ros/jazzy/opt/gz_fuel_tools_vendor/lib:/opt/ros/jazzy/opt/gz_msgs_vendor/lib:/opt/ros/jazzy/opt/gz_common_vendor/lib:/opt/ros/jazzy/opt/gz_math_vendor/lib:/opt/ros/jazzy/opt/gz_utils_vendor/lib:/opt/ros/jazzy/opt/gz_tools_vendor/lib:/opt/ros/jazzy/opt/gz_ogre_next_vendor/lib:/opt/ros/jazzy/opt/gz_dartsim_vendor/lib:/opt/ros/jazzy/opt/gz_cmake_vendor/lib:/opt/ros/jazzy/lib', 'HOME': '/home/mvibot', 'OLDPWD': '/home/mvibot', 'NVM_BIN': '/home/mvibot/.nvm/versions/node/v24.12.0/bin', 'SSH_TTY': '/dev/pts/2', 'NVM_INC': '/home/mvibot/.nvm/versions/node/v24.12.0/include/node', 'ROS_PYTHON_VERSION': '3', 'DBUS_SESSION_BUS_ADDRESS': 'unix:path=/run/user/1000/bus', 'NVM_DIR': '/home/mvibot/.nvm', 'DEBUGINFOD_URLS': 'https://debuginfod.ubuntu.com', 'COLCON_PREFIX_PATH': '/home/mvibot/floorCleaningRobot_ws/install', 'ROS_DISTRO': 'jazzy', 'LOGNAME': 'mvibot', '_': '/usr/bin/colcon', 'ROS_VERSION': '2', 'PKG_CONFIG_PATH': '/home/mvibot/floorCleaningRobot_ws/install/fields2cover/lib/x86_64-linux-gnu/pkgconfig:/home/mvibot/floorCleaningRobot_ws/install/fields2cover/lib/pkgconfig', 'XDG_SESSION_CLASS': 'user', 'TERM': 'xterm-256color', 'XDG_SESSION_ID': '10', 'PATH': '/home/mvibot/.nvm/versions/node/v24.12.0/bin:/opt/ros/jazzy/opt/gz_msgs_vendor/bin:/opt/ros/jazzy/opt/gz_tools_vendor/bin:/opt/ros/jazzy/opt/gz_ogre_next_vendor/bin:/opt/ros/jazzy/bin:/usr/local/sbin:/usr/local/bin:/usr/sbin:/usr/bin:/sbin:/bin:/usr/games:/usr/local/games:/snap/bin', 'XDG_RUNTIME_DIR': '/run/user/1000', 'LANG': 'en_US.UTF-8', 'RMW_IMPLEMENTATION': 'rmw_fastrtps_cpp', 'LS_COLORS': 'rs=0:di=01;34:ln=01;36:mh=00:pi=40;33:so=01;35:do=01;35:bd=40;33;01:cd=40;33;01:or=40;31;01:mi=00:su=37;41:sg=30;43:ca=00:tw=30;42:ow=34;42:st=37;44:ex=01;32:*.tar=01;31:*.tgz=01;31:*.arc=01;31:*.arj=01;31:*.taz=01;31:*.lha=01;31:*.lz4=01;31:*.lzh=01;31:*.lzma=01;31:*.tlz=01;31:*.txz=01;31:*.tzo=01;31:*.t7z=01;31:*.zip=01;31:*.z=01;31:*.dz=01;31:*.gz=01;31:*.lrz=01;31:*.lz=01;31:*.lzo=01;31:*.xz=01;31:*.zst=01;31:*.tzst=01;31:*.bz2=01;31:*.bz=01;31:*.tbz=01;31:*.tbz2=01;31:*.tz=01;31:*.deb=01;31:*.rpm=01;31:*.jar=01;31:*.war=01;31:*.ear=01;31:*.sar=01;31:*.rar=01;31:*.alz=01;31:*.ace=01;31:*.zoo=01;31:*.cpio=01;31:*.7z=01;31:*.rz=01;31:*.cab=01;31:*.wim=01;31:*.swm=01;31:*.dwm=01;31:*.esd=01;31:*.avif=01;35:*.jpg=01;35:*.jpeg=01;35:*.mjpg=01;35:*.mjpeg=01;35:*.gif=01;35:*.bmp=01;35:*.pbm=01;35:*.pgm=01;35:*.ppm=01;35:*.tga=01;35:*.xbm=01;35:*.xpm=01;35:*.tif=01;35:*.tiff=01;35:*.png=01;35:*.svg=01;35:*.svgz=01;35:*.mng=01;35:*.pcx=01;35:*.mov=01;35:*.mpg=01;35:*.mpeg=01;35:*.m2v=01;35:*.mkv=01;35:*.webm=01;35:*.webp=01;35:*.ogm=01;35:*.mp4=01;35:*.m4v=01;35:*.mp4v=01;35:*.vob=01;35:*.qt=01;35:*.nuv=01;35:*.wmv=01;35:*.asf=01;35:*.rm=01;35:*.rmvb=01;35:*.flc=01;35:*.avi=01;35:*.fli=01;35:*.flv=01;35:*.gl=01;35:*.dl=01;35:*.xcf=01;35:*.xwd=01;35:*.yuv=01;35:*.cgm=01;35:*.emf=01;35:*.ogv=01;35:*.ogx=01;35:*.aac=00;36:*.au=00;36:*.flac=00;36:*.m4a=00;36:*.mid=00;36:*.midi=00;36:*.mka=00;36:*.mp3=00;36:*.mpc=00;36:*.ogg=00;36:*.ra=00;36:*.wav=00;36:*.oga=00;36:*.opus=00;36:*.spx=00;36:*.xspf=00;36:*~=00;90:*#=00;90:*.bak=00;90:*.crdownload=00;90:*.dpkg-dist=00;90:*.dpkg-new=00;90:*.dpkg-old=00;90:*.dpkg-tmp=00;90:*.old=00;90:*.orig=00;90:*.part=00;90:*.rej=00;90:*.rpmnew=00;90:*.rpmorig=00;90:*.rpmsave=00;90:*.swp=00;90:*.tmp=00;90:*.ucf-dist=00;90:*.ucf-new=00;90:*.ucf-old=00;90:', 'ROS_DOMAIN_ID': '10', 'AMENT_PREFIX_PATH': '/home/mvibot/floorCleaningRobot_ws/install/tf2_web_republisher:/home/mvibot/floorCleaningRobot_ws/install/tf2_web_republisher_interfaces:/home/mvibot/floorCleaningRobot_ws/install/sllidar_ros2:/home/mvibot/floorCleaningRobot_ws/install/realsense2_description:/home/mvibot/floorCleaningRobot_ws/install/realsense2_camera:/home/mvibot/floorCleaningRobot_ws/install/realsense2_camera_msgs:/home/mvibot/floorCleaningRobot_ws/install/pointcloud_to_laserscan:/home/mvibot/floorCleaningRobot_ws/install/opennav_coverage_demo:/home/mvibot/floorCleaningRobot_ws/install/opennav_row_coverage:/home/mvibot/floorCleaningRobot_ws/install/opennav_coverage_navigator:/home/mvibot/floorCleaningRobot_ws/install/opennav_coverage_bt:/home/mvibot/floorCleaningRobot_ws/install/opennav_coverage:/home/mvibot/floorCleaningRobot_ws/install/mission_layer_mvibot:/home/mvibot/floorCleaningRobot_ws/install/opennav_coverage_msgs:/home/mvibot/floorCleaningRobot_ws/install/lower_layer_mvibot:/home/mvibot/floorCleaningRobot_ws/install/ira_laser_tools:/home/mvibot/floorCleaningRobot_ws/install/higher_layer_mvibot:/opt/ros/jazzy', 'SHELL': '/bin/bash', 'LESSCLOSE': '/usr/bin/lesspipe %s %s', 'ROS_AUTOMATIC_DISCOVERY_RANGE': 'SUBNET', 'PWD': '/home/mvibot/floorCleaningRobot_ws/build/mission_layer_mvibot', 'LC_ALL': 'en_US.UTF-8', 'SSH_CONNECTION': '10.0.60.48 40340 10.0.70.69 22', 'NVM_CD_FLAGS': '', 'XDG_DATA_DIRS': '/usr/share/gnome:/usr/local/share:/usr/share:/var/lib/snapd/desktop', 'PYTHONPATH': '/home/mvibot/floorCleaningRobot_ws/install/opennav_coverage_msgs/lib/python3.12/site-packages:/home/mvibot/floorCleaningRobot_ws/install/tf2_web_republisher_interfaces/lib/python3.12/site-packages:/home/mvibot/floorCleaningRobot_ws/install/realsense2_camera_msgs/lib/python3.12/site-packages:/home/mvibot/floorCleaningRobot_ws/build/opennav_coverage_demo:/home/mvibot/floorCleaningRobot_ws/install/opennav_coverage_demo/lib/python3.12/site-packages:/opt/ros/jazzy/lib/python3.12/site-packages', 'COLCON': '1', 'CMAKE_PREFIX_PATH': '/home/mvibot/floorCleaningRobot_ws/install/opennav_coverage_msgs:/home/mvibot/floorCleaningRobot_ws/install/tf2_web_republisher:/home/mvibot/floorCleaningRobot_ws/install/tf2_web_republisher_interfaces:/home/mvibot/floorCleaningRobot_ws/install/sllidar_ros2:/home/mvibot/floorCleaningRobot_ws/install/realsense2_description:/home/mvibot/floorCleaningRobot_ws/install/realsense2_camera:/home/mvibot/floorCleaningRobot_ws/install/realsense2_camera_msgs:/home/mvibot/floorCleaningRobot_ws/install/pointcloud_to_laserscan:/home/mvibot/floorCleaningRobot_ws/install/opennav_row_coverage:/home/mvibot/floorCleaningRobot_ws/install/opennav_coverage_navigator:/home/mvibot/floorCleaningRobot_ws/install/opennav_coverage_bt:/home/mvibot/floorCleaningRobot_ws/install/opennav_coverage:/home/mvibot/floorCleaningRobot_ws/install/mission_layer_mvibot:/home/mvibot/floorCleaningRobot_ws/install/lower_layer_mvibot:/home/mvibot/floorCleaningRobot_ws/install/ira_laser_tools:/home/mvibot/floorCleaningRobot_ws/install/higher_layer_mvibot:/home/mvibot/floorCleaningRobot_ws/install/fields2cover:/opt/ros/jazzy/opt/gz_sim_vendor:/opt/ros/jazzy/opt/gz_sensors_vendor:/opt/ros/jazzy/opt/gz_physics_vendor:/opt/ros/jazzy/opt/sdformat_vendor:/opt/ros/jazzy/opt/gz_gui_vendor:/opt/ros/jazzy/opt/gz_transport_vendor:/opt/ros/jazzy/opt/gz_rendering_vendor:/opt/ros/jazzy/opt/gz_plugin_vendor:/opt/ros/jazzy/opt/gz_fuel_tools_vendor:/opt/ros/jazzy/opt/gz_msgs_vendor:/opt/ros/jazzy/opt/gz_common_vendor:/opt/ros/jazzy/opt/gz_math_vendor:/opt/ros/jazzy/opt/gz_utils_vendor:/opt/ros/jazzy/opt/gz_tools_vendor:/opt/ros/jazzy/opt/gz_ogre_next_vendor:/opt/ros/jazzy/opt/gz_dartsim_vendor:/opt/ros/jazzy/opt/gz_cmake_vendor:/home/mvibot/floorCleaningRobot_ws/install/opennav_coverage_demo:/opt/ros/jazzy'}), 'shell': False}
[109.433084] (-) TimerEvent: {}
[109.440469] (mission_layer_mvibot) StdoutLine: {'line': b'-- Install configuration: "Release"\n'}
[109.441108] (mission_layer_mvibot) StdoutLine: {'line': b'-- Execute custom install script\n'}
[109.441827] (mission_layer_mvibot) StdoutLine: {'line': b'-- Up-to-date symlink: /home/mvibot/floorCleaningRobot_ws/install/mission_layer_mvibot/share/mission_layer_mvibot//launch/mvibot_amcl_launch.py\n'}
[109.441974] (mission_layer_mvibot) StdoutLine: {'line': b'-- Up-to-date symlink: /home/mvibot/floorCleaningRobot_ws/install/mission_layer_mvibot/share/mission_layer_mvibot//launch/mvibot_behavior_launch.py\n'}
[109.442109] (mission_layer_mvibot) StdoutLine: {'line': b'-- Up-to-date symlink: /home/mvibot/floorCleaningRobot_ws/install/mission_layer_mvibot/share/mission_layer_mvibot//launch/mvibot_bt_navigator_launch.py\n'}
[109.442239] (mission_layer_mvibot) StdoutLine: {'line': b'-- Up-to-date symlink: /home/mvibot/floorCleaningRobot_ws/install/mission_layer_mvibot/share/mission_layer_mvibot//launch/mvibot_collision_monitor_launch.py\n'}
[109.442343] (mission_layer_mvibot) StdoutLine: {'line': b'-- Up-to-date symlink: /home/mvibot/floorCleaningRobot_ws/install/mission_layer_mvibot/share/mission_layer_mvibot//launch/mvibot_controller_launch.py\n'}
[109.442483] (mission_layer_mvibot) StdoutLine: {'line': b'-- Up-to-date symlink: /home/mvibot/floorCleaningRobot_ws/install/mission_layer_mvibot/share/mission_layer_mvibot//launch/mvibot_lifecycle_manager_navigation_launch.py\n'}
[109.442635] (mission_layer_mvibot) StdoutLine: {'line': b'-- Up-to-date symlink: /home/mvibot/floorCleaningRobot_ws/install/mission_layer_mvibot/share/mission_layer_mvibot//launch/mvibot_manage_mission_launch.py\n'}
[109.442764] (mission_layer_mvibot) StdoutLine: {'line': b'-- Up-to-date symlink: /home/mvibot/floorCleaningRobot_ws/install/mission_layer_mvibot/share/mission_layer_mvibot//launch/mvibot_mission_launch.py\n'}
[109.442888] (mission_layer_mvibot) StdoutLine: {'line': b'-- Up-to-date symlink: /home/mvibot/floorCleaningRobot_ws/install/mission_layer_mvibot/share/mission_layer_mvibot//launch/mvibot_navigation_launch.py\n'}
[109.442978] (mission_layer_mvibot) StdoutLine: {'line': b'-- Up-to-date symlink: /home/mvibot/floorCleaningRobot_ws/install/mission_layer_mvibot/share/mission_layer_mvibot//launch/mvibot_opennav_coverage_launch.py\n'}
[109.443142] (mission_layer_mvibot) StdoutLine: {'line': b'-- Up-to-date symlink: /home/mvibot/floorCleaningRobot_ws/install/mission_layer_mvibot/share/mission_layer_mvibot//launch/mvibot_planner_launch.py\n'}
[109.443251] (mission_layer_mvibot) StdoutLine: {'line': b'-- Up-to-date symlink: /home/mvibot/floorCleaningRobot_ws/install/mission_layer_mvibot/share/mission_layer_mvibot//launch/mvibot_smoother_launch.py\n'}
[109.443432] (mission_layer_mvibot) StdoutLine: {'line': b'-- Up-to-date symlink: /home/mvibot/floorCleaningRobot_ws/install/mission_layer_mvibot/share/mission_layer_mvibot//launch/mvibot_velocity_smoother_launch.py\n'}
[109.443596] (mission_layer_mvibot) StdoutLine: {'line': b'-- Up-to-date symlink: /home/mvibot/floorCleaningRobot_ws/install/mission_layer_mvibot/share/mission_layer_mvibot//launch/mvibot_waypoint_follower_launch.py\n'}
[109.444011] (mission_layer_mvibot) StdoutLine: {'line': b'-- Up-to-date symlink: /home/mvibot/floorCleaningRobot_ws/install/mission_layer_mvibot/lib/mission_layer_mvibot/mvibot_mission\n'}
[109.444290] (mission_layer_mvibot) StdoutLine: {'line': b'-- Up-to-date symlink: /home/mvibot/floorCleaningRobot_ws/install/mission_layer_mvibot/share/ament_index/resource_index/package_run_dependencies/mission_layer_mvibot\n'}
[109.444564] (mission_layer_mvibot) StdoutLine: {'line': b'-- Up-to-date symlink: /home/mvibot/floorCleaningRobot_ws/install/mission_layer_mvibot/share/ament_index/resource_index/parent_prefix_path/mission_layer_mvibot\n'}
[109.445032] (mission_layer_mvibot) StdoutLine: {'line': b'-- Up-to-date symlink: /home/mvibot/floorCleaningRobot_ws/install/mission_layer_mvibot/share/mission_layer_mvibot/environment/ament_prefix_path.sh\n'}
[109.445266] (mission_layer_mvibot) StdoutLine: {'line': b'-- Up-to-date symlink: /home/mvibot/floorCleaningRobot_ws/install/mission_layer_mvibot/share/mission_layer_mvibot/environment/ament_prefix_path.dsv\n'}
[109.445533] (mission_layer_mvibot) StdoutLine: {'line': b'-- Up-to-date symlink: /home/mvibot/floorCleaningRobot_ws/install/mission_layer_mvibot/share/mission_layer_mvibot/environment/path.sh\n'}
[109.445974] (mission_layer_mvibot) StdoutLine: {'line': b'-- Up-to-date symlink: /home/mvibot/floorCleaningRobot_ws/install/mission_layer_mvibot/share/mission_layer_mvibot/environment/path.dsv\n'}
[109.446313] (mission_layer_mvibot) StdoutLine: {'line': b'-- Up-to-date symlink: /home/mvibot/floorCleaningRobot_ws/install/mission_layer_mvibot/share/mission_layer_mvibot/local_setup.bash\n'}
[109.446634] (mission_layer_mvibot) StdoutLine: {'line': b'-- Up-to-date symlink: /home/mvibot/floorCleaningRobot_ws/install/mission_layer_mvibot/share/mission_layer_mvibot/local_setup.sh\n'}
[109.446910] (mission_layer_mvibot) StdoutLine: {'line': b'-- Up-to-date symlink: /home/mvibot/floorCleaningRobot_ws/install/mission_layer_mvibot/share/mission_layer_mvibot/local_setup.zsh\n'}
[109.447139] (mission_layer_mvibot) StdoutLine: {'line': b'-- Up-to-date symlink: /home/mvibot/floorCleaningRobot_ws/install/mission_layer_mvibot/share/mission_layer_mvibot/local_setup.dsv\n'}
[109.447472] (mission_layer_mvibot) StdoutLine: {'line': b'-- Symlinking: /home/mvibot/floorCleaningRobot_ws/install/mission_layer_mvibot/share/mission_layer_mvibot/package.dsv\n'}
[109.461427] (mission_layer_mvibot) StdoutLine: {'line': b'-- Up-to-date symlink: /home/mvibot/floorCleaningRobot_ws/install/mission_layer_mvibot/share/ament_index/resource_index/packages/mission_layer_mvibot\n'}
[109.461822] (mission_layer_mvibot) StdoutLine: {'line': b'-- Up-to-date symlink: /home/mvibot/floorCleaningRobot_ws/install/mission_layer_mvibot/share/mission_layer_mvibot/cmake/mission_layer_mvibotConfig.cmake\n'}
[109.462175] (mission_layer_mvibot) StdoutLine: {'line': b'-- Up-to-date symlink: /home/mvibot/floorCleaningRobot_ws/install/mission_layer_mvibot/share/mission_layer_mvibot/cmake/mission_layer_mvibotConfig-version.cmake\n'}
[109.462530] (mission_layer_mvibot) StdoutLine: {'line': b'-- Up-to-date symlink: /home/mvibot/floorCleaningRobot_ws/install/mission_layer_mvibot/share/mission_layer_mvibot/package.xml\n'}
[109.465599] (mission_layer_mvibot) CommandEnded: {'returncode': 0}
[109.489103] (mission_layer_mvibot) JobEnded: {'identifier': 'mission_layer_mvibot', 'rc': 0}
[109.490992] (-) EventReactorShutdown: {}
