[0.000000] (-) TimerEvent: {}
[0.000290] (-) JobUnselected: {'identifier': 'fields2cover'}
[0.000330] (-) JobUnselected: {'identifier': 'higher_layer_mvibot'}
[0.000350] (-) JobUnselected: {'identifier': 'ira_laser_tools'}
[0.000365] (-) JobUnselected: {'identifier': 'lower_layer_mvibot'}
[0.000378] (-) JobUnselected: {'identifier': 'opennav_coverage'}
[0.000391] (-) JobUnselected: {'identifier': 'opennav_coverage_bt'}
[0.000409] (-) JobUnselected: {'identifier': 'opennav_coverage_demo'}
[0.000421] (-) JobUnselected: {'identifier': 'opennav_coverage_msgs'}
[0.000432] (-) JobUnselected: {'identifier': 'opennav_coverage_navigator'}
[0.000444] (-) JobUnselected: {'identifier': 'opennav_row_coverage'}
[0.000455] (-) JobUnselected: {'identifier': 'pointcloud_to_laserscan'}
[0.000466] (-) JobUnselected: {'identifier': 'realsense2_camera'}
[0.000478] (-) JobUnselected: {'identifier': 'realsense2_camera_msgs'}
[0.000489] (-) JobUnselected: {'identifier': 'realsense2_description'}
[0.000500] (-) JobUnselected: {'identifier': 'sllidar_ros2'}
[0.000512] (-) JobUnselected: {'identifier': 'tf2_web_republisher'}
[0.000523] (-) JobUnselected: {'identifier': 'tf2_web_republisher_interfaces'}
[0.000537] (mission_layer_mvibot) JobQueued: {'identifier': 'mission_layer_mvibot', 'dependencies': OrderedDict({'opennav_coverage_msgs': '/home/mvibot/floorCleaningRobot_ws/install/opennav_coverage_msgs'})}
[0.000798] (mission_layer_mvibot) JobStarted: {'identifier': 'mission_layer_mvibot'}
[0.028098] (mission_layer_mvibot) JobProgress: {'identifier': 'mission_layer_mvibot', 'progress': 'cmake'}
[0.029736] (mission_layer_mvibot) JobProgress: {'identifier': 'mission_layer_mvibot', 'progress': 'build'}
[0.030463] (mission_layer_mvibot) Command: {'cmd': ['/usr/bin/cmake', '--build', '/home/mvibot/floorCleaningRobot_ws/build/mission_layer_mvibot', '--', '-j8', '-l8'], 'cwd': '/home/mvibot/floorCleaningRobot_ws/build/mission_layer_mvibot', 'env': OrderedDict({'LESSOPEN': '| /usr/bin/lesspipe %s', 'USER': 'mvibot', 'SSH_CLIENT': '10.0.60.48 52464 22', 'GZ_CONFIG_PATH': '/opt/ros/jazzy/opt/gz_sim_vendor/share/gz:/opt/ros/jazzy/opt/sdformat_vendor/share/gz:/opt/ros/jazzy/opt/gz_gui_vendor/share/gz:/opt/ros/jazzy/opt/gz_transport_vendor/share/gz:/opt/ros/jazzy/opt/gz_rendering_vendor/share/gz:/opt/ros/jazzy/opt/gz_plugin_vendor/share/gz:/opt/ros/jazzy/opt/gz_fuel_tools_vendor/share/gz:/opt/ros/jazzy/opt/gz_msgs_vendor/share/gz:/opt/ros/jazzy/opt/gz_common_vendor/share/gz', 'XDG_SESSION_TYPE': 'tty', 'SHLVL': '1', 'LD_LIBRARY_PATH': '/home/mvibot/floorCleaningRobot_ws/install/opennav_coverage_msgs/lib:/home/mvibot/floorCleaningRobot_ws/install/tf2_web_republisher/lib:/home/mvibot/floorCleaningRobot_ws/install/tf2_web_republisher_interfaces/lib:/home/mvibot/floorCleaningRobot_ws/install/realsense2_camera/lib:/home/mvibot/floorCleaningRobot_ws/install/realsense2_camera_msgs/lib:/home/mvibot/floorCleaningRobot_ws/install/pointcloud_to_laserscan/lib:/home/mvibot/floorCleaningRobot_ws/install/opennav_row_coverage/lib:/home/mvibot/floorCleaningRobot_ws/install/opennav_coverage_navigator/lib:/home/mvibot/floorCleaningRobot_ws/install/opennav_coverage_bt/lib:/home/mvibot/floorCleaningRobot_ws/install/opennav_coverage/lib:/home/mvibot/floorCleaningRobot_ws/install/fields2cover/lib:/opt/ros/jazzy/opt/gz_sim_vendor/lib:/opt/ros/jazzy/opt/gz_sensors_vendor/lib:/opt/ros/jazzy/opt/gz_physics_vendor/lib:/opt/ros/jazzy/opt/sdformat_vendor/lib:/opt/ros/jazzy/opt/rviz_ogre_vendor/lib:/opt/ros/jazzy/lib/x86_64-linux-gnu:/opt/ros/jazzy/opt/gz_gui_vendor/lib:/opt/ros/jazzy/opt/gz_transport_vendor/lib:/opt/ros/jazzy/opt/gz_rendering_vendor/lib:/opt/ros/jazzy/opt/gz_plugin_vendor/lib:/opt/ros/jazzy/opt/gz_fuel_tools_vendor/lib:/opt/ros/jazzy/opt/gz_msgs_vendor/lib:/opt/ros/jazzy/opt/gz_common_vendor/lib:/opt/ros/jazzy/opt/gz_math_vendor/lib:/opt/ros/jazzy/opt/gz_utils_vendor/lib:/opt/ros/jazzy/opt/gz_tools_vendor/lib:/opt/ros/jazzy/opt/gz_ogre_next_vendor/lib:/opt/ros/jazzy/opt/gz_dartsim_vendor/lib:/opt/ros/jazzy/opt/gz_cmake_vendor/lib:/opt/ros/jazzy/lib', 'HOME': '/home/mvibot', 'OLDPWD': '/home/mvibot', 'NVM_BIN': '/home/mvibot/.nvm/versions/node/v24.12.0/bin', 'SSH_TTY': '/dev/pts/2', 'NVM_INC': '/home/mvibot/.nvm/versions/node/v24.12.0/include/node', 'ROS_PYTHON_VERSION': '3', 'DBUS_SESSION_BUS_ADDRESS': 'unix:path=/run/user/1000/bus', 'NVM_DIR': '/home/mvibot/.nvm', 'DEBUGINFOD_URLS': 'https://debuginfod.ubuntu.com', 'COLCON_PREFIX_PATH': '/home/mvibot/floorCleaningRobot_ws/install', 'ROS_DISTRO': 'jazzy', 'LOGNAME': 'mvibot', '_': '/usr/bin/colcon', 'ROS_VERSION': '2', 'PKG_CONFIG_PATH': '/home/mvibot/floorCleaningRobot_ws/install/fields2cover/lib/x86_64-linux-gnu/pkgconfig:/home/mvibot/floorCleaningRobot_ws/install/fields2cover/lib/pkgconfig', 'XDG_SESSION_CLASS': 'user', 'TERM': 'xterm-256color', 'XDG_SESSION_ID': '12', 'PATH': '/home/mvibot/.nvm/versions/node/v24.12.0/bin:/opt/ros/jazzy/opt/gz_msgs_vendor/bin:/opt/ros/jazzy/opt/gz_tools_vendor/bin:/opt/ros/jazzy/opt/gz_ogre_next_vendor/bin:/opt/ros/jazzy/bin:/usr/local/sbin:/usr/local/bin:/usr/sbin:/usr/bin:/sbin:/bin:/usr/games:/usr/local/games:/snap/bin', 'XDG_RUNTIME_DIR': '/run/user/1000', 'LANG': 'en_US.UTF-8', 'RMW_IMPLEMENTATION': 'rmw_fastrtps_cpp', 'LS_COLORS': 'rs=0:di=01;34:ln=01;36:mh=00:pi=40;33:so=01;35:do=01;35:bd=40;33;01:cd=40;33;01:or=40;31;01:mi=00:su=37;41:sg=30;43:ca=00:tw=30;42:ow=34;42:st=37;44:ex=01;32:*.tar=01;31:*.tgz=01;31:*.arc=01;31:*.arj=01;31:*.taz=01;31:*.lha=01;31:*.lz4=01;31:*.lzh=01;31:*.lzma=01;31:*.tlz=01;31:*.txz=01;31:*.tzo=01;31:*.t7z=01;31:*.zip=01;31:*.z=01;31:*.dz=01;31:*.gz=01;31:*.lrz=01;31:*.lz=01;31:*.lzo=01;31:*.xz=01;31:*.zst=01;31:*.tzst=01;31:*.bz2=01;31:*.bz=01;31:*.tbz=01;31:*.tbz2=01;31:*.tz=01;31:*.deb=01;31:*.rpm=01;31:*.jar=01;31:*.war=01;31:*.ear=01;31:*.sar=01;31:*.rar=01;31:*.alz=01;31:*.ace=01;31:*.zoo=01;31:*.cpio=01;31:*.7z=01;31:*.rz=01;31:*.cab=01;31:*.wim=01;31:*.swm=01;31:*.dwm=01;31:*.esd=01;31:*.avif=01;35:*.jpg=01;35:*.jpeg=01;35:*.mjpg=01;35:*.mjpeg=01;35:*.gif=01;35:*.bmp=01;35:*.pbm=01;35:*.pgm=01;35:*.ppm=01;35:*.tga=01;35:*.xbm=01;35:*.xpm=01;35:*.tif=01;35:*.tiff=01;35:*.png=01;35:*.svg=01;35:*.svgz=01;35:*.mng=01;35:*.pcx=01;35:*.mov=01;35:*.mpg=01;35:*.mpeg=01;35:*.m2v=01;35:*.mkv=01;35:*.webm=01;35:*.webp=01;35:*.ogm=01;35:*.mp4=01;35:*.m4v=01;35:*.mp4v=01;35:*.vob=01;35:*.qt=01;35:*.nuv=01;35:*.wmv=01;35:*.asf=01;35:*.rm=01;35:*.rmvb=01;35:*.flc=01;35:*.avi=01;35:*.fli=01;35:*.flv=01;35:*.gl=01;35:*.dl=01;35:*.xcf=01;35:*.xwd=01;35:*.yuv=01;35:*.cgm=01;35:*.emf=01;35:*.ogv=01;35:*.ogx=01;35:*.aac=00;36:*.au=00;36:*.flac=00;36:*.m4a=00;36:*.mid=00;36:*.midi=00;36:*.mka=00;36:*.mp3=00;36:*.mpc=00;36:*.ogg=00;36:*.ra=00;36:*.wav=00;36:*.oga=00;36:*.opus=00;36:*.spx=00;36:*.xspf=00;36:*~=00;90:*#=00;90:*.bak=00;90:*.crdownload=00;90:*.dpkg-dist=00;90:*.dpkg-new=00;90:*.dpkg-old=00;90:*.dpkg-tmp=00;90:*.old=00;90:*.orig=00;90:*.part=00;90:*.rej=00;90:*.rpmnew=00;90:*.rpmorig=00;90:*.rpmsave=00;90:*.swp=00;90:*.tmp=00;90:*.ucf-dist=00;90:*.ucf-new=00;90:*.ucf-old=00;90:', 'ROS_DOMAIN_ID': '10', 'AMENT_PREFIX_PATH': '/home/mvibot/floorCleaningRobot_ws/install/tf2_web_republisher:/home/mvibot/floorCleaningRobot_ws/install/tf2_web_republisher_interfaces:/home/mvibot/floorCleaningRobot_ws/install/sllidar_ros2:/home/mvibot/floorCleaningRobot_ws/install/realsense2_description:/home/mvibot/floorCleaningRobot_ws/install/realsense2_camera:/home/mvibot/floorCleaningRobot_ws/install/realsense2_camera_msgs:/home/mvibot/floorCleaningRobot_ws/install/pointcloud_to_laserscan:/home/mvibot/floorCleaningRobot_ws/install/opennav_coverage_demo:/home/mvibot/floorCleaningRobot_ws/install/opennav_row_coverage:/home/mvibot/floorCleaningRobot_ws/install/opennav_coverage_navigator:/home/mvibot/floorCleaningRobot_ws/install/opennav_coverage_bt:/home/mvibot/floorCleaningRobot_ws/install/opennav_coverage:/home/mvibot/floorCleaningRobot_ws/install/mission_layer_mvibot:/home/mvibot/floorCleaningRobot_ws/install/opennav_coverage_msgs:/home/mvibot/floorCleaningRobot_ws/install/lower_layer_mvibot:/home/mvibot/floorCleaningRobot_ws/install/ira_laser_tools:/home/mvibot/floorCleaningRobot_ws/install/higher_layer_mvibot:/opt/ros/jazzy', 'SHELL': '/bin/bash', 'LESSCLOSE': '/usr/bin/lesspipe %s %s', 'ROS_AUTOMATIC_DISCOVERY_RANGE': 'SUBNET', 'PWD': '/home/mvibot/floorCleaningRobot_ws/build/mission_layer_mvibot', 'LC_ALL': 'en_US.UTF-8', 'SSH_CONNECTION': '10.0.60.48 52464 10.0.70.69 22', 'NVM_CD_FLAGS': '', 'XDG_DATA_DIRS': '/usr/share/gnome:/usr/local/share:/usr/share:/var/lib/snapd/desktop', 'PYTHONPATH': '/home/mvibot/floorCleaningRobot_ws/install/opennav_coverage_msgs/lib/python3.12/site-packages:/home/mvibot/floorCleaningRobot_ws/install/tf2_web_republisher_interfaces/lib/python3.12/site-packages:/home/mvibot/floorCleaningRobot_ws/install/realsense2_camera_msgs/lib/python3.12/site-packages:/home/mvibot/floorCleaningRobot_ws/build/opennav_coverage_demo:/home/mvibot/floorCleaningRobot_ws/install/opennav_coverage_demo/lib/python3.12/site-packages:/opt/ros/jazzy/lib/python3.12/site-packages', 'COLCON': '1', 'CMAKE_PREFIX_PATH': '/home/mvibot/floorCleaningRobot_ws/install/opennav_coverage_msgs:/home/mvibot/floorCleaningRobot_ws/install/tf2_web_republisher:/home/mvibot/floorCleaningRobot_ws/install/tf2_web_republisher_interfaces:/home/mvibot/floorCleaningRobot_ws/install/sllidar_ros2:/home/mvibot/floorCleaningRobot_ws/install/realsense2_description:/home/mvibot/floorCleaningRobot_ws/install/realsense2_camera:/home/mvibot/floorCleaningRobot_ws/install/realsense2_camera_msgs:/home/mvibot/floorCleaningRobot_ws/install/pointcloud_to_laserscan:/home/mvibot/floorCleaningRobot_ws/install/opennav_row_coverage:/home/mvibot/floorCleaningRobot_ws/install/opennav_coverage_navigator:/home/mvibot/floorCleaningRobot_ws/install/opennav_coverage_bt:/home/mvibot/floorCleaningRobot_ws/install/opennav_coverage:/home/mvibot/floorCleaningRobot_ws/install/mission_layer_mvibot:/home/mvibot/floorCleaningRobot_ws/install/lower_layer_mvibot:/home/mvibot/floorCleaningRobot_ws/install/ira_laser_tools:/home/mvibot/floorCleaningRobot_ws/install/higher_layer_mvibot:/home/mvibot/floorCleaningRobot_ws/install/fields2cover:/opt/ros/jazzy/opt/gz_sim_vendor:/opt/ros/jazzy/opt/gz_sensors_vendor:/opt/ros/jazzy/opt/gz_physics_vendor:/opt/ros/jazzy/opt/sdformat_vendor:/opt/ros/jazzy/opt/gz_gui_vendor:/opt/ros/jazzy/opt/gz_transport_vendor:/opt/ros/jazzy/opt/gz_rendering_vendor:/opt/ros/jazzy/opt/gz_plugin_vendor:/opt/ros/jazzy/opt/gz_fuel_tools_vendor:/opt/ros/jazzy/opt/gz_msgs_vendor:/opt/ros/jazzy/opt/gz_common_vendor:/opt/ros/jazzy/opt/gz_math_vendor:/opt/ros/jazzy/opt/gz_utils_vendor:/opt/ros/jazzy/opt/gz_tools_vendor:/opt/ros/jazzy/opt/gz_ogre_next_vendor:/opt/ros/jazzy/opt/gz_dartsim_vendor:/opt/ros/jazzy/opt/gz_cmake_vendor:/home/mvibot/floorCleaningRobot_ws/install/opennav_coverage_demo:/opt/ros/jazzy'}), 'shell': False}
[0.099651] (-) TimerEvent: {}
[0.199873] (-) TimerEvent: {}
[0.300168] (-) TimerEvent: {}
[0.330706] (mission_layer_mvibot) StdoutLine: {'line': b'[ 50%] \x1b[32mBuilding CXX object CMakeFiles/mvibot_mission.dir/src/mvibot_mission.cpp.o\x1b[0m\n'}
[0.400277] (-) TimerEvent: {}
[0.500542] (-) TimerEvent: {}
[0.600813] (-) TimerEvent: {}
[0.701097] (-) TimerEvent: {}
[0.801351] (-) TimerEvent: {}
[0.901638] (-) TimerEvent: {}
[1.001936] (-) TimerEvent: {}
[1.102283] (-) TimerEvent: {}
[1.202561] (-) TimerEvent: {}
[1.302830] (-) TimerEvent: {}
[1.403106] (-) TimerEvent: {}
[1.503372] (-) TimerEvent: {}
[1.603699] (-) TimerEvent: {}
[1.704260] (-) TimerEvent: {}
[1.804547] (-) TimerEvent: {}
[1.904869] (-) TimerEvent: {}
[2.005168] (-) TimerEvent: {}
[2.105427] (-) TimerEvent: {}
[2.205671] (-) TimerEvent: {}
[2.305912] (-) TimerEvent: {}
[2.406143] (-) TimerEvent: {}
[2.506441] (-) TimerEvent: {}
[2.606855] (-) TimerEvent: {}
[2.707356] (-) TimerEvent: {}
[2.807634] (-) TimerEvent: {}
[2.907842] (-) TimerEvent: {}
[3.008110] (-) TimerEvent: {}
[3.108352] (-) TimerEvent: {}
[3.208580] (-) TimerEvent: {}
[3.308829] (-) TimerEvent: {}
[3.409064] (-) TimerEvent: {}
[3.509305] (-) TimerEvent: {}
[3.609570] (-) TimerEvent: {}
[3.709878] (-) TimerEvent: {}
[3.810191] (-) TimerEvent: {}
[3.910439] (-) TimerEvent: {}
[4.010801] (-) TimerEvent: {}
[4.111134] (-) TimerEvent: {}
[4.211408] (-) TimerEvent: {}
[4.311678] (-) TimerEvent: {}
[4.411953] (-) TimerEvent: {}
[4.512228] (-) TimerEvent: {}
[4.612613] (-) TimerEvent: {}
[4.712917] (-) TimerEvent: {}
[4.813217] (-) TimerEvent: {}
[4.913715] (-) TimerEvent: {}
[5.014002] (-) TimerEvent: {}
[5.114537] (-) TimerEvent: {}
[5.214839] (-) TimerEvent: {}
[5.315137] (-) TimerEvent: {}
[5.415395] (-) TimerEvent: {}
[5.515731] (-) TimerEvent: {}
[5.616120] (-) TimerEvent: {}
[5.716678] (-) TimerEvent: {}
[5.817132] (-) TimerEvent: {}
[5.917470] (-) TimerEvent: {}
[6.017894] (-) TimerEvent: {}
[6.118286] (-) TimerEvent: {}
[6.218563] (-) TimerEvent: {}
[6.318798] (-) TimerEvent: {}
[6.419013] (-) TimerEvent: {}
[6.519275] (-) TimerEvent: {}
[6.619595] (-) TimerEvent: {}
[6.720012] (-) TimerEvent: {}
[6.820412] (-) TimerEvent: {}
[6.921410] (-) TimerEvent: {}
[6.975828] (mission_layer_mvibot) StderrLine: {'line': b'In file included from \x1b[01m\x1b[K/home/mvibot/floorCleaningRobot_ws/src/mission_layer_mvibot/src/mvibot_mission.cpp:3\x1b[m\x1b[K:\n'}
[6.976045] (mission_layer_mvibot) StderrLine: {'line': b'\x1b[01m\x1b[K/home/mvibot/floorCleaningRobot_ws/src/mission_layer_mvibot/src/../include/mission_layer_mvibot/mvibot_mission/manage_mission.h:\x1b[m\x1b[K In lambda function:\n'}
[6.976130] (mission_layer_mvibot) StderrLine: {'line': b'\x1b[01m\x1b[K/home/mvibot/floorCleaningRobot_ws/src/mission_layer_mvibot/src/../include/mission_layer_mvibot/mvibot_mission/manage_mission.h:254:34:\x1b[m\x1b[K \x1b[01;35m\x1b[Kwarning: \x1b[m\x1b[Kcomparison of integer expressions of different signedness: \xe2\x80\x98\x1b[01m\x1b[Kint\x1b[m\x1b[K\xe2\x80\x99 and \xe2\x80\x98\x1b[01m\x1b[Kstd::vector<std::__cxx11::basic_string<char>, std::allocator<std::__cxx11::basic_string<char> > >::size_type\x1b[m\x1b[K\xe2\x80\x99 {aka \xe2\x80\x98\x1b[01m\x1b[Klong unsigned int\x1b[m\x1b[K\xe2\x80\x99} [\x1b[01;35m\x1b[K\x1b]8;;https://gcc.gnu.org/onlinedocs/gcc/Warning-Options.html#index-Wsign-compare\x07-Wsign-compare\x1b]8;;\x07\x1b[m\x1b[K]\n'}
[6.976219] (mission_layer_mvibot) StderrLine: {'line': b'  254 |                     for(int i=1;\x1b[01;35m\x1b[Ki<data.data1.size()\x1b[m\x1b[K;i++){\n'}
[6.976296] (mission_layer_mvibot) StderrLine: {'line': b'      |                                 \x1b[01;35m\x1b[K~^~~~~~~~~~~~~~~~~~\x1b[m\x1b[K\n'}
[6.999221] (mission_layer_mvibot) StderrLine: {'line': b'\x1b[01m\x1b[K/home/mvibot/floorCleaningRobot_ws/src/mission_layer_mvibot/src/../include/mission_layer_mvibot/mvibot_mission/manage_mission.h:\x1b[m\x1b[K In lambda function:\n'}
[6.999449] (mission_layer_mvibot) StderrLine: {'line': b'\x1b[01m\x1b[K/home/mvibot/floorCleaningRobot_ws/src/mission_layer_mvibot/src/../include/mission_layer_mvibot/mvibot_mission/manage_mission.h:292:72:\x1b[m\x1b[K \x1b[01;35m\x1b[Kwarning: \x1b[m\x1b[Kunused parameter \xe2\x80\x98\x1b[01m\x1b[Kmsg\x1b[m\x1b[K\xe2\x80\x99 [\x1b[01;35m\x1b[K\x1b]8;;https://gcc.gnu.org/onlinedocs/gcc/Warning-Options.html#index-Wunused-parameter\x07-Wunused-parameter\x1b]8;;\x07\x1b[m\x1b[K]\n'}
[6.999564] (mission_layer_mvibot) StderrLine: {'line': b'  292 |             auto reset_mission_callback = [this](\x1b[01;35m\x1b[Kstd_msgs::msg::String msg\x1b[m\x1b[K)->void{\n'}
[6.999662] (mission_layer_mvibot) StderrLine: {'line': b'      |                                                  \x1b[01;35m\x1b[K~~~~~~~~~~~~~~~~~~~~~~^~~\x1b[m\x1b[K\n'}
[7.000009] (mission_layer_mvibot) StderrLine: {'line': b'\x1b[01m\x1b[K/home/mvibot/floorCleaningRobot_ws/src/mission_layer_mvibot/src/../include/mission_layer_mvibot/mvibot_mission/manage_mission.h:\x1b[m\x1b[K In lambda function:\n'}
[7.000115] (mission_layer_mvibot) StderrLine: {'line': b'\x1b[01m\x1b[K/home/mvibot/floorCleaningRobot_ws/src/mission_layer_mvibot/src/../include/mission_layer_mvibot/mvibot_mission/manage_mission.h:314:30:\x1b[m\x1b[K \x1b[01;35m\x1b[Kwarning: \x1b[m\x1b[Kcomparison of integer expressions of different signedness: \xe2\x80\x98\x1b[01m\x1b[Kint\x1b[m\x1b[K\xe2\x80\x99 and \xe2\x80\x98\x1b[01m\x1b[Kstd::vector<std::__cxx11::basic_string<char>, std::allocator<std::__cxx11::basic_string<char> > >::size_type\x1b[m\x1b[K\xe2\x80\x99 {aka \xe2\x80\x98\x1b[01m\x1b[Klong unsigned int\x1b[m\x1b[K\xe2\x80\x99} [\x1b[01;35m\x1b[K\x1b]8;;https://gcc.gnu.org/onlinedocs/gcc/Warning-Options.html#index-Wsign-compare\x07-Wsign-compare\x1b]8;;\x07\x1b[m\x1b[K]\n'}
[7.000219] (mission_layer_mvibot) StderrLine: {'line': b'  314 |                 for(int i=0;\x1b[01;35m\x1b[Ki<data.data1.size()\x1b[m\x1b[K;i++){\n'}
[7.000290] (mission_layer_mvibot) StderrLine: {'line': b'      |                             \x1b[01;35m\x1b[K~^~~~~~~~~~~~~~~~~~\x1b[m\x1b[K\n'}
[7.001540] (mission_layer_mvibot) StderrLine: {'line': b'\x1b[01m\x1b[K/home/mvibot/floorCleaningRobot_ws/src/mission_layer_mvibot/src/../include/mission_layer_mvibot/mvibot_mission/manage_mission.h:311:36:\x1b[m\x1b[K \x1b[01;35m\x1b[Kwarning: \x1b[m\x1b[Kunused variable \xe2\x80\x98\x1b[01m\x1b[Klive_f\x1b[m\x1b[K\xe2\x80\x99 [\x1b[01;35m\x1b[K\x1b]8;;https://gcc.gnu.org/onlinedocs/gcc/Warning-Options.html#index-Wunused-variable\x07-Wunused-variable\x1b]8;;\x07\x1b[m\x1b[K]\n'}
[7.001729] (mission_layer_mvibot) StderrLine: {'line': b'  311 |                 static int live=-1,\x1b[01;35m\x1b[Klive_f\x1b[m\x1b[K=-1,brake=-1,brake_f=-1,enable=-1,enable_f=-1,error=-1,error_f=-1;\n'}
[7.001859] (mission_layer_mvibot) StderrLine: {'line': b'      |                                    \x1b[01;35m\x1b[K^~~~~~\x1b[m\x1b[K\n'}
[7.002001] (mission_layer_mvibot) StderrLine: {'line': b'\x1b[01m\x1b[K/home/mvibot/floorCleaningRobot_ws/src/mission_layer_mvibot/src/../include/mission_layer_mvibot/mvibot_mission/manage_mission.h:311:55:\x1b[m\x1b[K \x1b[01;35m\x1b[Kwarning: \x1b[m\x1b[Kunused variable \xe2\x80\x98\x1b[01m\x1b[Kbrake_f\x1b[m\x1b[K\xe2\x80\x99 [\x1b[01;35m\x1b[K\x1b]8;;https://gcc.gnu.org/onlinedocs/gcc/Warning-Options.html#index-Wunused-variable\x07-Wunused-variable\x1b]8;;\x07\x1b[m\x1b[K]\n'}
[7.002245] (mission_layer_mvibot) StderrLine: {'line': b'  311 |                 static int live=-1,live_f=-1,brake=-1,\x1b[01;35m\x1b[Kbrake_f\x1b[m\x1b[K=-1,enable=-1,enable_f=-1,error=-1,error_f=-1;\n'}
[7.002388] (mission_layer_mvibot) StderrLine: {'line': b'      |                                                       \x1b[01;35m\x1b[K^~~~~~~\x1b[m\x1b[K\n'}
[7.002465] (mission_layer_mvibot) StderrLine: {'line': b'\x1b[01m\x1b[K/home/mvibot/floorCleaningRobot_ws/src/mission_layer_mvibot/src/../include/mission_layer_mvibot/mvibot_mission/manage_mission.h:311:76:\x1b[m\x1b[K \x1b[01;35m\x1b[Kwarning: \x1b[m\x1b[Kunused variable \xe2\x80\x98\x1b[01m\x1b[Kenable_f\x1b[m\x1b[K\xe2\x80\x99 [\x1b[01;35m\x1b[K\x1b]8;;https://gcc.gnu.org/onlinedocs/gcc/Warning-Options.html#index-Wunused-variable\x07-Wunused-variable\x1b]8;;\x07\x1b[m\x1b[K]\n'}
[7.002623] (mission_layer_mvibot) StderrLine: {'line': b'  311 |                 static int live=-1,live_f=-1,brake=-1,brake_f=-1,enable=-1,\x1b[01;35m\x1b[Kenable_f\x1b[m\x1b[K=-1,error=-1,error_f=-1;\n'}
[7.002869] (mission_layer_mvibot) StderrLine: {'line': b'      |                                                                            \x1b[01;35m\x1b[K^~~~~~~~\x1b[m\x1b[K\n'}
[7.003020] (mission_layer_mvibot) StderrLine: {'line': b'\x1b[01m\x1b[K/home/mvibot/floorCleaningRobot_ws/src/mission_layer_mvibot/src/../include/mission_layer_mvibot/mvibot_mission/manage_mission.h:311:88:\x1b[m\x1b[K \x1b[01;35m\x1b[Kwarning: \x1b[m\x1b[Kvariable \xe2\x80\x98\x1b[01m\x1b[Kerror\x1b[m\x1b[K\xe2\x80\x99 set but not used [\x1b[01;35m\x1b[K\x1b]8;;https://gcc.gnu.org/onlinedocs/gcc/Warning-Options.html#index-Wunused-but-set-variable\x07-Wunused-but-set-variable\x1b]8;;\x07\x1b[m\x1b[K]\n'}
[7.003151] (mission_layer_mvibot) StderrLine: {'line': b'  311 |                 static int live=-1,live_f=-1,brake=-1,brake_f=-1,enable=-1,enable_f=-1,\x1b[01;35m\x1b[Kerror\x1b[m\x1b[K=-1,error_f=-1;\n'}
[7.003263] (mission_layer_mvibot) StderrLine: {'line': b'      |                                                                                        \x1b[01;35m\x1b[K^~~~~\x1b[m\x1b[K\n'}
[7.003394] (mission_layer_mvibot) StderrLine: {'line': b'\x1b[01m\x1b[K/home/mvibot/floorCleaningRobot_ws/src/mission_layer_mvibot/src/../include/mission_layer_mvibot/mvibot_mission/manage_mission.h:311:97:\x1b[m\x1b[K \x1b[01;35m\x1b[Kwarning: \x1b[m\x1b[Kunused variable \xe2\x80\x98\x1b[01m\x1b[Kerror_f\x1b[m\x1b[K\xe2\x80\x99 [\x1b[01;35m\x1b[K\x1b]8;;https://gcc.gnu.org/onlinedocs/gcc/Warning-Options.html#index-Wunused-variable\x07-Wunused-variable\x1b]8;;\x07\x1b[m\x1b[K]\n'}
[7.003521] (mission_layer_mvibot) StderrLine: {'line': b'  311 |                 static int live=-1,live_f=-1,brake=-1,brake_f=-1,enable=-1,enable_f=-1,error=-1,\x1b[01;35m\x1b[Kerror_f\x1b[m\x1b[K=-1;\n'}
[7.003653] (mission_layer_mvibot) StderrLine: {'line': b'      |                                                                                                 \x1b[01;35m\x1b[K^~~~~~~\x1b[m\x1b[K\n'}
[7.003795] (mission_layer_mvibot) StderrLine: {'line': b'\x1b[01m\x1b[K/home/mvibot/floorCleaningRobot_ws/src/mission_layer_mvibot/src/../include/mission_layer_mvibot/mvibot_mission/manage_mission.h:\x1b[m\x1b[K In lambda function:\n'}
[7.003953] (mission_layer_mvibot) StderrLine: {'line': b'\x1b[01m\x1b[K/home/mvibot/floorCleaningRobot_ws/src/mission_layer_mvibot/src/../include/mission_layer_mvibot/mvibot_mission/manage_mission.h:343:30:\x1b[m\x1b[K \x1b[01;35m\x1b[Kwarning: \x1b[m\x1b[Kcomparison of integer expressions of different signedness: \xe2\x80\x98\x1b[01m\x1b[Kint\x1b[m\x1b[K\xe2\x80\x99 and \xe2\x80\x98\x1b[01m\x1b[Kstd::vector<std::__cxx11::basic_string<char>, std::allocator<std::__cxx11::basic_string<char> > >::size_type\x1b[m\x1b[K\xe2\x80\x99 {aka \xe2\x80\x98\x1b[01m\x1b[Klong unsigned int\x1b[m\x1b[K\xe2\x80\x99} [\x1b[01;35m\x1b[K\x1b]8;;https://gcc.gnu.org/onlinedocs/gcc/Warning-Options.html#index-Wsign-compare\x07-Wsign-compare\x1b]8;;\x07\x1b[m\x1b[K]\n'}
[7.004108] (mission_layer_mvibot) StderrLine: {'line': b'  343 |                 for(int i=0;\x1b[01;35m\x1b[Ki<data.data1.size()\x1b[m\x1b[K;i++){\n'}
[7.004237] (mission_layer_mvibot) StderrLine: {'line': b'      |                             \x1b[01;35m\x1b[K~^~~~~~~~~~~~~~~~~~\x1b[m\x1b[K\n'}
[7.004610] (mission_layer_mvibot) StderrLine: {'line': b'\x1b[01m\x1b[K/home/mvibot/floorCleaningRobot_ws/src/mission_layer_mvibot/src/../include/mission_layer_mvibot/mvibot_mission/manage_mission.h:339:36:\x1b[m\x1b[K \x1b[01;35m\x1b[Kwarning: \x1b[m\x1b[Kunused variable \xe2\x80\x98\x1b[01m\x1b[Klive_f\x1b[m\x1b[K\xe2\x80\x99 [\x1b[01;35m\x1b[K\x1b]8;;https://gcc.gnu.org/onlinedocs/gcc/Warning-Options.html#index-Wunused-variable\x07-Wunused-variable\x1b]8;;\x07\x1b[m\x1b[K]\n'}
[7.004776] (mission_layer_mvibot) StderrLine: {'line': b'  339 |                 static int live=-1,\x1b[01;35m\x1b[Klive_f\x1b[m\x1b[K=-1,brake=-1,brake_f=-1,enable=-1,enable_f=-1,error=-1,error_f=-1;\n'}
[7.004913] (mission_layer_mvibot) StderrLine: {'line': b'      |                                    \x1b[01;35m\x1b[K^~~~~~\x1b[m\x1b[K\n'}
[7.005049] (mission_layer_mvibot) StderrLine: {'line': b'\x1b[01m\x1b[K/home/mvibot/floorCleaningRobot_ws/src/mission_layer_mvibot/src/../include/mission_layer_mvibot/mvibot_mission/manage_mission.h:339:55:\x1b[m\x1b[K \x1b[01;35m\x1b[Kwarning: \x1b[m\x1b[Kunused variable \xe2\x80\x98\x1b[01m\x1b[Kbrake_f\x1b[m\x1b[K\xe2\x80\x99 [\x1b[01;35m\x1b[K\x1b]8;;https://gcc.gnu.org/onlinedocs/gcc/Warning-Options.html#index-Wunused-variable\x07-Wunused-variable\x1b]8;;\x07\x1b[m\x1b[K]\n'}
[7.005170] (mission_layer_mvibot) StderrLine: {'line': b'  339 |                 static int live=-1,live_f=-1,brake=-1,\x1b[01;35m\x1b[Kbrake_f\x1b[m\x1b[K=-1,enable=-1,enable_f=-1,error=-1,error_f=-1;\n'}
[7.005290] (mission_layer_mvibot) StderrLine: {'line': b'      |                                                       \x1b[01;35m\x1b[K^~~~~~~\x1b[m\x1b[K\n'}
[7.005415] (mission_layer_mvibot) StderrLine: {'line': b'\x1b[01m\x1b[K/home/mvibot/floorCleaningRobot_ws/src/mission_layer_mvibot/src/../include/mission_layer_mvibot/mvibot_mission/manage_mission.h:339:76:\x1b[m\x1b[K \x1b[01;35m\x1b[Kwarning: \x1b[m\x1b[Kunused variable \xe2\x80\x98\x1b[01m\x1b[Kenable_f\x1b[m\x1b[K\xe2\x80\x99 [\x1b[01;35m\x1b[K\x1b]8;;https://gcc.gnu.org/onlinedocs/gcc/Warning-Options.html#index-Wunused-variable\x07-Wunused-variable\x1b]8;;\x07\x1b[m\x1b[K]\n'}
[7.005569] (mission_layer_mvibot) StderrLine: {'line': b'  339 |                 static int live=-1,live_f=-1,brake=-1,brake_f=-1,enable=-1,\x1b[01;35m\x1b[Kenable_f\x1b[m\x1b[K=-1,error=-1,error_f=-1;\n'}
[7.005693] (mission_layer_mvibot) StderrLine: {'line': b'      |                                                                            \x1b[01;35m\x1b[K^~~~~~~~\x1b[m\x1b[K\n'}
[7.005935] (mission_layer_mvibot) StderrLine: {'line': b'\x1b[01m\x1b[K/home/mvibot/floorCleaningRobot_ws/src/mission_layer_mvibot/src/../include/mission_layer_mvibot/mvibot_mission/manage_mission.h:339:88:\x1b[m\x1b[K \x1b[01;35m\x1b[Kwarning: \x1b[m\x1b[Kvariable \xe2\x80\x98\x1b[01m\x1b[Kerror\x1b[m\x1b[K\xe2\x80\x99 set but not used [\x1b[01;35m\x1b[K\x1b]8;;https://gcc.gnu.org/onlinedocs/gcc/Warning-Options.html#index-Wunused-but-set-variable\x07-Wunused-but-set-variable\x1b]8;;\x07\x1b[m\x1b[K]\n'}
[7.006105] (mission_layer_mvibot) StderrLine: {'line': b'  339 |                 static int live=-1,live_f=-1,brake=-1,brake_f=-1,enable=-1,enable_f=-1,\x1b[01;35m\x1b[Kerror\x1b[m\x1b[K=-1,error_f=-1;\n'}
[7.006230] (mission_layer_mvibot) StderrLine: {'line': b'      |                                                                                        \x1b[01;35m\x1b[K^~~~~\x1b[m\x1b[K\n'}
[7.006345] (mission_layer_mvibot) StderrLine: {'line': b'\x1b[01m\x1b[K/home/mvibot/floorCleaningRobot_ws/src/mission_layer_mvibot/src/../include/mission_layer_mvibot/mvibot_mission/manage_mission.h:339:97:\x1b[m\x1b[K \x1b[01;35m\x1b[Kwarning: \x1b[m\x1b[Kunused variable \xe2\x80\x98\x1b[01m\x1b[Kerror_f\x1b[m\x1b[K\xe2\x80\x99 [\x1b[01;35m\x1b[K\x1b]8;;https://gcc.gnu.org/onlinedocs/gcc/Warning-Options.html#index-Wunused-variable\x07-Wunused-variable\x1b]8;;\x07\x1b[m\x1b[K]\n'}
[7.006465] (mission_layer_mvibot) StderrLine: {'line': b'  339 |                 static int live=-1,live_f=-1,brake=-1,brake_f=-1,enable=-1,enable_f=-1,error=-1,\x1b[01;35m\x1b[Kerror_f\x1b[m\x1b[K=-1;\n'}
[7.006577] (mission_layer_mvibot) StderrLine: {'line': b'      |                                                                                                 \x1b[01;35m\x1b[K^~~~~~~\x1b[m\x1b[K\n'}
[7.021511] (-) TimerEvent: {}
[7.060488] (mission_layer_mvibot) StderrLine: {'line': b'\x1b[01m\x1b[K/home/mvibot/floorCleaningRobot_ws/src/mission_layer_mvibot/src/../include/mission_layer_mvibot/mvibot_mission/manage_mission.h:\x1b[m\x1b[K In member function \xe2\x80\x98\x1b[01m\x1b[Kdouble* manage_mission::\x1b[01;32m\x1b[Kget_position_tf\x1b[m\x1b[K(std::string, std::string)\x1b[m\x1b[K\xe2\x80\x99:\n'}
[7.060771] (mission_layer_mvibot) StderrLine: {'line': b'\x1b[01m\x1b[K/home/mvibot/floorCleaningRobot_ws/src/mission_layer_mvibot/src/../include/mission_layer_mvibot/mvibot_mission/manage_mission.h:682:23:\x1b[m\x1b[K \x1b[01;35m\x1b[Kwarning: \x1b[m\x1b[Kvariable \xe2\x80\x98\x1b[01m\x1b[Kz\x1b[m\x1b[K\xe2\x80\x99 set but not used [\x1b[01;35m\x1b[K\x1b]8;;https://gcc.gnu.org/onlinedocs/gcc/Warning-Options.html#index-Wunused-but-set-variable\x07-Wunused-but-set-variable\x1b]8;;\x07\x1b[m\x1b[K]\n'}
[7.060941] (mission_layer_mvibot) StderrLine: {'line': b'  682 |     static double x,y,\x1b[01;35m\x1b[Kz\x1b[m\x1b[K,thz,thw;\n'}
[7.061093] (mission_layer_mvibot) StderrLine: {'line': b'      |                       \x1b[01;35m\x1b[K^\x1b[m\x1b[K\n'}
[7.121619] (-) TimerEvent: {}
[7.139977] (mission_layer_mvibot) StderrLine: {'line': b'\x1b[01m\x1b[K/home/mvibot/floorCleaningRobot_ws/src/mission_layer_mvibot/src/../include/mission_layer_mvibot/mvibot_mission/manage_mission.h:\x1b[m\x1b[K In member function \xe2\x80\x98\x1b[01m\x1b[Kint manage_mission::\x1b[01;32m\x1b[Kexecute_content\x1b[m\x1b[K(mission&, std::vector<std::__cxx11::basic_string<char>, std::allocator<std::__cxx11::basic_string<char> > >&, std::string&, int&)\x1b[m\x1b[K\xe2\x80\x99:\n'}
[7.140190] (mission_layer_mvibot) StderrLine: {'line': b'\x1b[01m\x1b[K/home/mvibot/floorCleaningRobot_ws/src/mission_layer_mvibot/src/../include/mission_layer_mvibot/mvibot_mission/manage_mission.h:1069:14:\x1b[m\x1b[K \x1b[01;35m\x1b[Kwarning: \x1b[m\x1b[Kcomparison of integer expressions of different signedness: \xe2\x80\x98\x1b[01m\x1b[Kint\x1b[m\x1b[K\xe2\x80\x99 and \xe2\x80\x98\x1b[01m\x1b[Kstd::vector<std::__cxx11::basic_string<char>, std::allocator<std::__cxx11::basic_string<char> > >::size_type\x1b[m\x1b[K\xe2\x80\x99 {aka \xe2\x80\x98\x1b[01m\x1b[Klong unsigned int\x1b[m\x1b[K\xe2\x80\x99} [\x1b[01;35m\x1b[K\x1b]8;;https://gcc.gnu.org/onlinedocs/gcc/Warning-Options.html#index-Wsign-compare\x07-Wsign-compare\x1b]8;;\x07\x1b[m\x1b[K]\n'}
[7.140275] (mission_layer_mvibot) StderrLine: {'line': b' 1069 |         if(\x1b[01;35m\x1b[Ki == and_contents_list.size()\x1b[m\x1b[K){\n'}
[7.140348] (mission_layer_mvibot) StderrLine: {'line': b'      |            \x1b[01;35m\x1b[K~~^~~~~~~~~~~~~~~~~~~~~~~~~~~\x1b[m\x1b[K\n'}
[7.140989] (mission_layer_mvibot) StderrLine: {'line': b'\x1b[01m\x1b[K/home/mvibot/floorCleaningRobot_ws/src/mission_layer_mvibot/src/../include/mission_layer_mvibot/mvibot_mission/manage_mission.h:1092:14:\x1b[m\x1b[K \x1b[01;35m\x1b[Kwarning: \x1b[m\x1b[Kcomparison of integer expressions of different signedness: \xe2\x80\x98\x1b[01m\x1b[Kint\x1b[m\x1b[K\xe2\x80\x99 and \xe2\x80\x98\x1b[01m\x1b[Kstd::vector<std::__cxx11::basic_string<char>, std::allocator<std::__cxx11::basic_string<char> > >::size_type\x1b[m\x1b[K\xe2\x80\x99 {aka \xe2\x80\x98\x1b[01m\x1b[Klong unsigned int\x1b[m\x1b[K\xe2\x80\x99} [\x1b[01;35m\x1b[K\x1b]8;;https://gcc.gnu.org/onlinedocs/gcc/Warning-Options.html#index-Wsign-compare\x07-Wsign-compare\x1b]8;;\x07\x1b[m\x1b[K]\n'}
[7.141237] (mission_layer_mvibot) StderrLine: {'line': b' 1092 |         if(\x1b[01;35m\x1b[Ki == or_contents_list.size()\x1b[m\x1b[K){\n'}
[7.141384] (mission_layer_mvibot) StderrLine: {'line': b'      |            \x1b[01;35m\x1b[K~~^~~~~~~~~~~~~~~~~~~~~~~~~~\x1b[m\x1b[K\n'}
[7.221727] (-) TimerEvent: {}
[7.322115] (-) TimerEvent: {}
[7.422489] (-) TimerEvent: {}
[7.522849] (-) TimerEvent: {}
[7.529601] (mission_layer_mvibot) StderrLine: {'line': b'In file included from \x1b[01m\x1b[K/home/mvibot/floorCleaningRobot_ws/src/mission_layer_mvibot/src/mvibot_mission.cpp:4\x1b[m\x1b[K:\n'}
[7.529905] (mission_layer_mvibot) StderrLine: {'line': b'\x1b[01m\x1b[K/home/mvibot/floorCleaningRobot_ws/src/mission_layer_mvibot/src/../include/mission_layer_mvibot/mvibot_mission/navigation_function.h:\x1b[m\x1b[K In lambda function:\n'}
[7.530028] (mission_layer_mvibot) StderrLine: {'line': b'\x1b[01m\x1b[K/home/mvibot/floorCleaningRobot_ws/src/mission_layer_mvibot/src/../include/mission_layer_mvibot/mvibot_mission/navigation_function.h:307:120:\x1b[m\x1b[K \x1b[01;35m\x1b[Kwarning: \x1b[m\x1b[Kunused parameter \xe2\x80\x98\x1b[01m\x1b[Kfeedback\x1b[m\x1b[K\xe2\x80\x99 [\x1b[01;35m\x1b[K\x1b]8;;https://gcc.gnu.org/onlinedocs/gcc/Warning-Options.html#index-Wunused-parameter\x07-Wunused-parameter\x1b]8;;\x07\x1b[m\x1b[K]\n'}
[7.530175] (mission_layer_mvibot) StderrLine: {'line': b'  307 |                         \x1b[01;35m\x1b[Kconst std::shared_ptr<const opennav_coverage_msgs::action::NavigateCompleteCoverage::Feedback> feedback\x1b[m\x1b[K) {\n'}
[7.530322] (mission_layer_mvibot) StderrLine: {'line': b'      |                         \x1b[01;35m\x1b[K~~~~~~~~~~~~~~~~~~~~~~~~~~~~~~~~~~~~~~~~~~~~~~~~~~~~~~~~~~~~~~~~~~~~~~~~~~~~~~~~~~~~~~~~~~~~~~~^~~~~~~~\x1b[m\x1b[K\n'}
[7.549914] (mission_layer_mvibot) StderrLine: {'line': b'\x1b[01m\x1b[K/home/mvibot/floorCleaningRobot_ws/src/mission_layer_mvibot/src/../include/mission_layer_mvibot/mvibot_mission/navigation_function.h:\x1b[m\x1b[K In lambda function:\n'}
[7.550185] (mission_layer_mvibot) StderrLine: {'line': b'\x1b[01m\x1b[K/home/mvibot/floorCleaningRobot_ws/src/mission_layer_mvibot/src/../include/mission_layer_mvibot/mvibot_mission/navigation_function.h:363:98:\x1b[m\x1b[K \x1b[01;35m\x1b[Kwarning: \x1b[m\x1b[Kunused parameter \xe2\x80\x98\x1b[01m\x1b[Kfeedback\x1b[m\x1b[K\xe2\x80\x99 [\x1b[01;35m\x1b[K\x1b]8;;https://gcc.gnu.org/onlinedocs/gcc/Warning-Options.html#index-Wunused-parameter\x07-Wunused-parameter\x1b]8;;\x07\x1b[m\x1b[K]\n'}
[7.550366] (mission_layer_mvibot) StderrLine: {'line': b'  363 |                         \x1b[01;35m\x1b[Kconst std::shared_ptr<const nav2_msgs::action::NavigateToPose::Feedback> feedback\x1b[m\x1b[K) {\n'}
[7.550502] (mission_layer_mvibot) StderrLine: {'line': b'      |                         \x1b[01;35m\x1b[K~~~~~~~~~~~~~~~~~~~~~~~~~~~~~~~~~~~~~~~~~~~~~~~~~~~~~~~~~~~~~~~~~~~~~~~~~^~~~~~~~\x1b[m\x1b[K\n'}
[7.622953] (-) TimerEvent: {}
[7.678062] (mission_layer_mvibot) StderrLine: {'line': b'\x1b[01m\x1b[K/home/mvibot/floorCleaningRobot_ws/src/mission_layer_mvibot/src/../include/mission_layer_mvibot/mvibot_mission/navigation_function.h:\x1b[m\x1b[K In member function \xe2\x80\x98\x1b[01m\x1b[Kint navigation_function::\x1b[01;32m\x1b[Kaction\x1b[m\x1b[K()\x1b[m\x1b[K\xe2\x80\x99:\n'}
[7.678322] (mission_layer_mvibot) StderrLine: {'line': b'\x1b[01m\x1b[K/home/mvibot/floorCleaningRobot_ws/src/mission_layer_mvibot/src/../include/mission_layer_mvibot/mvibot_mission/navigation_function.h:700:16:\x1b[m\x1b[K \x1b[01;35m\x1b[Kwarning: \x1b[m\x1b[Kunused variable \xe2\x80\x98\x1b[01m\x1b[Kt\x1b[m\x1b[K\xe2\x80\x99 [\x1b[01;35m\x1b[K\x1b]8;;https://gcc.gnu.org/onlinedocs/gcc/Warning-Options.html#index-Wunused-variable\x07-Wunused-variable\x1b]8;;\x07\x1b[m\x1b[K]\n'}
[7.678471] (mission_layer_mvibot) StderrLine: {'line': b'  700 |     static int \x1b[01;35m\x1b[Kt\x1b[m\x1b[K = 0;\n'}
[7.678598] (mission_layer_mvibot) StderrLine: {'line': b'      |                \x1b[01;35m\x1b[K^\x1b[m\x1b[K\n'}
[7.723057] (-) TimerEvent: {}
[7.823406] (-) TimerEvent: {}
[7.923691] (-) TimerEvent: {}
[7.942362] (mission_layer_mvibot) StderrLine: {'line': b'In file included from \x1b[01m\x1b[K/home/mvibot/floorCleaningRobot_ws/src/mission_layer_mvibot/src/mvibot_mission.cpp:6\x1b[m\x1b[K:\n'}
[7.942621] (mission_layer_mvibot) StderrLine: {'line': b'\x1b[01m\x1b[K/home/mvibot/floorCleaningRobot_ws/src/mission_layer_mvibot/src/../include/mission_layer_mvibot/mvibot_mission/marker_function.h:\x1b[m\x1b[K In member function \xe2\x80\x98\x1b[01m\x1b[Kdouble* marker_function::\x1b[01;32m\x1b[Kget_position\x1b[m\x1b[K(std::string, std::string)\x1b[m\x1b[K\xe2\x80\x99:\n'}
[7.942756] (mission_layer_mvibot) StderrLine: {'line': b'\x1b[01m\x1b[K/home/mvibot/floorCleaningRobot_ws/src/mission_layer_mvibot/src/../include/mission_layer_mvibot/mvibot_mission/marker_function.h:206:23:\x1b[m\x1b[K \x1b[01;35m\x1b[Kwarning: \x1b[m\x1b[Kvariable \xe2\x80\x98\x1b[01m\x1b[Kz\x1b[m\x1b[K\xe2\x80\x99 set but not used [\x1b[01;35m\x1b[K\x1b]8;;https://gcc.gnu.org/onlinedocs/gcc/Warning-Options.html#index-Wunused-but-set-variable\x07-Wunused-but-set-variable\x1b]8;;\x07\x1b[m\x1b[K]\n'}
[7.942879] (mission_layer_mvibot) StderrLine: {'line': b'  206 |     static double x,y,\x1b[01;35m\x1b[Kz\x1b[m\x1b[K,thz,thw;\n'}
[7.943009] (mission_layer_mvibot) StderrLine: {'line': b'      |                       \x1b[01;35m\x1b[K^\x1b[m\x1b[K\n'}
[7.945038] (mission_layer_mvibot) StderrLine: {'line': b'\x1b[01m\x1b[K/home/mvibot/floorCleaningRobot_ws/src/mission_layer_mvibot/src/../include/mission_layer_mvibot/mvibot_mission/marker_function.h:\x1b[m\x1b[K In member function \xe2\x80\x98\x1b[01m\x1b[Kint marker_function::\x1b[01;32m\x1b[Kcaculate_transforms_ofset\x1b[m\x1b[K()\x1b[m\x1b[K\xe2\x80\x99:\n'}
[7.945271] (mission_layer_mvibot) StderrLine: {'line': b'\x1b[01m\x1b[K/home/mvibot/floorCleaningRobot_ws/src/mission_layer_mvibot/src/../include/mission_layer_mvibot/mvibot_mission/marker_function.h:254:19:\x1b[m\x1b[K \x1b[01;35m\x1b[Kwarning: \x1b[m\x1b[Kvariable \xe2\x80\x98\x1b[01m\x1b[Ktheta\x1b[m\x1b[K\xe2\x80\x99 set but not used [\x1b[01;35m\x1b[K\x1b]8;;https://gcc.gnu.org/onlinedocs/gcc/Warning-Options.html#index-Wunused-but-set-variable\x07-Wunused-but-set-variable\x1b]8;;\x07\x1b[m\x1b[K]\n'}
[7.945438] (mission_layer_mvibot) StderrLine: {'line': b'  254 |     static double \x1b[01;35m\x1b[Ktheta\x1b[m\x1b[K;\n'}
[7.945573] (mission_layer_mvibot) StderrLine: {'line': b'      |                   \x1b[01;35m\x1b[K^~~~~\x1b[m\x1b[K\n'}
[7.968077] (mission_layer_mvibot) StderrLine: {'line': b'\x1b[01m\x1b[K/home/mvibot/floorCleaningRobot_ws/src/mission_layer_mvibot/src/../include/mission_layer_mvibot/mvibot_mission/marker_function.h:\x1b[m\x1b[K In member function \xe2\x80\x98\x1b[01m\x1b[Kint marker_function::\x1b[01;32m\x1b[Kmove_to_goal\x1b[m\x1b[K()\x1b[m\x1b[K\xe2\x80\x99:\n'}
[7.968337] (mission_layer_mvibot) StderrLine: {'line': b'\x1b[01m\x1b[K/home/mvibot/floorCleaningRobot_ws/src/mission_layer_mvibot/src/../include/mission_layer_mvibot/mvibot_mission/marker_function.h:442:21:\x1b[m\x1b[K \x1b[01;35m\x1b[Kwarning: \x1b[m\x1b[Kvariable \xe2\x80\x98\x1b[01m\x1b[Ky\x1b[m\x1b[K\xe2\x80\x99 set but not used [\x1b[01;35m\x1b[K\x1b]8;;https://gcc.gnu.org/onlinedocs/gcc/Warning-Options.html#index-Wunused-but-set-variable\x07-Wunused-but-set-variable\x1b]8;;\x07\x1b[m\x1b[K]\n'}
[7.968506] (mission_layer_mvibot) StderrLine: {'line': b'  442 |     static double x,\x1b[01;35m\x1b[Ky\x1b[m\x1b[K;\n'}
[7.968635] (mission_layer_mvibot) StderrLine: {'line': b'      |                     \x1b[01;35m\x1b[K^\x1b[m\x1b[K\n'}
[8.000284] (mission_layer_mvibot) StderrLine: {'line': b'In file included from \x1b[01m\x1b[K/home/mvibot/floorCleaningRobot_ws/src/mission_layer_mvibot/src/mvibot_mission.cpp:7\x1b[m\x1b[K:\n'}
[8.000508] (mission_layer_mvibot) StderrLine: {'line': b'\x1b[01m\x1b[K/home/mvibot/floorCleaningRobot_ws/src/mission_layer_mvibot/src/../include/mission_layer_mvibot/mvibot_mission/variable_function.h:\x1b[m\x1b[K In member function \xe2\x80\x98\x1b[01m\x1b[Kvoid multiple_variable_local::\x1b[01;32m\x1b[Kadd_var\x1b[m\x1b[K(variable_local)\x1b[m\x1b[K\xe2\x80\x99:\n'}
[8.000628] (mission_layer_mvibot) StderrLine: {'line': b'\x1b[01m\x1b[K/home/mvibot/floorCleaningRobot_ws/src/mission_layer_mvibot/src/../include/mission_layer_mvibot/mvibot_mission/variable_function.h:31:18:\x1b[m\x1b[K \x1b[01;35m\x1b[Kwarning: \x1b[m\x1b[Kcomparison of integer expressions of different signedness: \xe2\x80\x98\x1b[01m\x1b[Kint\x1b[m\x1b[K\xe2\x80\x99 and \xe2\x80\x98\x1b[01m\x1b[Kstd::vector<variable_local>::size_type\x1b[m\x1b[K\xe2\x80\x99 {aka \xe2\x80\x98\x1b[01m\x1b[Klong unsigned int\x1b[m\x1b[K\xe2\x80\x99} [\x1b[01;35m\x1b[K\x1b]8;;https://gcc.gnu.org/onlinedocs/gcc/Warning-Options.html#index-Wsign-compare\x07-Wsign-compare\x1b]8;;\x07\x1b[m\x1b[K]\n'}
[8.000770] (mission_layer_mvibot) StderrLine: {'line': b'   31 |     for(int i=0;\x1b[01;35m\x1b[Ki<var.size()\x1b[m\x1b[K;i++){\n'}
[8.000921] (mission_layer_mvibot) StderrLine: {'line': b'      |                 \x1b[01;35m\x1b[K~^~~~~~~~~~~\x1b[m\x1b[K\n'}
[8.001114] (mission_layer_mvibot) StderrLine: {'line': b'\x1b[01m\x1b[K/home/mvibot/floorCleaningRobot_ws/src/mission_layer_mvibot/src/../include/mission_layer_mvibot/mvibot_mission/variable_function.h:\x1b[m\x1b[K In member function \xe2\x80\x98\x1b[01m\x1b[Kvoid multiple_variable_local::\x1b[01;32m\x1b[Kupdate_var\x1b[m\x1b[K(variable_local)\x1b[m\x1b[K\xe2\x80\x99:\n'}
[8.001255] (mission_layer_mvibot) StderrLine: {'line': b'\x1b[01m\x1b[K/home/mvibot/floorCleaningRobot_ws/src/mission_layer_mvibot/src/../include/mission_layer_mvibot/mvibot_mission/variable_function.h:45:18:\x1b[m\x1b[K \x1b[01;35m\x1b[Kwarning: \x1b[m\x1b[Kcomparison of integer expressions of different signedness: \xe2\x80\x98\x1b[01m\x1b[Kint\x1b[m\x1b[K\xe2\x80\x99 and \xe2\x80\x98\x1b[01m\x1b[Kstd::vector<variable_local>::size_type\x1b[m\x1b[K\xe2\x80\x99 {aka \xe2\x80\x98\x1b[01m\x1b[Klong unsigned int\x1b[m\x1b[K\xe2\x80\x99} [\x1b[01;35m\x1b[K\x1b]8;;https://gcc.gnu.org/onlinedocs/gcc/Warning-Options.html#index-Wsign-compare\x07-Wsign-compare\x1b]8;;\x07\x1b[m\x1b[K]\n'}
[8.001387] (mission_layer_mvibot) StderrLine: {'line': b'   45 |     for(int i=0;\x1b[01;35m\x1b[Ki<var.size()\x1b[m\x1b[K;i++){\n'}
[8.001580] (mission_layer_mvibot) StderrLine: {'line': b'      |                 \x1b[01;35m\x1b[K~^~~~~~~~~~~\x1b[m\x1b[K\n'}
[8.001710] (mission_layer_mvibot) StderrLine: {'line': b'\x1b[01m\x1b[K/home/mvibot/floorCleaningRobot_ws/src/mission_layer_mvibot/src/../include/mission_layer_mvibot/mvibot_mission/variable_function.h:\x1b[m\x1b[K In member function \xe2\x80\x98\x1b[01m\x1b[Kvoid multiple_variable_local::\x1b[01;32m\x1b[Kreset_all\x1b[m\x1b[K()\x1b[m\x1b[K\xe2\x80\x99:\n'}
[8.001847] (mission_layer_mvibot) StderrLine: {'line': b'\x1b[01m\x1b[K/home/mvibot/floorCleaningRobot_ws/src/mission_layer_mvibot/src/../include/mission_layer_mvibot/mvibot_mission/variable_function.h:58:18:\x1b[m\x1b[K \x1b[01;35m\x1b[Kwarning: \x1b[m\x1b[Kcomparison of integer expressions of different signedness: \xe2\x80\x98\x1b[01m\x1b[Kint\x1b[m\x1b[K\xe2\x80\x99 and \xe2\x80\x98\x1b[01m\x1b[Kstd::vector<variable_local>::size_type\x1b[m\x1b[K\xe2\x80\x99 {aka \xe2\x80\x98\x1b[01m\x1b[Klong unsigned int\x1b[m\x1b[K\xe2\x80\x99} [\x1b[01;35m\x1b[K\x1b]8;;https://gcc.gnu.org/onlinedocs/gcc/Warning-Options.html#index-Wsign-compare\x07-Wsign-compare\x1b]8;;\x07\x1b[m\x1b[K]\n'}
[8.002032] (mission_layer_mvibot) StderrLine: {'line': b'   58 |     for(int i=0;\x1b[01;35m\x1b[Ki<var.size()\x1b[m\x1b[K;i++){\n'}
[8.002155] (mission_layer_mvibot) StderrLine: {'line': b'      |                 \x1b[01;35m\x1b[K~^~~~~~~~~~~\x1b[m\x1b[K\n'}
[8.002446] (mission_layer_mvibot) StderrLine: {'line': b'\x1b[01m\x1b[K/home/mvibot/floorCleaningRobot_ws/src/mission_layer_mvibot/src/../include/mission_layer_mvibot/mvibot_mission/variable_function.h:\x1b[m\x1b[K In member function \xe2\x80\x98\x1b[01m\x1b[Kvoid multiple_variable_local::\x1b[01;32m\x1b[Kprint\x1b[m\x1b[K()\x1b[m\x1b[K\xe2\x80\x99:\n'}
[8.002747] (mission_layer_mvibot) StderrLine: {'line': b'\x1b[01m\x1b[K/home/mvibot/floorCleaningRobot_ws/src/mission_layer_mvibot/src/../include/mission_layer_mvibot/mvibot_mission/variable_function.h:68:18:\x1b[m\x1b[K \x1b[01;35m\x1b[Kwarning: \x1b[m\x1b[Kcomparison of integer expressions of different signedness: \xe2\x80\x98\x1b[01m\x1b[Kint\x1b[m\x1b[K\xe2\x80\x99 and \xe2\x80\x98\x1b[01m\x1b[Kstd::vector<variable_local>::size_type\x1b[m\x1b[K\xe2\x80\x99 {aka \xe2\x80\x98\x1b[01m\x1b[Klong unsigned int\x1b[m\x1b[K\xe2\x80\x99} [\x1b[01;35m\x1b[K\x1b]8;;https://gcc.gnu.org/onlinedocs/gcc/Warning-Options.html#index-Wsign-compare\x07-Wsign-compare\x1b]8;;\x07\x1b[m\x1b[K]\n'}
[8.002922] (mission_layer_mvibot) StderrLine: {'line': b'   68 |     for(int i=0;\x1b[01;35m\x1b[Ki<var.size()\x1b[m\x1b[K;i++){\n'}
[8.003064] (mission_layer_mvibot) StderrLine: {'line': b'      |                 \x1b[01;35m\x1b[K~^~~~~~~~~~~\x1b[m\x1b[K\n'}
[8.022318] (mission_layer_mvibot) StderrLine: {'line': b'\x1b[01m\x1b[K/home/mvibot/floorCleaningRobot_ws/src/mission_layer_mvibot/src/../include/mission_layer_mvibot/mvibot_mission/variable_function.h:\x1b[m\x1b[K In member function \xe2\x80\x98\x1b[01m\x1b[Kint variable_function::\x1b[01;32m\x1b[Kaction\x1b[m\x1b[K()\x1b[m\x1b[K\xe2\x80\x99:\n'}
[8.022585] (mission_layer_mvibot) StderrLine: {'line': b'\x1b[01m\x1b[K/home/mvibot/floorCleaningRobot_ws/src/mission_layer_mvibot/src/../include/mission_layer_mvibot/mvibot_mission/variable_function.h:195:26:\x1b[m\x1b[K \x1b[01;35m\x1b[Kwarning: \x1b[m\x1b[Kcomparison of integer expressions of different signedness: \xe2\x80\x98\x1b[01m\x1b[Kint\x1b[m\x1b[K\xe2\x80\x99 and \xe2\x80\x98\x1b[01m\x1b[Kstd::vector<variable_local>::size_type\x1b[m\x1b[K\xe2\x80\x99 {aka \xe2\x80\x98\x1b[01m\x1b[Klong unsigned int\x1b[m\x1b[K\xe2\x80\x99} [\x1b[01;35m\x1b[K\x1b]8;;https://gcc.gnu.org/onlinedocs/gcc/Warning-Options.html#index-Wsign-compare\x07-Wsign-compare\x1b]8;;\x07\x1b[m\x1b[K]\n'}
[8.022767] (mission_layer_mvibot) StderrLine: {'line': b'  195 |             for(int i=0;\x1b[01;35m\x1b[Ki<my_vars_local.var.size()\x1b[m\x1b[K;i++){\n'}
[8.022900] (mission_layer_mvibot) StderrLine: {'line': b'      |                         \x1b[01;35m\x1b[K~^~~~~~~~~~~~~~~~~~~~~~~~~\x1b[m\x1b[K\n'}
[8.023778] (-) TimerEvent: {}
[8.121843] (mission_layer_mvibot) StderrLine: {'line': b'In file included from \x1b[01m\x1b[K/home/mvibot/floorCleaningRobot_ws/src/mission_layer_mvibot/src/mvibot_mission.cpp:8\x1b[m\x1b[K:\n'}
[8.122444] (mission_layer_mvibot) StderrLine: {'line': b'\x1b[01m\x1b[K/home/mvibot/floorCleaningRobot_ws/src/mission_layer_mvibot/src/../include/mission_layer_mvibot/mvibot_mission/gpio_function.h:\x1b[m\x1b[K In member function \xe2\x80\x98\x1b[01m\x1b[Kint gpio_function::\x1b[01;32m\x1b[Kaction\x1b[m\x1b[K()\x1b[m\x1b[K\xe2\x80\x99:\n'}
[8.122609] (mission_layer_mvibot) StderrLine: {'line': b'\x1b[01m\x1b[K/home/mvibot/floorCleaningRobot_ws/src/mission_layer_mvibot/src/../include/mission_layer_mvibot/mvibot_mission/gpio_function.h:143:16:\x1b[m\x1b[K \x1b[01;35m\x1b[Kwarning: \x1b[m\x1b[Kunused variable \xe2\x80\x98\x1b[01m\x1b[Kvalue_return\x1b[m\x1b[K\xe2\x80\x99 [\x1b[01;35m\x1b[K\x1b]8;;https://gcc.gnu.org/onlinedocs/gcc/Warning-Options.html#index-Wunused-variable\x07-Wunused-variable\x1b]8;;\x07\x1b[m\x1b[K]\n'}
[8.122700] (mission_layer_mvibot) StderrLine: {'line': b'  143 |     static int \x1b[01;35m\x1b[Kvalue_return\x1b[m\x1b[K;\n'}
[8.122814] (mission_layer_mvibot) StderrLine: {'line': b'      |                \x1b[01;35m\x1b[K^~~~~~~~~~~~\x1b[m\x1b[K\n'}
[8.123852] (-) TimerEvent: {}
[8.224138] (-) TimerEvent: {}
[8.324381] (-) TimerEvent: {}
[8.424589] (-) TimerEvent: {}
[8.524821] (-) TimerEvent: {}
[8.625062] (-) TimerEvent: {}
[8.725296] (-) TimerEvent: {}
[8.825545] (-) TimerEvent: {}
[8.925775] (-) TimerEvent: {}
[9.026050] (-) TimerEvent: {}
[9.126549] (-) TimerEvent: {}
[9.226954] (-) TimerEvent: {}
[9.327257] (-) TimerEvent: {}
[9.427563] (-) TimerEvent: {}
[9.528061] (-) TimerEvent: {}
[9.628329] (-) TimerEvent: {}
[9.728566] (-) TimerEvent: {}
[9.828796] (-) TimerEvent: {}
[9.929025] (-) TimerEvent: {}
[10.029485] (-) TimerEvent: {}
[10.129771] (-) TimerEvent: {}
[10.230039] (-) TimerEvent: {}
[10.330316] (-) TimerEvent: {}
[10.430577] (-) TimerEvent: {}
[10.530797] (-) TimerEvent: {}
[10.631048] (-) TimerEvent: {}
[10.731302] (-) TimerEvent: {}
[10.831557] (-) TimerEvent: {}
[10.931807] (-) TimerEvent: {}
[11.032046] (-) TimerEvent: {}
[11.132279] (-) TimerEvent: {}
[11.232553] (-) TimerEvent: {}
[11.332914] (-) TimerEvent: {}
[11.433134] (-) TimerEvent: {}
[11.533376] (-) TimerEvent: {}
[11.633608] (-) TimerEvent: {}
[11.733901] (-) TimerEvent: {}
[11.834143] (-) TimerEvent: {}
[11.934407] (-) TimerEvent: {}
[12.034602] (-) TimerEvent: {}
[12.134834] (-) TimerEvent: {}
[12.235107] (-) TimerEvent: {}
[12.335319] (-) TimerEvent: {}
[12.435514] (-) TimerEvent: {}
[12.535736] (-) TimerEvent: {}
[12.635950] (-) TimerEvent: {}
[12.736167] (-) TimerEvent: {}
[12.836393] (-) TimerEvent: {}
[12.936755] (-) TimerEvent: {}
[13.037124] (-) TimerEvent: {}
[13.137422] (-) TimerEvent: {}
[13.237699] (-) TimerEvent: {}
[13.337974] (-) TimerEvent: {}
[13.438292] (-) TimerEvent: {}
[13.538557] (-) TimerEvent: {}
[13.638829] (-) TimerEvent: {}
[13.739100] (-) TimerEvent: {}
[13.839383] (-) TimerEvent: {}
[13.939635] (-) TimerEvent: {}
[14.039844] (-) TimerEvent: {}
[14.140107] (-) TimerEvent: {}
[14.240383] (-) TimerEvent: {}
[14.340865] (-) TimerEvent: {}
[14.441196] (-) TimerEvent: {}
[14.541508] (-) TimerEvent: {}
[14.641774] (-) TimerEvent: {}
[14.742203] (-) TimerEvent: {}
[14.842915] (-) TimerEvent: {}
[14.943178] (-) TimerEvent: {}
[15.043398] (-) TimerEvent: {}
[15.143648] (-) TimerEvent: {}
[15.243900] (-) TimerEvent: {}
[15.344185] (-) TimerEvent: {}
[15.444433] (-) TimerEvent: {}
[15.544682] (-) TimerEvent: {}
[15.645023] (-) TimerEvent: {}
[15.745268] (-) TimerEvent: {}
[15.845514] (-) TimerEvent: {}
[15.945831] (-) TimerEvent: {}
[16.046119] (-) TimerEvent: {}
[16.146319] (-) TimerEvent: {}
[16.246676] (-) TimerEvent: {}
[16.347025] (-) TimerEvent: {}
[16.447275] (-) TimerEvent: {}
[16.547506] (-) TimerEvent: {}
[16.647740] (-) TimerEvent: {}
[16.748029] (-) TimerEvent: {}
[16.848379] (-) TimerEvent: {}
[16.948751] (-) TimerEvent: {}
[17.049038] (-) TimerEvent: {}
[17.149383] (-) TimerEvent: {}
[17.249639] (-) TimerEvent: {}
[17.349897] (-) TimerEvent: {}
[17.450147] (-) TimerEvent: {}
[17.550430] (-) TimerEvent: {}
[17.650668] (-) TimerEvent: {}
[17.750931] (-) TimerEvent: {}
[17.851260] (-) TimerEvent: {}
[17.951532] (-) TimerEvent: {}
[18.051805] (-) TimerEvent: {}
[18.152114] (-) TimerEvent: {}
[18.252399] (-) TimerEvent: {}
[18.352672] (-) TimerEvent: {}
[18.452946] (-) TimerEvent: {}
[18.553283] (-) TimerEvent: {}
[18.653658] (-) TimerEvent: {}
[18.754069] (-) TimerEvent: {}
[18.854556] (-) TimerEvent: {}
[18.954853] (-) TimerEvent: {}
[19.055169] (-) TimerEvent: {}
[19.155623] (-) TimerEvent: {}
[19.255951] (-) TimerEvent: {}
[19.356322] (-) TimerEvent: {}
[19.456992] (-) TimerEvent: {}
[19.557296] (-) TimerEvent: {}
[19.657599] (-) TimerEvent: {}
[19.757875] (-) TimerEvent: {}
[19.858177] (-) TimerEvent: {}
[19.958557] (-) TimerEvent: {}
[20.058879] (-) TimerEvent: {}
[20.159134] (-) TimerEvent: {}
[20.259413] (-) TimerEvent: {}
[20.359695] (-) TimerEvent: {}
[20.460069] (-) TimerEvent: {}
[20.560309] (-) TimerEvent: {}
[20.660548] (-) TimerEvent: {}
[20.760794] (-) TimerEvent: {}
[20.861036] (-) TimerEvent: {}
[20.961284] (-) TimerEvent: {}
[21.061533] (-) TimerEvent: {}
[21.161951] (-) TimerEvent: {}
[21.262167] (-) TimerEvent: {}
[21.362405] (-) TimerEvent: {}
[21.462641] (-) TimerEvent: {}
[21.562895] (-) TimerEvent: {}
[21.663156] (-) TimerEvent: {}
[21.763502] (-) TimerEvent: {}
[21.863944] (-) TimerEvent: {}
[21.964274] (-) TimerEvent: {}
[22.064638] (-) TimerEvent: {}
[22.165002] (-) TimerEvent: {}
[22.265346] (-) TimerEvent: {}
[22.365670] (-) TimerEvent: {}
[22.465947] (-) TimerEvent: {}
[22.566283] (-) TimerEvent: {}
[22.666593] (-) TimerEvent: {}
[22.766868] (-) TimerEvent: {}
[22.867123] (-) TimerEvent: {}
[22.967369] (-) TimerEvent: {}
[23.067801] (-) TimerEvent: {}
[23.168085] (-) TimerEvent: {}
[23.268354] (-) TimerEvent: {}
[23.368674] (-) TimerEvent: {}
[23.468948] (-) TimerEvent: {}
[23.569303] (-) TimerEvent: {}
[23.669572] (-) TimerEvent: {}
[23.769806] (-) TimerEvent: {}
[23.870138] (-) TimerEvent: {}
[23.970396] (-) TimerEvent: {}
[24.070632] (-) TimerEvent: {}
[24.170910] (-) TimerEvent: {}
[24.271195] (-) TimerEvent: {}
[24.371465] (-) TimerEvent: {}
[24.471672] (-) TimerEvent: {}
[24.571905] (-) TimerEvent: {}
[24.672250] (-) TimerEvent: {}
[24.772556] (-) TimerEvent: {}
[24.872798] (-) TimerEvent: {}
[24.973054] (-) TimerEvent: {}
[25.073271] (-) TimerEvent: {}
[25.173535] (-) TimerEvent: {}
[25.273803] (-) TimerEvent: {}
[25.374375] (-) TimerEvent: {}
[25.474683] (-) TimerEvent: {}
[25.575028] (-) TimerEvent: {}
[25.675336] (-) TimerEvent: {}
[25.775611] (-) TimerEvent: {}
[25.875877] (-) TimerEvent: {}
[25.976132] (-) TimerEvent: {}
[26.076391] (-) TimerEvent: {}
[26.176675] (-) TimerEvent: {}
[26.276910] (-) TimerEvent: {}
[26.377213] (-) TimerEvent: {}
[26.477577] (-) TimerEvent: {}
[26.577833] (-) TimerEvent: {}
[26.678110] (-) TimerEvent: {}
[26.742303] (mission_layer_mvibot) StderrLine: {'line': b'\x1b[01m\x1b[K/home/mvibot/floorCleaningRobot_ws/src/mission_layer_mvibot/src/../include/mission_layer_mvibot/mvibot_mission/manage_mission.h:\x1b[m\x1b[K In member function \xe2\x80\x98\x1b[01m\x1b[Kint manage_mission::\x1b[01;32m\x1b[Khandle_content\x1b[m\x1b[K(const json&, const double&, double&, int&, rclcpp::Publisher<std_msgs::msg::String_<std::allocator<void> > >::SharedPtr, rclcpp::Publisher<std_msgs::msg::String_<std::allocator<void> > >::SharedPtr)\x1b[m\x1b[K\xe2\x80\x99:\n'}
[26.742674] (mission_layer_mvibot) StderrLine: {'line': b'\x1b[01m\x1b[K/home/mvibot/floorCleaningRobot_ws/src/mission_layer_mvibot/src/../include/mission_layer_mvibot/mvibot_mission/manage_mission.h:931:1:\x1b[m\x1b[K \x1b[01;35m\x1b[Kwarning: \x1b[m\x1b[Kcontrol reaches end of non-void function [\x1b[01;35m\x1b[K\x1b]8;;https://gcc.gnu.org/onlinedocs/gcc/Warning-Options.html#index-Wreturn-type\x07-Wreturn-type\x1b]8;;\x07\x1b[m\x1b[K]\n'}
[26.742823] (mission_layer_mvibot) StderrLine: {'line': b'  931 | \x1b[01;35m\x1b[K}\x1b[m\x1b[K\n'}
[26.742930] (mission_layer_mvibot) StderrLine: {'line': b'      | \x1b[01;35m\x1b[K^\x1b[m\x1b[K\n'}
[26.778196] (-) TimerEvent: {}
[26.878480] (-) TimerEvent: {}
[26.918714] (mission_layer_mvibot) StderrLine: {'line': b'\x1b[01m\x1b[K/home/mvibot/floorCleaningRobot_ws/src/mission_layer_mvibot/src/../include/mission_layer_mvibot/mvibot_mission/navigation_function.h:\x1b[m\x1b[K In member function \xe2\x80\x98\x1b[01m\x1b[Kint navigation_function::\x1b[01;32m\x1b[Kaction\x1b[m\x1b[K()\x1b[m\x1b[K\xe2\x80\x99:\n'}
[26.918984] (mission_layer_mvibot) StderrLine: {'line': b'\x1b[01m\x1b[K/home/mvibot/floorCleaningRobot_ws/src/mission_layer_mvibot/src/../include/mission_layer_mvibot/mvibot_mission/navigation_function.h:966:1:\x1b[m\x1b[K \x1b[01;35m\x1b[Kwarning: \x1b[m\x1b[Kcontrol reaches end of non-void function [\x1b[01;35m\x1b[K\x1b]8;;https://gcc.gnu.org/onlinedocs/gcc/Warning-Options.html#index-Wreturn-type\x07-Wreturn-type\x1b]8;;\x07\x1b[m\x1b[K]\n'}
[26.919125] (mission_layer_mvibot) StderrLine: {'line': b'  966 | \x1b[01;35m\x1b[K}\x1b[m\x1b[K\n'}
[26.919423] (mission_layer_mvibot) StderrLine: {'line': b'      | \x1b[01;35m\x1b[K^\x1b[m\x1b[K\n'}
[26.978577] (-) TimerEvent: {}
[27.007462] (mission_layer_mvibot) StderrLine: {'line': b'\x1b[01m\x1b[K/home/mvibot/floorCleaningRobot_ws/src/mission_layer_mvibot/src/../include/mission_layer_mvibot/mvibot_mission/marker_function.h:\x1b[m\x1b[K In member function \xe2\x80\x98\x1b[01m\x1b[Kint marker_function::\x1b[01;32m\x1b[Kaction\x1b[m\x1b[K()\x1b[m\x1b[K\xe2\x80\x99:\n'}
[27.007796] (mission_layer_mvibot) StderrLine: {'line': b'\x1b[01m\x1b[K/home/mvibot/floorCleaningRobot_ws/src/mission_layer_mvibot/src/../include/mission_layer_mvibot/mvibot_mission/marker_function.h:906:1:\x1b[m\x1b[K \x1b[01;35m\x1b[Kwarning: \x1b[m\x1b[Kcontrol reaches end of non-void function [\x1b[01;35m\x1b[K\x1b]8;;https://gcc.gnu.org/onlinedocs/gcc/Warning-Options.html#index-Wreturn-type\x07-Wreturn-type\x1b]8;;\x07\x1b[m\x1b[K]\n'}
[27.007980] (mission_layer_mvibot) StderrLine: {'line': b'  906 | \x1b[01;35m\x1b[K}\x1b[m\x1b[K\n'}
[27.008107] (mission_layer_mvibot) StderrLine: {'line': b'      | \x1b[01;35m\x1b[K^\x1b[m\x1b[K\n'}
[27.026410] (mission_layer_mvibot) StderrLine: {'line': b'In file included from \x1b[01m\x1b[K/home/mvibot/floorCleaningRobot_ws/src/mission_layer_mvibot/src/mvibot_mission.cpp:13\x1b[m\x1b[K:\n'}
[27.026813] (mission_layer_mvibot) StderrLine: {'line': b'\x1b[01m\x1b[K/home/mvibot/floorCleaningRobot_ws/src/mission_layer_mvibot/src/../include/mission_layer_mvibot/mvibot_mission/lift_function.h:\x1b[m\x1b[K In member function \xe2\x80\x98\x1b[01m\x1b[Kint lift_function::\x1b[01;32m\x1b[Kaction\x1b[m\x1b[K()\x1b[m\x1b[K\xe2\x80\x99:\n'}
[27.027103] (mission_layer_mvibot) StderrLine: {'line': b'\x1b[01m\x1b[K/home/mvibot/floorCleaningRobot_ws/src/mission_layer_mvibot/src/../include/mission_layer_mvibot/mvibot_mission/lift_function.h:203:1:\x1b[m\x1b[K \x1b[01;35m\x1b[Kwarning: \x1b[m\x1b[Kcontrol reaches end of non-void function [\x1b[01;35m\x1b[K\x1b]8;;https://gcc.gnu.org/onlinedocs/gcc/Warning-Options.html#index-Wreturn-type\x07-Wreturn-type\x1b]8;;\x07\x1b[m\x1b[K]\n'}
[27.027321] (mission_layer_mvibot) StderrLine: {'line': b'  203 | \x1b[01;35m\x1b[K}\x1b[m\x1b[K\n'}
[27.027498] (mission_layer_mvibot) StderrLine: {'line': b'      | \x1b[01;35m\x1b[K^\x1b[m\x1b[K\n'}
[27.035531] (mission_layer_mvibot) StderrLine: {'line': b'In file included from \x1b[01m\x1b[K/home/mvibot/floorCleaningRobot_ws/src/mission_layer_mvibot/src/mvibot_mission.cpp:14\x1b[m\x1b[K:\n'}
[27.035954] (mission_layer_mvibot) StderrLine: {'line': b'\x1b[01m\x1b[K/home/mvibot/floorCleaningRobot_ws/src/mission_layer_mvibot/src/../include/mission_layer_mvibot/mvibot_mission/map_function.h:\x1b[m\x1b[K In member function \xe2\x80\x98\x1b[01m\x1b[Kint loadmap_function::\x1b[01;32m\x1b[Kaction\x1b[m\x1b[K()\x1b[m\x1b[K\xe2\x80\x99:\n'}
[27.036248] (mission_layer_mvibot) StderrLine: {'line': b'\x1b[01m\x1b[K/home/mvibot/floorCleaningRobot_ws/src/mission_layer_mvibot/src/../include/mission_layer_mvibot/mvibot_mission/map_function.h:160:1:\x1b[m\x1b[K \x1b[01;35m\x1b[Kwarning: \x1b[m\x1b[Kcontrol reaches end of non-void function [\x1b[01;35m\x1b[K\x1b]8;;https://gcc.gnu.org/onlinedocs/gcc/Warning-Options.html#index-Wreturn-type\x07-Wreturn-type\x1b]8;;\x07\x1b[m\x1b[K]\n'}
[27.036470] (mission_layer_mvibot) StderrLine: {'line': b'  160 | \x1b[01;35m\x1b[K}\x1b[m\x1b[K\n'}
[27.036627] (mission_layer_mvibot) StderrLine: {'line': b'      | \x1b[01;35m\x1b[K^\x1b[m\x1b[K\n'}
[27.078670] (-) TimerEvent: {}
[27.178918] (-) TimerEvent: {}
[27.279151] (-) TimerEvent: {}
[27.379373] (-) TimerEvent: {}
[27.479600] (-) TimerEvent: {}
[27.579863] (-) TimerEvent: {}
[27.680106] (-) TimerEvent: {}
[27.780305] (-) TimerEvent: {}
[27.880529] (-) TimerEvent: {}
[27.980765] (-) TimerEvent: {}
[28.081011] (-) TimerEvent: {}
[28.181262] (-) TimerEvent: {}
[28.281584] (-) TimerEvent: {}
[28.381859] (-) TimerEvent: {}
[28.482209] (-) TimerEvent: {}
[28.582525] (-) TimerEvent: {}
[28.682791] (-) TimerEvent: {}
[28.783060] (-) TimerEvent: {}
[28.883319] (-) TimerEvent: {}
[28.983612] (-) TimerEvent: {}
[29.083866] (-) TimerEvent: {}
[29.184210] (-) TimerEvent: {}
[29.284848] (-) TimerEvent: {}
[29.385095] (-) TimerEvent: {}
[29.485317] (-) TimerEvent: {}
[29.585674] (-) TimerEvent: {}
[29.685952] (-) TimerEvent: {}
[29.786386] (-) TimerEvent: {}
[29.886640] (-) TimerEvent: {}
[29.986899] (-) TimerEvent: {}
[30.087167] (-) TimerEvent: {}
[30.187519] (-) TimerEvent: {}
[30.287829] (-) TimerEvent: {}
[30.388231] (-) TimerEvent: {}
[30.488586] (-) TimerEvent: {}
[30.588851] (-) TimerEvent: {}
[30.689232] (-) TimerEvent: {}
[30.789611] (-) TimerEvent: {}
[30.889870] (-) TimerEvent: {}
[30.990144] (-) TimerEvent: {}
[31.090420] (-) TimerEvent: {}
[31.190707] (-) TimerEvent: {}
[31.291027] (-) TimerEvent: {}
[31.391319] (-) TimerEvent: {}
[31.491590] (-) TimerEvent: {}
[31.592541] (-) TimerEvent: {}
[31.692814] (-) TimerEvent: {}
[31.793061] (-) TimerEvent: {}
[31.893296] (-) TimerEvent: {}
[31.993503] (-) TimerEvent: {}
[32.093726] (-) TimerEvent: {}
[32.193934] (-) TimerEvent: {}
[32.294155] (-) TimerEvent: {}
[32.394391] (-) TimerEvent: {}
[32.494711] (-) TimerEvent: {}
[32.595137] (-) TimerEvent: {}
[32.695504] (-) TimerEvent: {}
[32.795740] (-) TimerEvent: {}
[32.896039] (-) TimerEvent: {}
[32.996380] (-) TimerEvent: {}
[33.096640] (-) TimerEvent: {}
[33.196947] (-) TimerEvent: {}
[33.297300] (-) TimerEvent: {}
[33.397580] (-) TimerEvent: {}
[33.497839] (-) TimerEvent: {}
[33.598075] (-) TimerEvent: {}
[33.698348] (-) TimerEvent: {}
[33.798601] (-) TimerEvent: {}
[33.898893] (-) TimerEvent: {}
[33.999164] (-) TimerEvent: {}
[34.099525] (-) TimerEvent: {}
[34.199816] (-) TimerEvent: {}
[34.300125] (-) TimerEvent: {}
[34.400404] (-) TimerEvent: {}
[34.500638] (-) TimerEvent: {}
[34.600929] (-) TimerEvent: {}
[34.701172] (-) TimerEvent: {}
[34.801407] (-) TimerEvent: {}
[34.901675] (-) TimerEvent: {}
[35.001940] (-) TimerEvent: {}
[35.102215] (-) TimerEvent: {}
[35.202508] (-) TimerEvent: {}
[35.302794] (-) TimerEvent: {}
[35.403096] (-) TimerEvent: {}
[35.503333] (-) TimerEvent: {}
[35.603616] (-) TimerEvent: {}
[35.704163] (-) TimerEvent: {}
[35.804427] (-) TimerEvent: {}
[35.904706] (-) TimerEvent: {}
[36.004938] (-) TimerEvent: {}
[36.105196] (-) TimerEvent: {}
[36.205572] (-) TimerEvent: {}
[36.305845] (-) TimerEvent: {}
[36.406081] (-) TimerEvent: {}
[36.506336] (-) TimerEvent: {}
[36.606554] (-) TimerEvent: {}
[36.706811] (-) TimerEvent: {}
[36.807057] (-) TimerEvent: {}
[36.907310] (-) TimerEvent: {}
[37.007529] (-) TimerEvent: {}
[37.107760] (-) TimerEvent: {}
[37.208011] (-) TimerEvent: {}
[37.308599] (-) TimerEvent: {}
[37.408900] (-) TimerEvent: {}
[37.509131] (-) TimerEvent: {}
[37.609365] (-) TimerEvent: {}
[37.709614] (-) TimerEvent: {}
[37.809874] (-) TimerEvent: {}
[37.910155] (-) TimerEvent: {}
[38.010432] (-) TimerEvent: {}
[38.110948] (-) TimerEvent: {}
[38.211226] (-) TimerEvent: {}
[38.311552] (-) TimerEvent: {}
[38.411935] (-) TimerEvent: {}
[38.512251] (-) TimerEvent: {}
[38.612547] (-) TimerEvent: {}
[38.712833] (-) TimerEvent: {}
[38.813118] (-) TimerEvent: {}
[38.913508] (-) TimerEvent: {}
[39.014583] (-) TimerEvent: {}
[39.114897] (-) TimerEvent: {}
[39.215198] (-) TimerEvent: {}
[39.315529] (-) TimerEvent: {}
[39.415866] (-) TimerEvent: {}
[39.516292] (-) TimerEvent: {}
[39.616856] (-) TimerEvent: {}
[39.717171] (-) TimerEvent: {}
[39.817428] (-) TimerEvent: {}
[39.917649] (-) TimerEvent: {}
[40.017952] (-) TimerEvent: {}
[40.118192] (-) TimerEvent: {}
[40.218456] (-) TimerEvent: {}
[40.318695] (-) TimerEvent: {}
[40.418958] (-) TimerEvent: {}
[40.519224] (-) TimerEvent: {}
[40.619534] (-) TimerEvent: {}
[40.719771] (-) TimerEvent: {}
[40.819994] (-) TimerEvent: {}
[40.920246] (-) TimerEvent: {}
[41.020502] (-) TimerEvent: {}
[41.120791] (-) TimerEvent: {}
[41.221130] (-) TimerEvent: {}
[41.321364] (-) TimerEvent: {}
[41.421694] (-) TimerEvent: {}
[41.522035] (-) TimerEvent: {}
[41.622553] (-) TimerEvent: {}
[41.722971] (-) TimerEvent: {}
[41.823234] (-) TimerEvent: {}
[41.923530] (-) TimerEvent: {}
[42.023932] (-) TimerEvent: {}
[42.124250] (-) TimerEvent: {}
[42.224488] (-) TimerEvent: {}
[42.324854] (-) TimerEvent: {}
[42.425106] (-) TimerEvent: {}
[42.525366] (-) TimerEvent: {}
[42.625637] (-) TimerEvent: {}
[42.725993] (-) TimerEvent: {}
[42.826440] (-) TimerEvent: {}
[42.926692] (-) TimerEvent: {}
[43.026930] (-) TimerEvent: {}
[43.127188] (-) TimerEvent: {}
[43.227557] (-) TimerEvent: {}
[43.328433] (-) TimerEvent: {}
[43.428676] (-) TimerEvent: {}
[43.528940] (-) TimerEvent: {}
[43.629179] (-) TimerEvent: {}
[43.729446] (-) TimerEvent: {}
[43.829749] (-) TimerEvent: {}
[43.930001] (-) TimerEvent: {}
[44.030199] (-) TimerEvent: {}
[44.130488] (-) TimerEvent: {}
[44.230791] (-) TimerEvent: {}
[44.331080] (-) TimerEvent: {}
[44.431636] (-) TimerEvent: {}
[44.531867] (-) TimerEvent: {}
[44.632143] (-) TimerEvent: {}
[44.732697] (-) TimerEvent: {}
[44.833023] (-) TimerEvent: {}
[44.933270] (-) TimerEvent: {}
[45.033515] (-) TimerEvent: {}
[45.133769] (-) TimerEvent: {}
[45.234044] (-) TimerEvent: {}
[45.334320] (-) TimerEvent: {}
[45.434626] (-) TimerEvent: {}
[45.534893] (-) TimerEvent: {}
[45.635200] (-) TimerEvent: {}
[45.735418] (-) TimerEvent: {}
[45.835687] (-) TimerEvent: {}
[45.935964] (-) TimerEvent: {}
[46.036224] (-) TimerEvent: {}
[46.136477] (-) TimerEvent: {}
[46.237080] (-) TimerEvent: {}
[46.337375] (-) TimerEvent: {}
[46.437653] (-) TimerEvent: {}
[46.538001] (-) TimerEvent: {}
[46.638445] (-) TimerEvent: {}
[46.738792] (-) TimerEvent: {}
[46.839123] (-) TimerEvent: {}
[46.939366] (-) TimerEvent: {}
[47.039642] (-) TimerEvent: {}
[47.139900] (-) TimerEvent: {}
[47.240166] (-) TimerEvent: {}
[47.340417] (-) TimerEvent: {}
[47.440632] (-) TimerEvent: {}
[47.540854] (-) TimerEvent: {}
[47.641250] (-) TimerEvent: {}
[47.741632] (-) TimerEvent: {}
[47.841940] (-) TimerEvent: {}
[47.942197] (-) TimerEvent: {}
[48.042575] (-) TimerEvent: {}
[48.142872] (-) TimerEvent: {}
[48.243155] (-) TimerEvent: {}
[48.343435] (-) TimerEvent: {}
[48.443718] (-) TimerEvent: {}
[48.543956] (-) TimerEvent: {}
[48.644217] (-) TimerEvent: {}
[48.744447] (-) TimerEvent: {}
[48.844668] (-) TimerEvent: {}
[48.944940] (-) TimerEvent: {}
[49.045206] (-) TimerEvent: {}
[49.145510] (-) TimerEvent: {}
[49.245911] (-) TimerEvent: {}
[49.346263] (-) TimerEvent: {}
[49.446665] (-) TimerEvent: {}
[49.547398] (-) TimerEvent: {}
[49.647707] (-) TimerEvent: {}
[49.748171] (-) TimerEvent: {}
[49.848461] (-) TimerEvent: {}
[49.948694] (-) TimerEvent: {}
[50.048955] (-) TimerEvent: {}
[50.149275] (-) TimerEvent: {}
[50.249649] (-) TimerEvent: {}
[50.349948] (-) TimerEvent: {}
[50.450180] (-) TimerEvent: {}
[50.550403] (-) TimerEvent: {}
[50.650677] (-) TimerEvent: {}
[50.750931] (-) TimerEvent: {}
[50.851200] (-) TimerEvent: {}
[50.951440] (-) TimerEvent: {}
[51.051695] (-) TimerEvent: {}
[51.152108] (-) TimerEvent: {}
[51.252454] (-) TimerEvent: {}
[51.352707] (-) TimerEvent: {}
[51.452947] (-) TimerEvent: {}
[51.553213] (-) TimerEvent: {}
[51.653480] (-) TimerEvent: {}
[51.753776] (-) TimerEvent: {}
[51.854114] (-) TimerEvent: {}
[51.954410] (-) TimerEvent: {}
[52.054711] (-) TimerEvent: {}
[52.155007] (-) TimerEvent: {}
[52.255286] (-) TimerEvent: {}
[52.355944] (-) TimerEvent: {}
[52.456314] (-) TimerEvent: {}
[52.556663] (-) TimerEvent: {}
[52.656994] (-) TimerEvent: {}
[52.757246] (-) TimerEvent: {}
[52.857499] (-) TimerEvent: {}
[52.957773] (-) TimerEvent: {}
[53.058028] (-) TimerEvent: {}
[53.158322] (-) TimerEvent: {}
[53.258577] (-) TimerEvent: {}
[53.358903] (-) TimerEvent: {}
[53.459236] (-) TimerEvent: {}
[53.559455] (-) TimerEvent: {}
[53.659681] (-) TimerEvent: {}
[53.759950] (-) TimerEvent: {}
[53.860248] (-) TimerEvent: {}
[53.960470] (-) TimerEvent: {}
[54.060752] (-) TimerEvent: {}
[54.161025] (-) TimerEvent: {}
[54.261270] (-) TimerEvent: {}
[54.361504] (-) TimerEvent: {}
[54.461792] (-) TimerEvent: {}
[54.562108] (-) TimerEvent: {}
[54.662357] (-) TimerEvent: {}
[54.762565] (-) TimerEvent: {}
[54.862864] (-) TimerEvent: {}
[54.963371] (-) TimerEvent: {}
[55.063626] (-) TimerEvent: {}
[55.163977] (-) TimerEvent: {}
[55.264447] (-) TimerEvent: {}
[55.364796] (-) TimerEvent: {}
[55.465172] (-) TimerEvent: {}
[55.565475] (-) TimerEvent: {}
[55.665746] (-) TimerEvent: {}
[55.766058] (-) TimerEvent: {}
[55.866402] (-) TimerEvent: {}
[55.966847] (-) TimerEvent: {}
[56.067074] (-) TimerEvent: {}
[56.167311] (-) TimerEvent: {}
[56.267580] (-) TimerEvent: {}
[56.367840] (-) TimerEvent: {}
[56.468173] (-) TimerEvent: {}
[56.568430] (-) TimerEvent: {}
[56.668732] (-) TimerEvent: {}
[56.768932] (-) TimerEvent: {}
[56.869173] (-) TimerEvent: {}
[56.969446] (-) TimerEvent: {}
[57.069630] (-) TimerEvent: {}
[57.169828] (-) TimerEvent: {}
[57.270114] (-) TimerEvent: {}
[57.370353] (-) TimerEvent: {}
[57.470588] (-) TimerEvent: {}
[57.570878] (-) TimerEvent: {}
[57.671193] (-) TimerEvent: {}
[57.771488] (-) TimerEvent: {}
[57.871757] (-) TimerEvent: {}
[57.972027] (-) TimerEvent: {}
[58.072349] (-) TimerEvent: {}
[58.173151] (-) TimerEvent: {}
[58.273422] (-) TimerEvent: {}
[58.373797] (-) TimerEvent: {}
[58.474122] (-) TimerEvent: {}
[58.574404] (-) TimerEvent: {}
[58.674681] (-) TimerEvent: {}
[58.774922] (-) TimerEvent: {}
[58.875129] (-) TimerEvent: {}
[58.975370] (-) TimerEvent: {}
[59.075583] (-) TimerEvent: {}
[59.175787] (-) TimerEvent: {}
[59.275987] (-) TimerEvent: {}
[59.376201] (-) TimerEvent: {}
[59.476428] (-) TimerEvent: {}
[59.576635] (-) TimerEvent: {}
[59.676946] (-) TimerEvent: {}
[59.777217] (-) TimerEvent: {}
[59.877641] (-) TimerEvent: {}
[59.977934] (-) TimerEvent: {}
[60.078200] (-) TimerEvent: {}
[60.178455] (-) TimerEvent: {}
[60.278720] (-) TimerEvent: {}
[60.378934] (-) TimerEvent: {}
[60.479202] (-) TimerEvent: {}
[60.579491] (-) TimerEvent: {}
[60.679781] (-) TimerEvent: {}
[60.780010] (-) TimerEvent: {}
[60.880331] (-) TimerEvent: {}
[60.980607] (-) TimerEvent: {}
[61.080838] (-) TimerEvent: {}
[61.181103] (-) TimerEvent: {}
[61.281359] (-) TimerEvent: {}
[61.381568] (-) TimerEvent: {}
[61.481868] (-) TimerEvent: {}
[61.582400] (-) TimerEvent: {}
[61.682775] (-) TimerEvent: {}
[61.783364] (-) TimerEvent: {}
[61.883592] (-) TimerEvent: {}
[61.983831] (-) TimerEvent: {}
[62.084088] (-) TimerEvent: {}
[62.184566] (-) TimerEvent: {}
[62.284935] (-) TimerEvent: {}
[62.385204] (-) TimerEvent: {}
[62.485454] (-) TimerEvent: {}
[62.585701] (-) TimerEvent: {}
[62.685988] (-) TimerEvent: {}
[62.786219] (-) TimerEvent: {}
[62.802852] (mission_layer_mvibot) StderrLine: {'line': b'\x1b[01m\x1b[K/home/mvibot/floorCleaningRobot_ws/src/mission_layer_mvibot/src/../include/mission_layer_mvibot/mvibot_mission/manage_mission.h:\x1b[m\x1b[K In member function \xe2\x80\x98\x1b[01m\x1b[Kdouble* manage_mission::\x1b[01;32m\x1b[Kget_position_tf\x1b[m\x1b[K(std::string, std::string)\x1b[m\x1b[K\xe2\x80\x99:\n'}
[62.803092] (mission_layer_mvibot) StderrLine: {'line': b'\x1b[01m\x1b[K/home/mvibot/floorCleaningRobot_ws/src/mission_layer_mvibot/src/../include/mission_layer_mvibot/mvibot_mission/manage_mission.h:696:33:\x1b[m\x1b[K \x1b[01;35m\x1b[Kwarning: \x1b[m\x1b[Karray subscript 2 is above array bounds of \xe2\x80\x98\x1b[01m\x1b[Kdouble [2]\x1b[m\x1b[K\xe2\x80\x99 [\x1b[01;35m\x1b[K\x1b]8;;https://gcc.gnu.org/onlinedocs/gcc/Warning-Options.html#index-Warray-bounds=\x07-Warray-bounds=\x1b]8;;\x07\x1b[m\x1b[K]\n'}
[62.803189] (mission_layer_mvibot) StderrLine: {'line': b'  696 |     data[0]=x; data[1]=y; \x1b[01;35m\x1b[Kdata[2]\x1b[m\x1b[K=thz; data[3]=thw;\n'}
[62.803262] (mission_layer_mvibot) StderrLine: {'line': b'      |                           \x1b[01;35m\x1b[K~~~~~~^\x1b[m\x1b[K\n'}
[62.803331] (mission_layer_mvibot) StderrLine: {'line': b'\x1b[01m\x1b[K/home/mvibot/floorCleaningRobot_ws/src/mission_layer_mvibot/src/../include/mission_layer_mvibot/mvibot_mission/manage_mission.h:680:19:\x1b[m\x1b[K \x1b[01;36m\x1b[Knote: \x1b[m\x1b[Kwhile referencing \xe2\x80\x98\x1b[01m\x1b[Kdata\x1b[m\x1b[K\xe2\x80\x99\n'}
[62.803417] (mission_layer_mvibot) StderrLine: {'line': b'  680 |     static double \x1b[01;36m\x1b[Kdata\x1b[m\x1b[K[2];\n'}
[62.803488] (mission_layer_mvibot) StderrLine: {'line': b'      |                   \x1b[01;36m\x1b[K^~~~\x1b[m\x1b[K\n'}
[62.803559] (mission_layer_mvibot) StderrLine: {'line': b'\x1b[01m\x1b[K/home/mvibot/floorCleaningRobot_ws/src/mission_layer_mvibot/src/../include/mission_layer_mvibot/mvibot_mission/manage_mission.h:696:46:\x1b[m\x1b[K \x1b[01;35m\x1b[Kwarning: \x1b[m\x1b[Karray subscript 3 is above array bounds of \xe2\x80\x98\x1b[01m\x1b[Kdouble [2]\x1b[m\x1b[K\xe2\x80\x99 [\x1b[01;35m\x1b[K\x1b]8;;https://gcc.gnu.org/onlinedocs/gcc/Warning-Options.html#index-Warray-bounds=\x07-Warray-bounds=\x1b]8;;\x07\x1b[m\x1b[K]\n'}
[62.803643] (mission_layer_mvibot) StderrLine: {'line': b'  696 |     data[0]=x; data[1]=y; data[2]=thz; \x1b[01;35m\x1b[Kdata[3]\x1b[m\x1b[K=thw;\n'}
[62.803717] (mission_layer_mvibot) StderrLine: {'line': b'      |                                        \x1b[01;35m\x1b[K~~~~~~^\x1b[m\x1b[K\n'}
[62.803783] (mission_layer_mvibot) StderrLine: {'line': b'\x1b[01m\x1b[K/home/mvibot/floorCleaningRobot_ws/src/mission_layer_mvibot/src/../include/mission_layer_mvibot/mvibot_mission/manage_mission.h:680:19:\x1b[m\x1b[K \x1b[01;36m\x1b[Knote: \x1b[m\x1b[Kwhile referencing \xe2\x80\x98\x1b[01m\x1b[Kdata\x1b[m\x1b[K\xe2\x80\x99\n'}
[62.803861] (mission_layer_mvibot) StderrLine: {'line': b'  680 |     static double \x1b[01;36m\x1b[Kdata\x1b[m\x1b[K[2];\n'}
[62.803960] (mission_layer_mvibot) StderrLine: {'line': b'      |                   \x1b[01;36m\x1b[K^~~~\x1b[m\x1b[K\n'}
[62.886354] (-) TimerEvent: {}
[62.986623] (-) TimerEvent: {}
[63.086837] (-) TimerEvent: {}
[63.187136] (-) TimerEvent: {}
[63.287402] (-) TimerEvent: {}
[63.387722] (-) TimerEvent: {}
[63.488030] (-) TimerEvent: {}
[63.588317] (-) TimerEvent: {}
[63.688692] (-) TimerEvent: {}
[63.788947] (-) TimerEvent: {}
[63.889247] (-) TimerEvent: {}
[63.989572] (-) TimerEvent: {}
[64.089913] (-) TimerEvent: {}
[64.190168] (-) TimerEvent: {}
[64.290390] (-) TimerEvent: {}
[64.390659] (-) TimerEvent: {}
[64.490915] (-) TimerEvent: {}
[64.591221] (-) TimerEvent: {}
[64.691530] (-) TimerEvent: {}
[64.791777] (-) TimerEvent: {}
[64.892042] (-) TimerEvent: {}
[64.992288] (-) TimerEvent: {}
[65.092532] (-) TimerEvent: {}
[65.192763] (-) TimerEvent: {}
[65.293111] (-) TimerEvent: {}
[65.393436] (-) TimerEvent: {}
[65.493694] (-) TimerEvent: {}
[65.593948] (-) TimerEvent: {}
[65.694354] (-) TimerEvent: {}
[65.794610] (-) TimerEvent: {}
[65.894882] (-) TimerEvent: {}
[65.995180] (-) TimerEvent: {}
[66.095505] (-) TimerEvent: {}
[66.195805] (-) TimerEvent: {}
[66.296115] (-) TimerEvent: {}
[66.396326] (-) TimerEvent: {}
[66.496557] (-) TimerEvent: {}
[66.596821] (-) TimerEvent: {}
[66.697139] (-) TimerEvent: {}
[66.797431] (-) TimerEvent: {}
[66.897668] (-) TimerEvent: {}
[66.997958] (-) TimerEvent: {}
[67.098216] (-) TimerEvent: {}
[67.198489] (-) TimerEvent: {}
[67.298726] (-) TimerEvent: {}
[67.398964] (-) TimerEvent: {}
[67.499334] (-) TimerEvent: {}
[67.599701] (-) TimerEvent: {}
[67.700091] (-) TimerEvent: {}
[67.801119] (-) TimerEvent: {}
[67.901378] (-) TimerEvent: {}
[68.001615] (-) TimerEvent: {}
[68.101895] (-) TimerEvent: {}
[68.202172] (-) TimerEvent: {}
[68.302443] (-) TimerEvent: {}
[68.402655] (-) TimerEvent: {}
[68.502942] (-) TimerEvent: {}
[68.603216] (-) TimerEvent: {}
[68.703540] (-) TimerEvent: {}
[68.803862] (-) TimerEvent: {}
[68.904166] (-) TimerEvent: {}
[69.004481] (-) TimerEvent: {}
[69.104749] (-) TimerEvent: {}
[69.205047] (-) TimerEvent: {}
[69.305347] (-) TimerEvent: {}
[69.405636] (-) TimerEvent: {}
[69.505902] (-) TimerEvent: {}
[69.606177] (-) TimerEvent: {}
[69.706457] (-) TimerEvent: {}
[69.806721] (-) TimerEvent: {}
[69.907002] (-) TimerEvent: {}
[70.007228] (-) TimerEvent: {}
[70.107431] (-) TimerEvent: {}
[70.207681] (-) TimerEvent: {}
[70.307943] (-) TimerEvent: {}
[70.408201] (-) TimerEvent: {}
[70.508435] (-) TimerEvent: {}
[70.608691] (-) TimerEvent: {}
[70.709008] (-) TimerEvent: {}
[70.809261] (-) TimerEvent: {}
[70.909546] (-) TimerEvent: {}
[71.009787] (-) TimerEvent: {}
[71.109992] (-) TimerEvent: {}
[71.210297] (-) TimerEvent: {}
[71.310592] (-) TimerEvent: {}
[71.410892] (-) TimerEvent: {}
[71.511405] (-) TimerEvent: {}
[71.611694] (-) TimerEvent: {}
[71.712077] (-) TimerEvent: {}
[71.812334] (-) TimerEvent: {}
[71.912622] (-) TimerEvent: {}
[72.012913] (-) TimerEvent: {}
[72.113324] (-) TimerEvent: {}
[72.213628] (-) TimerEvent: {}
[72.313892] (-) TimerEvent: {}
[72.414133] (-) TimerEvent: {}
[72.514369] (-) TimerEvent: {}
[72.614655] (-) TimerEvent: {}
[72.714916] (-) TimerEvent: {}
[72.815165] (-) TimerEvent: {}
[72.915409] (-) TimerEvent: {}
[73.015679] (-) TimerEvent: {}
[73.116294] (-) TimerEvent: {}
[73.216729] (-) TimerEvent: {}
[73.316996] (-) TimerEvent: {}
[73.417392] (-) TimerEvent: {}
[73.517650] (-) TimerEvent: {}
[73.617930] (-) TimerEvent: {}
[73.718163] (-) TimerEvent: {}
[73.818445] (-) TimerEvent: {}
[73.918720] (-) TimerEvent: {}
[74.019114] (-) TimerEvent: {}
[74.119433] (-) TimerEvent: {}
[74.219657] (-) TimerEvent: {}
[74.319903] (-) TimerEvent: {}
[74.420152] (-) TimerEvent: {}
[74.520351] (-) TimerEvent: {}
[74.620630] (-) TimerEvent: {}
[74.720940] (-) TimerEvent: {}
[74.821258] (-) TimerEvent: {}
[74.921547] (-) TimerEvent: {}
[75.021847] (-) TimerEvent: {}
[75.122250] (-) TimerEvent: {}
[75.222595] (-) TimerEvent: {}
[75.323017] (-) TimerEvent: {}
[75.423399] (-) TimerEvent: {}
[75.523661] (-) TimerEvent: {}
[75.623944] (-) TimerEvent: {}
[75.724214] (-) TimerEvent: {}
[75.824432] (-) TimerEvent: {}
[75.924630] (-) TimerEvent: {}
[76.024845] (-) TimerEvent: {}
[76.125076] (-) TimerEvent: {}
[76.225300] (-) TimerEvent: {}
[76.325494] (-) TimerEvent: {}
[76.425732] (-) TimerEvent: {}
[76.526013] (-) TimerEvent: {}
[76.626259] (-) TimerEvent: {}
[76.726553] (-) TimerEvent: {}
[76.826790] (-) TimerEvent: {}
[76.927042] (-) TimerEvent: {}
[77.027276] (-) TimerEvent: {}
[77.127536] (-) TimerEvent: {}
[77.228128] (-) TimerEvent: {}
[77.328427] (-) TimerEvent: {}
[77.428665] (-) TimerEvent: {}
[77.528880] (-) TimerEvent: {}
[77.629159] (-) TimerEvent: {}
[77.729376] (-) TimerEvent: {}
[77.829721] (-) TimerEvent: {}
[77.929978] (-) TimerEvent: {}
[78.030304] (-) TimerEvent: {}
[78.130536] (-) TimerEvent: {}
[78.230806] (-) TimerEvent: {}
[78.331066] (-) TimerEvent: {}
[78.431299] (-) TimerEvent: {}
[78.531628] (-) TimerEvent: {}
[78.631972] (-) TimerEvent: {}
[78.732667] (-) TimerEvent: {}
[78.833297] (-) TimerEvent: {}
[78.933623] (-) TimerEvent: {}
[79.033873] (-) TimerEvent: {}
[79.134122] (-) TimerEvent: {}
[79.234398] (-) TimerEvent: {}
[79.334823] (-) TimerEvent: {}
[79.435072] (-) TimerEvent: {}
[79.535316] (-) TimerEvent: {}
[79.635573] (-) TimerEvent: {}
[79.735839] (-) TimerEvent: {}
[79.836104] (-) TimerEvent: {}
[79.936313] (-) TimerEvent: {}
[80.036528] (-) TimerEvent: {}
[80.136822] (-) TimerEvent: {}
[80.237086] (-) TimerEvent: {}
[80.337321] (-) TimerEvent: {}
[80.437581] (-) TimerEvent: {}
[80.537905] (-) TimerEvent: {}
[80.638186] (-) TimerEvent: {}
[80.738465] (-) TimerEvent: {}
[80.838775] (-) TimerEvent: {}
[80.939111] (-) TimerEvent: {}
[81.039393] (-) TimerEvent: {}
[81.139654] (-) TimerEvent: {}
[81.239866] (-) TimerEvent: {}
[81.340120] (-) TimerEvent: {}
[81.440400] (-) TimerEvent: {}
[81.540629] (-) TimerEvent: {}
[81.640880] (-) TimerEvent: {}
[81.741158] (-) TimerEvent: {}
[81.841620] (-) TimerEvent: {}
[81.941957] (-) TimerEvent: {}
[82.042231] (-) TimerEvent: {}
[82.142436] (-) TimerEvent: {}
[82.242656] (-) TimerEvent: {}
[82.342839] (-) TimerEvent: {}
[82.443094] (-) TimerEvent: {}
[82.543328] (-) TimerEvent: {}
[82.643570] (-) TimerEvent: {}
[82.743817] (-) TimerEvent: {}
[82.844093] (-) TimerEvent: {}
[82.944320] (-) TimerEvent: {}
[83.044562] (-) TimerEvent: {}
[83.144856] (-) TimerEvent: {}
[83.245164] (-) TimerEvent: {}
[83.345415] (-) TimerEvent: {}
[83.445671] (-) TimerEvent: {}
[83.545972] (-) TimerEvent: {}
[83.646263] (-) TimerEvent: {}
[83.746578] (-) TimerEvent: {}
[83.846922] (-) TimerEvent: {}
[83.947206] (-) TimerEvent: {}
[84.047447] (-) TimerEvent: {}
[84.147694] (-) TimerEvent: {}
[84.248025] (-) TimerEvent: {}
[84.348310] (-) TimerEvent: {}
[84.448605] (-) TimerEvent: {}
[84.548904] (-) TimerEvent: {}
[84.649200] (-) TimerEvent: {}
[84.749499] (-) TimerEvent: {}
[84.849771] (-) TimerEvent: {}
[84.950001] (-) TimerEvent: {}
[85.050220] (-) TimerEvent: {}
[85.150431] (-) TimerEvent: {}
[85.250669] (-) TimerEvent: {}
[85.350913] (-) TimerEvent: {}
[85.451155] (-) TimerEvent: {}
[85.551383] (-) TimerEvent: {}
[85.651611] (-) TimerEvent: {}
[85.751859] (-) TimerEvent: {}
[85.852369] (-) TimerEvent: {}
[85.952630] (-) TimerEvent: {}
[86.052967] (-) TimerEvent: {}
[86.153254] (-) TimerEvent: {}
[86.185983] (mission_layer_mvibot) StderrLine: {'line': b'\x1b[01m\x1b[K/home/mvibot/floorCleaningRobot_ws/src/mission_layer_mvibot/src/../include/mission_layer_mvibot/mvibot_mission/navigation_function.h:\x1b[m\x1b[K In member function \xe2\x80\x98\x1b[01m\x1b[Kvoid navigation_function::\x1b[01;32m\x1b[Kset_initial_robot\x1b[m\x1b[K(const std::string&)\x1b[m\x1b[K\xe2\x80\x99:\n'}
[86.186293] (mission_layer_mvibot) StderrLine: {'line': b'\x1b[01m\x1b[K/home/mvibot/floorCleaningRobot_ws/src/mission_layer_mvibot/src/../include/mission_layer_mvibot/mvibot_mission/navigation_function.h:260:13:\x1b[m\x1b[K \x1b[01;35m\x1b[Kwarning: \x1b[m\x1b[K\xe2\x80\x98\x1b[01m\x1b[Kx\x1b[m\x1b[K\xe2\x80\x99 may be used uninitialized [\x1b[01;35m\x1b[K\x1b]8;;https://gcc.gnu.org/onlinedocs/gcc/Warning-Options.html#index-Wmaybe-uninitialized\x07-Wmaybe-uninitialized\x1b]8;;\x07\x1b[m\x1b[K]\n'}
[86.186394] (mission_layer_mvibot) StderrLine: {'line': b'  260 |     \x1b[01;35m\x1b[Kpub_amcl(x,y,thz,thw)\x1b[m\x1b[K;\n'}
[86.186478] (mission_layer_mvibot) StderrLine: {'line': b'      |     \x1b[01;35m\x1b[K~~~~~~~~^~~~~~~~~~~~~\x1b[m\x1b[K\n'}
[86.186566] (mission_layer_mvibot) StderrLine: {'line': b'\x1b[01m\x1b[K/home/mvibot/floorCleaningRobot_ws/src/mission_layer_mvibot/src/../include/mission_layer_mvibot/mvibot_mission/navigation_function.h:252:18:\x1b[m\x1b[K \x1b[01;36m\x1b[Knote: \x1b[m\x1b[K\xe2\x80\x98\x1b[01m\x1b[Kx\x1b[m\x1b[K\xe2\x80\x99 was declared here\n'}
[86.186692] (mission_layer_mvibot) StderrLine: {'line': b'  252 |     double value,\x1b[01;36m\x1b[Kx\x1b[m\x1b[K,y,thz,thw;\n'}
[86.186759] (mission_layer_mvibot) StderrLine: {'line': b'      |                  \x1b[01;36m\x1b[K^\x1b[m\x1b[K\n'}
[86.186869] (mission_layer_mvibot) StderrLine: {'line': b'\x1b[01m\x1b[K/home/mvibot/floorCleaningRobot_ws/src/mission_layer_mvibot/src/../include/mission_layer_mvibot/mvibot_mission/navigation_function.h:260:13:\x1b[m\x1b[K \x1b[01;35m\x1b[Kwarning: \x1b[m\x1b[K\xe2\x80\x98\x1b[01m\x1b[Ky\x1b[m\x1b[K\xe2\x80\x99 may be used uninitialized [\x1b[01;35m\x1b[K\x1b]8;;https://gcc.gnu.org/onlinedocs/gcc/Warning-Options.html#index-Wmaybe-uninitialized\x07-Wmaybe-uninitialized\x1b]8;;\x07\x1b[m\x1b[K]\n'}
[86.186978] (mission_layer_mvibot) StderrLine: {'line': b'  260 |     \x1b[01;35m\x1b[Kpub_amcl(x,y,thz,thw)\x1b[m\x1b[K;\n'}
[86.187097] (mission_layer_mvibot) StderrLine: {'line': b'      |     \x1b[01;35m\x1b[K~~~~~~~~^~~~~~~~~~~~~\x1b[m\x1b[K\n'}
[86.187195] (mission_layer_mvibot) StderrLine: {'line': b'\x1b[01m\x1b[K/home/mvibot/floorCleaningRobot_ws/src/mission_layer_mvibot/src/../include/mission_layer_mvibot/mvibot_mission/navigation_function.h:252:20:\x1b[m\x1b[K \x1b[01;36m\x1b[Knote: \x1b[m\x1b[K\xe2\x80\x98\x1b[01m\x1b[Ky\x1b[m\x1b[K\xe2\x80\x99 was declared here\n'}
[86.187287] (mission_layer_mvibot) StderrLine: {'line': b'  252 |     double value,x,\x1b[01;36m\x1b[Ky\x1b[m\x1b[K,thz,thw;\n'}
[86.187383] (mission_layer_mvibot) StderrLine: {'line': b'      |                    \x1b[01;36m\x1b[K^\x1b[m\x1b[K\n'}
[86.187471] (mission_layer_mvibot) StderrLine: {'line': b'\x1b[01m\x1b[K/home/mvibot/floorCleaningRobot_ws/src/mission_layer_mvibot/src/../include/mission_layer_mvibot/mvibot_mission/navigation_function.h:260:13:\x1b[m\x1b[K \x1b[01;35m\x1b[Kwarning: \x1b[m\x1b[K\xe2\x80\x98\x1b[01m\x1b[Kthz\x1b[m\x1b[K\xe2\x80\x99 may be used uninitialized [\x1b[01;35m\x1b[K\x1b]8;;https://gcc.gnu.org/onlinedocs/gcc/Warning-Options.html#index-Wmaybe-uninitialized\x07-Wmaybe-uninitialized\x1b]8;;\x07\x1b[m\x1b[K]\n'}
[86.187544] (mission_layer_mvibot) StderrLine: {'line': b'  260 |     \x1b[01;35m\x1b[Kpub_amcl(x,y,thz,thw)\x1b[m\x1b[K;\n'}
[86.187633] (mission_layer_mvibot) StderrLine: {'line': b'      |     \x1b[01;35m\x1b[K~~~~~~~~^~~~~~~~~~~~~\x1b[m\x1b[K\n'}
[86.187704] (mission_layer_mvibot) StderrLine: {'line': b'\x1b[01m\x1b[K/home/mvibot/floorCleaningRobot_ws/src/mission_layer_mvibot/src/../include/mission_layer_mvibot/mvibot_mission/navigation_function.h:252:22:\x1b[m\x1b[K \x1b[01;36m\x1b[Knote: \x1b[m\x1b[K\xe2\x80\x98\x1b[01m\x1b[Kthz\x1b[m\x1b[K\xe2\x80\x99 was declared here\n'}
[86.187781] (mission_layer_mvibot) StderrLine: {'line': b'  252 |     double value,x,y,\x1b[01;36m\x1b[Kthz\x1b[m\x1b[K,thw;\n'}
[86.187872] (mission_layer_mvibot) StderrLine: {'line': b'      |                      \x1b[01;36m\x1b[K^~~\x1b[m\x1b[K\n'}
[86.187994] (mission_layer_mvibot) StderrLine: {'line': b'\x1b[01m\x1b[K/home/mvibot/floorCleaningRobot_ws/src/mission_layer_mvibot/src/../include/mission_layer_mvibot/mvibot_mission/navigation_function.h:260:13:\x1b[m\x1b[K \x1b[01;35m\x1b[Kwarning: \x1b[m\x1b[K\xe2\x80\x98\x1b[01m\x1b[Kthw\x1b[m\x1b[K\xe2\x80\x99 may be used uninitialized [\x1b[01;35m\x1b[K\x1b]8;;https://gcc.gnu.org/onlinedocs/gcc/Warning-Options.html#index-Wmaybe-uninitialized\x07-Wmaybe-uninitialized\x1b]8;;\x07\x1b[m\x1b[K]\n'}
[86.188105] (mission_layer_mvibot) StderrLine: {'line': b'  260 |     \x1b[01;35m\x1b[Kpub_amcl(x,y,thz,thw)\x1b[m\x1b[K;\n'}
[86.188180] (mission_layer_mvibot) StderrLine: {'line': b'      |     \x1b[01;35m\x1b[K~~~~~~~~^~~~~~~~~~~~~\x1b[m\x1b[K\n'}
[86.188287] (mission_layer_mvibot) StderrLine: {'line': b'\x1b[01m\x1b[K/home/mvibot/floorCleaningRobot_ws/src/mission_layer_mvibot/src/../include/mission_layer_mvibot/mvibot_mission/navigation_function.h:252:26:\x1b[m\x1b[K \x1b[01;36m\x1b[Knote: \x1b[m\x1b[K\xe2\x80\x98\x1b[01m\x1b[Kthw\x1b[m\x1b[K\xe2\x80\x99 was declared here\n'}
[86.188408] (mission_layer_mvibot) StderrLine: {'line': b'  252 |     double value,x,y,thz,\x1b[01;36m\x1b[Kthw\x1b[m\x1b[K;\n'}
[86.188510] (mission_layer_mvibot) StderrLine: {'line': b'      |                          \x1b[01;36m\x1b[K^~~\x1b[m\x1b[K\n'}
[86.253349] (-) TimerEvent: {}
[86.353580] (-) TimerEvent: {}
[86.453823] (-) TimerEvent: {}
[86.554093] (-) TimerEvent: {}
[86.654336] (-) TimerEvent: {}
[86.754596] (-) TimerEvent: {}
[86.854848] (-) TimerEvent: {}
[86.955109] (-) TimerEvent: {}
[87.055410] (-) TimerEvent: {}
[87.155714] (-) TimerEvent: {}
[87.255978] (-) TimerEvent: {}
[87.356940] (-) TimerEvent: {}
[87.457796] (-) TimerEvent: {}
[87.558073] (-) TimerEvent: {}
[87.658628] (-) TimerEvent: {}
[87.758930] (-) TimerEvent: {}
[87.859230] (-) TimerEvent: {}
[87.946746] (mission_layer_mvibot) StderrLine: {'line': b'\x1b[01m\x1b[K/home/mvibot/floorCleaningRobot_ws/src/mission_layer_mvibot/src/../include/mission_layer_mvibot/mvibot_mission/manage_mission.h:\x1b[m\x1b[K In member function \xe2\x80\x98\x1b[01m\x1b[Kint manage_mission::\x1b[01;32m\x1b[Kexecute_content\x1b[m\x1b[K(mission&, std::vector<std::__cxx11::basic_string<char>, std::allocator<std::__cxx11::basic_string<char> > >&, std::string&, int&)\x1b[m\x1b[K\xe2\x80\x99:\n'}
[87.947103] (mission_layer_mvibot) StderrLine: {'line': b'\x1b[01m\x1b[K/home/mvibot/floorCleaningRobot_ws/src/mission_layer_mvibot/src/../include/mission_layer_mvibot/mvibot_mission/manage_mission.h:1114:9:\x1b[m\x1b[K \x1b[01;35m\x1b[Kwarning: \x1b[m\x1b[K\xe2\x80\x98\x1b[01m\x1b[Kres\x1b[m\x1b[K\xe2\x80\x99 may be used uninitialized [\x1b[01;35m\x1b[K\x1b]8;;https://gcc.gnu.org/onlinedocs/gcc/Warning-Options.html#index-Wmaybe-uninitialized\x07-Wmaybe-uninitialized\x1b]8;;\x07\x1b[m\x1b[K]\n'}
[87.947272] (mission_layer_mvibot) StderrLine: {'line': b' 1114 |         \x1b[01;35m\x1b[Kif\x1b[m\x1b[K(res == Finish_) queue_content.erase(queue_content.begin());\n'}
[87.947392] (mission_layer_mvibot) StderrLine: {'line': b'      |         \x1b[01;35m\x1b[K^~\x1b[m\x1b[K\n'}
[87.947494] (mission_layer_mvibot) StderrLine: {'line': b'\x1b[01m\x1b[K/home/mvibot/floorCleaningRobot_ws/src/mission_layer_mvibot/src/../include/mission_layer_mvibot/mvibot_mission/manage_mission.h:1100:13:\x1b[m\x1b[K \x1b[01;36m\x1b[Knote: \x1b[m\x1b[K\xe2\x80\x98\x1b[01m\x1b[Kres\x1b[m\x1b[K\xe2\x80\x99 was declared here\n'}
[87.947565] (mission_layer_mvibot) StderrLine: {'line': b' 1100 |         int \x1b[01;36m\x1b[Kres\x1b[m\x1b[K;\n'}
[87.947707] (mission_layer_mvibot) StderrLine: {'line': b'      |             \x1b[01;36m\x1b[K^~~\x1b[m\x1b[K\n'}
[87.959330] (-) TimerEvent: {}
[88.059597] (-) TimerEvent: {}
[88.159872] (-) TimerEvent: {}
[88.260130] (-) TimerEvent: {}
[88.360363] (-) TimerEvent: {}
[88.460610] (-) TimerEvent: {}
[88.560906] (-) TimerEvent: {}
[88.661152] (-) TimerEvent: {}
[88.761412] (-) TimerEvent: {}
[88.861713] (-) TimerEvent: {}
[88.961942] (-) TimerEvent: {}
[89.062180] (-) TimerEvent: {}
[89.162419] (-) TimerEvent: {}
[89.262692] (-) TimerEvent: {}
[89.362946] (-) TimerEvent: {}
[89.463285] (-) TimerEvent: {}
[89.563502] (-) TimerEvent: {}
[89.663759] (-) TimerEvent: {}
[89.764020] (-) TimerEvent: {}
[89.864352] (-) TimerEvent: {}
[89.964658] (-) TimerEvent: {}
[90.064945] (-) TimerEvent: {}
[90.165224] (-) TimerEvent: {}
[90.265498] (-) TimerEvent: {}
[90.365766] (-) TimerEvent: {}
[90.466075] (-) TimerEvent: {}
[90.566379] (-) TimerEvent: {}
[90.666666] (-) TimerEvent: {}
[90.766938] (-) TimerEvent: {}
[90.867140] (-) TimerEvent: {}
[90.967387] (-) TimerEvent: {}
[91.067957] (-) TimerEvent: {}
[91.168259] (-) TimerEvent: {}
[91.268488] (-) TimerEvent: {}
[91.368739] (-) TimerEvent: {}
[91.469060] (-) TimerEvent: {}
[91.569285] (-) TimerEvent: {}
[91.669603] (-) TimerEvent: {}
[91.769843] (-) TimerEvent: {}
[91.870096] (-) TimerEvent: {}
[91.970331] (-) TimerEvent: {}
[92.070547] (-) TimerEvent: {}
[92.170763] (-) TimerEvent: {}
[92.271079] (-) TimerEvent: {}
[92.371438] (-) TimerEvent: {}
[92.471654] (-) TimerEvent: {}
[92.572279] (-) TimerEvent: {}
[92.672606] (-) TimerEvent: {}
[92.772900] (-) TimerEvent: {}
[92.873219] (-) TimerEvent: {}
[92.973554] (-) TimerEvent: {}
[93.073941] (-) TimerEvent: {}
[93.174620] (-) TimerEvent: {}
[93.274831] (-) TimerEvent: {}
[93.375064] (-) TimerEvent: {}
[93.475264] (-) TimerEvent: {}
[93.575519] (-) TimerEvent: {}
[93.675817] (-) TimerEvent: {}
[93.776162] (-) TimerEvent: {}
[93.876378] (-) TimerEvent: {}
[93.976615] (-) TimerEvent: {}
[94.076873] (-) TimerEvent: {}
[94.177064] (-) TimerEvent: {}
[94.277299] (-) TimerEvent: {}
[94.377581] (-) TimerEvent: {}
[94.477789] (-) TimerEvent: {}
[94.578079] (-) TimerEvent: {}
[94.678355] (-) TimerEvent: {}
[94.778602] (-) TimerEvent: {}
[94.878880] (-) TimerEvent: {}
[94.979205] (-) TimerEvent: {}
[95.079433] (-) TimerEvent: {}
[95.179679] (-) TimerEvent: {}
[95.279939] (-) TimerEvent: {}
[95.380188] (-) TimerEvent: {}
[95.480427] (-) TimerEvent: {}
[95.580676] (-) TimerEvent: {}
[95.680993] (-) TimerEvent: {}
[95.781193] (-) TimerEvent: {}
[95.881453] (-) TimerEvent: {}
[95.981668] (-) TimerEvent: {}
[96.081944] (-) TimerEvent: {}
[96.182240] (-) TimerEvent: {}
[96.282835] (-) TimerEvent: {}
[96.383159] (-) TimerEvent: {}
[96.483432] (-) TimerEvent: {}
[96.583738] (-) TimerEvent: {}
[96.684040] (-) TimerEvent: {}
[96.784336] (-) TimerEvent: {}
[96.884615] (-) TimerEvent: {}
[96.984935] (-) TimerEvent: {}
[97.085196] (-) TimerEvent: {}
[97.185427] (-) TimerEvent: {}
[97.285757] (-) TimerEvent: {}
[97.386042] (-) TimerEvent: {}
[97.486293] (-) TimerEvent: {}
[97.586605] (-) TimerEvent: {}
[97.686874] (-) TimerEvent: {}
[97.787126] (-) TimerEvent: {}
[97.887478] (-) TimerEvent: {}
[97.987775] (-) TimerEvent: {}
[98.088150] (-) TimerEvent: {}
[98.188455] (-) TimerEvent: {}
[98.288726] (-) TimerEvent: {}
[98.389058] (-) TimerEvent: {}
[98.489336] (-) TimerEvent: {}
[98.589642] (-) TimerEvent: {}
[98.690082] (-) TimerEvent: {}
[98.790365] (-) TimerEvent: {}
[98.890657] (-) TimerEvent: {}
[98.990918] (-) TimerEvent: {}
[99.091336] (-) TimerEvent: {}
[99.191582] (-) TimerEvent: {}
[99.291820] (-) TimerEvent: {}
[99.392144] (-) TimerEvent: {}
[99.492428] (-) TimerEvent: {}
[99.592717] (-) TimerEvent: {}
[99.693160] (-) TimerEvent: {}
[99.793358] (-) TimerEvent: {}
[99.893591] (-) TimerEvent: {}
[99.993844] (-) TimerEvent: {}
[100.094082] (-) TimerEvent: {}
[100.194283] (-) TimerEvent: {}
[100.294521] (-) TimerEvent: {}
[100.394742] (-) TimerEvent: {}
[100.495005] (-) TimerEvent: {}
[100.595278] (-) TimerEvent: {}
[100.695788] (-) TimerEvent: {}
[100.796064] (-) TimerEvent: {}
[100.896323] (-) TimerEvent: {}
[100.996583] (-) TimerEvent: {}
[101.096901] (-) TimerEvent: {}
[101.197157] (-) TimerEvent: {}
[101.297393] (-) TimerEvent: {}
[101.397642] (-) TimerEvent: {}
[101.497869] (-) TimerEvent: {}
[101.598122] (-) TimerEvent: {}
[101.698432] (-) TimerEvent: {}
[101.798624] (-) TimerEvent: {}
[101.898860] (-) TimerEvent: {}
[101.999192] (-) TimerEvent: {}
[102.099509] (-) TimerEvent: {}
[102.200749] (-) TimerEvent: {}
[102.301058] (-) TimerEvent: {}
[102.401342] (-) TimerEvent: {}
[102.501617] (-) TimerEvent: {}
[102.601907] (-) TimerEvent: {}
[102.702338] (-) TimerEvent: {}
[102.802614] (-) TimerEvent: {}
[102.902910] (-) TimerEvent: {}
[103.003165] (-) TimerEvent: {}
[103.103391] (-) TimerEvent: {}
[103.203701] (-) TimerEvent: {}
[103.304008] (-) TimerEvent: {}
[103.404330] (-) TimerEvent: {}
[103.504588] (-) TimerEvent: {}
[103.604818] (-) TimerEvent: {}
[103.705379] (-) TimerEvent: {}
[103.805618] (-) TimerEvent: {}
[103.905919] (-) TimerEvent: {}
[104.006186] (-) TimerEvent: {}
[104.106445] (-) TimerEvent: {}
[104.206696] (-) TimerEvent: {}
[104.234928] (mission_layer_mvibot) StdoutLine: {'line': b'[100%] \x1b[32m\x1b[1mLinking CXX executable mvibot_mission\x1b[0m\n'}
[104.306818] (-) TimerEvent: {}
[104.407113] (-) TimerEvent: {}
[104.507414] (-) TimerEvent: {}
[104.607658] (-) TimerEvent: {}
[104.707912] (-) TimerEvent: {}
[104.808168] (-) TimerEvent: {}
[104.908464] (-) TimerEvent: {}
[105.008796] (-) TimerEvent: {}
[105.109122] (-) TimerEvent: {}
[105.207820] (mission_layer_mvibot) StdoutLine: {'line': b'[100%] Built target mvibot_mission\n'}
[105.209212] (-) TimerEvent: {}
[105.225661] (mission_layer_mvibot) CommandEnded: {'returncode': 0}
[105.227925] (mission_layer_mvibot) JobProgress: {'identifier': 'mission_layer_mvibot', 'progress': 'install'}
[105.241625] (mission_layer_mvibot) Command: {'cmd': ['/usr/bin/cmake', '--install', '/home/mvibot/floorCleaningRobot_ws/build/mission_layer_mvibot'], 'cwd': '/home/mvibot/floorCleaningRobot_ws/build/mission_layer_mvibot', 'env': OrderedDict({'LESSOPEN': '| /usr/bin/lesspipe %s', 'USER': 'mvibot', 'SSH_CLIENT': '10.0.60.48 52464 22', 'GZ_CONFIG_PATH': '/opt/ros/jazzy/opt/gz_sim_vendor/share/gz:/opt/ros/jazzy/opt/sdformat_vendor/share/gz:/opt/ros/jazzy/opt/gz_gui_vendor/share/gz:/opt/ros/jazzy/opt/gz_transport_vendor/share/gz:/opt/ros/jazzy/opt/gz_rendering_vendor/share/gz:/opt/ros/jazzy/opt/gz_plugin_vendor/share/gz:/opt/ros/jazzy/opt/gz_fuel_tools_vendor/share/gz:/opt/ros/jazzy/opt/gz_msgs_vendor/share/gz:/opt/ros/jazzy/opt/gz_common_vendor/share/gz', 'XDG_SESSION_TYPE': 'tty', 'SHLVL': '1', 'LD_LIBRARY_PATH': '/home/mvibot/floorCleaningRobot_ws/install/opennav_coverage_msgs/lib:/home/mvibot/floorCleaningRobot_ws/install/tf2_web_republisher/lib:/home/mvibot/floorCleaningRobot_ws/install/tf2_web_republisher_interfaces/lib:/home/mvibot/floorCleaningRobot_ws/install/realsense2_camera/lib:/home/mvibot/floorCleaningRobot_ws/install/realsense2_camera_msgs/lib:/home/mvibot/floorCleaningRobot_ws/install/pointcloud_to_laserscan/lib:/home/mvibot/floorCleaningRobot_ws/install/opennav_row_coverage/lib:/home/mvibot/floorCleaningRobot_ws/install/opennav_coverage_navigator/lib:/home/mvibot/floorCleaningRobot_ws/install/opennav_coverage_bt/lib:/home/mvibot/floorCleaningRobot_ws/install/opennav_coverage/lib:/home/mvibot/floorCleaningRobot_ws/install/fields2cover/lib:/opt/ros/jazzy/opt/gz_sim_vendor/lib:/opt/ros/jazzy/opt/gz_sensors_vendor/lib:/opt/ros/jazzy/opt/gz_physics_vendor/lib:/opt/ros/jazzy/opt/sdformat_vendor/lib:/opt/ros/jazzy/opt/rviz_ogre_vendor/lib:/opt/ros/jazzy/lib/x86_64-linux-gnu:/opt/ros/jazzy/opt/gz_gui_vendor/lib:/opt/ros/jazzy/opt/gz_transport_vendor/lib:/opt/ros/jazzy/opt/gz_rendering_vendor/lib:/opt/ros/jazzy/opt/gz_plugin_vendor/lib:/opt/ros/jazzy/opt/gz_fuel_tools_vendor/lib:/opt/ros/jazzy/opt/gz_msgs_vendor/lib:/opt/ros/jazzy/opt/gz_common_vendor/lib:/opt/ros/jazzy/opt/gz_math_vendor/lib:/opt/ros/jazzy/opt/gz_utils_vendor/lib:/opt/ros/jazzy/opt/gz_tools_vendor/lib:/opt/ros/jazzy/opt/gz_ogre_next_vendor/lib:/opt/ros/jazzy/opt/gz_dartsim_vendor/lib:/opt/ros/jazzy/opt/gz_cmake_vendor/lib:/opt/ros/jazzy/lib', 'HOME': '/home/mvibot', 'OLDPWD': '/home/mvibot', 'NVM_BIN': '/home/mvibot/.nvm/versions/node/v24.12.0/bin', 'SSH_TTY': '/dev/pts/2', 'NVM_INC': '/home/mvibot/.nvm/versions/node/v24.12.0/include/node', 'ROS_PYTHON_VERSION': '3', 'DBUS_SESSION_BUS_ADDRESS': 'unix:path=/run/user/1000/bus', 'NVM_DIR': '/home/mvibot/.nvm', 'DEBUGINFOD_URLS': 'https://debuginfod.ubuntu.com', 'COLCON_PREFIX_PATH': '/home/mvibot/floorCleaningRobot_ws/install', 'ROS_DISTRO': 'jazzy', 'LOGNAME': 'mvibot', '_': '/usr/bin/colcon', 'ROS_VERSION': '2', 'PKG_CONFIG_PATH': '/home/mvibot/floorCleaningRobot_ws/install/fields2cover/lib/x86_64-linux-gnu/pkgconfig:/home/mvibot/floorCleaningRobot_ws/install/fields2cover/lib/pkgconfig', 'XDG_SESSION_CLASS': 'user', 'TERM': 'xterm-256color', 'XDG_SESSION_ID': '12', 'PATH': '/home/mvibot/.nvm/versions/node/v24.12.0/bin:/opt/ros/jazzy/opt/gz_msgs_vendor/bin:/opt/ros/jazzy/opt/gz_tools_vendor/bin:/opt/ros/jazzy/opt/gz_ogre_next_vendor/bin:/opt/ros/jazzy/bin:/usr/local/sbin:/usr/local/bin:/usr/sbin:/usr/bin:/sbin:/bin:/usr/games:/usr/local/games:/snap/bin', 'XDG_RUNTIME_DIR': '/run/user/1000', 'LANG': 'en_US.UTF-8', 'RMW_IMPLEMENTATION': 'rmw_fastrtps_cpp', 'LS_COLORS': 'rs=0:di=01;34:ln=01;36:mh=00:pi=40;33:so=01;35:do=01;35:bd=40;33;01:cd=40;33;01:or=40;31;01:mi=00:su=37;41:sg=30;43:ca=00:tw=30;42:ow=34;42:st=37;44:ex=01;32:*.tar=01;31:*.tgz=01;31:*.arc=01;31:*.arj=01;31:*.taz=01;31:*.lha=01;31:*.lz4=01;31:*.lzh=01;31:*.lzma=01;31:*.tlz=01;31:*.txz=01;31:*.tzo=01;31:*.t7z=01;31:*.zip=01;31:*.z=01;31:*.dz=01;31:*.gz=01;31:*.lrz=01;31:*.lz=01;31:*.lzo=01;31:*.xz=01;31:*.zst=01;31:*.tzst=01;31:*.bz2=01;31:*.bz=01;31:*.tbz=01;31:*.tbz2=01;31:*.tz=01;31:*.deb=01;31:*.rpm=01;31:*.jar=01;31:*.war=01;31:*.ear=01;31:*.sar=01;31:*.rar=01;31:*.alz=01;31:*.ace=01;31:*.zoo=01;31:*.cpio=01;31:*.7z=01;31:*.rz=01;31:*.cab=01;31:*.wim=01;31:*.swm=01;31:*.dwm=01;31:*.esd=01;31:*.avif=01;35:*.jpg=01;35:*.jpeg=01;35:*.mjpg=01;35:*.mjpeg=01;35:*.gif=01;35:*.bmp=01;35:*.pbm=01;35:*.pgm=01;35:*.ppm=01;35:*.tga=01;35:*.xbm=01;35:*.xpm=01;35:*.tif=01;35:*.tiff=01;35:*.png=01;35:*.svg=01;35:*.svgz=01;35:*.mng=01;35:*.pcx=01;35:*.mov=01;35:*.mpg=01;35:*.mpeg=01;35:*.m2v=01;35:*.mkv=01;35:*.webm=01;35:*.webp=01;35:*.ogm=01;35:*.mp4=01;35:*.m4v=01;35:*.mp4v=01;35:*.vob=01;35:*.qt=01;35:*.nuv=01;35:*.wmv=01;35:*.asf=01;35:*.rm=01;35:*.rmvb=01;35:*.flc=01;35:*.avi=01;35:*.fli=01;35:*.flv=01;35:*.gl=01;35:*.dl=01;35:*.xcf=01;35:*.xwd=01;35:*.yuv=01;35:*.cgm=01;35:*.emf=01;35:*.ogv=01;35:*.ogx=01;35:*.aac=00;36:*.au=00;36:*.flac=00;36:*.m4a=00;36:*.mid=00;36:*.midi=00;36:*.mka=00;36:*.mp3=00;36:*.mpc=00;36:*.ogg=00;36:*.ra=00;36:*.wav=00;36:*.oga=00;36:*.opus=00;36:*.spx=00;36:*.xspf=00;36:*~=00;90:*#=00;90:*.bak=00;90:*.crdownload=00;90:*.dpkg-dist=00;90:*.dpkg-new=00;90:*.dpkg-old=00;90:*.dpkg-tmp=00;90:*.old=00;90:*.orig=00;90:*.part=00;90:*.rej=00;90:*.rpmnew=00;90:*.rpmorig=00;90:*.rpmsave=00;90:*.swp=00;90:*.tmp=00;90:*.ucf-dist=00;90:*.ucf-new=00;90:*.ucf-old=00;90:', 'ROS_DOMAIN_ID': '10', 'AMENT_PREFIX_PATH': '/home/mvibot/floorCleaningRobot_ws/install/tf2_web_republisher:/home/mvibot/floorCleaningRobot_ws/install/tf2_web_republisher_interfaces:/home/mvibot/floorCleaningRobot_ws/install/sllidar_ros2:/home/mvibot/floorCleaningRobot_ws/install/realsense2_description:/home/mvibot/floorCleaningRobot_ws/install/realsense2_camera:/home/mvibot/floorCleaningRobot_ws/install/realsense2_camera_msgs:/home/mvibot/floorCleaningRobot_ws/install/pointcloud_to_laserscan:/home/mvibot/floorCleaningRobot_ws/install/opennav_coverage_demo:/home/mvibot/floorCleaningRobot_ws/install/opennav_row_coverage:/home/mvibot/floorCleaningRobot_ws/install/opennav_coverage_navigator:/home/mvibot/floorCleaningRobot_ws/install/opennav_coverage_bt:/home/mvibot/floorCleaningRobot_ws/install/opennav_coverage:/home/mvibot/floorCleaningRobot_ws/install/mission_layer_mvibot:/home/mvibot/floorCleaningRobot_ws/install/opennav_coverage_msgs:/home/mvibot/floorCleaningRobot_ws/install/lower_layer_mvibot:/home/mvibot/floorCleaningRobot_ws/install/ira_laser_tools:/home/mvibot/floorCleaningRobot_ws/install/higher_layer_mvibot:/opt/ros/jazzy', 'SHELL': '/bin/bash', 'LESSCLOSE': '/usr/bin/lesspipe %s %s', 'ROS_AUTOMATIC_DISCOVERY_RANGE': 'SUBNET', 'PWD': '/home/mvibot/floorCleaningRobot_ws/build/mission_layer_mvibot', 'LC_ALL': 'en_US.UTF-8', 'SSH_CONNECTION': '10.0.60.48 52464 10.0.70.69 22', 'NVM_CD_FLAGS': '', 'XDG_DATA_DIRS': '/usr/share/gnome:/usr/local/share:/usr/share:/var/lib/snapd/desktop', 'PYTHONPATH': '/home/mvibot/floorCleaningRobot_ws/install/opennav_coverage_msgs/lib/python3.12/site-packages:/home/mvibot/floorCleaningRobot_ws/install/tf2_web_republisher_interfaces/lib/python3.12/site-packages:/home/mvibot/floorCleaningRobot_ws/install/realsense2_camera_msgs/lib/python3.12/site-packages:/home/mvibot/floorCleaningRobot_ws/build/opennav_coverage_demo:/home/mvibot/floorCleaningRobot_ws/install/opennav_coverage_demo/lib/python3.12/site-packages:/opt/ros/jazzy/lib/python3.12/site-packages', 'COLCON': '1', 'CMAKE_PREFIX_PATH': '/home/mvibot/floorCleaningRobot_ws/install/opennav_coverage_msgs:/home/mvibot/floorCleaningRobot_ws/install/tf2_web_republisher:/home/mvibot/floorCleaningRobot_ws/install/tf2_web_republisher_interfaces:/home/mvibot/floorCleaningRobot_ws/install/sllidar_ros2:/home/mvibot/floorCleaningRobot_ws/install/realsense2_description:/home/mvibot/floorCleaningRobot_ws/install/realsense2_camera:/home/mvibot/floorCleaningRobot_ws/install/realsense2_camera_msgs:/home/mvibot/floorCleaningRobot_ws/install/pointcloud_to_laserscan:/home/mvibot/floorCleaningRobot_ws/install/opennav_row_coverage:/home/mvibot/floorCleaningRobot_ws/install/opennav_coverage_navigator:/home/mvibot/floorCleaningRobot_ws/install/opennav_coverage_bt:/home/mvibot/floorCleaningRobot_ws/install/opennav_coverage:/home/mvibot/floorCleaningRobot_ws/install/mission_layer_mvibot:/home/mvibot/floorCleaningRobot_ws/install/lower_layer_mvibot:/home/mvibot/floorCleaningRobot_ws/install/ira_laser_tools:/home/mvibot/floorCleaningRobot_ws/install/higher_layer_mvibot:/home/mvibot/floorCleaningRobot_ws/install/fields2cover:/opt/ros/jazzy/opt/gz_sim_vendor:/opt/ros/jazzy/opt/gz_sensors_vendor:/opt/ros/jazzy/opt/gz_physics_vendor:/opt/ros/jazzy/opt/sdformat_vendor:/opt/ros/jazzy/opt/gz_gui_vendor:/opt/ros/jazzy/opt/gz_transport_vendor:/opt/ros/jazzy/opt/gz_rendering_vendor:/opt/ros/jazzy/opt/gz_plugin_vendor:/opt/ros/jazzy/opt/gz_fuel_tools_vendor:/opt/ros/jazzy/opt/gz_msgs_vendor:/opt/ros/jazzy/opt/gz_common_vendor:/opt/ros/jazzy/opt/gz_math_vendor:/opt/ros/jazzy/opt/gz_utils_vendor:/opt/ros/jazzy/opt/gz_tools_vendor:/opt/ros/jazzy/opt/gz_ogre_next_vendor:/opt/ros/jazzy/opt/gz_dartsim_vendor:/opt/ros/jazzy/opt/gz_cmake_vendor:/home/mvibot/floorCleaningRobot_ws/install/opennav_coverage_demo:/opt/ros/jazzy'}), 'shell': False}
[105.252633] (mission_layer_mvibot) StdoutLine: {'line': b'-- Install configuration: "Release"\n'}
[105.253978] (mission_layer_mvibot) StdoutLine: {'line': b'-- Execute custom install script\n'}
[105.256971] (mission_layer_mvibot) StdoutLine: {'line': b'-- Up-to-date symlink: /home/mvibot/floorCleaningRobot_ws/install/mission_layer_mvibot/share/mission_layer_mvibot//launch/mvibot_amcl_launch.py\n'}
[105.257298] (mission_layer_mvibot) StdoutLine: {'line': b'-- Up-to-date symlink: /home/mvibot/floorCleaningRobot_ws/install/mission_layer_mvibot/share/mission_layer_mvibot//launch/mvibot_behavior_launch.py\n'}
[105.257659] (mission_layer_mvibot) StdoutLine: {'line': b'-- Up-to-date symlink: /home/mvibot/floorCleaningRobot_ws/install/mission_layer_mvibot/share/mission_layer_mvibot//launch/mvibot_bt_navigator_launch.py\n'}
[105.257996] (mission_layer_mvibot) StdoutLine: {'line': b'-- Up-to-date symlink: /home/mvibot/floorCleaningRobot_ws/install/mission_layer_mvibot/share/mission_layer_mvibot//launch/mvibot_collision_monitor_launch.py\n'}
[105.258445] (mission_layer_mvibot) StdoutLine: {'line': b'-- Up-to-date symlink: /home/mvibot/floorCleaningRobot_ws/install/mission_layer_mvibot/share/mission_layer_mvibot//launch/mvibot_controller_launch.py\n'}
[105.258818] (mission_layer_mvibot) StdoutLine: {'line': b'-- Up-to-date symlink: /home/mvibot/floorCleaningRobot_ws/install/mission_layer_mvibot/share/mission_layer_mvibot//launch/mvibot_lifecycle_manager_navigation_launch.py\n'}
[105.259144] (mission_layer_mvibot) StdoutLine: {'line': b'-- Up-to-date symlink: /home/mvibot/floorCleaningRobot_ws/install/mission_layer_mvibot/share/mission_layer_mvibot//launch/mvibot_manage_mission_launch.py\n'}
[105.259483] (mission_layer_mvibot) StdoutLine: {'line': b'-- Up-to-date symlink: /home/mvibot/floorCleaningRobot_ws/install/mission_layer_mvibot/share/mission_layer_mvibot//launch/mvibot_mission_launch.py\n'}
[105.259843] (mission_layer_mvibot) StdoutLine: {'line': b'-- Up-to-date symlink: /home/mvibot/floorCleaningRobot_ws/install/mission_layer_mvibot/share/mission_layer_mvibot//launch/mvibot_navigation_launch.py\n'}
[105.260106] (mission_layer_mvibot) StdoutLine: {'line': b'-- Up-to-date symlink: /home/mvibot/floorCleaningRobot_ws/install/mission_layer_mvibot/share/mission_layer_mvibot//launch/mvibot_opennav_coverage_launch.py\n'}
[105.260341] (mission_layer_mvibot) StdoutLine: {'line': b'-- Up-to-date symlink: /home/mvibot/floorCleaningRobot_ws/install/mission_layer_mvibot/share/mission_layer_mvibot//launch/mvibot_planner_launch.py\n'}
[105.260520] (mission_layer_mvibot) StdoutLine: {'line': b'-- Up-to-date symlink: /home/mvibot/floorCleaningRobot_ws/install/mission_layer_mvibot/share/mission_layer_mvibot//launch/mvibot_smoother_launch.py\n'}
[105.260693] (mission_layer_mvibot) StdoutLine: {'line': b'-- Up-to-date symlink: /home/mvibot/floorCleaningRobot_ws/install/mission_layer_mvibot/share/mission_layer_mvibot//launch/mvibot_velocity_smoother_launch.py\n'}
[105.260850] (mission_layer_mvibot) StdoutLine: {'line': b'-- Up-to-date symlink: /home/mvibot/floorCleaningRobot_ws/install/mission_layer_mvibot/share/mission_layer_mvibot//launch/mvibot_waypoint_follower_launch.py\n'}
[105.261851] (mission_layer_mvibot) StdoutLine: {'line': b'-- Up-to-date symlink: /home/mvibot/floorCleaningRobot_ws/install/mission_layer_mvibot/lib/mission_layer_mvibot/mvibot_mission\n'}
[105.262054] (mission_layer_mvibot) StdoutLine: {'line': b'-- Up-to-date symlink: /home/mvibot/floorCleaningRobot_ws/install/mission_layer_mvibot/share/ament_index/resource_index/package_run_dependencies/mission_layer_mvibot\n'}
[105.262309] (mission_layer_mvibot) StdoutLine: {'line': b'-- Up-to-date symlink: /home/mvibot/floorCleaningRobot_ws/install/mission_layer_mvibot/share/ament_index/resource_index/parent_prefix_path/mission_layer_mvibot\n'}
[105.262909] (mission_layer_mvibot) StdoutLine: {'line': b'-- Up-to-date symlink: /home/mvibot/floorCleaningRobot_ws/install/mission_layer_mvibot/share/mission_layer_mvibot/environment/ament_prefix_path.sh\n'}
[105.263130] (mission_layer_mvibot) StdoutLine: {'line': b'-- Up-to-date symlink: /home/mvibot/floorCleaningRobot_ws/install/mission_layer_mvibot/share/mission_layer_mvibot/environment/ament_prefix_path.dsv\n'}
[105.263358] (mission_layer_mvibot) StdoutLine: {'line': b'-- Up-to-date symlink: /home/mvibot/floorCleaningRobot_ws/install/mission_layer_mvibot/share/mission_layer_mvibot/environment/path.sh\n'}
[105.263598] (mission_layer_mvibot) StdoutLine: {'line': b'-- Up-to-date symlink: /home/mvibot/floorCleaningRobot_ws/install/mission_layer_mvibot/share/mission_layer_mvibot/environment/path.dsv\n'}
[105.263935] (mission_layer_mvibot) StdoutLine: {'line': b'-- Up-to-date symlink: /home/mvibot/floorCleaningRobot_ws/install/mission_layer_mvibot/share/mission_layer_mvibot/local_setup.bash\n'}
[105.264223] (mission_layer_mvibot) StdoutLine: {'line': b'-- Up-to-date symlink: /home/mvibot/floorCleaningRobot_ws/install/mission_layer_mvibot/share/mission_layer_mvibot/local_setup.sh\n'}
[105.264559] (mission_layer_mvibot) StdoutLine: {'line': b'-- Up-to-date symlink: /home/mvibot/floorCleaningRobot_ws/install/mission_layer_mvibot/share/mission_layer_mvibot/local_setup.zsh\n'}
[105.265076] (mission_layer_mvibot) StdoutLine: {'line': b'-- Up-to-date symlink: /home/mvibot/floorCleaningRobot_ws/install/mission_layer_mvibot/share/mission_layer_mvibot/local_setup.dsv\n'}
[105.265229] (mission_layer_mvibot) StdoutLine: {'line': b'-- Symlinking: /home/mvibot/floorCleaningRobot_ws/install/mission_layer_mvibot/share/mission_layer_mvibot/package.dsv\n'}
[105.279879] (mission_layer_mvibot) StdoutLine: {'line': b'-- Up-to-date symlink: /home/mvibot/floorCleaningRobot_ws/install/mission_layer_mvibot/share/ament_index/resource_index/packages/mission_layer_mvibot\n'}
[105.280531] (mission_layer_mvibot) StdoutLine: {'line': b'-- Up-to-date symlink: /home/mvibot/floorCleaningRobot_ws/install/mission_layer_mvibot/share/mission_layer_mvibot/cmake/mission_layer_mvibotConfig.cmake\n'}
[105.281013] (mission_layer_mvibot) StdoutLine: {'line': b'-- Up-to-date symlink: /home/mvibot/floorCleaningRobot_ws/install/mission_layer_mvibot/share/mission_layer_mvibot/cmake/mission_layer_mvibotConfig-version.cmake\n'}
[105.281563] (mission_layer_mvibot) StdoutLine: {'line': b'-- Up-to-date symlink: /home/mvibot/floorCleaningRobot_ws/install/mission_layer_mvibot/share/mission_layer_mvibot/package.xml\n'}
[105.285426] (mission_layer_mvibot) CommandEnded: {'returncode': 0}
[105.309350] (-) TimerEvent: {}
[105.322973] (mission_layer_mvibot) JobEnded: {'identifier': 'mission_layer_mvibot', 'rc': 0}
[105.324571] (-) EventReactorShutdown: {}
