[0.000000] (-) TimerEvent: {}
[0.000190] (-) JobUnselected: {'identifier': 'fields2cover'}
[0.000221] (-) JobUnselected: {'identifier': 'higher_layer_mvibot'}
[0.000246] (-) JobUnselected: {'identifier': 'ira_laser_tools'}
[0.000262] (-) JobUnselected: {'identifier': 'lower_layer_mvibot'}
[0.000274] (-) JobUnselected: {'identifier': 'opennav_coverage'}
[0.000286] (-) JobUnselected: {'identifier': 'opennav_coverage_bt'}
[0.000301] (-) JobUnselected: {'identifier': 'opennav_coverage_demo'}
[0.000313] (-) JobUnselected: {'identifier': 'opennav_coverage_msgs'}
[0.000324] (-) JobUnselected: {'identifier': 'opennav_coverage_navigator'}
[0.000335] (-) JobUnselected: {'identifier': 'opennav_row_coverage'}
[0.000346] (-) JobUnselected: {'identifier': 'pointcloud_to_laserscan'}
[0.000362] (-) JobUnselected: {'identifier': 'realsense2_camera'}
[0.000374] (-) JobUnselected: {'identifier': 'realsense2_camera_msgs'}
[0.000385] (-) JobUnselected: {'identifier': 'realsense2_description'}
[0.000396] (-) JobUnselected: {'identifier': 'sllidar_ros2'}
[0.000407] (-) JobUnselected: {'identifier': 'tf2_web_republisher'}
[0.000424] (-) JobUnselected: {'identifier': 'tf2_web_republisher_interfaces'}
[0.000439] (mission_layer_mvibot) JobQueued: {'identifier': 'mission_layer_mvibot', 'dependencies': OrderedDict({'opennav_coverage_msgs': '/home/mvibot/floorCleaningRobot_ws/install/opennav_coverage_msgs'})}
[0.001032] (mission_layer_mvibot) JobStarted: {'identifier': 'mission_layer_mvibot'}
[0.028069] (mission_layer_mvibot) JobProgress: {'identifier': 'mission_layer_mvibot', 'progress': 'cmake'}
[0.029462] (mission_layer_mvibot) JobProgress: {'identifier': 'mission_layer_mvibot', 'progress': 'build'}
[0.030293] (mission_layer_mvibot) Command: {'cmd': ['/usr/bin/cmake', '--build', '/home/mvibot/floorCleaningRobot_ws/build/mission_layer_mvibot', '--', '-j8', '-l8'], 'cwd': '/home/mvibot/floorCleaningRobot_ws/build/mission_layer_mvibot', 'env': OrderedDict({'LESSOPEN': '| /usr/bin/lesspipe %s', 'USER': 'mvibot', 'SSH_CLIENT': '10.0.60.48 56764 22', 'GZ_CONFIG_PATH': '/opt/ros/jazzy/opt/gz_sim_vendor/share/gz:/opt/ros/jazzy/opt/sdformat_vendor/share/gz:/opt/ros/jazzy/opt/gz_gui_vendor/share/gz:/opt/ros/jazzy/opt/gz_transport_vendor/share/gz:/opt/ros/jazzy/opt/gz_rendering_vendor/share/gz:/opt/ros/jazzy/opt/gz_plugin_vendor/share/gz:/opt/ros/jazzy/opt/gz_fuel_tools_vendor/share/gz:/opt/ros/jazzy/opt/gz_msgs_vendor/share/gz:/opt/ros/jazzy/opt/gz_common_vendor/share/gz', 'XDG_SESSION_TYPE': 'tty', 'SHLVL': '1', 'LD_LIBRARY_PATH': '/home/mvibot/floorCleaningRobot_ws/install/opennav_coverage_msgs/lib:/home/mvibot/floorCleaningRobot_ws/install/tf2_web_republisher/lib:/home/mvibot/floorCleaningRobot_ws/install/tf2_web_republisher_interfaces/lib:/home/mvibot/floorCleaningRobot_ws/install/realsense2_camera/lib:/home/mvibot/floorCleaningRobot_ws/install/realsense2_camera_msgs/lib:/home/mvibot/floorCleaningRobot_ws/install/pointcloud_to_laserscan/lib:/home/mvibot/floorCleaningRobot_ws/install/opennav_row_coverage/lib:/home/mvibot/floorCleaningRobot_ws/install/opennav_coverage_navigator/lib:/home/mvibot/floorCleaningRobot_ws/install/opennav_coverage_bt/lib:/home/mvibot/floorCleaningRobot_ws/install/opennav_coverage/lib:/home/mvibot/floorCleaningRobot_ws/install/fields2cover/lib:/opt/ros/jazzy/opt/gz_sim_vendor/lib:/opt/ros/jazzy/opt/gz_sensors_vendor/lib:/opt/ros/jazzy/opt/gz_physics_vendor/lib:/opt/ros/jazzy/opt/sdformat_vendor/lib:/opt/ros/jazzy/opt/rviz_ogre_vendor/lib:/opt/ros/jazzy/lib/x86_64-linux-gnu:/opt/ros/jazzy/opt/gz_gui_vendor/lib:/opt/ros/jazzy/opt/gz_transport_vendor/lib:/opt/ros/jazzy/opt/gz_rendering_vendor/lib:/opt/ros/jazzy/opt/gz_plugin_vendor/lib:/opt/ros/jazzy/opt/gz_fuel_tools_vendor/lib:/opt/ros/jazzy/opt/gz_msgs_vendor/lib:/opt/ros/jazzy/opt/gz_common_vendor/lib:/opt/ros/jazzy/opt/gz_math_vendor/lib:/opt/ros/jazzy/opt/gz_utils_vendor/lib:/opt/ros/jazzy/opt/gz_tools_vendor/lib:/opt/ros/jazzy/opt/gz_ogre_next_vendor/lib:/opt/ros/jazzy/opt/gz_dartsim_vendor/lib:/opt/ros/jazzy/opt/gz_cmake_vendor/lib:/opt/ros/jazzy/lib', 'HOME': '/home/mvibot', 'OLDPWD': '/home/mvibot', 'NVM_BIN': '/home/mvibot/.nvm/versions/node/v24.12.0/bin', 'SSH_TTY': '/dev/pts/2', 'NVM_INC': '/home/mvibot/.nvm/versions/node/v24.12.0/include/node', 'ROS_PYTHON_VERSION': '3', 'DBUS_SESSION_BUS_ADDRESS': 'unix:path=/run/user/1000/bus', 'NVM_DIR': '/home/mvibot/.nvm', 'DEBUGINFOD_URLS': 'https://debuginfod.ubuntu.com', 'COLCON_PREFIX_PATH': '/home/mvibot/floorCleaningRobot_ws/install', 'ROS_DISTRO': 'jazzy', 'LOGNAME': 'mvibot', '_': '/usr/bin/colcon', 'ROS_VERSION': '2', 'PKG_CONFIG_PATH': '/home/mvibot/floorCleaningRobot_ws/install/fields2cover/lib/x86_64-linux-gnu/pkgconfig:/home/mvibot/floorCleaningRobot_ws/install/fields2cover/lib/pkgconfig', 'XDG_SESSION_CLASS': 'user', 'TERM': 'xterm-256color', 'XDG_SESSION_ID': '31', 'PATH': '/home/mvibot/.nvm/versions/node/v24.12.0/bin:/opt/ros/jazzy/opt/gz_msgs_vendor/bin:/opt/ros/jazzy/opt/gz_tools_vendor/bin:/opt/ros/jazzy/opt/gz_ogre_next_vendor/bin:/opt/ros/jazzy/bin:/usr/local/sbin:/usr/local/bin:/usr/sbin:/usr/bin:/sbin:/bin:/usr/games:/usr/local/games:/snap/bin', 'XDG_RUNTIME_DIR': '/run/user/1000', 'LANG': 'en_US.UTF-8', 'RMW_IMPLEMENTATION': 'rmw_fastrtps_cpp', 'LS_COLORS': 'rs=0:di=01;34:ln=01;36:mh=00:pi=40;33:so=01;35:do=01;35:bd=40;33;01:cd=40;33;01:or=40;31;01:mi=00:su=37;41:sg=30;43:ca=00:tw=30;42:ow=34;42:st=37;44:ex=01;32:*.tar=01;31:*.tgz=01;31:*.arc=01;31:*.arj=01;31:*.taz=01;31:*.lha=01;31:*.lz4=01;31:*.lzh=01;31:*.lzma=01;31:*.tlz=01;31:*.txz=01;31:*.tzo=01;31:*.t7z=01;31:*.zip=01;31:*.z=01;31:*.dz=01;31:*.gz=01;31:*.lrz=01;31:*.lz=01;31:*.lzo=01;31:*.xz=01;31:*.zst=01;31:*.tzst=01;31:*.bz2=01;31:*.bz=01;31:*.tbz=01;31:*.tbz2=01;31:*.tz=01;31:*.deb=01;31:*.rpm=01;31:*.jar=01;31:*.war=01;31:*.ear=01;31:*.sar=01;31:*.rar=01;31:*.alz=01;31:*.ace=01;31:*.zoo=01;31:*.cpio=01;31:*.7z=01;31:*.rz=01;31:*.cab=01;31:*.wim=01;31:*.swm=01;31:*.dwm=01;31:*.esd=01;31:*.avif=01;35:*.jpg=01;35:*.jpeg=01;35:*.mjpg=01;35:*.mjpeg=01;35:*.gif=01;35:*.bmp=01;35:*.pbm=01;35:*.pgm=01;35:*.ppm=01;35:*.tga=01;35:*.xbm=01;35:*.xpm=01;35:*.tif=01;35:*.tiff=01;35:*.png=01;35:*.svg=01;35:*.svgz=01;35:*.mng=01;35:*.pcx=01;35:*.mov=01;35:*.mpg=01;35:*.mpeg=01;35:*.m2v=01;35:*.mkv=01;35:*.webm=01;35:*.webp=01;35:*.ogm=01;35:*.mp4=01;35:*.m4v=01;35:*.mp4v=01;35:*.vob=01;35:*.qt=01;35:*.nuv=01;35:*.wmv=01;35:*.asf=01;35:*.rm=01;35:*.rmvb=01;35:*.flc=01;35:*.avi=01;35:*.fli=01;35:*.flv=01;35:*.gl=01;35:*.dl=01;35:*.xcf=01;35:*.xwd=01;35:*.yuv=01;35:*.cgm=01;35:*.emf=01;35:*.ogv=01;35:*.ogx=01;35:*.aac=00;36:*.au=00;36:*.flac=00;36:*.m4a=00;36:*.mid=00;36:*.midi=00;36:*.mka=00;36:*.mp3=00;36:*.mpc=00;36:*.ogg=00;36:*.ra=00;36:*.wav=00;36:*.oga=00;36:*.opus=00;36:*.spx=00;36:*.xspf=00;36:*~=00;90:*#=00;90:*.bak=00;90:*.crdownload=00;90:*.dpkg-dist=00;90:*.dpkg-new=00;90:*.dpkg-old=00;90:*.dpkg-tmp=00;90:*.old=00;90:*.orig=00;90:*.part=00;90:*.rej=00;90:*.rpmnew=00;90:*.rpmorig=00;90:*.rpmsave=00;90:*.swp=00;90:*.tmp=00;90:*.ucf-dist=00;90:*.ucf-new=00;90:*.ucf-old=00;90:', 'ROS_DOMAIN_ID': '10', 'AMENT_PREFIX_PATH': '/home/mvibot/floorCleaningRobot_ws/install/tf2_web_republisher:/home/mvibot/floorCleaningRobot_ws/install/tf2_web_republisher_interfaces:/home/mvibot/floorCleaningRobot_ws/install/sllidar_ros2:/home/mvibot/floorCleaningRobot_ws/install/realsense2_description:/home/mvibot/floorCleaningRobot_ws/install/realsense2_camera:/home/mvibot/floorCleaningRobot_ws/install/realsense2_camera_msgs:/home/mvibot/floorCleaningRobot_ws/install/pointcloud_to_laserscan:/home/mvibot/floorCleaningRobot_ws/install/opennav_coverage_demo:/home/mvibot/floorCleaningRobot_ws/install/opennav_row_coverage:/home/mvibot/floorCleaningRobot_ws/install/opennav_coverage_navigator:/home/mvibot/floorCleaningRobot_ws/install/opennav_coverage_bt:/home/mvibot/floorCleaningRobot_ws/install/opennav_coverage:/home/mvibot/floorCleaningRobot_ws/install/mission_layer_mvibot:/home/mvibot/floorCleaningRobot_ws/install/opennav_coverage_msgs:/home/mvibot/floorCleaningRobot_ws/install/lower_layer_mvibot:/home/mvibot/floorCleaningRobot_ws/install/ira_laser_tools:/home/mvibot/floorCleaningRobot_ws/install/higher_layer_mvibot:/opt/ros/jazzy', 'SHELL': '/bin/bash', 'LESSCLOSE': '/usr/bin/lesspipe %s %s', 'ROS_AUTOMATIC_DISCOVERY_RANGE': 'SUBNET', 'PWD': '/home/mvibot/floorCleaningRobot_ws/build/mission_layer_mvibot', 'LC_ALL': 'en_US.UTF-8', 'SSH_CONNECTION': '10.0.60.48 56764 10.0.70.69 22', 'NVM_CD_FLAGS': '', 'XDG_DATA_DIRS': '/usr/share/gnome:/usr/local/share:/usr/share:/var/lib/snapd/desktop', 'PYTHONPATH': '/home/mvibot/floorCleaningRobot_ws/install/opennav_coverage_msgs/lib/python3.12/site-packages:/home/mvibot/floorCleaningRobot_ws/install/tf2_web_republisher_interfaces/lib/python3.12/site-packages:/home/mvibot/floorCleaningRobot_ws/install/realsense2_camera_msgs/lib/python3.12/site-packages:/home/mvibot/floorCleaningRobot_ws/build/opennav_coverage_demo:/home/mvibot/floorCleaningRobot_ws/install/opennav_coverage_demo/lib/python3.12/site-packages:/opt/ros/jazzy/lib/python3.12/site-packages', 'COLCON': '1', 'CMAKE_PREFIX_PATH': '/home/mvibot/floorCleaningRobot_ws/install/opennav_coverage_msgs:/home/mvibot/floorCleaningRobot_ws/install/tf2_web_republisher:/home/mvibot/floorCleaningRobot_ws/install/tf2_web_republisher_interfaces:/home/mvibot/floorCleaningRobot_ws/install/sllidar_ros2:/home/mvibot/floorCleaningRobot_ws/install/realsense2_description:/home/mvibot/floorCleaningRobot_ws/install/realsense2_camera:/home/mvibot/floorCleaningRobot_ws/install/realsense2_camera_msgs:/home/mvibot/floorCleaningRobot_ws/install/pointcloud_to_laserscan:/home/mvibot/floorCleaningRobot_ws/install/opennav_row_coverage:/home/mvibot/floorCleaningRobot_ws/install/opennav_coverage_navigator:/home/mvibot/floorCleaningRobot_ws/install/opennav_coverage_bt:/home/mvibot/floorCleaningRobot_ws/install/opennav_coverage:/home/mvibot/floorCleaningRobot_ws/install/mission_layer_mvibot:/home/mvibot/floorCleaningRobot_ws/install/lower_layer_mvibot:/home/mvibot/floorCleaningRobot_ws/install/ira_laser_tools:/home/mvibot/floorCleaningRobot_ws/install/higher_layer_mvibot:/home/mvibot/floorCleaningRobot_ws/install/fields2cover:/opt/ros/jazzy/opt/gz_sim_vendor:/opt/ros/jazzy/opt/gz_sensors_vendor:/opt/ros/jazzy/opt/gz_physics_vendor:/opt/ros/jazzy/opt/sdformat_vendor:/opt/ros/jazzy/opt/gz_gui_vendor:/opt/ros/jazzy/opt/gz_transport_vendor:/opt/ros/jazzy/opt/gz_rendering_vendor:/opt/ros/jazzy/opt/gz_plugin_vendor:/opt/ros/jazzy/opt/gz_fuel_tools_vendor:/opt/ros/jazzy/opt/gz_msgs_vendor:/opt/ros/jazzy/opt/gz_common_vendor:/opt/ros/jazzy/opt/gz_math_vendor:/opt/ros/jazzy/opt/gz_utils_vendor:/opt/ros/jazzy/opt/gz_tools_vendor:/opt/ros/jazzy/opt/gz_ogre_next_vendor:/opt/ros/jazzy/opt/gz_dartsim_vendor:/opt/ros/jazzy/opt/gz_cmake_vendor:/home/mvibot/floorCleaningRobot_ws/install/opennav_coverage_demo:/opt/ros/jazzy'}), 'shell': False}
[0.099706] (-) TimerEvent: {}
[0.199955] (-) TimerEvent: {}
[0.300165] (-) TimerEvent: {}
[0.330758] (mission_layer_mvibot) StdoutLine: {'line': b'[ 50%] \x1b[32mBuilding CXX object CMakeFiles/mvibot_mission.dir/src/mvibot_mission.cpp.o\x1b[0m\n'}
[0.400265] (-) TimerEvent: {}
[0.500526] (-) TimerEvent: {}
[0.600765] (-) TimerEvent: {}
[0.701024] (-) TimerEvent: {}
[0.801307] (-) TimerEvent: {}
[0.901594] (-) TimerEvent: {}
[1.001835] (-) TimerEvent: {}
[1.102166] (-) TimerEvent: {}
[1.202420] (-) TimerEvent: {}
[1.302724] (-) TimerEvent: {}
[1.403049] (-) TimerEvent: {}
[1.503390] (-) TimerEvent: {}
[1.603718] (-) TimerEvent: {}
[1.704019] (-) TimerEvent: {}
[1.804295] (-) TimerEvent: {}
[1.904525] (-) TimerEvent: {}
[2.004770] (-) TimerEvent: {}
[2.105030] (-) TimerEvent: {}
[2.205301] (-) TimerEvent: {}
[2.305581] (-) TimerEvent: {}
[2.405830] (-) TimerEvent: {}
[2.506226] (-) TimerEvent: {}
[2.606583] (-) TimerEvent: {}
[2.706942] (-) TimerEvent: {}
[2.807260] (-) TimerEvent: {}
[2.907565] (-) TimerEvent: {}
[3.007831] (-) TimerEvent: {}
[3.108082] (-) TimerEvent: {}
[3.208337] (-) TimerEvent: {}
[3.308563] (-) TimerEvent: {}
[3.408811] (-) TimerEvent: {}
[3.509192] (-) TimerEvent: {}
[3.609636] (-) TimerEvent: {}
[3.710246] (-) TimerEvent: {}
[3.810562] (-) TimerEvent: {}
[3.910811] (-) TimerEvent: {}
[4.011040] (-) TimerEvent: {}
[4.111335] (-) TimerEvent: {}
[4.211595] (-) TimerEvent: {}
[4.311851] (-) TimerEvent: {}
[4.412113] (-) TimerEvent: {}
[4.512392] (-) TimerEvent: {}
[4.612687] (-) TimerEvent: {}
[4.713131] (-) TimerEvent: {}
[4.814617] (-) TimerEvent: {}
[4.914958] (-) TimerEvent: {}
[5.015294] (-) TimerEvent: {}
[5.115620] (-) TimerEvent: {}
[5.216013] (-) TimerEvent: {}
[5.316346] (-) TimerEvent: {}
[5.416735] (-) TimerEvent: {}
[5.517160] (-) TimerEvent: {}
[5.617560] (-) TimerEvent: {}
[5.717977] (-) TimerEvent: {}
[5.818255] (-) TimerEvent: {}
[5.918514] (-) TimerEvent: {}
[6.018770] (-) TimerEvent: {}
[6.119042] (-) TimerEvent: {}
[6.219321] (-) TimerEvent: {}
[6.319583] (-) TimerEvent: {}
[6.419887] (-) TimerEvent: {}
[6.520169] (-) TimerEvent: {}
[6.620395] (-) TimerEvent: {}
[6.720622] (-) TimerEvent: {}
[6.820833] (-) TimerEvent: {}
[6.921082] (-) TimerEvent: {}
[6.960900] (mission_layer_mvibot) StderrLine: {'line': b'In file included from \x1b[01m\x1b[K/home/mvibot/floorCleaningRobot_ws/src/mission_layer_mvibot/src/mvibot_mission.cpp:3\x1b[m\x1b[K:\n'}
[6.961178] (mission_layer_mvibot) StderrLine: {'line': b'\x1b[01m\x1b[K/home/mvibot/floorCleaningRobot_ws/src/mission_layer_mvibot/src/../include/mission_layer_mvibot/mvibot_mission/manage_mission.h:\x1b[m\x1b[K In lambda function:\n'}
[6.961269] (mission_layer_mvibot) StderrLine: {'line': b'\x1b[01m\x1b[K/home/mvibot/floorCleaningRobot_ws/src/mission_layer_mvibot/src/../include/mission_layer_mvibot/mvibot_mission/manage_mission.h:254:34:\x1b[m\x1b[K \x1b[01;35m\x1b[Kwarning: \x1b[m\x1b[Kcomparison of integer expressions of different signedness: \xe2\x80\x98\x1b[01m\x1b[Kint\x1b[m\x1b[K\xe2\x80\x99 and \xe2\x80\x98\x1b[01m\x1b[Kstd::vector<std::__cxx11::basic_string<char>, std::allocator<std::__cxx11::basic_string<char> > >::size_type\x1b[m\x1b[K\xe2\x80\x99 {aka \xe2\x80\x98\x1b[01m\x1b[Klong unsigned int\x1b[m\x1b[K\xe2\x80\x99} [\x1b[01;35m\x1b[K\x1b]8;;https://gcc.gnu.org/onlinedocs/gcc/Warning-Options.html#index-Wsign-compare\x07-Wsign-compare\x1b]8;;\x07\x1b[m\x1b[K]\n'}
[6.961356] (mission_layer_mvibot) StderrLine: {'line': b'  254 |                     for(int i=1;\x1b[01;35m\x1b[Ki<data.data1.size()\x1b[m\x1b[K;i++){\n'}
[6.961429] (mission_layer_mvibot) StderrLine: {'line': b'      |                                 \x1b[01;35m\x1b[K~^~~~~~~~~~~~~~~~~~\x1b[m\x1b[K\n'}
[6.982512] (mission_layer_mvibot) StderrLine: {'line': b'\x1b[01m\x1b[K/home/mvibot/floorCleaningRobot_ws/src/mission_layer_mvibot/src/../include/mission_layer_mvibot/mvibot_mission/manage_mission.h:\x1b[m\x1b[K In lambda function:\n'}
[6.982738] (mission_layer_mvibot) StderrLine: {'line': b'\x1b[01m\x1b[K/home/mvibot/floorCleaningRobot_ws/src/mission_layer_mvibot/src/../include/mission_layer_mvibot/mvibot_mission/manage_mission.h:289:72:\x1b[m\x1b[K \x1b[01;35m\x1b[Kwarning: \x1b[m\x1b[Kunused parameter \xe2\x80\x98\x1b[01m\x1b[Kmsg\x1b[m\x1b[K\xe2\x80\x99 [\x1b[01;35m\x1b[K\x1b]8;;https://gcc.gnu.org/onlinedocs/gcc/Warning-Options.html#index-Wunused-parameter\x07-Wunused-parameter\x1b]8;;\x07\x1b[m\x1b[K]\n'}
[6.982819] (mission_layer_mvibot) StderrLine: {'line': b'  289 |             auto reset_mission_callback = [this](\x1b[01;35m\x1b[Kstd_msgs::msg::String msg\x1b[m\x1b[K)->void{\n'}
[6.982891] (mission_layer_mvibot) StderrLine: {'line': b'      |                                                  \x1b[01;35m\x1b[K~~~~~~~~~~~~~~~~~~~~~~^~~\x1b[m\x1b[K\n'}
[6.983210] (mission_layer_mvibot) StderrLine: {'line': b'\x1b[01m\x1b[K/home/mvibot/floorCleaningRobot_ws/src/mission_layer_mvibot/src/../include/mission_layer_mvibot/mvibot_mission/manage_mission.h:\x1b[m\x1b[K In lambda function:\n'}
[6.983432] (mission_layer_mvibot) StderrLine: {'line': b'\x1b[01m\x1b[K/home/mvibot/floorCleaningRobot_ws/src/mission_layer_mvibot/src/../include/mission_layer_mvibot/mvibot_mission/manage_mission.h:311:30:\x1b[m\x1b[K \x1b[01;35m\x1b[Kwarning: \x1b[m\x1b[Kcomparison of integer expressions of different signedness: \xe2\x80\x98\x1b[01m\x1b[Kint\x1b[m\x1b[K\xe2\x80\x99 and \xe2\x80\x98\x1b[01m\x1b[Kstd::vector<std::__cxx11::basic_string<char>, std::allocator<std::__cxx11::basic_string<char> > >::size_type\x1b[m\x1b[K\xe2\x80\x99 {aka \xe2\x80\x98\x1b[01m\x1b[Klong unsigned int\x1b[m\x1b[K\xe2\x80\x99} [\x1b[01;35m\x1b[K\x1b]8;;https://gcc.gnu.org/onlinedocs/gcc/Warning-Options.html#index-Wsign-compare\x07-Wsign-compare\x1b]8;;\x07\x1b[m\x1b[K]\n'}
[6.983562] (mission_layer_mvibot) StderrLine: {'line': b'  311 |                 for(int i=0;\x1b[01;35m\x1b[Ki<data.data1.size()\x1b[m\x1b[K;i++){\n'}
[6.983637] (mission_layer_mvibot) StderrLine: {'line': b'      |                             \x1b[01;35m\x1b[K~^~~~~~~~~~~~~~~~~~\x1b[m\x1b[K\n'}
[6.984756] (mission_layer_mvibot) StderrLine: {'line': b'\x1b[01m\x1b[K/home/mvibot/floorCleaningRobot_ws/src/mission_layer_mvibot/src/../include/mission_layer_mvibot/mvibot_mission/manage_mission.h:308:36:\x1b[m\x1b[K \x1b[01;35m\x1b[Kwarning: \x1b[m\x1b[Kunused variable \xe2\x80\x98\x1b[01m\x1b[Klive_f\x1b[m\x1b[K\xe2\x80\x99 [\x1b[01;35m\x1b[K\x1b]8;;https://gcc.gnu.org/onlinedocs/gcc/Warning-Options.html#index-Wunused-variable\x07-Wunused-variable\x1b]8;;\x07\x1b[m\x1b[K]\n'}
[6.985077] (mission_layer_mvibot) StderrLine: {'line': b'  308 |                 static int live=-1,\x1b[01;35m\x1b[Klive_f\x1b[m\x1b[K=-1,brake=-1,brake_f=-1,enable=-1,enable_f=-1,error=-1,error_f=-1;\n'}
[6.985229] (mission_layer_mvibot) StderrLine: {'line': b'      |                                    \x1b[01;35m\x1b[K^~~~~~\x1b[m\x1b[K\n'}
[6.985308] (mission_layer_mvibot) StderrLine: {'line': b'\x1b[01m\x1b[K/home/mvibot/floorCleaningRobot_ws/src/mission_layer_mvibot/src/../include/mission_layer_mvibot/mvibot_mission/manage_mission.h:308:55:\x1b[m\x1b[K \x1b[01;35m\x1b[Kwarning: \x1b[m\x1b[Kunused variable \xe2\x80\x98\x1b[01m\x1b[Kbrake_f\x1b[m\x1b[K\xe2\x80\x99 [\x1b[01;35m\x1b[K\x1b]8;;https://gcc.gnu.org/onlinedocs/gcc/Warning-Options.html#index-Wunused-variable\x07-Wunused-variable\x1b]8;;\x07\x1b[m\x1b[K]\n'}
[6.985393] (mission_layer_mvibot) StderrLine: {'line': b'  308 |                 static int live=-1,live_f=-1,brake=-1,\x1b[01;35m\x1b[Kbrake_f\x1b[m\x1b[K=-1,enable=-1,enable_f=-1,error=-1,error_f=-1;\n'}
[6.985490] (mission_layer_mvibot) StderrLine: {'line': b'      |                                                       \x1b[01;35m\x1b[K^~~~~~~\x1b[m\x1b[K\n'}
[6.985579] (mission_layer_mvibot) StderrLine: {'line': b'\x1b[01m\x1b[K/home/mvibot/floorCleaningRobot_ws/src/mission_layer_mvibot/src/../include/mission_layer_mvibot/mvibot_mission/manage_mission.h:308:76:\x1b[m\x1b[K \x1b[01;35m\x1b[Kwarning: \x1b[m\x1b[Kunused variable \xe2\x80\x98\x1b[01m\x1b[Kenable_f\x1b[m\x1b[K\xe2\x80\x99 [\x1b[01;35m\x1b[K\x1b]8;;https://gcc.gnu.org/onlinedocs/gcc/Warning-Options.html#index-Wunused-variable\x07-Wunused-variable\x1b]8;;\x07\x1b[m\x1b[K]\n'}
[6.985681] (mission_layer_mvibot) StderrLine: {'line': b'  308 |                 static int live=-1,live_f=-1,brake=-1,brake_f=-1,enable=-1,\x1b[01;35m\x1b[Kenable_f\x1b[m\x1b[K=-1,error=-1,error_f=-1;\n'}
[6.985776] (mission_layer_mvibot) StderrLine: {'line': b'      |                                                                            \x1b[01;35m\x1b[K^~~~~~~~\x1b[m\x1b[K\n'}
[6.985856] (mission_layer_mvibot) StderrLine: {'line': b'\x1b[01m\x1b[K/home/mvibot/floorCleaningRobot_ws/src/mission_layer_mvibot/src/../include/mission_layer_mvibot/mvibot_mission/manage_mission.h:308:88:\x1b[m\x1b[K \x1b[01;35m\x1b[Kwarning: \x1b[m\x1b[Kvariable \xe2\x80\x98\x1b[01m\x1b[Kerror\x1b[m\x1b[K\xe2\x80\x99 set but not used [\x1b[01;35m\x1b[K\x1b]8;;https://gcc.gnu.org/onlinedocs/gcc/Warning-Options.html#index-Wunused-but-set-variable\x07-Wunused-but-set-variable\x1b]8;;\x07\x1b[m\x1b[K]\n'}
[6.985935] (mission_layer_mvibot) StderrLine: {'line': b'  308 |                 static int live=-1,live_f=-1,brake=-1,brake_f=-1,enable=-1,enable_f=-1,\x1b[01;35m\x1b[Kerror\x1b[m\x1b[K=-1,error_f=-1;\n'}
[6.986010] (mission_layer_mvibot) StderrLine: {'line': b'      |                                                                                        \x1b[01;35m\x1b[K^~~~~\x1b[m\x1b[K\n'}
[6.986111] (mission_layer_mvibot) StderrLine: {'line': b'\x1b[01m\x1b[K/home/mvibot/floorCleaningRobot_ws/src/mission_layer_mvibot/src/../include/mission_layer_mvibot/mvibot_mission/manage_mission.h:308:97:\x1b[m\x1b[K \x1b[01;35m\x1b[Kwarning: \x1b[m\x1b[Kunused variable \xe2\x80\x98\x1b[01m\x1b[Kerror_f\x1b[m\x1b[K\xe2\x80\x99 [\x1b[01;35m\x1b[K\x1b]8;;https://gcc.gnu.org/onlinedocs/gcc/Warning-Options.html#index-Wunused-variable\x07-Wunused-variable\x1b]8;;\x07\x1b[m\x1b[K]\n'}
[6.986209] (mission_layer_mvibot) StderrLine: {'line': b'  308 |                 static int live=-1,live_f=-1,brake=-1,brake_f=-1,enable=-1,enable_f=-1,error=-1,\x1b[01;35m\x1b[Kerror_f\x1b[m\x1b[K=-1;\n'}
[6.986293] (mission_layer_mvibot) StderrLine: {'line': b'      |                                                                                                 \x1b[01;35m\x1b[K^~~~~~~\x1b[m\x1b[K\n'}
[6.986474] (mission_layer_mvibot) StderrLine: {'line': b'\x1b[01m\x1b[K/home/mvibot/floorCleaningRobot_ws/src/mission_layer_mvibot/src/../include/mission_layer_mvibot/mvibot_mission/manage_mission.h:\x1b[m\x1b[K In lambda function:\n'}
[6.986621] (mission_layer_mvibot) StderrLine: {'line': b'\x1b[01m\x1b[K/home/mvibot/floorCleaningRobot_ws/src/mission_layer_mvibot/src/../include/mission_layer_mvibot/mvibot_mission/manage_mission.h:340:30:\x1b[m\x1b[K \x1b[01;35m\x1b[Kwarning: \x1b[m\x1b[Kcomparison of integer expressions of different signedness: \xe2\x80\x98\x1b[01m\x1b[Kint\x1b[m\x1b[K\xe2\x80\x99 and \xe2\x80\x98\x1b[01m\x1b[Kstd::vector<std::__cxx11::basic_string<char>, std::allocator<std::__cxx11::basic_string<char> > >::size_type\x1b[m\x1b[K\xe2\x80\x99 {aka \xe2\x80\x98\x1b[01m\x1b[Klong unsigned int\x1b[m\x1b[K\xe2\x80\x99} [\x1b[01;35m\x1b[K\x1b]8;;https://gcc.gnu.org/onlinedocs/gcc/Warning-Options.html#index-Wsign-compare\x07-Wsign-compare\x1b]8;;\x07\x1b[m\x1b[K]\n'}
[6.986733] (mission_layer_mvibot) StderrLine: {'line': b'  340 |                 for(int i=0;\x1b[01;35m\x1b[Ki<data.data1.size()\x1b[m\x1b[K;i++){\n'}
[6.986869] (mission_layer_mvibot) StderrLine: {'line': b'      |                             \x1b[01;35m\x1b[K~^~~~~~~~~~~~~~~~~~\x1b[m\x1b[K\n'}
[6.987555] (mission_layer_mvibot) StderrLine: {'line': b'\x1b[01m\x1b[K/home/mvibot/floorCleaningRobot_ws/src/mission_layer_mvibot/src/../include/mission_layer_mvibot/mvibot_mission/manage_mission.h:336:36:\x1b[m\x1b[K \x1b[01;35m\x1b[Kwarning: \x1b[m\x1b[Kunused variable \xe2\x80\x98\x1b[01m\x1b[Klive_f\x1b[m\x1b[K\xe2\x80\x99 [\x1b[01;35m\x1b[K\x1b]8;;https://gcc.gnu.org/onlinedocs/gcc/Warning-Options.html#index-Wunused-variable\x07-Wunused-variable\x1b]8;;\x07\x1b[m\x1b[K]\n'}
[6.987686] (mission_layer_mvibot) StderrLine: {'line': b'  336 |                 static int live=-1,\x1b[01;35m\x1b[Klive_f\x1b[m\x1b[K=-1,brake=-1,brake_f=-1,enable=-1,enable_f=-1,error=-1,error_f=-1;\n'}
[6.987755] (mission_layer_mvibot) StderrLine: {'line': b'      |                                    \x1b[01;35m\x1b[K^~~~~~\x1b[m\x1b[K\n'}
[6.987843] (mission_layer_mvibot) StderrLine: {'line': b'\x1b[01m\x1b[K/home/mvibot/floorCleaningRobot_ws/src/mission_layer_mvibot/src/../include/mission_layer_mvibot/mvibot_mission/manage_mission.h:336:55:\x1b[m\x1b[K \x1b[01;35m\x1b[Kwarning: \x1b[m\x1b[Kunused variable \xe2\x80\x98\x1b[01m\x1b[Kbrake_f\x1b[m\x1b[K\xe2\x80\x99 [\x1b[01;35m\x1b[K\x1b]8;;https://gcc.gnu.org/onlinedocs/gcc/Warning-Options.html#index-Wunused-variable\x07-Wunused-variable\x1b]8;;\x07\x1b[m\x1b[K]\n'}
[6.987958] (mission_layer_mvibot) StderrLine: {'line': b'  336 |                 static int live=-1,live_f=-1,brake=-1,\x1b[01;35m\x1b[Kbrake_f\x1b[m\x1b[K=-1,enable=-1,enable_f=-1,error=-1,error_f=-1;\n'}
[6.988091] (mission_layer_mvibot) StderrLine: {'line': b'      |                                                       \x1b[01;35m\x1b[K^~~~~~~\x1b[m\x1b[K\n'}
[6.988334] (mission_layer_mvibot) StderrLine: {'line': b'\x1b[01m\x1b[K/home/mvibot/floorCleaningRobot_ws/src/mission_layer_mvibot/src/../include/mission_layer_mvibot/mvibot_mission/manage_mission.h:336:76:\x1b[m\x1b[K \x1b[01;35m\x1b[Kwarning: \x1b[m\x1b[Kunused variable \xe2\x80\x98\x1b[01m\x1b[Kenable_f\x1b[m\x1b[K\xe2\x80\x99 [\x1b[01;35m\x1b[K\x1b]8;;https://gcc.gnu.org/onlinedocs/gcc/Warning-Options.html#index-Wunused-variable\x07-Wunused-variable\x1b]8;;\x07\x1b[m\x1b[K]\n'}
[6.988641] (mission_layer_mvibot) StderrLine: {'line': b'  336 |                 static int live=-1,live_f=-1,brake=-1,brake_f=-1,enable=-1,\x1b[01;35m\x1b[Kenable_f\x1b[m\x1b[K=-1,error=-1,error_f=-1;\n'}
[6.988882] (mission_layer_mvibot) StderrLine: {'line': b'      |                                                                            \x1b[01;35m\x1b[K^~~~~~~~\x1b[m\x1b[K\n'}
[6.988994] (mission_layer_mvibot) StderrLine: {'line': b'\x1b[01m\x1b[K/home/mvibot/floorCleaningRobot_ws/src/mission_layer_mvibot/src/../include/mission_layer_mvibot/mvibot_mission/manage_mission.h:336:88:\x1b[m\x1b[K \x1b[01;35m\x1b[Kwarning: \x1b[m\x1b[Kvariable \xe2\x80\x98\x1b[01m\x1b[Kerror\x1b[m\x1b[K\xe2\x80\x99 set but not used [\x1b[01;35m\x1b[K\x1b]8;;https://gcc.gnu.org/onlinedocs/gcc/Warning-Options.html#index-Wunused-but-set-variable\x07-Wunused-but-set-variable\x1b]8;;\x07\x1b[m\x1b[K]\n'}
[6.989612] (mission_layer_mvibot) StderrLine: {'line': b'  336 |                 static int live=-1,live_f=-1,brake=-1,brake_f=-1,enable=-1,enable_f=-1,\x1b[01;35m\x1b[Kerror\x1b[m\x1b[K=-1,error_f=-1;\n'}
[6.989682] (mission_layer_mvibot) StderrLine: {'line': b'      |                                                                                        \x1b[01;35m\x1b[K^~~~~\x1b[m\x1b[K\n'}
[6.989774] (mission_layer_mvibot) StderrLine: {'line': b'\x1b[01m\x1b[K/home/mvibot/floorCleaningRobot_ws/src/mission_layer_mvibot/src/../include/mission_layer_mvibot/mvibot_mission/manage_mission.h:336:97:\x1b[m\x1b[K \x1b[01;35m\x1b[Kwarning: \x1b[m\x1b[Kunused variable \xe2\x80\x98\x1b[01m\x1b[Kerror_f\x1b[m\x1b[K\xe2\x80\x99 [\x1b[01;35m\x1b[K\x1b]8;;https://gcc.gnu.org/onlinedocs/gcc/Warning-Options.html#index-Wunused-variable\x07-Wunused-variable\x1b]8;;\x07\x1b[m\x1b[K]\n'}
[6.989869] (mission_layer_mvibot) StderrLine: {'line': b'  336 |                 static int live=-1,live_f=-1,brake=-1,brake_f=-1,enable=-1,enable_f=-1,error=-1,\x1b[01;35m\x1b[Kerror_f\x1b[m\x1b[K=-1;\n'}
[6.989943] (mission_layer_mvibot) StderrLine: {'line': b'      |                                                                                                 \x1b[01;35m\x1b[K^~~~~~~\x1b[m\x1b[K\n'}
[7.021159] (-) TimerEvent: {}
[7.042567] (mission_layer_mvibot) StderrLine: {'line': b'\x1b[01m\x1b[K/home/mvibot/floorCleaningRobot_ws/src/mission_layer_mvibot/src/../include/mission_layer_mvibot/mvibot_mission/manage_mission.h:\x1b[m\x1b[K In member function \xe2\x80\x98\x1b[01m\x1b[Kdouble* manage_mission::\x1b[01;32m\x1b[Kget_position_tf\x1b[m\x1b[K(std::string, std::string)\x1b[m\x1b[K\xe2\x80\x99:\n'}
[7.042885] (mission_layer_mvibot) StderrLine: {'line': b'\x1b[01m\x1b[K/home/mvibot/floorCleaningRobot_ws/src/mission_layer_mvibot/src/../include/mission_layer_mvibot/mvibot_mission/manage_mission.h:628:23:\x1b[m\x1b[K \x1b[01;35m\x1b[Kwarning: \x1b[m\x1b[Kvariable \xe2\x80\x98\x1b[01m\x1b[Kz\x1b[m\x1b[K\xe2\x80\x99 set but not used [\x1b[01;35m\x1b[K\x1b]8;;https://gcc.gnu.org/onlinedocs/gcc/Warning-Options.html#index-Wunused-but-set-variable\x07-Wunused-but-set-variable\x1b]8;;\x07\x1b[m\x1b[K]\n'}
[7.043077] (mission_layer_mvibot) StderrLine: {'line': b'  628 |     static double x,y,\x1b[01;35m\x1b[Kz\x1b[m\x1b[K,thz,thw;\n'}
[7.043255] (mission_layer_mvibot) StderrLine: {'line': b'      |                       \x1b[01;35m\x1b[K^\x1b[m\x1b[K\n'}
[7.121281] (-) TimerEvent: {}
[7.121755] (mission_layer_mvibot) StderrLine: {'line': b'\x1b[01m\x1b[K/home/mvibot/floorCleaningRobot_ws/src/mission_layer_mvibot/src/../include/mission_layer_mvibot/mvibot_mission/manage_mission.h:\x1b[m\x1b[K In member function \xe2\x80\x98\x1b[01m\x1b[Kint manage_mission::\x1b[01;32m\x1b[Kexecute_content\x1b[m\x1b[K(mission&, std::vector<std::__cxx11::basic_string<char>, std::allocator<std::__cxx11::basic_string<char> > >&, std::string&, int&)\x1b[m\x1b[K\xe2\x80\x99:\n'}
[7.122042] (mission_layer_mvibot) StderrLine: {'line': b'\x1b[01m\x1b[K/home/mvibot/floorCleaningRobot_ws/src/mission_layer_mvibot/src/../include/mission_layer_mvibot/mvibot_mission/manage_mission.h:1015:14:\x1b[m\x1b[K \x1b[01;35m\x1b[Kwarning: \x1b[m\x1b[Kcomparison of integer expressions of different signedness: \xe2\x80\x98\x1b[01m\x1b[Kint\x1b[m\x1b[K\xe2\x80\x99 and \xe2\x80\x98\x1b[01m\x1b[Kstd::vector<std::__cxx11::basic_string<char>, std::allocator<std::__cxx11::basic_string<char> > >::size_type\x1b[m\x1b[K\xe2\x80\x99 {aka \xe2\x80\x98\x1b[01m\x1b[Klong unsigned int\x1b[m\x1b[K\xe2\x80\x99} [\x1b[01;35m\x1b[K\x1b]8;;https://gcc.gnu.org/onlinedocs/gcc/Warning-Options.html#index-Wsign-compare\x07-Wsign-compare\x1b]8;;\x07\x1b[m\x1b[K]\n'}
[7.122227] (mission_layer_mvibot) StderrLine: {'line': b' 1015 |         if(\x1b[01;35m\x1b[Ki == and_contents_list.size()\x1b[m\x1b[K){\n'}
[7.122410] (mission_layer_mvibot) StderrLine: {'line': b'      |            \x1b[01;35m\x1b[K~~^~~~~~~~~~~~~~~~~~~~~~~~~~~\x1b[m\x1b[K\n'}
[7.123165] (mission_layer_mvibot) StderrLine: {'line': b'\x1b[01m\x1b[K/home/mvibot/floorCleaningRobot_ws/src/mission_layer_mvibot/src/../include/mission_layer_mvibot/mvibot_mission/manage_mission.h:1038:14:\x1b[m\x1b[K \x1b[01;35m\x1b[Kwarning: \x1b[m\x1b[Kcomparison of integer expressions of different signedness: \xe2\x80\x98\x1b[01m\x1b[Kint\x1b[m\x1b[K\xe2\x80\x99 and \xe2\x80\x98\x1b[01m\x1b[Kstd::vector<std::__cxx11::basic_string<char>, std::allocator<std::__cxx11::basic_string<char> > >::size_type\x1b[m\x1b[K\xe2\x80\x99 {aka \xe2\x80\x98\x1b[01m\x1b[Klong unsigned int\x1b[m\x1b[K\xe2\x80\x99} [\x1b[01;35m\x1b[K\x1b]8;;https://gcc.gnu.org/onlinedocs/gcc/Warning-Options.html#index-Wsign-compare\x07-Wsign-compare\x1b]8;;\x07\x1b[m\x1b[K]\n'}
[7.123398] (mission_layer_mvibot) StderrLine: {'line': b' 1038 |         if(\x1b[01;35m\x1b[Ki == or_contents_list.size()\x1b[m\x1b[K){\n'}
[7.123509] (mission_layer_mvibot) StderrLine: {'line': b'      |            \x1b[01;35m\x1b[K~~^~~~~~~~~~~~~~~~~~~~~~~~~~\x1b[m\x1b[K\n'}
[7.221379] (-) TimerEvent: {}
[7.322133] (-) TimerEvent: {}
[7.422473] (-) TimerEvent: {}
[7.487723] (mission_layer_mvibot) StderrLine: {'line': b'In file included from \x1b[01m\x1b[K/home/mvibot/floorCleaningRobot_ws/src/mission_layer_mvibot/src/mvibot_mission.cpp:4\x1b[m\x1b[K:\n'}
[7.487994] (mission_layer_mvibot) StderrLine: {'line': b'\x1b[01m\x1b[K/home/mvibot/floorCleaningRobot_ws/src/mission_layer_mvibot/src/../include/mission_layer_mvibot/mvibot_mission/navigation_function.h:\x1b[m\x1b[K In lambda function:\n'}
[7.488160] (mission_layer_mvibot) StderrLine: {'line': b'\x1b[01m\x1b[K/home/mvibot/floorCleaningRobot_ws/src/mission_layer_mvibot/src/../include/mission_layer_mvibot/mvibot_mission/navigation_function.h:307:120:\x1b[m\x1b[K \x1b[01;35m\x1b[Kwarning: \x1b[m\x1b[Kunused parameter \xe2\x80\x98\x1b[01m\x1b[Kfeedback\x1b[m\x1b[K\xe2\x80\x99 [\x1b[01;35m\x1b[K\x1b]8;;https://gcc.gnu.org/onlinedocs/gcc/Warning-Options.html#index-Wunused-parameter\x07-Wunused-parameter\x1b]8;;\x07\x1b[m\x1b[K]\n'}
[7.488321] (mission_layer_mvibot) StderrLine: {'line': b'  307 |                         \x1b[01;35m\x1b[Kconst std::shared_ptr<const opennav_coverage_msgs::action::NavigateCompleteCoverage::Feedback> feedback\x1b[m\x1b[K) {\n'}
[7.488445] (mission_layer_mvibot) StderrLine: {'line': b'      |                         \x1b[01;35m\x1b[K~~~~~~~~~~~~~~~~~~~~~~~~~~~~~~~~~~~~~~~~~~~~~~~~~~~~~~~~~~~~~~~~~~~~~~~~~~~~~~~~~~~~~~~~~~~~~~~^~~~~~~~\x1b[m\x1b[K\n'}
[7.510037] (mission_layer_mvibot) StderrLine: {'line': b'\x1b[01m\x1b[K/home/mvibot/floorCleaningRobot_ws/src/mission_layer_mvibot/src/../include/mission_layer_mvibot/mvibot_mission/navigation_function.h:\x1b[m\x1b[K In lambda function:\n'}
[7.510285] (mission_layer_mvibot) StderrLine: {'line': b'\x1b[01m\x1b[K/home/mvibot/floorCleaningRobot_ws/src/mission_layer_mvibot/src/../include/mission_layer_mvibot/mvibot_mission/navigation_function.h:363:98:\x1b[m\x1b[K \x1b[01;35m\x1b[Kwarning: \x1b[m\x1b[Kunused parameter \xe2\x80\x98\x1b[01m\x1b[Kfeedback\x1b[m\x1b[K\xe2\x80\x99 [\x1b[01;35m\x1b[K\x1b]8;;https://gcc.gnu.org/onlinedocs/gcc/Warning-Options.html#index-Wunused-parameter\x07-Wunused-parameter\x1b]8;;\x07\x1b[m\x1b[K]\n'}
[7.510402] (mission_layer_mvibot) StderrLine: {'line': b'  363 |                         \x1b[01;35m\x1b[Kconst std::shared_ptr<const nav2_msgs::action::NavigateToPose::Feedback> feedback\x1b[m\x1b[K) {\n'}
[7.510481] (mission_layer_mvibot) StderrLine: {'line': b'      |                         \x1b[01;35m\x1b[K~~~~~~~~~~~~~~~~~~~~~~~~~~~~~~~~~~~~~~~~~~~~~~~~~~~~~~~~~~~~~~~~~~~~~~~~~^~~~~~~~\x1b[m\x1b[K\n'}
[7.522606] (-) TimerEvent: {}
[7.623089] (-) TimerEvent: {}
[7.626450] (mission_layer_mvibot) StderrLine: {'line': b'\x1b[01m\x1b[K/home/mvibot/floorCleaningRobot_ws/src/mission_layer_mvibot/src/../include/mission_layer_mvibot/mvibot_mission/navigation_function.h:\x1b[m\x1b[K In member function \xe2\x80\x98\x1b[01m\x1b[Kint navigation_function::\x1b[01;32m\x1b[Kaction\x1b[m\x1b[K()\x1b[m\x1b[K\xe2\x80\x99:\n'}
[7.626677] (mission_layer_mvibot) StderrLine: {'line': b'\x1b[01m\x1b[K/home/mvibot/floorCleaningRobot_ws/src/mission_layer_mvibot/src/../include/mission_layer_mvibot/mvibot_mission/navigation_function.h:700:16:\x1b[m\x1b[K \x1b[01;35m\x1b[Kwarning: \x1b[m\x1b[Kunused variable \xe2\x80\x98\x1b[01m\x1b[Kt\x1b[m\x1b[K\xe2\x80\x99 [\x1b[01;35m\x1b[K\x1b]8;;https://gcc.gnu.org/onlinedocs/gcc/Warning-Options.html#index-Wunused-variable\x07-Wunused-variable\x1b]8;;\x07\x1b[m\x1b[K]\n'}
[7.626791] (mission_layer_mvibot) StderrLine: {'line': b'  700 |     static int \x1b[01;35m\x1b[Kt\x1b[m\x1b[K = 0;\n'}
[7.626904] (mission_layer_mvibot) StderrLine: {'line': b'      |                \x1b[01;35m\x1b[K^\x1b[m\x1b[K\n'}
[7.723208] (-) TimerEvent: {}
[7.823709] (-) TimerEvent: {}
[7.873601] (mission_layer_mvibot) StderrLine: {'line': b'In file included from \x1b[01m\x1b[K/home/mvibot/floorCleaningRobot_ws/src/mission_layer_mvibot/src/mvibot_mission.cpp:6\x1b[m\x1b[K:\n'}
[7.873859] (mission_layer_mvibot) StderrLine: {'line': b'\x1b[01m\x1b[K/home/mvibot/floorCleaningRobot_ws/src/mission_layer_mvibot/src/../include/mission_layer_mvibot/mvibot_mission/marker_function.h:\x1b[m\x1b[K In member function \xe2\x80\x98\x1b[01m\x1b[Kdouble* marker_function::\x1b[01;32m\x1b[Kget_position\x1b[m\x1b[K(std::string, std::string)\x1b[m\x1b[K\xe2\x80\x99:\n'}
[7.873985] (mission_layer_mvibot) StderrLine: {'line': b'\x1b[01m\x1b[K/home/mvibot/floorCleaningRobot_ws/src/mission_layer_mvibot/src/../include/mission_layer_mvibot/mvibot_mission/marker_function.h:206:23:\x1b[m\x1b[K \x1b[01;35m\x1b[Kwarning: \x1b[m\x1b[Kvariable \xe2\x80\x98\x1b[01m\x1b[Kz\x1b[m\x1b[K\xe2\x80\x99 set but not used [\x1b[01;35m\x1b[K\x1b]8;;https://gcc.gnu.org/onlinedocs/gcc/Warning-Options.html#index-Wunused-but-set-variable\x07-Wunused-but-set-variable\x1b]8;;\x07\x1b[m\x1b[K]\n'}
[7.874122] (mission_layer_mvibot) StderrLine: {'line': b'  206 |     static double x,y,\x1b[01;35m\x1b[Kz\x1b[m\x1b[K,thz,thw;\n'}
[7.874251] (mission_layer_mvibot) StderrLine: {'line': b'      |                       \x1b[01;35m\x1b[K^\x1b[m\x1b[K\n'}
[7.876005] (mission_layer_mvibot) StderrLine: {'line': b'\x1b[01m\x1b[K/home/mvibot/floorCleaningRobot_ws/src/mission_layer_mvibot/src/../include/mission_layer_mvibot/mvibot_mission/marker_function.h:\x1b[m\x1b[K In member function \xe2\x80\x98\x1b[01m\x1b[Kint marker_function::\x1b[01;32m\x1b[Kcaculate_transforms_ofset\x1b[m\x1b[K()\x1b[m\x1b[K\xe2\x80\x99:\n'}
[7.876247] (mission_layer_mvibot) StderrLine: {'line': b'\x1b[01m\x1b[K/home/mvibot/floorCleaningRobot_ws/src/mission_layer_mvibot/src/../include/mission_layer_mvibot/mvibot_mission/marker_function.h:254:19:\x1b[m\x1b[K \x1b[01;35m\x1b[Kwarning: \x1b[m\x1b[Kvariable \xe2\x80\x98\x1b[01m\x1b[Ktheta\x1b[m\x1b[K\xe2\x80\x99 set but not used [\x1b[01;35m\x1b[K\x1b]8;;https://gcc.gnu.org/onlinedocs/gcc/Warning-Options.html#index-Wunused-but-set-variable\x07-Wunused-but-set-variable\x1b]8;;\x07\x1b[m\x1b[K]\n'}
[7.876408] (mission_layer_mvibot) StderrLine: {'line': b'  254 |     static double \x1b[01;35m\x1b[Ktheta\x1b[m\x1b[K;\n'}
[7.876538] (mission_layer_mvibot) StderrLine: {'line': b'      |                   \x1b[01;35m\x1b[K^~~~~\x1b[m\x1b[K\n'}
[7.897343] (mission_layer_mvibot) StderrLine: {'line': b'\x1b[01m\x1b[K/home/mvibot/floorCleaningRobot_ws/src/mission_layer_mvibot/src/../include/mission_layer_mvibot/mvibot_mission/marker_function.h:\x1b[m\x1b[K In member function \xe2\x80\x98\x1b[01m\x1b[Kint marker_function::\x1b[01;32m\x1b[Kmove_to_goal\x1b[m\x1b[K()\x1b[m\x1b[K\xe2\x80\x99:\n'}
[7.897560] (mission_layer_mvibot) StderrLine: {'line': b'\x1b[01m\x1b[K/home/mvibot/floorCleaningRobot_ws/src/mission_layer_mvibot/src/../include/mission_layer_mvibot/mvibot_mission/marker_function.h:442:21:\x1b[m\x1b[K \x1b[01;35m\x1b[Kwarning: \x1b[m\x1b[Kvariable \xe2\x80\x98\x1b[01m\x1b[Ky\x1b[m\x1b[K\xe2\x80\x99 set but not used [\x1b[01;35m\x1b[K\x1b]8;;https://gcc.gnu.org/onlinedocs/gcc/Warning-Options.html#index-Wunused-but-set-variable\x07-Wunused-but-set-variable\x1b]8;;\x07\x1b[m\x1b[K]\n'}
[7.897665] (mission_layer_mvibot) StderrLine: {'line': b'  442 |     static double x,\x1b[01;35m\x1b[Ky\x1b[m\x1b[K;\n'}
[7.897747] (mission_layer_mvibot) StderrLine: {'line': b'      |                     \x1b[01;35m\x1b[K^\x1b[m\x1b[K\n'}
[7.923812] (-) TimerEvent: {}
[7.927914] (mission_layer_mvibot) StderrLine: {'line': b'In file included from \x1b[01m\x1b[K/home/mvibot/floorCleaningRobot_ws/src/mission_layer_mvibot/src/mvibot_mission.cpp:7\x1b[m\x1b[K:\n'}
[7.928146] (mission_layer_mvibot) StderrLine: {'line': b'\x1b[01m\x1b[K/home/mvibot/floorCleaningRobot_ws/src/mission_layer_mvibot/src/../include/mission_layer_mvibot/mvibot_mission/variable_function.h:\x1b[m\x1b[K In member function \xe2\x80\x98\x1b[01m\x1b[Kvoid multiple_variable_local::\x1b[01;32m\x1b[Kadd_var\x1b[m\x1b[K(variable_local)\x1b[m\x1b[K\xe2\x80\x99:\n'}
[7.928246] (mission_layer_mvibot) StderrLine: {'line': b'\x1b[01m\x1b[K/home/mvibot/floorCleaningRobot_ws/src/mission_layer_mvibot/src/../include/mission_layer_mvibot/mvibot_mission/variable_function.h:31:18:\x1b[m\x1b[K \x1b[01;35m\x1b[Kwarning: \x1b[m\x1b[Kcomparison of integer expressions of different signedness: \xe2\x80\x98\x1b[01m\x1b[Kint\x1b[m\x1b[K\xe2\x80\x99 and \xe2\x80\x98\x1b[01m\x1b[Kstd::vector<variable_local>::size_type\x1b[m\x1b[K\xe2\x80\x99 {aka \xe2\x80\x98\x1b[01m\x1b[Klong unsigned int\x1b[m\x1b[K\xe2\x80\x99} [\x1b[01;35m\x1b[K\x1b]8;;https://gcc.gnu.org/onlinedocs/gcc/Warning-Options.html#index-Wsign-compare\x07-Wsign-compare\x1b]8;;\x07\x1b[m\x1b[K]\n'}
[7.928340] (mission_layer_mvibot) StderrLine: {'line': b'   31 |     for(int i=0;\x1b[01;35m\x1b[Ki<var.size()\x1b[m\x1b[K;i++){\n'}
[7.928416] (mission_layer_mvibot) StderrLine: {'line': b'      |                 \x1b[01;35m\x1b[K~^~~~~~~~~~~\x1b[m\x1b[K\n'}
[7.928573] (mission_layer_mvibot) StderrLine: {'line': b'\x1b[01m\x1b[K/home/mvibot/floorCleaningRobot_ws/src/mission_layer_mvibot/src/../include/mission_layer_mvibot/mvibot_mission/variable_function.h:\x1b[m\x1b[K In member function \xe2\x80\x98\x1b[01m\x1b[Kvoid multiple_variable_local::\x1b[01;32m\x1b[Kupdate_var\x1b[m\x1b[K(variable_local)\x1b[m\x1b[K\xe2\x80\x99:\n'}
[7.928720] (mission_layer_mvibot) StderrLine: {'line': b'\x1b[01m\x1b[K/home/mvibot/floorCleaningRobot_ws/src/mission_layer_mvibot/src/../include/mission_layer_mvibot/mvibot_mission/variable_function.h:45:18:\x1b[m\x1b[K \x1b[01;35m\x1b[Kwarning: \x1b[m\x1b[Kcomparison of integer expressions of different signedness: \xe2\x80\x98\x1b[01m\x1b[Kint\x1b[m\x1b[K\xe2\x80\x99 and \xe2\x80\x98\x1b[01m\x1b[Kstd::vector<variable_local>::size_type\x1b[m\x1b[K\xe2\x80\x99 {aka \xe2\x80\x98\x1b[01m\x1b[Klong unsigned int\x1b[m\x1b[K\xe2\x80\x99} [\x1b[01;35m\x1b[K\x1b]8;;https://gcc.gnu.org/onlinedocs/gcc/Warning-Options.html#index-Wsign-compare\x07-Wsign-compare\x1b]8;;\x07\x1b[m\x1b[K]\n'}
[7.928815] (mission_layer_mvibot) StderrLine: {'line': b'   45 |     for(int i=0;\x1b[01;35m\x1b[Ki<var.size()\x1b[m\x1b[K;i++){\n'}
[7.928891] (mission_layer_mvibot) StderrLine: {'line': b'      |                 \x1b[01;35m\x1b[K~^~~~~~~~~~~\x1b[m\x1b[K\n'}
[7.929028] (mission_layer_mvibot) StderrLine: {'line': b'\x1b[01m\x1b[K/home/mvibot/floorCleaningRobot_ws/src/mission_layer_mvibot/src/../include/mission_layer_mvibot/mvibot_mission/variable_function.h:\x1b[m\x1b[K In member function \xe2\x80\x98\x1b[01m\x1b[Kvoid multiple_variable_local::\x1b[01;32m\x1b[Kreset_all\x1b[m\x1b[K()\x1b[m\x1b[K\xe2\x80\x99:\n'}
[7.929111] (mission_layer_mvibot) StderrLine: {'line': b'\x1b[01m\x1b[K/home/mvibot/floorCleaningRobot_ws/src/mission_layer_mvibot/src/../include/mission_layer_mvibot/mvibot_mission/variable_function.h:58:18:\x1b[m\x1b[K \x1b[01;35m\x1b[Kwarning: \x1b[m\x1b[Kcomparison of integer expressions of different signedness: \xe2\x80\x98\x1b[01m\x1b[Kint\x1b[m\x1b[K\xe2\x80\x99 and \xe2\x80\x98\x1b[01m\x1b[Kstd::vector<variable_local>::size_type\x1b[m\x1b[K\xe2\x80\x99 {aka \xe2\x80\x98\x1b[01m\x1b[Klong unsigned int\x1b[m\x1b[K\xe2\x80\x99} [\x1b[01;35m\x1b[K\x1b]8;;https://gcc.gnu.org/onlinedocs/gcc/Warning-Options.html#index-Wsign-compare\x07-Wsign-compare\x1b]8;;\x07\x1b[m\x1b[K]\n'}
[7.929197] (mission_layer_mvibot) StderrLine: {'line': b'   58 |     for(int i=0;\x1b[01;35m\x1b[Ki<var.size()\x1b[m\x1b[K;i++){\n'}
[7.929259] (mission_layer_mvibot) StderrLine: {'line': b'      |                 \x1b[01;35m\x1b[K~^~~~~~~~~~~\x1b[m\x1b[K\n'}
[7.929500] (mission_layer_mvibot) StderrLine: {'line': b'\x1b[01m\x1b[K/home/mvibot/floorCleaningRobot_ws/src/mission_layer_mvibot/src/../include/mission_layer_mvibot/mvibot_mission/variable_function.h:\x1b[m\x1b[K In member function \xe2\x80\x98\x1b[01m\x1b[Kvoid multiple_variable_local::\x1b[01;32m\x1b[Kprint\x1b[m\x1b[K()\x1b[m\x1b[K\xe2\x80\x99:\n'}
[7.929566] (mission_layer_mvibot) StderrLine: {'line': b'\x1b[01m\x1b[K/home/mvibot/floorCleaningRobot_ws/src/mission_layer_mvibot/src/../include/mission_layer_mvibot/mvibot_mission/variable_function.h:68:18:\x1b[m\x1b[K \x1b[01;35m\x1b[Kwarning: \x1b[m\x1b[Kcomparison of integer expressions of different signedness: \xe2\x80\x98\x1b[01m\x1b[Kint\x1b[m\x1b[K\xe2\x80\x99 and \xe2\x80\x98\x1b[01m\x1b[Kstd::vector<variable_local>::size_type\x1b[m\x1b[K\xe2\x80\x99 {aka \xe2\x80\x98\x1b[01m\x1b[Klong unsigned int\x1b[m\x1b[K\xe2\x80\x99} [\x1b[01;35m\x1b[K\x1b]8;;https://gcc.gnu.org/onlinedocs/gcc/Warning-Options.html#index-Wsign-compare\x07-Wsign-compare\x1b]8;;\x07\x1b[m\x1b[K]\n'}
[7.929635] (mission_layer_mvibot) StderrLine: {'line': b'   68 |     for(int i=0;\x1b[01;35m\x1b[Ki<var.size()\x1b[m\x1b[K;i++){\n'}
[7.929696] (mission_layer_mvibot) StderrLine: {'line': b'      |                 \x1b[01;35m\x1b[K~^~~~~~~~~~~\x1b[m\x1b[K\n'}
[7.947125] (mission_layer_mvibot) StderrLine: {'line': b'\x1b[01m\x1b[K/home/mvibot/floorCleaningRobot_ws/src/mission_layer_mvibot/src/../include/mission_layer_mvibot/mvibot_mission/variable_function.h:\x1b[m\x1b[K In member function \xe2\x80\x98\x1b[01m\x1b[Kint variable_function::\x1b[01;32m\x1b[Kaction\x1b[m\x1b[K()\x1b[m\x1b[K\xe2\x80\x99:\n'}
[7.947374] (mission_layer_mvibot) StderrLine: {'line': b'\x1b[01m\x1b[K/home/mvibot/floorCleaningRobot_ws/src/mission_layer_mvibot/src/../include/mission_layer_mvibot/mvibot_mission/variable_function.h:195:26:\x1b[m\x1b[K \x1b[01;35m\x1b[Kwarning: \x1b[m\x1b[Kcomparison of integer expressions of different signedness: \xe2\x80\x98\x1b[01m\x1b[Kint\x1b[m\x1b[K\xe2\x80\x99 and \xe2\x80\x98\x1b[01m\x1b[Kstd::vector<variable_local>::size_type\x1b[m\x1b[K\xe2\x80\x99 {aka \xe2\x80\x98\x1b[01m\x1b[Klong unsigned int\x1b[m\x1b[K\xe2\x80\x99} [\x1b[01;35m\x1b[K\x1b]8;;https://gcc.gnu.org/onlinedocs/gcc/Warning-Options.html#index-Wsign-compare\x07-Wsign-compare\x1b]8;;\x07\x1b[m\x1b[K]\n'}
[7.947492] (mission_layer_mvibot) StderrLine: {'line': b'  195 |             for(int i=0;\x1b[01;35m\x1b[Ki<my_vars_local.var.size()\x1b[m\x1b[K;i++){\n'}
[7.947570] (mission_layer_mvibot) StderrLine: {'line': b'      |                         \x1b[01;35m\x1b[K~^~~~~~~~~~~~~~~~~~~~~~~~~\x1b[m\x1b[K\n'}
[8.023894] (-) TimerEvent: {}
[8.053453] (mission_layer_mvibot) StderrLine: {'line': b'In file included from \x1b[01m\x1b[K/home/mvibot/floorCleaningRobot_ws/src/mission_layer_mvibot/src/mvibot_mission.cpp:8\x1b[m\x1b[K:\n'}
[8.053681] (mission_layer_mvibot) StderrLine: {'line': b'\x1b[01m\x1b[K/home/mvibot/floorCleaningRobot_ws/src/mission_layer_mvibot/src/../include/mission_layer_mvibot/mvibot_mission/gpio_function.h:\x1b[m\x1b[K In member function \xe2\x80\x98\x1b[01m\x1b[Kint gpio_function::\x1b[01;32m\x1b[Kaction\x1b[m\x1b[K()\x1b[m\x1b[K\xe2\x80\x99:\n'}
[8.053775] (mission_layer_mvibot) StderrLine: {'line': b'\x1b[01m\x1b[K/home/mvibot/floorCleaningRobot_ws/src/mission_layer_mvibot/src/../include/mission_layer_mvibot/mvibot_mission/gpio_function.h:143:16:\x1b[m\x1b[K \x1b[01;35m\x1b[Kwarning: \x1b[m\x1b[Kunused variable \xe2\x80\x98\x1b[01m\x1b[Kvalue_return\x1b[m\x1b[K\xe2\x80\x99 [\x1b[01;35m\x1b[K\x1b]8;;https://gcc.gnu.org/onlinedocs/gcc/Warning-Options.html#index-Wunused-variable\x07-Wunused-variable\x1b]8;;\x07\x1b[m\x1b[K]\n'}
[8.053860] (mission_layer_mvibot) StderrLine: {'line': b'  143 |     static int \x1b[01;35m\x1b[Kvalue_return\x1b[m\x1b[K;\n'}
[8.053934] (mission_layer_mvibot) StderrLine: {'line': b'      |                \x1b[01;35m\x1b[K^~~~~~~~~~~~\x1b[m\x1b[K\n'}
[8.123987] (-) TimerEvent: {}
[8.224369] (-) TimerEvent: {}
[8.324691] (-) TimerEvent: {}
[8.425030] (-) TimerEvent: {}
[8.525326] (-) TimerEvent: {}
[8.625586] (-) TimerEvent: {}
[8.725830] (-) TimerEvent: {}
[8.826046] (-) TimerEvent: {}
[8.926318] (-) TimerEvent: {}
[9.026591] (-) TimerEvent: {}
[9.126893] (-) TimerEvent: {}
[9.227182] (-) TimerEvent: {}
[9.327438] (-) TimerEvent: {}
[9.427845] (-) TimerEvent: {}
[9.528163] (-) TimerEvent: {}
[9.628419] (-) TimerEvent: {}
[9.728665] (-) TimerEvent: {}
[9.828910] (-) TimerEvent: {}
[9.929167] (-) TimerEvent: {}
[10.029413] (-) TimerEvent: {}
[10.129664] (-) TimerEvent: {}
[10.229961] (-) TimerEvent: {}
[10.330265] (-) TimerEvent: {}
[10.430534] (-) TimerEvent: {}
[10.530814] (-) TimerEvent: {}
[10.631088] (-) TimerEvent: {}
[10.731424] (-) TimerEvent: {}
[10.831683] (-) TimerEvent: {}
[10.931943] (-) TimerEvent: {}
[11.032290] (-) TimerEvent: {}
[11.132597] (-) TimerEvent: {}
[11.232818] (-) TimerEvent: {}
[11.333036] (-) TimerEvent: {}
[11.433298] (-) TimerEvent: {}
[11.533562] (-) TimerEvent: {}
[11.633922] (-) TimerEvent: {}
[11.734160] (-) TimerEvent: {}
[11.834449] (-) TimerEvent: {}
[11.934741] (-) TimerEvent: {}
[12.034992] (-) TimerEvent: {}
[12.135234] (-) TimerEvent: {}
[12.235484] (-) TimerEvent: {}
[12.335753] (-) TimerEvent: {}
[12.436043] (-) TimerEvent: {}
[12.536301] (-) TimerEvent: {}
[12.636567] (-) TimerEvent: {}
[12.736846] (-) TimerEvent: {}
[12.837107] (-) TimerEvent: {}
[12.937357] (-) TimerEvent: {}
[13.037607] (-) TimerEvent: {}
[13.137876] (-) TimerEvent: {}
[13.238370] (-) TimerEvent: {}
[13.338693] (-) TimerEvent: {}
[13.439020] (-) TimerEvent: {}
[13.539368] (-) TimerEvent: {}
[13.639689] (-) TimerEvent: {}
[13.740019] (-) TimerEvent: {}
[13.840384] (-) TimerEvent: {}
[13.940669] (-) TimerEvent: {}
[14.040917] (-) TimerEvent: {}
[14.141175] (-) TimerEvent: {}
[14.241370] (-) TimerEvent: {}
[14.341610] (-) TimerEvent: {}
[14.441856] (-) TimerEvent: {}
[14.542120] (-) TimerEvent: {}
[14.642377] (-) TimerEvent: {}
[14.742626] (-) TimerEvent: {}
[14.842865] (-) TimerEvent: {}
[14.943130] (-) TimerEvent: {}
[15.043392] (-) TimerEvent: {}
[15.143608] (-) TimerEvent: {}
[15.340804] (-) TimerEvent: {}
[15.441058] (-) TimerEvent: {}
[15.541345] (-) TimerEvent: {}
[15.641635] (-) TimerEvent: {}
[15.741869] (-) TimerEvent: {}
[15.842149] (-) TimerEvent: {}
[15.942354] (-) TimerEvent: {}
[16.042619] (-) TimerEvent: {}
[16.142878] (-) TimerEvent: {}
[16.243123] (-) TimerEvent: {}
[16.343353] (-) TimerEvent: {}
[16.443553] (-) TimerEvent: {}
[16.543813] (-) TimerEvent: {}
[16.644110] (-) TimerEvent: {}
[16.744357] (-) TimerEvent: {}
[16.844624] (-) TimerEvent: {}
[16.944991] (-) TimerEvent: {}
[17.045357] (-) TimerEvent: {}
[17.145605] (-) TimerEvent: {}
[17.245849] (-) TimerEvent: {}
[17.346125] (-) TimerEvent: {}
[17.446408] (-) TimerEvent: {}
[17.546671] (-) TimerEvent: {}
[17.646994] (-) TimerEvent: {}
[17.747329] (-) TimerEvent: {}
[17.847578] (-) TimerEvent: {}
[17.947847] (-) TimerEvent: {}
[18.048119] (-) TimerEvent: {}
[18.148468] (-) TimerEvent: {}
[18.248732] (-) TimerEvent: {}
[18.349010] (-) TimerEvent: {}
[18.449296] (-) TimerEvent: {}
[18.549567] (-) TimerEvent: {}
[18.649917] (-) TimerEvent: {}
[18.750161] (-) TimerEvent: {}
[18.850427] (-) TimerEvent: {}
[18.950725] (-) TimerEvent: {}
[19.050960] (-) TimerEvent: {}
[19.151276] (-) TimerEvent: {}
[19.251492] (-) TimerEvent: {}
[19.351792] (-) TimerEvent: {}
[19.452032] (-) TimerEvent: {}
[19.552312] (-) TimerEvent: {}
[19.652716] (-) TimerEvent: {}
[19.753353] (-) TimerEvent: {}
[19.853649] (-) TimerEvent: {}
[19.953973] (-) TimerEvent: {}
[20.054235] (-) TimerEvent: {}
[20.154452] (-) TimerEvent: {}
[20.254692] (-) TimerEvent: {}
[20.354956] (-) TimerEvent: {}
[20.455226] (-) TimerEvent: {}
[20.555596] (-) TimerEvent: {}
[20.655906] (-) TimerEvent: {}
[20.756180] (-) TimerEvent: {}
[20.856474] (-) TimerEvent: {}
[20.956799] (-) TimerEvent: {}
[21.057228] (-) TimerEvent: {}
[21.157506] (-) TimerEvent: {}
[21.257784] (-) TimerEvent: {}
[21.358055] (-) TimerEvent: {}
[21.458328] (-) TimerEvent: {}
[21.558583] (-) TimerEvent: {}
[21.658875] (-) TimerEvent: {}
[21.759186] (-) TimerEvent: {}
[21.859480] (-) TimerEvent: {}
[21.959846] (-) TimerEvent: {}
[22.060398] (-) TimerEvent: {}
[22.160614] (-) TimerEvent: {}
[22.260879] (-) TimerEvent: {}
[22.361172] (-) TimerEvent: {}
[22.461433] (-) TimerEvent: {}
[22.561648] (-) TimerEvent: {}
[22.661871] (-) TimerEvent: {}
[22.762127] (-) TimerEvent: {}
[22.862386] (-) TimerEvent: {}
[22.962642] (-) TimerEvent: {}
[23.062877] (-) TimerEvent: {}
[23.163181] (-) TimerEvent: {}
[23.263488] (-) TimerEvent: {}
[23.364149] (-) TimerEvent: {}
[23.466590] (-) TimerEvent: {}
[23.567165] (-) TimerEvent: {}
[23.667494] (-) TimerEvent: {}
[23.767752] (-) TimerEvent: {}
[23.867998] (-) TimerEvent: {}
[23.968258] (-) TimerEvent: {}
[24.068530] (-) TimerEvent: {}
[24.168759] (-) TimerEvent: {}
[24.268999] (-) TimerEvent: {}
[24.369247] (-) TimerEvent: {}
[24.469541] (-) TimerEvent: {}
[24.569913] (-) TimerEvent: {}
[24.670251] (-) TimerEvent: {}
[24.770529] (-) TimerEvent: {}
[24.870787] (-) TimerEvent: {}
[24.971045] (-) TimerEvent: {}
[25.071307] (-) TimerEvent: {}
[25.171563] (-) TimerEvent: {}
[25.271772] (-) TimerEvent: {}
[25.372031] (-) TimerEvent: {}
[25.472493] (-) TimerEvent: {}
[25.572810] (-) TimerEvent: {}
[25.673166] (-) TimerEvent: {}
[25.773685] (-) TimerEvent: {}
[25.874046] (-) TimerEvent: {}
[25.974358] (-) TimerEvent: {}
[26.074700] (-) TimerEvent: {}
[26.175218] (-) TimerEvent: {}
[26.215578] (mission_layer_mvibot) StderrLine: {'line': b'\x1b[01m\x1b[K/home/mvibot/floorCleaningRobot_ws/src/mission_layer_mvibot/src/../include/mission_layer_mvibot/mvibot_mission/manage_mission.h:\x1b[m\x1b[K In member function \xe2\x80\x98\x1b[01m\x1b[Kint manage_mission::\x1b[01;32m\x1b[Khandle_content\x1b[m\x1b[K(const json&, const double&, double&, int&, rclcpp::Publisher<std_msgs::msg::String_<std::allocator<void> > >::SharedPtr, rclcpp::Publisher<std_msgs::msg::String_<std::allocator<void> > >::SharedPtr)\x1b[m\x1b[K\xe2\x80\x99:\n'}
[26.215892] (mission_layer_mvibot) StderrLine: {'line': b'\x1b[01m\x1b[K/home/mvibot/floorCleaningRobot_ws/src/mission_layer_mvibot/src/../include/mission_layer_mvibot/mvibot_mission/manage_mission.h:877:1:\x1b[m\x1b[K \x1b[01;35m\x1b[Kwarning: \x1b[m\x1b[Kcontrol reaches end of non-void function [\x1b[01;35m\x1b[K\x1b]8;;https://gcc.gnu.org/onlinedocs/gcc/Warning-Options.html#index-Wreturn-type\x07-Wreturn-type\x1b]8;;\x07\x1b[m\x1b[K]\n'}
[26.216032] (mission_layer_mvibot) StderrLine: {'line': b'  877 | \x1b[01;35m\x1b[K}\x1b[m\x1b[K\n'}
[26.216166] (mission_layer_mvibot) StderrLine: {'line': b'      | \x1b[01;35m\x1b[K^\x1b[m\x1b[K\n'}
[26.275293] (-) TimerEvent: {}
[26.375532] (-) TimerEvent: {}
[26.384082] (mission_layer_mvibot) StderrLine: {'line': b'\x1b[01m\x1b[K/home/mvibot/floorCleaningRobot_ws/src/mission_layer_mvibot/src/../include/mission_layer_mvibot/mvibot_mission/navigation_function.h:\x1b[m\x1b[K In member function \xe2\x80\x98\x1b[01m\x1b[Kint navigation_function::\x1b[01;32m\x1b[Kaction\x1b[m\x1b[K()\x1b[m\x1b[K\xe2\x80\x99:\n'}
[26.384360] (mission_layer_mvibot) StderrLine: {'line': b'\x1b[01m\x1b[K/home/mvibot/floorCleaningRobot_ws/src/mission_layer_mvibot/src/../include/mission_layer_mvibot/mvibot_mission/navigation_function.h:966:1:\x1b[m\x1b[K \x1b[01;35m\x1b[Kwarning: \x1b[m\x1b[Kcontrol reaches end of non-void function [\x1b[01;35m\x1b[K\x1b]8;;https://gcc.gnu.org/onlinedocs/gcc/Warning-Options.html#index-Wreturn-type\x07-Wreturn-type\x1b]8;;\x07\x1b[m\x1b[K]\n'}
[26.384491] (mission_layer_mvibot) StderrLine: {'line': b'  966 | \x1b[01;35m\x1b[K}\x1b[m\x1b[K\n'}
[26.384606] (mission_layer_mvibot) StderrLine: {'line': b'      | \x1b[01;35m\x1b[K^\x1b[m\x1b[K\n'}
[26.461232] (mission_layer_mvibot) StderrLine: {'line': b'\x1b[01m\x1b[K/home/mvibot/floorCleaningRobot_ws/src/mission_layer_mvibot/src/../include/mission_layer_mvibot/mvibot_mission/marker_function.h:\x1b[m\x1b[K In member function \xe2\x80\x98\x1b[01m\x1b[Kint marker_function::\x1b[01;32m\x1b[Kaction\x1b[m\x1b[K()\x1b[m\x1b[K\xe2\x80\x99:\n'}
[26.461567] (mission_layer_mvibot) StderrLine: {'line': b'\x1b[01m\x1b[K/home/mvibot/floorCleaningRobot_ws/src/mission_layer_mvibot/src/../include/mission_layer_mvibot/mvibot_mission/marker_function.h:906:1:\x1b[m\x1b[K \x1b[01;35m\x1b[Kwarning: \x1b[m\x1b[Kcontrol reaches end of non-void function [\x1b[01;35m\x1b[K\x1b]8;;https://gcc.gnu.org/onlinedocs/gcc/Warning-Options.html#index-Wreturn-type\x07-Wreturn-type\x1b]8;;\x07\x1b[m\x1b[K]\n'}
[26.461695] (mission_layer_mvibot) StderrLine: {'line': b'  906 | \x1b[01;35m\x1b[K}\x1b[m\x1b[K\n'}
[26.461853] (mission_layer_mvibot) StderrLine: {'line': b'      | \x1b[01;35m\x1b[K^\x1b[m\x1b[K\n'}
[26.475667] (-) TimerEvent: {}
[26.477527] (mission_layer_mvibot) StderrLine: {'line': b'In file included from \x1b[01m\x1b[K/home/mvibot/floorCleaningRobot_ws/src/mission_layer_mvibot/src/mvibot_mission.cpp:13\x1b[m\x1b[K:\n'}
[26.477748] (mission_layer_mvibot) StderrLine: {'line': b'\x1b[01m\x1b[K/home/mvibot/floorCleaningRobot_ws/src/mission_layer_mvibot/src/../include/mission_layer_mvibot/mvibot_mission/lift_function.h:\x1b[m\x1b[K In member function \xe2\x80\x98\x1b[01m\x1b[Kint lift_function::\x1b[01;32m\x1b[Kaction\x1b[m\x1b[K()\x1b[m\x1b[K\xe2\x80\x99:\n'}
[26.477825] (mission_layer_mvibot) StderrLine: {'line': b'\x1b[01m\x1b[K/home/mvibot/floorCleaningRobot_ws/src/mission_layer_mvibot/src/../include/mission_layer_mvibot/mvibot_mission/lift_function.h:203:1:\x1b[m\x1b[K \x1b[01;35m\x1b[Kwarning: \x1b[m\x1b[Kcontrol reaches end of non-void function [\x1b[01;35m\x1b[K\x1b]8;;https://gcc.gnu.org/onlinedocs/gcc/Warning-Options.html#index-Wreturn-type\x07-Wreturn-type\x1b]8;;\x07\x1b[m\x1b[K]\n'}
[26.477919] (mission_layer_mvibot) StderrLine: {'line': b'  203 | \x1b[01;35m\x1b[K}\x1b[m\x1b[K\n'}
[26.477984] (mission_layer_mvibot) StderrLine: {'line': b'      | \x1b[01;35m\x1b[K^\x1b[m\x1b[K\n'}
[26.485927] (mission_layer_mvibot) StderrLine: {'line': b'In file included from \x1b[01m\x1b[K/home/mvibot/floorCleaningRobot_ws/src/mission_layer_mvibot/src/mvibot_mission.cpp:14\x1b[m\x1b[K:\n'}
[26.486176] (mission_layer_mvibot) StderrLine: {'line': b'\x1b[01m\x1b[K/home/mvibot/floorCleaningRobot_ws/src/mission_layer_mvibot/src/../include/mission_layer_mvibot/mvibot_mission/map_function.h:\x1b[m\x1b[K In member function \xe2\x80\x98\x1b[01m\x1b[Kint loadmap_function::\x1b[01;32m\x1b[Kaction\x1b[m\x1b[K()\x1b[m\x1b[K\xe2\x80\x99:\n'}
[26.486279] (mission_layer_mvibot) StderrLine: {'line': b'\x1b[01m\x1b[K/home/mvibot/floorCleaningRobot_ws/src/mission_layer_mvibot/src/../include/mission_layer_mvibot/mvibot_mission/map_function.h:160:1:\x1b[m\x1b[K \x1b[01;35m\x1b[Kwarning: \x1b[m\x1b[Kcontrol reaches end of non-void function [\x1b[01;35m\x1b[K\x1b]8;;https://gcc.gnu.org/onlinedocs/gcc/Warning-Options.html#index-Wreturn-type\x07-Wreturn-type\x1b]8;;\x07\x1b[m\x1b[K]\n'}
[26.486396] (mission_layer_mvibot) StderrLine: {'line': b'  160 | \x1b[01;35m\x1b[K}\x1b[m\x1b[K\n'}
[26.486519] (mission_layer_mvibot) StderrLine: {'line': b'      | \x1b[01;35m\x1b[K^\x1b[m\x1b[K\n'}
[26.575775] (-) TimerEvent: {}
[26.676290] (-) TimerEvent: {}
[26.776556] (-) TimerEvent: {}
[26.876923] (-) TimerEvent: {}
[26.977221] (-) TimerEvent: {}
[27.077488] (-) TimerEvent: {}
[27.177738] (-) TimerEvent: {}
[27.277974] (-) TimerEvent: {}
[27.378294] (-) TimerEvent: {}
[27.478578] (-) TimerEvent: {}
[27.578900] (-) TimerEvent: {}
[27.679170] (-) TimerEvent: {}
[27.779386] (-) TimerEvent: {}
[27.879734] (-) TimerEvent: {}
[27.980112] (-) TimerEvent: {}
[28.080556] (-) TimerEvent: {}
[28.180841] (-) TimerEvent: {}
[28.281144] (-) TimerEvent: {}
[28.381407] (-) TimerEvent: {}
[28.481650] (-) TimerEvent: {}
[28.581908] (-) TimerEvent: {}
[28.682137] (-) TimerEvent: {}
[28.782392] (-) TimerEvent: {}
[28.882633] (-) TimerEvent: {}
[28.982832] (-) TimerEvent: {}
[29.083081] (-) TimerEvent: {}
[29.183328] (-) TimerEvent: {}
[29.283572] (-) TimerEvent: {}
[29.383831] (-) TimerEvent: {}
[29.484097] (-) TimerEvent: {}
[29.584380] (-) TimerEvent: {}
[29.684670] (-) TimerEvent: {}
[29.784989] (-) TimerEvent: {}
[29.885294] (-) TimerEvent: {}
[29.985577] (-) TimerEvent: {}
[30.085844] (-) TimerEvent: {}
[30.186090] (-) TimerEvent: {}
[30.286394] (-) TimerEvent: {}
[30.386668] (-) TimerEvent: {}
[30.486925] (-) TimerEvent: {}
[30.587188] (-) TimerEvent: {}
[30.687475] (-) TimerEvent: {}
[30.787715] (-) TimerEvent: {}
[30.888010] (-) TimerEvent: {}
[30.988321] (-) TimerEvent: {}
[31.088721] (-) TimerEvent: {}
[31.189014] (-) TimerEvent: {}
[31.289315] (-) TimerEvent: {}
[31.389580] (-) TimerEvent: {}
[31.489864] (-) TimerEvent: {}
[31.590281] (-) TimerEvent: {}
[31.690646] (-) TimerEvent: {}
[31.791159] (-) TimerEvent: {}
[31.891848] (-) TimerEvent: {}
[31.992165] (-) TimerEvent: {}
[32.092435] (-) TimerEvent: {}
[32.192685] (-) TimerEvent: {}
[32.292962] (-) TimerEvent: {}
[32.393287] (-) TimerEvent: {}
[32.493601] (-) TimerEvent: {}
[32.593889] (-) TimerEvent: {}
[32.694162] (-) TimerEvent: {}
[32.794420] (-) TimerEvent: {}
[32.894666] (-) TimerEvent: {}
[32.994931] (-) TimerEvent: {}
[33.095197] (-) TimerEvent: {}
[33.195583] (-) TimerEvent: {}
[33.296036] (-) TimerEvent: {}
[33.396442] (-) TimerEvent: {}
[33.496726] (-) TimerEvent: {}
[33.597025] (-) TimerEvent: {}
[33.697298] (-) TimerEvent: {}
[33.797552] (-) TimerEvent: {}
[33.897785] (-) TimerEvent: {}
[33.998019] (-) TimerEvent: {}
[34.098277] (-) TimerEvent: {}
[34.198514] (-) TimerEvent: {}
[34.298860] (-) TimerEvent: {}
[34.399584] (-) TimerEvent: {}
[34.499896] (-) TimerEvent: {}
[34.600172] (-) TimerEvent: {}
[34.700452] (-) TimerEvent: {}
[34.800731] (-) TimerEvent: {}
[34.900987] (-) TimerEvent: {}
[35.001246] (-) TimerEvent: {}
[35.101507] (-) TimerEvent: {}
[35.201776] (-) TimerEvent: {}
[35.302035] (-) TimerEvent: {}
[35.402509] (-) TimerEvent: {}
[35.503091] (-) TimerEvent: {}
[35.603580] (-) TimerEvent: {}
[35.704179] (-) TimerEvent: {}
[35.804421] (-) TimerEvent: {}
[35.904706] (-) TimerEvent: {}
[36.004947] (-) TimerEvent: {}
[36.105182] (-) TimerEvent: {}
[36.205465] (-) TimerEvent: {}
[36.305768] (-) TimerEvent: {}
[36.406003] (-) TimerEvent: {}
[36.506341] (-) TimerEvent: {}
[36.606663] (-) TimerEvent: {}
[36.706969] (-) TimerEvent: {}
[36.807355] (-) TimerEvent: {}
[36.907687] (-) TimerEvent: {}
[37.007950] (-) TimerEvent: {}
[37.108190] (-) TimerEvent: {}
[37.208565] (-) TimerEvent: {}
[37.309154] (-) TimerEvent: {}
[37.410578] (-) TimerEvent: {}
[37.510903] (-) TimerEvent: {}
[37.611264] (-) TimerEvent: {}
[37.711588] (-) TimerEvent: {}
[37.811906] (-) TimerEvent: {}
[37.912168] (-) TimerEvent: {}
[38.012450] (-) TimerEvent: {}
[38.112718] (-) TimerEvent: {}
[38.213044] (-) TimerEvent: {}
[38.313994] (-) TimerEvent: {}
[38.414301] (-) TimerEvent: {}
[38.514689] (-) TimerEvent: {}
[38.615065] (-) TimerEvent: {}
[38.715343] (-) TimerEvent: {}
[38.815610] (-) TimerEvent: {}
[38.915873] (-) TimerEvent: {}
[39.016196] (-) TimerEvent: {}
[39.116591] (-) TimerEvent: {}
[39.217084] (-) TimerEvent: {}
[39.317885] (-) TimerEvent: {}
[39.418228] (-) TimerEvent: {}
[39.518555] (-) TimerEvent: {}
[39.618831] (-) TimerEvent: {}
[39.719146] (-) TimerEvent: {}
[39.819420] (-) TimerEvent: {}
[39.919699] (-) TimerEvent: {}
[40.020014] (-) TimerEvent: {}
[40.120275] (-) TimerEvent: {}
[40.220611] (-) TimerEvent: {}
[40.320855] (-) TimerEvent: {}
[40.421116] (-) TimerEvent: {}
[40.521398] (-) TimerEvent: {}
[40.621726] (-) TimerEvent: {}
[40.722175] (-) TimerEvent: {}
[40.822462] (-) TimerEvent: {}
[40.922779] (-) TimerEvent: {}
[41.023090] (-) TimerEvent: {}
[41.123430] (-) TimerEvent: {}
[41.223749] (-) TimerEvent: {}
[41.324122] (-) TimerEvent: {}
[41.424402] (-) TimerEvent: {}
[41.524708] (-) TimerEvent: {}
[41.625060] (-) TimerEvent: {}
[41.725404] (-) TimerEvent: {}
[41.825816] (-) TimerEvent: {}
[41.926353] (-) TimerEvent: {}
[42.026663] (-) TimerEvent: {}
[42.127126] (-) TimerEvent: {}
[42.227383] (-) TimerEvent: {}
[42.327651] (-) TimerEvent: {}
[42.427925] (-) TimerEvent: {}
[42.528550] (-) TimerEvent: {}
[42.628775] (-) TimerEvent: {}
[42.729021] (-) TimerEvent: {}
[42.829236] (-) TimerEvent: {}
[42.929513] (-) TimerEvent: {}
[43.029796] (-) TimerEvent: {}
[43.130060] (-) TimerEvent: {}
[43.230352] (-) TimerEvent: {}
[43.330566] (-) TimerEvent: {}
[43.430891] (-) TimerEvent: {}
[43.531164] (-) TimerEvent: {}
[43.631445] (-) TimerEvent: {}
[43.731714] (-) TimerEvent: {}
[43.832037] (-) TimerEvent: {}
[43.932412] (-) TimerEvent: {}
[44.032715] (-) TimerEvent: {}
[44.132975] (-) TimerEvent: {}
[44.233361] (-) TimerEvent: {}
[44.333637] (-) TimerEvent: {}
[44.433895] (-) TimerEvent: {}
[44.534209] (-) TimerEvent: {}
[44.634855] (-) TimerEvent: {}
[44.735135] (-) TimerEvent: {}
[44.835377] (-) TimerEvent: {}
[44.935648] (-) TimerEvent: {}
[45.035925] (-) TimerEvent: {}
[45.136189] (-) TimerEvent: {}
[45.236430] (-) TimerEvent: {}
[45.336672] (-) TimerEvent: {}
[45.436904] (-) TimerEvent: {}
[45.537160] (-) TimerEvent: {}
[45.637424] (-) TimerEvent: {}
[45.737682] (-) TimerEvent: {}
[45.838204] (-) TimerEvent: {}
[45.938516] (-) TimerEvent: {}
[46.038794] (-) TimerEvent: {}
[46.139137] (-) TimerEvent: {}
[46.239489] (-) TimerEvent: {}
[46.339921] (-) TimerEvent: {}
[46.440370] (-) TimerEvent: {}
[46.540704] (-) TimerEvent: {}
[46.640990] (-) TimerEvent: {}
[46.741243] (-) TimerEvent: {}
[46.841506] (-) TimerEvent: {}
[46.941802] (-) TimerEvent: {}
[47.042046] (-) TimerEvent: {}
[47.142369] (-) TimerEvent: {}
[47.242628] (-) TimerEvent: {}
[47.342873] (-) TimerEvent: {}
[47.443092] (-) TimerEvent: {}
[47.543455] (-) TimerEvent: {}
[47.643708] (-) TimerEvent: {}
[47.744007] (-) TimerEvent: {}
[47.844372] (-) TimerEvent: {}
[47.944712] (-) TimerEvent: {}
[48.045313] (-) TimerEvent: {}
[48.145570] (-) TimerEvent: {}
[48.245815] (-) TimerEvent: {}
[48.346068] (-) TimerEvent: {}
[48.446336] (-) TimerEvent: {}
[48.546734] (-) TimerEvent: {}
[48.647148] (-) TimerEvent: {}
[48.747440] (-) TimerEvent: {}
[48.847734] (-) TimerEvent: {}
[48.948049] (-) TimerEvent: {}
[49.048354] (-) TimerEvent: {}
[49.148634] (-) TimerEvent: {}
[49.248918] (-) TimerEvent: {}
[49.349183] (-) TimerEvent: {}
[49.449411] (-) TimerEvent: {}
[49.549670] (-) TimerEvent: {}
[49.649958] (-) TimerEvent: {}
[49.750208] (-) TimerEvent: {}
[49.850483] (-) TimerEvent: {}
[49.950702] (-) TimerEvent: {}
[50.051018] (-) TimerEvent: {}
[50.151267] (-) TimerEvent: {}
[50.251513] (-) TimerEvent: {}
[50.351777] (-) TimerEvent: {}
[50.452024] (-) TimerEvent: {}
[50.552320] (-) TimerEvent: {}
[50.652670] (-) TimerEvent: {}
[50.753013] (-) TimerEvent: {}
[50.853336] (-) TimerEvent: {}
[50.953778] (-) TimerEvent: {}
[51.054092] (-) TimerEvent: {}
[51.154349] (-) TimerEvent: {}
[51.254603] (-) TimerEvent: {}
[51.354821] (-) TimerEvent: {}
[51.455093] (-) TimerEvent: {}
[51.555356] (-) TimerEvent: {}
[51.655666] (-) TimerEvent: {}
[51.756036] (-) TimerEvent: {}
[51.856432] (-) TimerEvent: {}
[51.956732] (-) TimerEvent: {}
[52.057144] (-) TimerEvent: {}
[52.157519] (-) TimerEvent: {}
[52.257788] (-) TimerEvent: {}
[52.358112] (-) TimerEvent: {}
[52.458439] (-) TimerEvent: {}
[52.558790] (-) TimerEvent: {}
[52.659230] (-) TimerEvent: {}
[52.759588] (-) TimerEvent: {}
[52.860025] (-) TimerEvent: {}
[52.960506] (-) TimerEvent: {}
[53.060914] (-) TimerEvent: {}
[53.161276] (-) TimerEvent: {}
[53.261522] (-) TimerEvent: {}
[53.361774] (-) TimerEvent: {}
[53.462016] (-) TimerEvent: {}
[53.562401] (-) TimerEvent: {}
[53.662672] (-) TimerEvent: {}
[53.762965] (-) TimerEvent: {}
[53.863379] (-) TimerEvent: {}
[53.963796] (-) TimerEvent: {}
[54.064099] (-) TimerEvent: {}
[54.164430] (-) TimerEvent: {}
[54.264751] (-) TimerEvent: {}
[54.365168] (-) TimerEvent: {}
[54.465465] (-) TimerEvent: {}
[54.565753] (-) TimerEvent: {}
[54.666028] (-) TimerEvent: {}
[54.766331] (-) TimerEvent: {}
[54.866638] (-) TimerEvent: {}
[54.966932] (-) TimerEvent: {}
[55.067338] (-) TimerEvent: {}
[55.167594] (-) TimerEvent: {}
[55.267812] (-) TimerEvent: {}
[55.368342] (-) TimerEvent: {}
[55.468759] (-) TimerEvent: {}
[55.569058] (-) TimerEvent: {}
[55.669361] (-) TimerEvent: {}
[55.769660] (-) TimerEvent: {}
[55.869991] (-) TimerEvent: {}
[55.970296] (-) TimerEvent: {}
[56.070545] (-) TimerEvent: {}
[56.170768] (-) TimerEvent: {}
[56.271018] (-) TimerEvent: {}
[56.371271] (-) TimerEvent: {}
[56.471550] (-) TimerEvent: {}
[56.571837] (-) TimerEvent: {}
[56.672054] (-) TimerEvent: {}
[56.772315] (-) TimerEvent: {}
[56.872565] (-) TimerEvent: {}
[56.972825] (-) TimerEvent: {}
[57.073200] (-) TimerEvent: {}
[57.173533] (-) TimerEvent: {}
[57.273834] (-) TimerEvent: {}
[57.374146] (-) TimerEvent: {}
[57.474514] (-) TimerEvent: {}
[57.574813] (-) TimerEvent: {}
[57.675087] (-) TimerEvent: {}
[57.775381] (-) TimerEvent: {}
[57.875576] (-) TimerEvent: {}
[57.975815] (-) TimerEvent: {}
[58.076061] (-) TimerEvent: {}
[58.176376] (-) TimerEvent: {}
[58.276706] (-) TimerEvent: {}
[58.376958] (-) TimerEvent: {}
[58.477173] (-) TimerEvent: {}
[58.577471] (-) TimerEvent: {}
[58.677728] (-) TimerEvent: {}
[58.777975] (-) TimerEvent: {}
[58.878230] (-) TimerEvent: {}
[58.978479] (-) TimerEvent: {}
[59.078721] (-) TimerEvent: {}
[59.178938] (-) TimerEvent: {}
[59.279161] (-) TimerEvent: {}
[59.379403] (-) TimerEvent: {}
[59.479648] (-) TimerEvent: {}
[59.579950] (-) TimerEvent: {}
[59.680274] (-) TimerEvent: {}
[59.780663] (-) TimerEvent: {}
[59.880917] (-) TimerEvent: {}
[59.981169] (-) TimerEvent: {}
[60.081376] (-) TimerEvent: {}
[60.181624] (-) TimerEvent: {}
[60.281856] (-) TimerEvent: {}
[60.382121] (-) TimerEvent: {}
[60.482383] (-) TimerEvent: {}
[60.582659] (-) TimerEvent: {}
[60.682907] (-) TimerEvent: {}
[60.783164] (-) TimerEvent: {}
[60.883383] (-) TimerEvent: {}
[60.983660] (-) TimerEvent: {}
[61.083929] (-) TimerEvent: {}
[61.184236] (-) TimerEvent: {}
[61.284544] (-) TimerEvent: {}
[61.384810] (-) TimerEvent: {}
[61.485117] (-) TimerEvent: {}
[61.585421] (-) TimerEvent: {}
[61.685680] (-) TimerEvent: {}
[61.706905] (mission_layer_mvibot) StderrLine: {'line': b'\x1b[01m\x1b[K/home/mvibot/floorCleaningRobot_ws/src/mission_layer_mvibot/src/../include/mission_layer_mvibot/mvibot_mission/manage_mission.h:\x1b[m\x1b[K In member function \xe2\x80\x98\x1b[01m\x1b[Kdouble* manage_mission::\x1b[01;32m\x1b[Kget_position_tf\x1b[m\x1b[K(std::string, std::string)\x1b[m\x1b[K\xe2\x80\x99:\n'}
[61.707211] (mission_layer_mvibot) StderrLine: {'line': b'\x1b[01m\x1b[K/home/mvibot/floorCleaningRobot_ws/src/mission_layer_mvibot/src/../include/mission_layer_mvibot/mvibot_mission/manage_mission.h:642:33:\x1b[m\x1b[K \x1b[01;35m\x1b[Kwarning: \x1b[m\x1b[Karray subscript 2 is above array bounds of \xe2\x80\x98\x1b[01m\x1b[Kdouble [2]\x1b[m\x1b[K\xe2\x80\x99 [\x1b[01;35m\x1b[K\x1b]8;;https://gcc.gnu.org/onlinedocs/gcc/Warning-Options.html#index-Warray-bounds=\x07-Warray-bounds=\x1b]8;;\x07\x1b[m\x1b[K]\n'}
[61.707341] (mission_layer_mvibot) StderrLine: {'line': b'  642 |     data[0]=x; data[1]=y; \x1b[01;35m\x1b[Kdata[2]\x1b[m\x1b[K=thz; data[3]=thw;\n'}
[61.707456] (mission_layer_mvibot) StderrLine: {'line': b'      |                           \x1b[01;35m\x1b[K~~~~~~^\x1b[m\x1b[K\n'}
[61.707540] (mission_layer_mvibot) StderrLine: {'line': b'\x1b[01m\x1b[K/home/mvibot/floorCleaningRobot_ws/src/mission_layer_mvibot/src/../include/mission_layer_mvibot/mvibot_mission/manage_mission.h:626:19:\x1b[m\x1b[K \x1b[01;36m\x1b[Knote: \x1b[m\x1b[Kwhile referencing \xe2\x80\x98\x1b[01m\x1b[Kdata\x1b[m\x1b[K\xe2\x80\x99\n'}
[61.707654] (mission_layer_mvibot) StderrLine: {'line': b'  626 |     static double \x1b[01;36m\x1b[Kdata\x1b[m\x1b[K[2];\n'}
[61.707740] (mission_layer_mvibot) StderrLine: {'line': b'      |                   \x1b[01;36m\x1b[K^~~~\x1b[m\x1b[K\n'}
[61.707822] (mission_layer_mvibot) StderrLine: {'line': b'\x1b[01m\x1b[K/home/mvibot/floorCleaningRobot_ws/src/mission_layer_mvibot/src/../include/mission_layer_mvibot/mvibot_mission/manage_mission.h:642:46:\x1b[m\x1b[K \x1b[01;35m\x1b[Kwarning: \x1b[m\x1b[Karray subscript 3 is above array bounds of \xe2\x80\x98\x1b[01m\x1b[Kdouble [2]\x1b[m\x1b[K\xe2\x80\x99 [\x1b[01;35m\x1b[K\x1b]8;;https://gcc.gnu.org/onlinedocs/gcc/Warning-Options.html#index-Warray-bounds=\x07-Warray-bounds=\x1b]8;;\x07\x1b[m\x1b[K]\n'}
[61.707906] (mission_layer_mvibot) StderrLine: {'line': b'  642 |     data[0]=x; data[1]=y; data[2]=thz; \x1b[01;35m\x1b[Kdata[3]\x1b[m\x1b[K=thw;\n'}
[61.707982] (mission_layer_mvibot) StderrLine: {'line': b'      |                                        \x1b[01;35m\x1b[K~~~~~~^\x1b[m\x1b[K\n'}
[61.708053] (mission_layer_mvibot) StderrLine: {'line': b'\x1b[01m\x1b[K/home/mvibot/floorCleaningRobot_ws/src/mission_layer_mvibot/src/../include/mission_layer_mvibot/mvibot_mission/manage_mission.h:626:19:\x1b[m\x1b[K \x1b[01;36m\x1b[Knote: \x1b[m\x1b[Kwhile referencing \xe2\x80\x98\x1b[01m\x1b[Kdata\x1b[m\x1b[K\xe2\x80\x99\n'}
[61.708291] (mission_layer_mvibot) StderrLine: {'line': b'  626 |     static double \x1b[01;36m\x1b[Kdata\x1b[m\x1b[K[2];\n'}
[61.708399] (mission_layer_mvibot) StderrLine: {'line': b'      |                   \x1b[01;36m\x1b[K^~~~\x1b[m\x1b[K\n'}
[61.785783] (-) TimerEvent: {}
[61.886030] (-) TimerEvent: {}
[61.986305] (-) TimerEvent: {}
[62.086584] (-) TimerEvent: {}
[62.186855] (-) TimerEvent: {}
[62.287143] (-) TimerEvent: {}
[62.387377] (-) TimerEvent: {}
[62.487647] (-) TimerEvent: {}
[62.587951] (-) TimerEvent: {}
[62.688266] (-) TimerEvent: {}
[62.788633] (-) TimerEvent: {}
[62.888968] (-) TimerEvent: {}
[62.989220] (-) TimerEvent: {}
[63.089474] (-) TimerEvent: {}
[63.189749] (-) TimerEvent: {}
[63.290094] (-) TimerEvent: {}
[63.390387] (-) TimerEvent: {}
[63.490686] (-) TimerEvent: {}
[63.591318] (-) TimerEvent: {}
[63.691687] (-) TimerEvent: {}
[63.792040] (-) TimerEvent: {}
[63.892307] (-) TimerEvent: {}
[63.992585] (-) TimerEvent: {}
[64.092908] (-) TimerEvent: {}
[64.193231] (-) TimerEvent: {}
[64.293486] (-) TimerEvent: {}
[64.393782] (-) TimerEvent: {}
[64.494094] (-) TimerEvent: {}
[64.594425] (-) TimerEvent: {}
[64.694694] (-) TimerEvent: {}
[64.795067] (-) TimerEvent: {}
[64.895322] (-) TimerEvent: {}
[64.995692] (-) TimerEvent: {}
[65.096361] (-) TimerEvent: {}
[65.196716] (-) TimerEvent: {}
[65.297026] (-) TimerEvent: {}
[65.397410] (-) TimerEvent: {}
[65.497737] (-) TimerEvent: {}
[65.597972] (-) TimerEvent: {}
[65.698270] (-) TimerEvent: {}
[65.798524] (-) TimerEvent: {}
[65.898814] (-) TimerEvent: {}
[65.999090] (-) TimerEvent: {}
[66.099355] (-) TimerEvent: {}
[66.199603] (-) TimerEvent: {}
[66.299862] (-) TimerEvent: {}
[66.400081] (-) TimerEvent: {}
[66.500348] (-) TimerEvent: {}
[66.600712] (-) TimerEvent: {}
[66.701053] (-) TimerEvent: {}
[66.801433] (-) TimerEvent: {}
[66.901703] (-) TimerEvent: {}
[67.001953] (-) TimerEvent: {}
[67.102286] (-) TimerEvent: {}
[67.202918] (-) TimerEvent: {}
[67.303636] (-) TimerEvent: {}
[67.403951] (-) TimerEvent: {}
[67.504346] (-) TimerEvent: {}
[67.604655] (-) TimerEvent: {}
[67.704895] (-) TimerEvent: {}
[67.805333] (-) TimerEvent: {}
[67.905645] (-) TimerEvent: {}
[68.005914] (-) TimerEvent: {}
[68.106169] (-) TimerEvent: {}
[68.206434] (-) TimerEvent: {}
[68.306917] (-) TimerEvent: {}
[68.407369] (-) TimerEvent: {}
[68.507923] (-) TimerEvent: {}
[68.608342] (-) TimerEvent: {}
[68.708682] (-) TimerEvent: {}
[68.809008] (-) TimerEvent: {}
[68.909386] (-) TimerEvent: {}
[69.009753] (-) TimerEvent: {}
[69.110424] (-) TimerEvent: {}
[69.210804] (-) TimerEvent: {}
[69.311139] (-) TimerEvent: {}
[69.411438] (-) TimerEvent: {}
[69.511707] (-) TimerEvent: {}
[69.612005] (-) TimerEvent: {}
[69.712360] (-) TimerEvent: {}
[69.812722] (-) TimerEvent: {}
[69.913166] (-) TimerEvent: {}
[70.013715] (-) TimerEvent: {}
[70.114148] (-) TimerEvent: {}
[70.214477] (-) TimerEvent: {}
[70.314810] (-) TimerEvent: {}
[70.415132] (-) TimerEvent: {}
[70.515427] (-) TimerEvent: {}
[70.615691] (-) TimerEvent: {}
[70.715983] (-) TimerEvent: {}
[70.816285] (-) TimerEvent: {}
[70.916596] (-) TimerEvent: {}
[71.016928] (-) TimerEvent: {}
[71.117331] (-) TimerEvent: {}
[71.217637] (-) TimerEvent: {}
[71.318054] (-) TimerEvent: {}
[71.418333] (-) TimerEvent: {}
[71.518595] (-) TimerEvent: {}
[71.618857] (-) TimerEvent: {}
[71.719126] (-) TimerEvent: {}
[71.819394] (-) TimerEvent: {}
[71.919646] (-) TimerEvent: {}
[72.019889] (-) TimerEvent: {}
[72.120149] (-) TimerEvent: {}
[72.220399] (-) TimerEvent: {}
[72.320670] (-) TimerEvent: {}
[72.420907] (-) TimerEvent: {}
[72.521163] (-) TimerEvent: {}
[72.621445] (-) TimerEvent: {}
[72.722169] (-) TimerEvent: {}
[72.822438] (-) TimerEvent: {}
[72.922691] (-) TimerEvent: {}
[73.022988] (-) TimerEvent: {}
[73.123293] (-) TimerEvent: {}
[73.223616] (-) TimerEvent: {}
[73.323897] (-) TimerEvent: {}
[73.424184] (-) TimerEvent: {}
[73.524570] (-) TimerEvent: {}
[73.624877] (-) TimerEvent: {}
[73.725161] (-) TimerEvent: {}
[73.825382] (-) TimerEvent: {}
[73.925647] (-) TimerEvent: {}
[74.025908] (-) TimerEvent: {}
[74.126216] (-) TimerEvent: {}
[74.226524] (-) TimerEvent: {}
[74.326914] (-) TimerEvent: {}
[74.427281] (-) TimerEvent: {}
[74.527580] (-) TimerEvent: {}
[74.627838] (-) TimerEvent: {}
[74.728125] (-) TimerEvent: {}
[74.828410] (-) TimerEvent: {}
[74.928700] (-) TimerEvent: {}
[75.028929] (-) TimerEvent: {}
[75.129174] (-) TimerEvent: {}
[75.229446] (-) TimerEvent: {}
[75.329716] (-) TimerEvent: {}
[75.429987] (-) TimerEvent: {}
[75.530317] (-) TimerEvent: {}
[75.630594] (-) TimerEvent: {}
[75.731048] (-) TimerEvent: {}
[75.831437] (-) TimerEvent: {}
[75.931695] (-) TimerEvent: {}
[76.031925] (-) TimerEvent: {}
[76.132237] (-) TimerEvent: {}
[76.232551] (-) TimerEvent: {}
[76.332860] (-) TimerEvent: {}
[76.433177] (-) TimerEvent: {}
[76.533429] (-) TimerEvent: {}
[76.633649] (-) TimerEvent: {}
[76.733910] (-) TimerEvent: {}
[76.834172] (-) TimerEvent: {}
[76.934548] (-) TimerEvent: {}
[77.034971] (-) TimerEvent: {}
[77.135237] (-) TimerEvent: {}
[77.235500] (-) TimerEvent: {}
[77.335773] (-) TimerEvent: {}
[77.436095] (-) TimerEvent: {}
[77.536495] (-) TimerEvent: {}
[77.636824] (-) TimerEvent: {}
[77.737169] (-) TimerEvent: {}
[77.837512] (-) TimerEvent: {}
[77.937996] (-) TimerEvent: {}
[78.038457] (-) TimerEvent: {}
[78.138775] (-) TimerEvent: {}
[78.239321] (-) TimerEvent: {}
[78.339679] (-) TimerEvent: {}
[78.439989] (-) TimerEvent: {}
[78.540299] (-) TimerEvent: {}
[78.640566] (-) TimerEvent: {}
[78.740853] (-) TimerEvent: {}
[78.841165] (-) TimerEvent: {}
[78.941484] (-) TimerEvent: {}
[79.041824] (-) TimerEvent: {}
[79.142091] (-) TimerEvent: {}
[79.242408] (-) TimerEvent: {}
[79.342972] (-) TimerEvent: {}
[79.443558] (-) TimerEvent: {}
[79.543814] (-) TimerEvent: {}
[79.644145] (-) TimerEvent: {}
[79.744453] (-) TimerEvent: {}
[79.844984] (-) TimerEvent: {}
[79.945423] (-) TimerEvent: {}
[80.045705] (-) TimerEvent: {}
[80.146056] (-) TimerEvent: {}
[80.246425] (-) TimerEvent: {}
[80.346682] (-) TimerEvent: {}
[80.447058] (-) TimerEvent: {}
[80.547411] (-) TimerEvent: {}
[80.647746] (-) TimerEvent: {}
[80.748074] (-) TimerEvent: {}
[80.848407] (-) TimerEvent: {}
[80.948717] (-) TimerEvent: {}
[81.049007] (-) TimerEvent: {}
[81.149252] (-) TimerEvent: {}
[81.249467] (-) TimerEvent: {}
[81.349691] (-) TimerEvent: {}
[81.449949] (-) TimerEvent: {}
[81.550238] (-) TimerEvent: {}
[81.650558] (-) TimerEvent: {}
[81.750977] (-) TimerEvent: {}
[81.851286] (-) TimerEvent: {}
[81.951546] (-) TimerEvent: {}
[82.051830] (-) TimerEvent: {}
[82.152114] (-) TimerEvent: {}
[82.252458] (-) TimerEvent: {}
[82.353076] (-) TimerEvent: {}
[82.453404] (-) TimerEvent: {}
[82.553682] (-) TimerEvent: {}
[82.653956] (-) TimerEvent: {}
[82.754406] (-) TimerEvent: {}
[82.854629] (-) TimerEvent: {}
[82.954874] (-) TimerEvent: {}
[83.055087] (-) TimerEvent: {}
[83.155339] (-) TimerEvent: {}
[83.255595] (-) TimerEvent: {}
[83.355834] (-) TimerEvent: {}
[83.456073] (-) TimerEvent: {}
[83.556353] (-) TimerEvent: {}
[83.656625] (-) TimerEvent: {}
[83.756964] (-) TimerEvent: {}
[83.857371] (-) TimerEvent: {}
[83.957725] (-) TimerEvent: {}
[84.058063] (-) TimerEvent: {}
[84.141035] (mission_layer_mvibot) StderrLine: {'line': b'\x1b[01m\x1b[K/home/mvibot/floorCleaningRobot_ws/src/mission_layer_mvibot/src/../include/mission_layer_mvibot/mvibot_mission/navigation_function.h:\x1b[m\x1b[K In member function \xe2\x80\x98\x1b[01m\x1b[Kvoid navigation_function::\x1b[01;32m\x1b[Kset_initial_robot\x1b[m\x1b[K(const std::string&)\x1b[m\x1b[K\xe2\x80\x99:\n'}
[84.141409] (mission_layer_mvibot) StderrLine: {'line': b'\x1b[01m\x1b[K/home/mvibot/floorCleaningRobot_ws/src/mission_layer_mvibot/src/../include/mission_layer_mvibot/mvibot_mission/navigation_function.h:260:13:\x1b[m\x1b[K \x1b[01;35m\x1b[Kwarning: \x1b[m\x1b[K\xe2\x80\x98\x1b[01m\x1b[Kx\x1b[m\x1b[K\xe2\x80\x99 may be used uninitialized [\x1b[01;35m\x1b[K\x1b]8;;https://gcc.gnu.org/onlinedocs/gcc/Warning-Options.html#index-Wmaybe-uninitialized\x07-Wmaybe-uninitialized\x1b]8;;\x07\x1b[m\x1b[K]\n'}
[84.141587] (mission_layer_mvibot) StderrLine: {'line': b'  260 |     \x1b[01;35m\x1b[Kpub_amcl(x,y,thz,thw)\x1b[m\x1b[K;\n'}
[84.141700] (mission_layer_mvibot) StderrLine: {'line': b'      |     \x1b[01;35m\x1b[K~~~~~~~~^~~~~~~~~~~~~\x1b[m\x1b[K\n'}
[84.141822] (mission_layer_mvibot) StderrLine: {'line': b'\x1b[01m\x1b[K/home/mvibot/floorCleaningRobot_ws/src/mission_layer_mvibot/src/../include/mission_layer_mvibot/mvibot_mission/navigation_function.h:252:18:\x1b[m\x1b[K \x1b[01;36m\x1b[Knote: \x1b[m\x1b[K\xe2\x80\x98\x1b[01m\x1b[Kx\x1b[m\x1b[K\xe2\x80\x99 was declared here\n'}
[84.141920] (mission_layer_mvibot) StderrLine: {'line': b'  252 |     double value,\x1b[01;36m\x1b[Kx\x1b[m\x1b[K,y,thz,thw;\n'}
[84.142051] (mission_layer_mvibot) StderrLine: {'line': b'      |                  \x1b[01;36m\x1b[K^\x1b[m\x1b[K\n'}
[84.142163] (mission_layer_mvibot) StderrLine: {'line': b'\x1b[01m\x1b[K/home/mvibot/floorCleaningRobot_ws/src/mission_layer_mvibot/src/../include/mission_layer_mvibot/mvibot_mission/navigation_function.h:260:13:\x1b[m\x1b[K \x1b[01;35m\x1b[Kwarning: \x1b[m\x1b[K\xe2\x80\x98\x1b[01m\x1b[Ky\x1b[m\x1b[K\xe2\x80\x99 may be used uninitialized [\x1b[01;35m\x1b[K\x1b]8;;https://gcc.gnu.org/onlinedocs/gcc/Warning-Options.html#index-Wmaybe-uninitialized\x07-Wmaybe-uninitialized\x1b]8;;\x07\x1b[m\x1b[K]\n'}
[84.142299] (mission_layer_mvibot) StderrLine: {'line': b'  260 |     \x1b[01;35m\x1b[Kpub_amcl(x,y,thz,thw)\x1b[m\x1b[K;\n'}
[84.142445] (mission_layer_mvibot) StderrLine: {'line': b'      |     \x1b[01;35m\x1b[K~~~~~~~~^~~~~~~~~~~~~\x1b[m\x1b[K\n'}
[84.142584] (mission_layer_mvibot) StderrLine: {'line': b'\x1b[01m\x1b[K/home/mvibot/floorCleaningRobot_ws/src/mission_layer_mvibot/src/../include/mission_layer_mvibot/mvibot_mission/navigation_function.h:252:20:\x1b[m\x1b[K \x1b[01;36m\x1b[Knote: \x1b[m\x1b[K\xe2\x80\x98\x1b[01m\x1b[Ky\x1b[m\x1b[K\xe2\x80\x99 was declared here\n'}
[84.142721] (mission_layer_mvibot) StderrLine: {'line': b'  252 |     double value,x,\x1b[01;36m\x1b[Ky\x1b[m\x1b[K,thz,thw;\n'}
[84.142813] (mission_layer_mvibot) StderrLine: {'line': b'      |                    \x1b[01;36m\x1b[K^\x1b[m\x1b[K\n'}
[84.142922] (mission_layer_mvibot) StderrLine: {'line': b'\x1b[01m\x1b[K/home/mvibot/floorCleaningRobot_ws/src/mission_layer_mvibot/src/../include/mission_layer_mvibot/mvibot_mission/navigation_function.h:260:13:\x1b[m\x1b[K \x1b[01;35m\x1b[Kwarning: \x1b[m\x1b[K\xe2\x80\x98\x1b[01m\x1b[Kthz\x1b[m\x1b[K\xe2\x80\x99 may be used uninitialized [\x1b[01;35m\x1b[K\x1b]8;;https://gcc.gnu.org/onlinedocs/gcc/Warning-Options.html#index-Wmaybe-uninitialized\x07-Wmaybe-uninitialized\x1b]8;;\x07\x1b[m\x1b[K]\n'}
[84.143025] (mission_layer_mvibot) StderrLine: {'line': b'  260 |     \x1b[01;35m\x1b[Kpub_amcl(x,y,thz,thw)\x1b[m\x1b[K;\n'}
[84.143457] (mission_layer_mvibot) StderrLine: {'line': b'      |     \x1b[01;35m\x1b[K~~~~~~~~^~~~~~~~~~~~~\x1b[m\x1b[K\n'}
[84.143604] (mission_layer_mvibot) StderrLine: {'line': b'\x1b[01m\x1b[K/home/mvibot/floorCleaningRobot_ws/src/mission_layer_mvibot/src/../include/mission_layer_mvibot/mvibot_mission/navigation_function.h:252:22:\x1b[m\x1b[K \x1b[01;36m\x1b[Knote: \x1b[m\x1b[K\xe2\x80\x98\x1b[01m\x1b[Kthz\x1b[m\x1b[K\xe2\x80\x99 was declared here\n'}
[84.143761] (mission_layer_mvibot) StderrLine: {'line': b'  252 |     double value,x,y,\x1b[01;36m\x1b[Kthz\x1b[m\x1b[K,thw;\n'}
[84.143887] (mission_layer_mvibot) StderrLine: {'line': b'      |                      \x1b[01;36m\x1b[K^~~\x1b[m\x1b[K\n'}
[84.144011] (mission_layer_mvibot) StderrLine: {'line': b'\x1b[01m\x1b[K/home/mvibot/floorCleaningRobot_ws/src/mission_layer_mvibot/src/../include/mission_layer_mvibot/mvibot_mission/navigation_function.h:260:13:\x1b[m\x1b[K \x1b[01;35m\x1b[Kwarning: \x1b[m\x1b[K\xe2\x80\x98\x1b[01m\x1b[Kthw\x1b[m\x1b[K\xe2\x80\x99 may be used uninitialized [\x1b[01;35m\x1b[K\x1b]8;;https://gcc.gnu.org/onlinedocs/gcc/Warning-Options.html#index-Wmaybe-uninitialized\x07-Wmaybe-uninitialized\x1b]8;;\x07\x1b[m\x1b[K]\n'}
[84.144155] (mission_layer_mvibot) StderrLine: {'line': b'  260 |     \x1b[01;35m\x1b[Kpub_amcl(x,y,thz,thw)\x1b[m\x1b[K;\n'}
[84.144310] (mission_layer_mvibot) StderrLine: {'line': b'      |     \x1b[01;35m\x1b[K~~~~~~~~^~~~~~~~~~~~~\x1b[m\x1b[K\n'}
[84.144439] (mission_layer_mvibot) StderrLine: {'line': b'\x1b[01m\x1b[K/home/mvibot/floorCleaningRobot_ws/src/mission_layer_mvibot/src/../include/mission_layer_mvibot/mvibot_mission/navigation_function.h:252:26:\x1b[m\x1b[K \x1b[01;36m\x1b[Knote: \x1b[m\x1b[K\xe2\x80\x98\x1b[01m\x1b[Kthw\x1b[m\x1b[K\xe2\x80\x99 was declared here\n'}
[84.144573] (mission_layer_mvibot) StderrLine: {'line': b'  252 |     double value,x,y,thz,\x1b[01;36m\x1b[Kthw\x1b[m\x1b[K;\n'}
[84.144677] (mission_layer_mvibot) StderrLine: {'line': b'      |                          \x1b[01;36m\x1b[K^~~\x1b[m\x1b[K\n'}
[84.158186] (-) TimerEvent: {}
[84.258514] (-) TimerEvent: {}
[84.358900] (-) TimerEvent: {}
[84.459244] (-) TimerEvent: {}
[84.559577] (-) TimerEvent: {}
[84.659967] (-) TimerEvent: {}
[84.760425] (-) TimerEvent: {}
[84.860686] (-) TimerEvent: {}
[84.960933] (-) TimerEvent: {}
[85.061230] (-) TimerEvent: {}
[85.161506] (-) TimerEvent: {}
[85.261715] (-) TimerEvent: {}
[85.362019] (-) TimerEvent: {}
[85.462294] (-) TimerEvent: {}
[85.562679] (-) TimerEvent: {}
[85.663028] (-) TimerEvent: {}
[85.763532] (-) TimerEvent: {}
[85.817197] (mission_layer_mvibot) StderrLine: {'line': b'\x1b[01m\x1b[K/home/mvibot/floorCleaningRobot_ws/src/mission_layer_mvibot/src/../include/mission_layer_mvibot/mvibot_mission/manage_mission.h:\x1b[m\x1b[K In member function \xe2\x80\x98\x1b[01m\x1b[Kint manage_mission::\x1b[01;32m\x1b[Kexecute_content\x1b[m\x1b[K(mission&, std::vector<std::__cxx11::basic_string<char>, std::allocator<std::__cxx11::basic_string<char> > >&, std::string&, int&)\x1b[m\x1b[K\xe2\x80\x99:\n'}
[85.817975] (mission_layer_mvibot) StderrLine: {'line': b'\x1b[01m\x1b[K/home/mvibot/floorCleaningRobot_ws/src/mission_layer_mvibot/src/../include/mission_layer_mvibot/mvibot_mission/manage_mission.h:1060:9:\x1b[m\x1b[K \x1b[01;35m\x1b[Kwarning: \x1b[m\x1b[K\xe2\x80\x98\x1b[01m\x1b[Kres\x1b[m\x1b[K\xe2\x80\x99 may be used uninitialized [\x1b[01;35m\x1b[K\x1b]8;;https://gcc.gnu.org/onlinedocs/gcc/Warning-Options.html#index-Wmaybe-uninitialized\x07-Wmaybe-uninitialized\x1b]8;;\x07\x1b[m\x1b[K]\n'}
[85.818131] (mission_layer_mvibot) StderrLine: {'line': b' 1060 |         \x1b[01;35m\x1b[Kif\x1b[m\x1b[K(res == Finish_) queue_content.erase(queue_content.begin());\n'}
[85.818235] (mission_layer_mvibot) StderrLine: {'line': b'      |         \x1b[01;35m\x1b[K^~\x1b[m\x1b[K\n'}
[85.818317] (mission_layer_mvibot) StderrLine: {'line': b'\x1b[01m\x1b[K/home/mvibot/floorCleaningRobot_ws/src/mission_layer_mvibot/src/../include/mission_layer_mvibot/mvibot_mission/manage_mission.h:1046:13:\x1b[m\x1b[K \x1b[01;36m\x1b[Knote: \x1b[m\x1b[K\xe2\x80\x98\x1b[01m\x1b[Kres\x1b[m\x1b[K\xe2\x80\x99 was declared here\n'}
[85.818393] (mission_layer_mvibot) StderrLine: {'line': b' 1046 |         int \x1b[01;36m\x1b[Kres\x1b[m\x1b[K;\n'}
[85.818463] (mission_layer_mvibot) StderrLine: {'line': b'      |             \x1b[01;36m\x1b[K^~~\x1b[m\x1b[K\n'}
[85.863490] (-) TimerEvent: {}
[85.964187] (-) TimerEvent: {}
[86.064521] (-) TimerEvent: {}
[86.164833] (-) TimerEvent: {}
[86.265129] (-) TimerEvent: {}
[86.366112] (-) TimerEvent: {}
[86.466745] (-) TimerEvent: {}
[86.567072] (-) TimerEvent: {}
[86.667427] (-) TimerEvent: {}
[86.767740] (-) TimerEvent: {}
[86.867983] (-) TimerEvent: {}
[86.968251] (-) TimerEvent: {}
[87.068507] (-) TimerEvent: {}
[87.168752] (-) TimerEvent: {}
[87.268998] (-) TimerEvent: {}
[87.369258] (-) TimerEvent: {}
[87.469567] (-) TimerEvent: {}
[87.569880] (-) TimerEvent: {}
[87.670314] (-) TimerEvent: {}
[87.770546] (-) TimerEvent: {}
[87.870761] (-) TimerEvent: {}
[87.970983] (-) TimerEvent: {}
[88.071238] (-) TimerEvent: {}
[88.171511] (-) TimerEvent: {}
[88.271752] (-) TimerEvent: {}
[88.372025] (-) TimerEvent: {}
[88.472352] (-) TimerEvent: {}
[88.572693] (-) TimerEvent: {}
[88.672996] (-) TimerEvent: {}
[88.773309] (-) TimerEvent: {}
[88.873557] (-) TimerEvent: {}
[88.973851] (-) TimerEvent: {}
[89.074210] (-) TimerEvent: {}
[89.174581] (-) TimerEvent: {}
[89.274936] (-) TimerEvent: {}
[89.375313] (-) TimerEvent: {}
[89.475659] (-) TimerEvent: {}
[89.576132] (-) TimerEvent: {}
[89.676393] (-) TimerEvent: {}
[89.776715] (-) TimerEvent: {}
[89.877015] (-) TimerEvent: {}
[89.977287] (-) TimerEvent: {}
[90.077544] (-) TimerEvent: {}
[90.177793] (-) TimerEvent: {}
[90.278076] (-) TimerEvent: {}
[90.378396] (-) TimerEvent: {}
[90.478712] (-) TimerEvent: {}
[90.578958] (-) TimerEvent: {}
[90.679320] (-) TimerEvent: {}
[90.779618] (-) TimerEvent: {}
[90.879870] (-) TimerEvent: {}
[90.980434] (-) TimerEvent: {}
[91.080765] (-) TimerEvent: {}
[91.181074] (-) TimerEvent: {}
[91.281361] (-) TimerEvent: {}
[91.381618] (-) TimerEvent: {}
[91.481866] (-) TimerEvent: {}
[91.582139] (-) TimerEvent: {}
[91.682412] (-) TimerEvent: {}
[91.782670] (-) TimerEvent: {}
[91.882950] (-) TimerEvent: {}
[91.983305] (-) TimerEvent: {}
[92.083551] (-) TimerEvent: {}
[92.183803] (-) TimerEvent: {}
[92.284144] (-) TimerEvent: {}
[92.384393] (-) TimerEvent: {}
[92.484856] (-) TimerEvent: {}
[92.585159] (-) TimerEvent: {}
[92.685472] (-) TimerEvent: {}
[92.785778] (-) TimerEvent: {}
[92.886053] (-) TimerEvent: {}
[92.986338] (-) TimerEvent: {}
[93.086653] (-) TimerEvent: {}
[93.186968] (-) TimerEvent: {}
[93.287246] (-) TimerEvent: {}
[93.387506] (-) TimerEvent: {}
[93.487843] (-) TimerEvent: {}
[93.588183] (-) TimerEvent: {}
[93.688660] (-) TimerEvent: {}
[93.788982] (-) TimerEvent: {}
[93.889311] (-) TimerEvent: {}
[93.989625] (-) TimerEvent: {}
[94.089959] (-) TimerEvent: {}
[94.190280] (-) TimerEvent: {}
[94.290551] (-) TimerEvent: {}
[94.390843] (-) TimerEvent: {}
[94.491180] (-) TimerEvent: {}
[94.591508] (-) TimerEvent: {}
[94.691850] (-) TimerEvent: {}
[94.792167] (-) TimerEvent: {}
[94.892513] (-) TimerEvent: {}
[94.992856] (-) TimerEvent: {}
[95.093199] (-) TimerEvent: {}
[95.193491] (-) TimerEvent: {}
[95.293739] (-) TimerEvent: {}
[95.394025] (-) TimerEvent: {}
[95.494282] (-) TimerEvent: {}
[95.594602] (-) TimerEvent: {}
[95.694930] (-) TimerEvent: {}
[95.795239] (-) TimerEvent: {}
[95.895504] (-) TimerEvent: {}
[95.996077] (-) TimerEvent: {}
[96.096399] (-) TimerEvent: {}
[96.196716] (-) TimerEvent: {}
[96.296987] (-) TimerEvent: {}
[96.397309] (-) TimerEvent: {}
[96.497607] (-) TimerEvent: {}
[96.597880] (-) TimerEvent: {}
[96.698164] (-) TimerEvent: {}
[96.798436] (-) TimerEvent: {}
[96.898749] (-) TimerEvent: {}
[96.999038] (-) TimerEvent: {}
[97.099296] (-) TimerEvent: {}
[97.199545] (-) TimerEvent: {}
[97.299959] (-) TimerEvent: {}
[97.400232] (-) TimerEvent: {}
[97.500483] (-) TimerEvent: {}
[97.600771] (-) TimerEvent: {}
[97.701023] (-) TimerEvent: {}
[97.801299] (-) TimerEvent: {}
[97.901568] (-) TimerEvent: {}
[98.001785] (-) TimerEvent: {}
[98.102096] (-) TimerEvent: {}
[98.202370] (-) TimerEvent: {}
[98.302701] (-) TimerEvent: {}
[98.403171] (-) TimerEvent: {}
[98.503478] (-) TimerEvent: {}
[98.603780] (-) TimerEvent: {}
[98.704046] (-) TimerEvent: {}
[98.804378] (-) TimerEvent: {}
[98.904628] (-) TimerEvent: {}
[99.004886] (-) TimerEvent: {}
[99.105188] (-) TimerEvent: {}
[99.205463] (-) TimerEvent: {}
[99.305767] (-) TimerEvent: {}
[99.406042] (-) TimerEvent: {}
[99.506389] (-) TimerEvent: {}
[99.606719] (-) TimerEvent: {}
[99.707016] (-) TimerEvent: {}
[99.807359] (-) TimerEvent: {}
[99.907683] (-) TimerEvent: {}
[100.008023] (-) TimerEvent: {}
[100.108345] (-) TimerEvent: {}
[100.208650] (-) TimerEvent: {}
[100.308932] (-) TimerEvent: {}
[100.409333] (-) TimerEvent: {}
[100.509601] (-) TimerEvent: {}
[100.609943] (-) TimerEvent: {}
[100.710285] (-) TimerEvent: {}
[100.810591] (-) TimerEvent: {}
[100.910920] (-) TimerEvent: {}
[101.011237] (-) TimerEvent: {}
[101.111526] (-) TimerEvent: {}
[101.211786] (-) TimerEvent: {}
[101.312085] (-) TimerEvent: {}
[101.355776] (mission_layer_mvibot) StdoutLine: {'line': b'[100%] \x1b[32m\x1b[1mLinking CXX executable mvibot_mission\x1b[0m\n'}
[101.412165] (-) TimerEvent: {}
[101.512388] (-) TimerEvent: {}
[101.612674] (-) TimerEvent: {}
[101.713090] (-) TimerEvent: {}
[101.813676] (-) TimerEvent: {}
[101.914326] (-) TimerEvent: {}
[102.014617] (-) TimerEvent: {}
[102.114879] (-) TimerEvent: {}
[102.215168] (-) TimerEvent: {}
[102.247682] (mission_layer_mvibot) StdoutLine: {'line': b'[100%] Built target mvibot_mission\n'}
[102.264098] (mission_layer_mvibot) CommandEnded: {'returncode': 0}
[102.266040] (mission_layer_mvibot) JobProgress: {'identifier': 'mission_layer_mvibot', 'progress': 'install'}
[102.279580] (mission_layer_mvibot) Command: {'cmd': ['/usr/bin/cmake', '--install', '/home/mvibot/floorCleaningRobot_ws/build/mission_layer_mvibot'], 'cwd': '/home/mvibot/floorCleaningRobot_ws/build/mission_layer_mvibot', 'env': OrderedDict({'LESSOPEN': '| /usr/bin/lesspipe %s', 'USER': 'mvibot', 'SSH_CLIENT': '10.0.60.48 56764 22', 'GZ_CONFIG_PATH': '/opt/ros/jazzy/opt/gz_sim_vendor/share/gz:/opt/ros/jazzy/opt/sdformat_vendor/share/gz:/opt/ros/jazzy/opt/gz_gui_vendor/share/gz:/opt/ros/jazzy/opt/gz_transport_vendor/share/gz:/opt/ros/jazzy/opt/gz_rendering_vendor/share/gz:/opt/ros/jazzy/opt/gz_plugin_vendor/share/gz:/opt/ros/jazzy/opt/gz_fuel_tools_vendor/share/gz:/opt/ros/jazzy/opt/gz_msgs_vendor/share/gz:/opt/ros/jazzy/opt/gz_common_vendor/share/gz', 'XDG_SESSION_TYPE': 'tty', 'SHLVL': '1', 'LD_LIBRARY_PATH': '/home/mvibot/floorCleaningRobot_ws/install/opennav_coverage_msgs/lib:/home/mvibot/floorCleaningRobot_ws/install/tf2_web_republisher/lib:/home/mvibot/floorCleaningRobot_ws/install/tf2_web_republisher_interfaces/lib:/home/mvibot/floorCleaningRobot_ws/install/realsense2_camera/lib:/home/mvibot/floorCleaningRobot_ws/install/realsense2_camera_msgs/lib:/home/mvibot/floorCleaningRobot_ws/install/pointcloud_to_laserscan/lib:/home/mvibot/floorCleaningRobot_ws/install/opennav_row_coverage/lib:/home/mvibot/floorCleaningRobot_ws/install/opennav_coverage_navigator/lib:/home/mvibot/floorCleaningRobot_ws/install/opennav_coverage_bt/lib:/home/mvibot/floorCleaningRobot_ws/install/opennav_coverage/lib:/home/mvibot/floorCleaningRobot_ws/install/fields2cover/lib:/opt/ros/jazzy/opt/gz_sim_vendor/lib:/opt/ros/jazzy/opt/gz_sensors_vendor/lib:/opt/ros/jazzy/opt/gz_physics_vendor/lib:/opt/ros/jazzy/opt/sdformat_vendor/lib:/opt/ros/jazzy/opt/rviz_ogre_vendor/lib:/opt/ros/jazzy/lib/x86_64-linux-gnu:/opt/ros/jazzy/opt/gz_gui_vendor/lib:/opt/ros/jazzy/opt/gz_transport_vendor/lib:/opt/ros/jazzy/opt/gz_rendering_vendor/lib:/opt/ros/jazzy/opt/gz_plugin_vendor/lib:/opt/ros/jazzy/opt/gz_fuel_tools_vendor/lib:/opt/ros/jazzy/opt/gz_msgs_vendor/lib:/opt/ros/jazzy/opt/gz_common_vendor/lib:/opt/ros/jazzy/opt/gz_math_vendor/lib:/opt/ros/jazzy/opt/gz_utils_vendor/lib:/opt/ros/jazzy/opt/gz_tools_vendor/lib:/opt/ros/jazzy/opt/gz_ogre_next_vendor/lib:/opt/ros/jazzy/opt/gz_dartsim_vendor/lib:/opt/ros/jazzy/opt/gz_cmake_vendor/lib:/opt/ros/jazzy/lib', 'HOME': '/home/mvibot', 'OLDPWD': '/home/mvibot', 'NVM_BIN': '/home/mvibot/.nvm/versions/node/v24.12.0/bin', 'SSH_TTY': '/dev/pts/2', 'NVM_INC': '/home/mvibot/.nvm/versions/node/v24.12.0/include/node', 'ROS_PYTHON_VERSION': '3', 'DBUS_SESSION_BUS_ADDRESS': 'unix:path=/run/user/1000/bus', 'NVM_DIR': '/home/mvibot/.nvm', 'DEBUGINFOD_URLS': 'https://debuginfod.ubuntu.com', 'COLCON_PREFIX_PATH': '/home/mvibot/floorCleaningRobot_ws/install', 'ROS_DISTRO': 'jazzy', 'LOGNAME': 'mvibot', '_': '/usr/bin/colcon', 'ROS_VERSION': '2', 'PKG_CONFIG_PATH': '/home/mvibot/floorCleaningRobot_ws/install/fields2cover/lib/x86_64-linux-gnu/pkgconfig:/home/mvibot/floorCleaningRobot_ws/install/fields2cover/lib/pkgconfig', 'XDG_SESSION_CLASS': 'user', 'TERM': 'xterm-256color', 'XDG_SESSION_ID': '31', 'PATH': '/home/mvibot/.nvm/versions/node/v24.12.0/bin:/opt/ros/jazzy/opt/gz_msgs_vendor/bin:/opt/ros/jazzy/opt/gz_tools_vendor/bin:/opt/ros/jazzy/opt/gz_ogre_next_vendor/bin:/opt/ros/jazzy/bin:/usr/local/sbin:/usr/local/bin:/usr/sbin:/usr/bin:/sbin:/bin:/usr/games:/usr/local/games:/snap/bin', 'XDG_RUNTIME_DIR': '/run/user/1000', 'LANG': 'en_US.UTF-8', 'RMW_IMPLEMENTATION': 'rmw_fastrtps_cpp', 'LS_COLORS': 'rs=0:di=01;34:ln=01;36:mh=00:pi=40;33:so=01;35:do=01;35:bd=40;33;01:cd=40;33;01:or=40;31;01:mi=00:su=37;41:sg=30;43:ca=00:tw=30;42:ow=34;42:st=37;44:ex=01;32:*.tar=01;31:*.tgz=01;31:*.arc=01;31:*.arj=01;31:*.taz=01;31:*.lha=01;31:*.lz4=01;31:*.lzh=01;31:*.lzma=01;31:*.tlz=01;31:*.txz=01;31:*.tzo=01;31:*.t7z=01;31:*.zip=01;31:*.z=01;31:*.dz=01;31:*.gz=01;31:*.lrz=01;31:*.lz=01;31:*.lzo=01;31:*.xz=01;31:*.zst=01;31:*.tzst=01;31:*.bz2=01;31:*.bz=01;31:*.tbz=01;31:*.tbz2=01;31:*.tz=01;31:*.deb=01;31:*.rpm=01;31:*.jar=01;31:*.war=01;31:*.ear=01;31:*.sar=01;31:*.rar=01;31:*.alz=01;31:*.ace=01;31:*.zoo=01;31:*.cpio=01;31:*.7z=01;31:*.rz=01;31:*.cab=01;31:*.wim=01;31:*.swm=01;31:*.dwm=01;31:*.esd=01;31:*.avif=01;35:*.jpg=01;35:*.jpeg=01;35:*.mjpg=01;35:*.mjpeg=01;35:*.gif=01;35:*.bmp=01;35:*.pbm=01;35:*.pgm=01;35:*.ppm=01;35:*.tga=01;35:*.xbm=01;35:*.xpm=01;35:*.tif=01;35:*.tiff=01;35:*.png=01;35:*.svg=01;35:*.svgz=01;35:*.mng=01;35:*.pcx=01;35:*.mov=01;35:*.mpg=01;35:*.mpeg=01;35:*.m2v=01;35:*.mkv=01;35:*.webm=01;35:*.webp=01;35:*.ogm=01;35:*.mp4=01;35:*.m4v=01;35:*.mp4v=01;35:*.vob=01;35:*.qt=01;35:*.nuv=01;35:*.wmv=01;35:*.asf=01;35:*.rm=01;35:*.rmvb=01;35:*.flc=01;35:*.avi=01;35:*.fli=01;35:*.flv=01;35:*.gl=01;35:*.dl=01;35:*.xcf=01;35:*.xwd=01;35:*.yuv=01;35:*.cgm=01;35:*.emf=01;35:*.ogv=01;35:*.ogx=01;35:*.aac=00;36:*.au=00;36:*.flac=00;36:*.m4a=00;36:*.mid=00;36:*.midi=00;36:*.mka=00;36:*.mp3=00;36:*.mpc=00;36:*.ogg=00;36:*.ra=00;36:*.wav=00;36:*.oga=00;36:*.opus=00;36:*.spx=00;36:*.xspf=00;36:*~=00;90:*#=00;90:*.bak=00;90:*.crdownload=00;90:*.dpkg-dist=00;90:*.dpkg-new=00;90:*.dpkg-old=00;90:*.dpkg-tmp=00;90:*.old=00;90:*.orig=00;90:*.part=00;90:*.rej=00;90:*.rpmnew=00;90:*.rpmorig=00;90:*.rpmsave=00;90:*.swp=00;90:*.tmp=00;90:*.ucf-dist=00;90:*.ucf-new=00;90:*.ucf-old=00;90:', 'ROS_DOMAIN_ID': '10', 'AMENT_PREFIX_PATH': '/home/mvibot/floorCleaningRobot_ws/install/tf2_web_republisher:/home/mvibot/floorCleaningRobot_ws/install/tf2_web_republisher_interfaces:/home/mvibot/floorCleaningRobot_ws/install/sllidar_ros2:/home/mvibot/floorCleaningRobot_ws/install/realsense2_description:/home/mvibot/floorCleaningRobot_ws/install/realsense2_camera:/home/mvibot/floorCleaningRobot_ws/install/realsense2_camera_msgs:/home/mvibot/floorCleaningRobot_ws/install/pointcloud_to_laserscan:/home/mvibot/floorCleaningRobot_ws/install/opennav_coverage_demo:/home/mvibot/floorCleaningRobot_ws/install/opennav_row_coverage:/home/mvibot/floorCleaningRobot_ws/install/opennav_coverage_navigator:/home/mvibot/floorCleaningRobot_ws/install/opennav_coverage_bt:/home/mvibot/floorCleaningRobot_ws/install/opennav_coverage:/home/mvibot/floorCleaningRobot_ws/install/mission_layer_mvibot:/home/mvibot/floorCleaningRobot_ws/install/opennav_coverage_msgs:/home/mvibot/floorCleaningRobot_ws/install/lower_layer_mvibot:/home/mvibot/floorCleaningRobot_ws/install/ira_laser_tools:/home/mvibot/floorCleaningRobot_ws/install/higher_layer_mvibot:/opt/ros/jazzy', 'SHELL': '/bin/bash', 'LESSCLOSE': '/usr/bin/lesspipe %s %s', 'ROS_AUTOMATIC_DISCOVERY_RANGE': 'SUBNET', 'PWD': '/home/mvibot/floorCleaningRobot_ws/build/mission_layer_mvibot', 'LC_ALL': 'en_US.UTF-8', 'SSH_CONNECTION': '10.0.60.48 56764 10.0.70.69 22', 'NVM_CD_FLAGS': '', 'XDG_DATA_DIRS': '/usr/share/gnome:/usr/local/share:/usr/share:/var/lib/snapd/desktop', 'PYTHONPATH': '/home/mvibot/floorCleaningRobot_ws/install/opennav_coverage_msgs/lib/python3.12/site-packages:/home/mvibot/floorCleaningRobot_ws/install/tf2_web_republisher_interfaces/lib/python3.12/site-packages:/home/mvibot/floorCleaningRobot_ws/install/realsense2_camera_msgs/lib/python3.12/site-packages:/home/mvibot/floorCleaningRobot_ws/build/opennav_coverage_demo:/home/mvibot/floorCleaningRobot_ws/install/opennav_coverage_demo/lib/python3.12/site-packages:/opt/ros/jazzy/lib/python3.12/site-packages', 'COLCON': '1', 'CMAKE_PREFIX_PATH': '/home/mvibot/floorCleaningRobot_ws/install/opennav_coverage_msgs:/home/mvibot/floorCleaningRobot_ws/install/tf2_web_republisher:/home/mvibot/floorCleaningRobot_ws/install/tf2_web_republisher_interfaces:/home/mvibot/floorCleaningRobot_ws/install/sllidar_ros2:/home/mvibot/floorCleaningRobot_ws/install/realsense2_description:/home/mvibot/floorCleaningRobot_ws/install/realsense2_camera:/home/mvibot/floorCleaningRobot_ws/install/realsense2_camera_msgs:/home/mvibot/floorCleaningRobot_ws/install/pointcloud_to_laserscan:/home/mvibot/floorCleaningRobot_ws/install/opennav_row_coverage:/home/mvibot/floorCleaningRobot_ws/install/opennav_coverage_navigator:/home/mvibot/floorCleaningRobot_ws/install/opennav_coverage_bt:/home/mvibot/floorCleaningRobot_ws/install/opennav_coverage:/home/mvibot/floorCleaningRobot_ws/install/mission_layer_mvibot:/home/mvibot/floorCleaningRobot_ws/install/lower_layer_mvibot:/home/mvibot/floorCleaningRobot_ws/install/ira_laser_tools:/home/mvibot/floorCleaningRobot_ws/install/higher_layer_mvibot:/home/mvibot/floorCleaningRobot_ws/install/fields2cover:/opt/ros/jazzy/opt/gz_sim_vendor:/opt/ros/jazzy/opt/gz_sensors_vendor:/opt/ros/jazzy/opt/gz_physics_vendor:/opt/ros/jazzy/opt/sdformat_vendor:/opt/ros/jazzy/opt/gz_gui_vendor:/opt/ros/jazzy/opt/gz_transport_vendor:/opt/ros/jazzy/opt/gz_rendering_vendor:/opt/ros/jazzy/opt/gz_plugin_vendor:/opt/ros/jazzy/opt/gz_fuel_tools_vendor:/opt/ros/jazzy/opt/gz_msgs_vendor:/opt/ros/jazzy/opt/gz_common_vendor:/opt/ros/jazzy/opt/gz_math_vendor:/opt/ros/jazzy/opt/gz_utils_vendor:/opt/ros/jazzy/opt/gz_tools_vendor:/opt/ros/jazzy/opt/gz_ogre_next_vendor:/opt/ros/jazzy/opt/gz_dartsim_vendor:/opt/ros/jazzy/opt/gz_cmake_vendor:/home/mvibot/floorCleaningRobot_ws/install/opennav_coverage_demo:/opt/ros/jazzy'}), 'shell': False}
[102.291534] (mission_layer_mvibot) StdoutLine: {'line': b'-- Install configuration: "Release"\n'}
[102.293758] (mission_layer_mvibot) StdoutLine: {'line': b'-- Execute custom install script\n'}
[102.296343] (mission_layer_mvibot) StdoutLine: {'line': b'-- Up-to-date symlink: /home/mvibot/floorCleaningRobot_ws/install/mission_layer_mvibot/share/mission_layer_mvibot//launch/mvibot_amcl_launch.py\n'}
[102.296685] (mission_layer_mvibot) StdoutLine: {'line': b'-- Up-to-date symlink: /home/mvibot/floorCleaningRobot_ws/install/mission_layer_mvibot/share/mission_layer_mvibot//launch/mvibot_behavior_launch.py\n'}
[102.297029] (mission_layer_mvibot) StdoutLine: {'line': b'-- Up-to-date symlink: /home/mvibot/floorCleaningRobot_ws/install/mission_layer_mvibot/share/mission_layer_mvibot//launch/mvibot_bt_navigator_launch.py\n'}
[102.297346] (mission_layer_mvibot) StdoutLine: {'line': b'-- Up-to-date symlink: /home/mvibot/floorCleaningRobot_ws/install/mission_layer_mvibot/share/mission_layer_mvibot//launch/mvibot_collision_monitor_launch.py\n'}
[102.297687] (mission_layer_mvibot) StdoutLine: {'line': b'-- Up-to-date symlink: /home/mvibot/floorCleaningRobot_ws/install/mission_layer_mvibot/share/mission_layer_mvibot//launch/mvibot_controller_launch.py\n'}
[102.298019] (mission_layer_mvibot) StdoutLine: {'line': b'-- Up-to-date symlink: /home/mvibot/floorCleaningRobot_ws/install/mission_layer_mvibot/share/mission_layer_mvibot//launch/mvibot_lifecycle_manager_navigation_launch.py\n'}
[102.298359] (mission_layer_mvibot) StdoutLine: {'line': b'-- Up-to-date symlink: /home/mvibot/floorCleaningRobot_ws/install/mission_layer_mvibot/share/mission_layer_mvibot//launch/mvibot_manage_mission_launch.py\n'}
[102.298725] (mission_layer_mvibot) StdoutLine: {'line': b'-- Up-to-date symlink: /home/mvibot/floorCleaningRobot_ws/install/mission_layer_mvibot/share/mission_layer_mvibot//launch/mvibot_mission_launch.py\n'}
[102.299063] (mission_layer_mvibot) StdoutLine: {'line': b'-- Up-to-date symlink: /home/mvibot/floorCleaningRobot_ws/install/mission_layer_mvibot/share/mission_layer_mvibot//launch/mvibot_navigation_launch.py\n'}
[102.299334] (mission_layer_mvibot) StdoutLine: {'line': b'-- Up-to-date symlink: /home/mvibot/floorCleaningRobot_ws/install/mission_layer_mvibot/share/mission_layer_mvibot//launch/mvibot_opennav_coverage_launch.py\n'}
[102.299508] (mission_layer_mvibot) StdoutLine: {'line': b'-- Up-to-date symlink: /home/mvibot/floorCleaningRobot_ws/install/mission_layer_mvibot/share/mission_layer_mvibot//launch/mvibot_planner_launch.py\n'}
[102.299696] (mission_layer_mvibot) StdoutLine: {'line': b'-- Up-to-date symlink: /home/mvibot/floorCleaningRobot_ws/install/mission_layer_mvibot/share/mission_layer_mvibot//launch/mvibot_smoother_launch.py\n'}
[102.299858] (mission_layer_mvibot) StdoutLine: {'line': b'-- Up-to-date symlink: /home/mvibot/floorCleaningRobot_ws/install/mission_layer_mvibot/share/mission_layer_mvibot//launch/mvibot_velocity_smoother_launch.py\n'}
[102.300037] (mission_layer_mvibot) StdoutLine: {'line': b'-- Up-to-date symlink: /home/mvibot/floorCleaningRobot_ws/install/mission_layer_mvibot/share/mission_layer_mvibot//launch/mvibot_waypoint_follower_launch.py\n'}
[102.301082] (mission_layer_mvibot) StdoutLine: {'line': b'-- Up-to-date symlink: /home/mvibot/floorCleaningRobot_ws/install/mission_layer_mvibot/lib/mission_layer_mvibot/mvibot_mission\n'}
[102.301402] (mission_layer_mvibot) StdoutLine: {'line': b'-- Up-to-date symlink: /home/mvibot/floorCleaningRobot_ws/install/mission_layer_mvibot/share/ament_index/resource_index/package_run_dependencies/mission_layer_mvibot\n'}
[102.301729] (mission_layer_mvibot) StdoutLine: {'line': b'-- Up-to-date symlink: /home/mvibot/floorCleaningRobot_ws/install/mission_layer_mvibot/share/ament_index/resource_index/parent_prefix_path/mission_layer_mvibot\n'}
[102.301979] (mission_layer_mvibot) StdoutLine: {'line': b'-- Up-to-date symlink: /home/mvibot/floorCleaningRobot_ws/install/mission_layer_mvibot/share/mission_layer_mvibot/environment/ament_prefix_path.sh\n'}
[102.302154] (mission_layer_mvibot) StdoutLine: {'line': b'-- Up-to-date symlink: /home/mvibot/floorCleaningRobot_ws/install/mission_layer_mvibot/share/mission_layer_mvibot/environment/ament_prefix_path.dsv\n'}
[102.302476] (mission_layer_mvibot) StdoutLine: {'line': b'-- Up-to-date symlink: /home/mvibot/floorCleaningRobot_ws/install/mission_layer_mvibot/share/mission_layer_mvibot/environment/path.sh\n'}
[102.303016] (mission_layer_mvibot) StdoutLine: {'line': b'-- Up-to-date symlink: /home/mvibot/floorCleaningRobot_ws/install/mission_layer_mvibot/share/mission_layer_mvibot/environment/path.dsv\n'}
[102.303306] (mission_layer_mvibot) StdoutLine: {'line': b'-- Up-to-date symlink: /home/mvibot/floorCleaningRobot_ws/install/mission_layer_mvibot/share/mission_layer_mvibot/local_setup.bash\n'}
[102.303686] (mission_layer_mvibot) StdoutLine: {'line': b'-- Up-to-date symlink: /home/mvibot/floorCleaningRobot_ws/install/mission_layer_mvibot/share/mission_layer_mvibot/local_setup.sh\n'}
[102.303928] (mission_layer_mvibot) StdoutLine: {'line': b'-- Up-to-date symlink: /home/mvibot/floorCleaningRobot_ws/install/mission_layer_mvibot/share/mission_layer_mvibot/local_setup.zsh\n'}
[102.304124] (mission_layer_mvibot) StdoutLine: {'line': b'-- Up-to-date symlink: /home/mvibot/floorCleaningRobot_ws/install/mission_layer_mvibot/share/mission_layer_mvibot/local_setup.dsv\n'}
[102.304246] (mission_layer_mvibot) StdoutLine: {'line': b'-- Symlinking: /home/mvibot/floorCleaningRobot_ws/install/mission_layer_mvibot/share/mission_layer_mvibot/package.dsv\n'}
[102.315328] (-) TimerEvent: {}
[102.321996] (mission_layer_mvibot) StdoutLine: {'line': b'-- Up-to-date symlink: /home/mvibot/floorCleaningRobot_ws/install/mission_layer_mvibot/share/ament_index/resource_index/packages/mission_layer_mvibot\n'}
[102.322596] (mission_layer_mvibot) StdoutLine: {'line': b'-- Up-to-date symlink: /home/mvibot/floorCleaningRobot_ws/install/mission_layer_mvibot/share/mission_layer_mvibot/cmake/mission_layer_mvibotConfig.cmake\n'}
[102.322955] (mission_layer_mvibot) StdoutLine: {'line': b'-- Up-to-date symlink: /home/mvibot/floorCleaningRobot_ws/install/mission_layer_mvibot/share/mission_layer_mvibot/cmake/mission_layer_mvibotConfig-version.cmake\n'}
[102.323385] (mission_layer_mvibot) StdoutLine: {'line': b'-- Up-to-date symlink: /home/mvibot/floorCleaningRobot_ws/install/mission_layer_mvibot/share/mission_layer_mvibot/package.xml\n'}
[102.325900] (mission_layer_mvibot) CommandEnded: {'returncode': 0}
[102.355077] (mission_layer_mvibot) JobEnded: {'identifier': 'mission_layer_mvibot', 'rc': 0}
[102.356280] (-) EventReactorShutdown: {}
