[0.000000] (-) TimerEvent: {}
[0.000296] (-) JobUnselected: {'identifier': 'fields2cover'}
[0.000356] (-) JobUnselected: {'identifier': 'higher_layer_mvibot'}
[0.000383] (-) JobUnselected: {'identifier': 'ira_laser_tools'}
[0.000400] (-) JobUnselected: {'identifier': 'lower_layer_mvibot'}
[0.000414] (-) JobUnselected: {'identifier': 'opennav_coverage'}
[0.000428] (-) JobUnselected: {'identifier': 'opennav_coverage_bt'}
[0.000443] (-) JobUnselected: {'identifier': 'opennav_coverage_demo'}
[0.000459] (-) JobUnselected: {'identifier': 'opennav_coverage_msgs'}
[0.000476] (-) JobUnselected: {'identifier': 'opennav_coverage_navigator'}
[0.000496] (-) JobUnselected: {'identifier': 'opennav_row_coverage'}
[0.000689] (-) JobUnselected: {'identifier': 'pointcloud_to_laserscan'}
[0.000709] (-) JobUnselected: {'identifier': 'realsense2_camera'}
[0.000724] (-) JobUnselected: {'identifier': 'realsense2_camera_msgs'}
[0.000737] (-) JobUnselected: {'identifier': 'realsense2_description'}
[0.000749] (-) JobUnselected: {'identifier': 'sllidar_ros2'}
[0.000765] (-) JobUnselected: {'identifier': 'tf2_web_republisher'}
[0.000780] (-) JobUnselected: {'identifier': 'tf2_web_republisher_interfaces'}
[0.000821] (mission_layer_mvibot) JobQueued: {'identifier': 'mission_layer_mvibot', 'dependencies': OrderedDict({'opennav_coverage_msgs': '/home/mvibot/floorCleaningRobot_ws/install/opennav_coverage_msgs'})}
[0.001225] (mission_layer_mvibot) JobStarted: {'identifier': 'mission_layer_mvibot'}
[0.038474] (mission_layer_mvibot) JobProgress: {'identifier': 'mission_layer_mvibot', 'progress': 'cmake'}
[0.040231] (mission_layer_mvibot) JobProgress: {'identifier': 'mission_layer_mvibot', 'progress': 'build'}
[0.041459] (mission_layer_mvibot) Command: {'cmd': ['/usr/bin/cmake', '--build', '/home/mvibot/floorCleaningRobot_ws/build/mission_layer_mvibot', '--', '-j8', '-l8'], 'cwd': '/home/mvibot/floorCleaningRobot_ws/build/mission_layer_mvibot', 'env': OrderedDict({'LESSOPEN': '| /usr/bin/lesspipe %s', 'USER': 'mvibot', 'SSH_CLIENT': '10.0.60.48 36794 22', 'GZ_CONFIG_PATH': '/opt/ros/jazzy/opt/gz_sim_vendor/share/gz:/opt/ros/jazzy/opt/sdformat_vendor/share/gz:/opt/ros/jazzy/opt/gz_gui_vendor/share/gz:/opt/ros/jazzy/opt/gz_transport_vendor/share/gz:/opt/ros/jazzy/opt/gz_rendering_vendor/share/gz:/opt/ros/jazzy/opt/gz_plugin_vendor/share/gz:/opt/ros/jazzy/opt/gz_fuel_tools_vendor/share/gz:/opt/ros/jazzy/opt/gz_msgs_vendor/share/gz:/opt/ros/jazzy/opt/gz_common_vendor/share/gz', 'XDG_SESSION_TYPE': 'tty', 'SHLVL': '1', 'LD_LIBRARY_PATH': '/home/mvibot/floorCleaningRobot_ws/install/opennav_coverage_msgs/lib:/home/mvibot/floorCleaningRobot_ws/install/tf2_web_republisher/lib:/home/mvibot/floorCleaningRobot_ws/install/tf2_web_republisher_interfaces/lib:/home/mvibot/floorCleaningRobot_ws/install/realsense2_camera/lib:/home/mvibot/floorCleaningRobot_ws/install/realsense2_camera_msgs/lib:/home/mvibot/floorCleaningRobot_ws/install/pointcloud_to_laserscan/lib:/home/mvibot/floorCleaningRobot_ws/install/opennav_row_coverage/lib:/home/mvibot/floorCleaningRobot_ws/install/opennav_coverage_navigator/lib:/home/mvibot/floorCleaningRobot_ws/install/opennav_coverage_bt/lib:/home/mvibot/floorCleaningRobot_ws/install/opennav_coverage/lib:/home/mvibot/floorCleaningRobot_ws/install/fields2cover/lib:/opt/ros/jazzy/opt/gz_sim_vendor/lib:/opt/ros/jazzy/opt/gz_sensors_vendor/lib:/opt/ros/jazzy/opt/gz_physics_vendor/lib:/opt/ros/jazzy/opt/sdformat_vendor/lib:/opt/ros/jazzy/opt/rviz_ogre_vendor/lib:/opt/ros/jazzy/lib/x86_64-linux-gnu:/opt/ros/jazzy/opt/gz_gui_vendor/lib:/opt/ros/jazzy/opt/gz_transport_vendor/lib:/opt/ros/jazzy/opt/gz_rendering_vendor/lib:/opt/ros/jazzy/opt/gz_plugin_vendor/lib:/opt/ros/jazzy/opt/gz_fuel_tools_vendor/lib:/opt/ros/jazzy/opt/gz_msgs_vendor/lib:/opt/ros/jazzy/opt/gz_common_vendor/lib:/opt/ros/jazzy/opt/gz_math_vendor/lib:/opt/ros/jazzy/opt/gz_utils_vendor/lib:/opt/ros/jazzy/opt/gz_tools_vendor/lib:/opt/ros/jazzy/opt/gz_ogre_next_vendor/lib:/opt/ros/jazzy/opt/gz_dartsim_vendor/lib:/opt/ros/jazzy/opt/gz_cmake_vendor/lib:/opt/ros/jazzy/lib', 'HOME': '/home/mvibot', 'OLDPWD': '/home/mvibot', 'NVM_BIN': '/home/mvibot/.nvm/versions/node/v24.12.0/bin', 'SSH_TTY': '/dev/pts/3', 'NVM_INC': '/home/mvibot/.nvm/versions/node/v24.12.0/include/node', 'ROS_PYTHON_VERSION': '3', 'DBUS_SESSION_BUS_ADDRESS': 'unix:path=/run/user/1000/bus', 'NVM_DIR': '/home/mvibot/.nvm', 'DEBUGINFOD_URLS': 'https://debuginfod.ubuntu.com', 'COLCON_PREFIX_PATH': '/home/mvibot/floorCleaningRobot_ws/install', 'ROS_DISTRO': 'jazzy', 'LOGNAME': 'mvibot', '_': '/usr/bin/colcon', 'ROS_VERSION': '2', 'PKG_CONFIG_PATH': '/home/mvibot/floorCleaningRobot_ws/install/fields2cover/lib/x86_64-linux-gnu/pkgconfig:/home/mvibot/floorCleaningRobot_ws/install/fields2cover/lib/pkgconfig', 'XDG_SESSION_CLASS': 'user', 'TERM': 'xterm-256color', 'XDG_SESSION_ID': '50', 'PATH': '/home/mvibot/.nvm/versions/node/v24.12.0/bin:/opt/ros/jazzy/opt/gz_msgs_vendor/bin:/opt/ros/jazzy/opt/gz_tools_vendor/bin:/opt/ros/jazzy/opt/gz_ogre_next_vendor/bin:/opt/ros/jazzy/bin:/usr/local/sbin:/usr/local/bin:/usr/sbin:/usr/bin:/sbin:/bin:/usr/games:/usr/local/games:/snap/bin', 'XDG_RUNTIME_DIR': '/run/user/1000', 'LANG': 'en_US.UTF-8', 'RMW_IMPLEMENTATION': 'rmw_fastrtps_cpp', 'LS_COLORS': 'rs=0:di=01;34:ln=01;36:mh=00:pi=40;33:so=01;35:do=01;35:bd=40;33;01:cd=40;33;01:or=40;31;01:mi=00:su=37;41:sg=30;43:ca=00:tw=30;42:ow=34;42:st=37;44:ex=01;32:*.tar=01;31:*.tgz=01;31:*.arc=01;31:*.arj=01;31:*.taz=01;31:*.lha=01;31:*.lz4=01;31:*.lzh=01;31:*.lzma=01;31:*.tlz=01;31:*.txz=01;31:*.tzo=01;31:*.t7z=01;31:*.zip=01;31:*.z=01;31:*.dz=01;31:*.gz=01;31:*.lrz=01;31:*.lz=01;31:*.lzo=01;31:*.xz=01;31:*.zst=01;31:*.tzst=01;31:*.bz2=01;31:*.bz=01;31:*.tbz=01;31:*.tbz2=01;31:*.tz=01;31:*.deb=01;31:*.rpm=01;31:*.jar=01;31:*.war=01;31:*.ear=01;31:*.sar=01;31:*.rar=01;31:*.alz=01;31:*.ace=01;31:*.zoo=01;31:*.cpio=01;31:*.7z=01;31:*.rz=01;31:*.cab=01;31:*.wim=01;31:*.swm=01;31:*.dwm=01;31:*.esd=01;31:*.avif=01;35:*.jpg=01;35:*.jpeg=01;35:*.mjpg=01;35:*.mjpeg=01;35:*.gif=01;35:*.bmp=01;35:*.pbm=01;35:*.pgm=01;35:*.ppm=01;35:*.tga=01;35:*.xbm=01;35:*.xpm=01;35:*.tif=01;35:*.tiff=01;35:*.png=01;35:*.svg=01;35:*.svgz=01;35:*.mng=01;35:*.pcx=01;35:*.mov=01;35:*.mpg=01;35:*.mpeg=01;35:*.m2v=01;35:*.mkv=01;35:*.webm=01;35:*.webp=01;35:*.ogm=01;35:*.mp4=01;35:*.m4v=01;35:*.mp4v=01;35:*.vob=01;35:*.qt=01;35:*.nuv=01;35:*.wmv=01;35:*.asf=01;35:*.rm=01;35:*.rmvb=01;35:*.flc=01;35:*.avi=01;35:*.fli=01;35:*.flv=01;35:*.gl=01;35:*.dl=01;35:*.xcf=01;35:*.xwd=01;35:*.yuv=01;35:*.cgm=01;35:*.emf=01;35:*.ogv=01;35:*.ogx=01;35:*.aac=00;36:*.au=00;36:*.flac=00;36:*.m4a=00;36:*.mid=00;36:*.midi=00;36:*.mka=00;36:*.mp3=00;36:*.mpc=00;36:*.ogg=00;36:*.ra=00;36:*.wav=00;36:*.oga=00;36:*.opus=00;36:*.spx=00;36:*.xspf=00;36:*~=00;90:*#=00;90:*.bak=00;90:*.crdownload=00;90:*.dpkg-dist=00;90:*.dpkg-new=00;90:*.dpkg-old=00;90:*.dpkg-tmp=00;90:*.old=00;90:*.orig=00;90:*.part=00;90:*.rej=00;90:*.rpmnew=00;90:*.rpmorig=00;90:*.rpmsave=00;90:*.swp=00;90:*.tmp=00;90:*.ucf-dist=00;90:*.ucf-new=00;90:*.ucf-old=00;90:', 'ROS_DOMAIN_ID': '10', 'AMENT_PREFIX_PATH': '/home/mvibot/floorCleaningRobot_ws/install/tf2_web_republisher:/home/mvibot/floorCleaningRobot_ws/install/tf2_web_republisher_interfaces:/home/mvibot/floorCleaningRobot_ws/install/sllidar_ros2:/home/mvibot/floorCleaningRobot_ws/install/realsense2_description:/home/mvibot/floorCleaningRobot_ws/install/realsense2_camera:/home/mvibot/floorCleaningRobot_ws/install/realsense2_camera_msgs:/home/mvibot/floorCleaningRobot_ws/install/pointcloud_to_laserscan:/home/mvibot/floorCleaningRobot_ws/install/opennav_coverage_demo:/home/mvibot/floorCleaningRobot_ws/install/opennav_row_coverage:/home/mvibot/floorCleaningRobot_ws/install/opennav_coverage_navigator:/home/mvibot/floorCleaningRobot_ws/install/opennav_coverage_bt:/home/mvibot/floorCleaningRobot_ws/install/opennav_coverage:/home/mvibot/floorCleaningRobot_ws/install/mission_layer_mvibot:/home/mvibot/floorCleaningRobot_ws/install/opennav_coverage_msgs:/home/mvibot/floorCleaningRobot_ws/install/lower_layer_mvibot:/home/mvibot/floorCleaningRobot_ws/install/ira_laser_tools:/home/mvibot/floorCleaningRobot_ws/install/higher_layer_mvibot:/opt/ros/jazzy', 'SHELL': '/bin/bash', 'LESSCLOSE': '/usr/bin/lesspipe %s %s', 'ROS_AUTOMATIC_DISCOVERY_RANGE': 'SUBNET', 'PWD': '/home/mvibot/floorCleaningRobot_ws/build/mission_layer_mvibot', 'LC_ALL': 'en_US.UTF-8', 'SSH_CONNECTION': '10.0.60.48 36794 10.0.70.69 22', 'NVM_CD_FLAGS': '', 'XDG_DATA_DIRS': '/usr/share/gnome:/usr/local/share:/usr/share:/var/lib/snapd/desktop', 'PYTHONPATH': '/home/mvibot/floorCleaningRobot_ws/install/opennav_coverage_msgs/lib/python3.12/site-packages:/home/mvibot/floorCleaningRobot_ws/install/tf2_web_republisher_interfaces/lib/python3.12/site-packages:/home/mvibot/floorCleaningRobot_ws/install/realsense2_camera_msgs/lib/python3.12/site-packages:/home/mvibot/floorCleaningRobot_ws/build/opennav_coverage_demo:/home/mvibot/floorCleaningRobot_ws/install/opennav_coverage_demo/lib/python3.12/site-packages:/opt/ros/jazzy/lib/python3.12/site-packages', 'COLCON': '1', 'CMAKE_PREFIX_PATH': '/home/mvibot/floorCleaningRobot_ws/install/opennav_coverage_msgs:/home/mvibot/floorCleaningRobot_ws/install/tf2_web_republisher:/home/mvibot/floorCleaningRobot_ws/install/tf2_web_republisher_interfaces:/home/mvibot/floorCleaningRobot_ws/install/sllidar_ros2:/home/mvibot/floorCleaningRobot_ws/install/realsense2_description:/home/mvibot/floorCleaningRobot_ws/install/realsense2_camera:/home/mvibot/floorCleaningRobot_ws/install/realsense2_camera_msgs:/home/mvibot/floorCleaningRobot_ws/install/pointcloud_to_laserscan:/home/mvibot/floorCleaningRobot_ws/install/opennav_row_coverage:/home/mvibot/floorCleaningRobot_ws/install/opennav_coverage_navigator:/home/mvibot/floorCleaningRobot_ws/install/opennav_coverage_bt:/home/mvibot/floorCleaningRobot_ws/install/opennav_coverage:/home/mvibot/floorCleaningRobot_ws/install/mission_layer_mvibot:/home/mvibot/floorCleaningRobot_ws/install/lower_layer_mvibot:/home/mvibot/floorCleaningRobot_ws/install/ira_laser_tools:/home/mvibot/floorCleaningRobot_ws/install/higher_layer_mvibot:/home/mvibot/floorCleaningRobot_ws/install/fields2cover:/opt/ros/jazzy/opt/gz_sim_vendor:/opt/ros/jazzy/opt/gz_sensors_vendor:/opt/ros/jazzy/opt/gz_physics_vendor:/opt/ros/jazzy/opt/sdformat_vendor:/opt/ros/jazzy/opt/gz_gui_vendor:/opt/ros/jazzy/opt/gz_transport_vendor:/opt/ros/jazzy/opt/gz_rendering_vendor:/opt/ros/jazzy/opt/gz_plugin_vendor:/opt/ros/jazzy/opt/gz_fuel_tools_vendor:/opt/ros/jazzy/opt/gz_msgs_vendor:/opt/ros/jazzy/opt/gz_common_vendor:/opt/ros/jazzy/opt/gz_math_vendor:/opt/ros/jazzy/opt/gz_utils_vendor:/opt/ros/jazzy/opt/gz_tools_vendor:/opt/ros/jazzy/opt/gz_ogre_next_vendor:/opt/ros/jazzy/opt/gz_dartsim_vendor:/opt/ros/jazzy/opt/gz_cmake_vendor:/home/mvibot/floorCleaningRobot_ws/install/opennav_coverage_demo:/opt/ros/jazzy'}), 'shell': False}
[0.099726] (-) TimerEvent: {}
[0.200557] (-) TimerEvent: {}
[0.300842] (-) TimerEvent: {}
[0.401120] (-) TimerEvent: {}
[0.406578] (mission_layer_mvibot) StdoutLine: {'line': b'[ 50%] \x1b[32mBuilding CXX object CMakeFiles/mvibot_mission.dir/src/mvibot_mission.cpp.o\x1b[0m\n'}
[0.501215] (-) TimerEvent: {}
[0.601481] (-) TimerEvent: {}
[0.701817] (-) TimerEvent: {}
[0.802186] (-) TimerEvent: {}
[0.902447] (-) TimerEvent: {}
[1.002674] (-) TimerEvent: {}
[1.103079] (-) TimerEvent: {}
[1.203336] (-) TimerEvent: {}
[1.303591] (-) TimerEvent: {}
[1.403834] (-) TimerEvent: {}
[1.504143] (-) TimerEvent: {}
[1.604465] (-) TimerEvent: {}
[1.704752] (-) TimerEvent: {}
[1.805156] (-) TimerEvent: {}
[1.905411] (-) TimerEvent: {}
[2.005692] (-) TimerEvent: {}
[2.106067] (-) TimerEvent: {}
[2.206676] (-) TimerEvent: {}
[2.307013] (-) TimerEvent: {}
[2.407372] (-) TimerEvent: {}
[2.507668] (-) TimerEvent: {}
[2.607899] (-) TimerEvent: {}
[2.708151] (-) TimerEvent: {}
[2.808498] (-) TimerEvent: {}
[2.908839] (-) TimerEvent: {}
[3.009110] (-) TimerEvent: {}
[3.109528] (-) TimerEvent: {}
[3.209967] (-) TimerEvent: {}
[3.310319] (-) TimerEvent: {}
[3.410617] (-) TimerEvent: {}
[3.510930] (-) TimerEvent: {}
[3.611190] (-) TimerEvent: {}
[3.711475] (-) TimerEvent: {}
[3.811773] (-) TimerEvent: {}
[3.912076] (-) TimerEvent: {}
[4.012446] (-) TimerEvent: {}
[4.112856] (-) TimerEvent: {}
[4.213152] (-) TimerEvent: {}
[4.313482] (-) TimerEvent: {}
[4.415233] (-) TimerEvent: {}
[4.515636] (-) TimerEvent: {}
[4.616007] (-) TimerEvent: {}
[4.716348] (-) TimerEvent: {}
[4.816611] (-) TimerEvent: {}
[4.916943] (-) TimerEvent: {}
[5.017836] (-) TimerEvent: {}
[5.118088] (-) TimerEvent: {}
[5.218357] (-) TimerEvent: {}
[5.318632] (-) TimerEvent: {}
[5.418905] (-) TimerEvent: {}
[5.519135] (-) TimerEvent: {}
[5.619417] (-) TimerEvent: {}
[5.719688] (-) TimerEvent: {}
[5.819931] (-) TimerEvent: {}
[5.920163] (-) TimerEvent: {}
[6.020415] (-) TimerEvent: {}
[6.121111] (-) TimerEvent: {}
[6.221846] (-) TimerEvent: {}
[6.322186] (-) TimerEvent: {}
[6.422490] (-) TimerEvent: {}
[6.522745] (-) TimerEvent: {}
[6.623271] (-) TimerEvent: {}
[6.723576] (-) TimerEvent: {}
[6.823845] (-) TimerEvent: {}
[6.924111] (-) TimerEvent: {}
[7.024513] (-) TimerEvent: {}
[7.124828] (-) TimerEvent: {}
[7.225137] (-) TimerEvent: {}
[7.325394] (-) TimerEvent: {}
[7.425648] (-) TimerEvent: {}
[7.525960] (-) TimerEvent: {}
[7.626258] (-) TimerEvent: {}
[7.726560] (-) TimerEvent: {}
[7.826853] (-) TimerEvent: {}
[7.927176] (-) TimerEvent: {}
[8.027504] (-) TimerEvent: {}
[8.127918] (-) TimerEvent: {}
[8.155442] (mission_layer_mvibot) StderrLine: {'line': b'In file included from \x1b[01m\x1b[K/home/mvibot/floorCleaningRobot_ws/src/mission_layer_mvibot/src/mvibot_mission.cpp:3\x1b[m\x1b[K:\n'}
[8.156137] (mission_layer_mvibot) StderrLine: {'line': b'\x1b[01m\x1b[K/home/mvibot/floorCleaningRobot_ws/src/mission_layer_mvibot/src/../include/mission_layer_mvibot/mvibot_mission/manage_mission.h:\x1b[m\x1b[K In lambda function:\n'}
[8.156321] (mission_layer_mvibot) StderrLine: {'line': b'\x1b[01m\x1b[K/home/mvibot/floorCleaningRobot_ws/src/mission_layer_mvibot/src/../include/mission_layer_mvibot/mvibot_mission/manage_mission.h:254:34:\x1b[m\x1b[K \x1b[01;35m\x1b[Kwarning: \x1b[m\x1b[Kcomparison of integer expressions of different signedness: \xe2\x80\x98\x1b[01m\x1b[Kint\x1b[m\x1b[K\xe2\x80\x99 and \xe2\x80\x98\x1b[01m\x1b[Kstd::vector<std::__cxx11::basic_string<char>, std::allocator<std::__cxx11::basic_string<char> > >::size_type\x1b[m\x1b[K\xe2\x80\x99 {aka \xe2\x80\x98\x1b[01m\x1b[Klong unsigned int\x1b[m\x1b[K\xe2\x80\x99} [\x1b[01;35m\x1b[K\x1b]8;;https://gcc.gnu.org/onlinedocs/gcc/Warning-Options.html#index-Wsign-compare\x07-Wsign-compare\x1b]8;;\x07\x1b[m\x1b[K]\n'}
[8.156509] (mission_layer_mvibot) StderrLine: {'line': b'  254 |                     for(int i=1;\x1b[01;35m\x1b[Ki<data.data1.size()\x1b[m\x1b[K;i++){\n'}
[8.156650] (mission_layer_mvibot) StderrLine: {'line': b'      |                                 \x1b[01;35m\x1b[K~^~~~~~~~~~~~~~~~~~\x1b[m\x1b[K\n'}
[8.183416] (mission_layer_mvibot) StderrLine: {'line': b'\x1b[01m\x1b[K/home/mvibot/floorCleaningRobot_ws/src/mission_layer_mvibot/src/../include/mission_layer_mvibot/mvibot_mission/manage_mission.h:\x1b[m\x1b[K In lambda function:\n'}
[8.183753] (mission_layer_mvibot) StderrLine: {'line': b'\x1b[01m\x1b[K/home/mvibot/floorCleaningRobot_ws/src/mission_layer_mvibot/src/../include/mission_layer_mvibot/mvibot_mission/manage_mission.h:289:72:\x1b[m\x1b[K \x1b[01;35m\x1b[Kwarning: \x1b[m\x1b[Kunused parameter \xe2\x80\x98\x1b[01m\x1b[Kmsg\x1b[m\x1b[K\xe2\x80\x99 [\x1b[01;35m\x1b[K\x1b]8;;https://gcc.gnu.org/onlinedocs/gcc/Warning-Options.html#index-Wunused-parameter\x07-Wunused-parameter\x1b]8;;\x07\x1b[m\x1b[K]\n'}
[8.183931] (mission_layer_mvibot) StderrLine: {'line': b'  289 |             auto reset_mission_callback = [this](\x1b[01;35m\x1b[Kstd_msgs::msg::String msg\x1b[m\x1b[K)->void{\n'}
[8.184102] (mission_layer_mvibot) StderrLine: {'line': b'      |                                                  \x1b[01;35m\x1b[K~~~~~~~~~~~~~~~~~~~~~~^~~\x1b[m\x1b[K\n'}
[8.184636] (mission_layer_mvibot) StderrLine: {'line': b'\x1b[01m\x1b[K/home/mvibot/floorCleaningRobot_ws/src/mission_layer_mvibot/src/../include/mission_layer_mvibot/mvibot_mission/manage_mission.h:\x1b[m\x1b[K In lambda function:\n'}
[8.184855] (mission_layer_mvibot) StderrLine: {'line': b'\x1b[01m\x1b[K/home/mvibot/floorCleaningRobot_ws/src/mission_layer_mvibot/src/../include/mission_layer_mvibot/mvibot_mission/manage_mission.h:311:30:\x1b[m\x1b[K \x1b[01;35m\x1b[Kwarning: \x1b[m\x1b[Kcomparison of integer expressions of different signedness: \xe2\x80\x98\x1b[01m\x1b[Kint\x1b[m\x1b[K\xe2\x80\x99 and \xe2\x80\x98\x1b[01m\x1b[Kstd::vector<std::__cxx11::basic_string<char>, std::allocator<std::__cxx11::basic_string<char> > >::size_type\x1b[m\x1b[K\xe2\x80\x99 {aka \xe2\x80\x98\x1b[01m\x1b[Klong unsigned int\x1b[m\x1b[K\xe2\x80\x99} [\x1b[01;35m\x1b[K\x1b]8;;https://gcc.gnu.org/onlinedocs/gcc/Warning-Options.html#index-Wsign-compare\x07-Wsign-compare\x1b]8;;\x07\x1b[m\x1b[K]\n'}
[8.185031] (mission_layer_mvibot) StderrLine: {'line': b'  311 |                 for(int i=0;\x1b[01;35m\x1b[Ki<data.data1.size()\x1b[m\x1b[K;i++){\n'}
[8.185208] (mission_layer_mvibot) StderrLine: {'line': b'      |                             \x1b[01;35m\x1b[K~^~~~~~~~~~~~~~~~~~\x1b[m\x1b[K\n'}
[8.186348] (mission_layer_mvibot) StderrLine: {'line': b'\x1b[01m\x1b[K/home/mvibot/floorCleaningRobot_ws/src/mission_layer_mvibot/src/../include/mission_layer_mvibot/mvibot_mission/manage_mission.h:308:36:\x1b[m\x1b[K \x1b[01;35m\x1b[Kwarning: \x1b[m\x1b[Kunused variable \xe2\x80\x98\x1b[01m\x1b[Klive_f\x1b[m\x1b[K\xe2\x80\x99 [\x1b[01;35m\x1b[K\x1b]8;;https://gcc.gnu.org/onlinedocs/gcc/Warning-Options.html#index-Wunused-variable\x07-Wunused-variable\x1b]8;;\x07\x1b[m\x1b[K]\n'}
[8.186654] (mission_layer_mvibot) StderrLine: {'line': b'  308 |                 static int live=-1,\x1b[01;35m\x1b[Klive_f\x1b[m\x1b[K=-1,brake=-1,brake_f=-1,enable=-1,enable_f=-1,error=-1,error_f=-1;\n'}
[8.186777] (mission_layer_mvibot) StderrLine: {'line': b'      |                                    \x1b[01;35m\x1b[K^~~~~~\x1b[m\x1b[K\n'}
[8.186920] (mission_layer_mvibot) StderrLine: {'line': b'\x1b[01m\x1b[K/home/mvibot/floorCleaningRobot_ws/src/mission_layer_mvibot/src/../include/mission_layer_mvibot/mvibot_mission/manage_mission.h:308:55:\x1b[m\x1b[K \x1b[01;35m\x1b[Kwarning: \x1b[m\x1b[Kunused variable \xe2\x80\x98\x1b[01m\x1b[Kbrake_f\x1b[m\x1b[K\xe2\x80\x99 [\x1b[01;35m\x1b[K\x1b]8;;https://gcc.gnu.org/onlinedocs/gcc/Warning-Options.html#index-Wunused-variable\x07-Wunused-variable\x1b]8;;\x07\x1b[m\x1b[K]\n'}
[8.187055] (mission_layer_mvibot) StderrLine: {'line': b'  308 |                 static int live=-1,live_f=-1,brake=-1,\x1b[01;35m\x1b[Kbrake_f\x1b[m\x1b[K=-1,enable=-1,enable_f=-1,error=-1,error_f=-1;\n'}
[8.187185] (mission_layer_mvibot) StderrLine: {'line': b'      |                                                       \x1b[01;35m\x1b[K^~~~~~~\x1b[m\x1b[K\n'}
[8.187316] (mission_layer_mvibot) StderrLine: {'line': b'\x1b[01m\x1b[K/home/mvibot/floorCleaningRobot_ws/src/mission_layer_mvibot/src/../include/mission_layer_mvibot/mvibot_mission/manage_mission.h:308:76:\x1b[m\x1b[K \x1b[01;35m\x1b[Kwarning: \x1b[m\x1b[Kunused variable \xe2\x80\x98\x1b[01m\x1b[Kenable_f\x1b[m\x1b[K\xe2\x80\x99 [\x1b[01;35m\x1b[K\x1b]8;;https://gcc.gnu.org/onlinedocs/gcc/Warning-Options.html#index-Wunused-variable\x07-Wunused-variable\x1b]8;;\x07\x1b[m\x1b[K]\n'}
[8.187476] (mission_layer_mvibot) StderrLine: {'line': b'  308 |                 static int live=-1,live_f=-1,brake=-1,brake_f=-1,enable=-1,\x1b[01;35m\x1b[Kenable_f\x1b[m\x1b[K=-1,error=-1,error_f=-1;\n'}
[8.187598] (mission_layer_mvibot) StderrLine: {'line': b'      |                                                                            \x1b[01;35m\x1b[K^~~~~~~~\x1b[m\x1b[K\n'}
[8.187684] (mission_layer_mvibot) StderrLine: {'line': b'\x1b[01m\x1b[K/home/mvibot/floorCleaningRobot_ws/src/mission_layer_mvibot/src/../include/mission_layer_mvibot/mvibot_mission/manage_mission.h:308:88:\x1b[m\x1b[K \x1b[01;35m\x1b[Kwarning: \x1b[m\x1b[Kvariable \xe2\x80\x98\x1b[01m\x1b[Kerror\x1b[m\x1b[K\xe2\x80\x99 set but not used [\x1b[01;35m\x1b[K\x1b]8;;https://gcc.gnu.org/onlinedocs/gcc/Warning-Options.html#index-Wunused-but-set-variable\x07-Wunused-but-set-variable\x1b]8;;\x07\x1b[m\x1b[K]\n'}
[8.187805] (mission_layer_mvibot) StderrLine: {'line': b'  308 |                 static int live=-1,live_f=-1,brake=-1,brake_f=-1,enable=-1,enable_f=-1,\x1b[01;35m\x1b[Kerror\x1b[m\x1b[K=-1,error_f=-1;\n'}
[8.187987] (mission_layer_mvibot) StderrLine: {'line': b'      |                                                                                        \x1b[01;35m\x1b[K^~~~~\x1b[m\x1b[K\n'}
[8.188098] (mission_layer_mvibot) StderrLine: {'line': b'\x1b[01m\x1b[K/home/mvibot/floorCleaningRobot_ws/src/mission_layer_mvibot/src/../include/mission_layer_mvibot/mvibot_mission/manage_mission.h:308:97:\x1b[m\x1b[K \x1b[01;35m\x1b[Kwarning: \x1b[m\x1b[Kunused variable \xe2\x80\x98\x1b[01m\x1b[Kerror_f\x1b[m\x1b[K\xe2\x80\x99 [\x1b[01;35m\x1b[K\x1b]8;;https://gcc.gnu.org/onlinedocs/gcc/Warning-Options.html#index-Wunused-variable\x07-Wunused-variable\x1b]8;;\x07\x1b[m\x1b[K]\n'}
[8.188190] (mission_layer_mvibot) StderrLine: {'line': b'  308 |                 static int live=-1,live_f=-1,brake=-1,brake_f=-1,enable=-1,enable_f=-1,error=-1,\x1b[01;35m\x1b[Kerror_f\x1b[m\x1b[K=-1;\n'}
[8.188476] (mission_layer_mvibot) StderrLine: {'line': b'      |                                                                                                 \x1b[01;35m\x1b[K^~~~~~~\x1b[m\x1b[K\n'}
[8.188604] (mission_layer_mvibot) StderrLine: {'line': b'\x1b[01m\x1b[K/home/mvibot/floorCleaningRobot_ws/src/mission_layer_mvibot/src/../include/mission_layer_mvibot/mvibot_mission/manage_mission.h:\x1b[m\x1b[K In lambda function:\n'}
[8.188716] (mission_layer_mvibot) StderrLine: {'line': b'\x1b[01m\x1b[K/home/mvibot/floorCleaningRobot_ws/src/mission_layer_mvibot/src/../include/mission_layer_mvibot/mvibot_mission/manage_mission.h:340:30:\x1b[m\x1b[K \x1b[01;35m\x1b[Kwarning: \x1b[m\x1b[Kcomparison of integer expressions of different signedness: \xe2\x80\x98\x1b[01m\x1b[Kint\x1b[m\x1b[K\xe2\x80\x99 and \xe2\x80\x98\x1b[01m\x1b[Kstd::vector<std::__cxx11::basic_string<char>, std::allocator<std::__cxx11::basic_string<char> > >::size_type\x1b[m\x1b[K\xe2\x80\x99 {aka \xe2\x80\x98\x1b[01m\x1b[Klong unsigned int\x1b[m\x1b[K\xe2\x80\x99} [\x1b[01;35m\x1b[K\x1b]8;;https://gcc.gnu.org/onlinedocs/gcc/Warning-Options.html#index-Wsign-compare\x07-Wsign-compare\x1b]8;;\x07\x1b[m\x1b[K]\n'}
[8.188828] (mission_layer_mvibot) StderrLine: {'line': b'  340 |                 for(int i=0;\x1b[01;35m\x1b[Ki<data.data1.size()\x1b[m\x1b[K;i++){\n'}
[8.188932] (mission_layer_mvibot) StderrLine: {'line': b'      |                             \x1b[01;35m\x1b[K~^~~~~~~~~~~~~~~~~~\x1b[m\x1b[K\n'}
[8.189527] (mission_layer_mvibot) StderrLine: {'line': b'\x1b[01m\x1b[K/home/mvibot/floorCleaningRobot_ws/src/mission_layer_mvibot/src/../include/mission_layer_mvibot/mvibot_mission/manage_mission.h:336:36:\x1b[m\x1b[K \x1b[01;35m\x1b[Kwarning: \x1b[m\x1b[Kunused variable \xe2\x80\x98\x1b[01m\x1b[Klive_f\x1b[m\x1b[K\xe2\x80\x99 [\x1b[01;35m\x1b[K\x1b]8;;https://gcc.gnu.org/onlinedocs/gcc/Warning-Options.html#index-Wunused-variable\x07-Wunused-variable\x1b]8;;\x07\x1b[m\x1b[K]\n'}
[8.189635] (mission_layer_mvibot) StderrLine: {'line': b'  336 |                 static int live=-1,\x1b[01;35m\x1b[Klive_f\x1b[m\x1b[K=-1,brake=-1,brake_f=-1,enable=-1,enable_f=-1,error=-1,error_f=-1;\n'}
[8.189731] (mission_layer_mvibot) StderrLine: {'line': b'      |                                    \x1b[01;35m\x1b[K^~~~~~\x1b[m\x1b[K\n'}
[8.189913] (mission_layer_mvibot) StderrLine: {'line': b'\x1b[01m\x1b[K/home/mvibot/floorCleaningRobot_ws/src/mission_layer_mvibot/src/../include/mission_layer_mvibot/mvibot_mission/manage_mission.h:336:55:\x1b[m\x1b[K \x1b[01;35m\x1b[Kwarning: \x1b[m\x1b[Kunused variable \xe2\x80\x98\x1b[01m\x1b[Kbrake_f\x1b[m\x1b[K\xe2\x80\x99 [\x1b[01;35m\x1b[K\x1b]8;;https://gcc.gnu.org/onlinedocs/gcc/Warning-Options.html#index-Wunused-variable\x07-Wunused-variable\x1b]8;;\x07\x1b[m\x1b[K]\n'}
[8.190013] (mission_layer_mvibot) StderrLine: {'line': b'  336 |                 static int live=-1,live_f=-1,brake=-1,\x1b[01;35m\x1b[Kbrake_f\x1b[m\x1b[K=-1,enable=-1,enable_f=-1,error=-1,error_f=-1;\n'}
[8.190101] (mission_layer_mvibot) StderrLine: {'line': b'      |                                                       \x1b[01;35m\x1b[K^~~~~~~\x1b[m\x1b[K\n'}
[8.190248] (mission_layer_mvibot) StderrLine: {'line': b'\x1b[01m\x1b[K/home/mvibot/floorCleaningRobot_ws/src/mission_layer_mvibot/src/../include/mission_layer_mvibot/mvibot_mission/manage_mission.h:336:76:\x1b[m\x1b[K \x1b[01;35m\x1b[Kwarning: \x1b[m\x1b[Kunused variable \xe2\x80\x98\x1b[01m\x1b[Kenable_f\x1b[m\x1b[K\xe2\x80\x99 [\x1b[01;35m\x1b[K\x1b]8;;https://gcc.gnu.org/onlinedocs/gcc/Warning-Options.html#index-Wunused-variable\x07-Wunused-variable\x1b]8;;\x07\x1b[m\x1b[K]\n'}
[8.190344] (mission_layer_mvibot) StderrLine: {'line': b'  336 |                 static int live=-1,live_f=-1,brake=-1,brake_f=-1,enable=-1,\x1b[01;35m\x1b[Kenable_f\x1b[m\x1b[K=-1,error=-1,error_f=-1;\n'}
[8.190426] (mission_layer_mvibot) StderrLine: {'line': b'      |                                                                            \x1b[01;35m\x1b[K^~~~~~~~\x1b[m\x1b[K\n'}
[8.190508] (mission_layer_mvibot) StderrLine: {'line': b'\x1b[01m\x1b[K/home/mvibot/floorCleaningRobot_ws/src/mission_layer_mvibot/src/../include/mission_layer_mvibot/mvibot_mission/manage_mission.h:336:88:\x1b[m\x1b[K \x1b[01;35m\x1b[Kwarning: \x1b[m\x1b[Kvariable \xe2\x80\x98\x1b[01m\x1b[Kerror\x1b[m\x1b[K\xe2\x80\x99 set but not used [\x1b[01;35m\x1b[K\x1b]8;;https://gcc.gnu.org/onlinedocs/gcc/Warning-Options.html#index-Wunused-but-set-variable\x07-Wunused-but-set-variable\x1b]8;;\x07\x1b[m\x1b[K]\n'}
[8.190598] (mission_layer_mvibot) StderrLine: {'line': b'  336 |                 static int live=-1,live_f=-1,brake=-1,brake_f=-1,enable=-1,enable_f=-1,\x1b[01;35m\x1b[Kerror\x1b[m\x1b[K=-1,error_f=-1;\n'}
[8.190676] (mission_layer_mvibot) StderrLine: {'line': b'      |                                                                                        \x1b[01;35m\x1b[K^~~~~\x1b[m\x1b[K\n'}
[8.190754] (mission_layer_mvibot) StderrLine: {'line': b'\x1b[01m\x1b[K/home/mvibot/floorCleaningRobot_ws/src/mission_layer_mvibot/src/../include/mission_layer_mvibot/mvibot_mission/manage_mission.h:336:97:\x1b[m\x1b[K \x1b[01;35m\x1b[Kwarning: \x1b[m\x1b[Kunused variable \xe2\x80\x98\x1b[01m\x1b[Kerror_f\x1b[m\x1b[K\xe2\x80\x99 [\x1b[01;35m\x1b[K\x1b]8;;https://gcc.gnu.org/onlinedocs/gcc/Warning-Options.html#index-Wunused-variable\x07-Wunused-variable\x1b]8;;\x07\x1b[m\x1b[K]\n'}
[8.190858] (mission_layer_mvibot) StderrLine: {'line': b'  336 |                 static int live=-1,live_f=-1,brake=-1,brake_f=-1,enable=-1,enable_f=-1,error=-1,\x1b[01;35m\x1b[Kerror_f\x1b[m\x1b[K=-1;\n'}
[8.190954] (mission_layer_mvibot) StderrLine: {'line': b'      |                                                                                                 \x1b[01;35m\x1b[K^~~~~~~\x1b[m\x1b[K\n'}
[8.228047] (-) TimerEvent: {}
[8.253587] (mission_layer_mvibot) StderrLine: {'line': b'\x1b[01m\x1b[K/home/mvibot/floorCleaningRobot_ws/src/mission_layer_mvibot/src/../include/mission_layer_mvibot/mvibot_mission/manage_mission.h:\x1b[m\x1b[K In member function \xe2\x80\x98\x1b[01m\x1b[Kdouble* manage_mission::\x1b[01;32m\x1b[Kget_position_tf\x1b[m\x1b[K(std::string, std::string)\x1b[m\x1b[K\xe2\x80\x99:\n'}
[8.253816] (mission_layer_mvibot) StderrLine: {'line': b'\x1b[01m\x1b[K/home/mvibot/floorCleaningRobot_ws/src/mission_layer_mvibot/src/../include/mission_layer_mvibot/mvibot_mission/manage_mission.h:628:23:\x1b[m\x1b[K \x1b[01;35m\x1b[Kwarning: \x1b[m\x1b[Kvariable \xe2\x80\x98\x1b[01m\x1b[Kz\x1b[m\x1b[K\xe2\x80\x99 set but not used [\x1b[01;35m\x1b[K\x1b]8;;https://gcc.gnu.org/onlinedocs/gcc/Warning-Options.html#index-Wunused-but-set-variable\x07-Wunused-but-set-variable\x1b]8;;\x07\x1b[m\x1b[K]\n'}
[8.253956] (mission_layer_mvibot) StderrLine: {'line': b'  628 |     static double x,y,\x1b[01;35m\x1b[Kz\x1b[m\x1b[K,thz,thw;\n'}
[8.254051] (mission_layer_mvibot) StderrLine: {'line': b'      |                       \x1b[01;35m\x1b[K^\x1b[m\x1b[K\n'}
[8.328145] (-) TimerEvent: {}
[8.349177] (mission_layer_mvibot) StderrLine: {'line': b'\x1b[01m\x1b[K/home/mvibot/floorCleaningRobot_ws/src/mission_layer_mvibot/src/../include/mission_layer_mvibot/mvibot_mission/manage_mission.h:\x1b[m\x1b[K In member function \xe2\x80\x98\x1b[01m\x1b[Kint manage_mission::\x1b[01;32m\x1b[Kexecute_content\x1b[m\x1b[K(mission&, std::vector<std::__cxx11::basic_string<char>, std::allocator<std::__cxx11::basic_string<char> > >&, std::string&, int&)\x1b[m\x1b[K\xe2\x80\x99:\n'}
[8.349468] (mission_layer_mvibot) StderrLine: {'line': b'\x1b[01m\x1b[K/home/mvibot/floorCleaningRobot_ws/src/mission_layer_mvibot/src/../include/mission_layer_mvibot/mvibot_mission/manage_mission.h:1015:14:\x1b[m\x1b[K \x1b[01;35m\x1b[Kwarning: \x1b[m\x1b[Kcomparison of integer expressions of different signedness: \xe2\x80\x98\x1b[01m\x1b[Kint\x1b[m\x1b[K\xe2\x80\x99 and \xe2\x80\x98\x1b[01m\x1b[Kstd::vector<std::__cxx11::basic_string<char>, std::allocator<std::__cxx11::basic_string<char> > >::size_type\x1b[m\x1b[K\xe2\x80\x99 {aka \xe2\x80\x98\x1b[01m\x1b[Klong unsigned int\x1b[m\x1b[K\xe2\x80\x99} [\x1b[01;35m\x1b[K\x1b]8;;https://gcc.gnu.org/onlinedocs/gcc/Warning-Options.html#index-Wsign-compare\x07-Wsign-compare\x1b]8;;\x07\x1b[m\x1b[K]\n'}
[8.349635] (mission_layer_mvibot) StderrLine: {'line': b' 1015 |         if(\x1b[01;35m\x1b[Ki == and_contents_list.size()\x1b[m\x1b[K){\n'}
[8.349781] (mission_layer_mvibot) StderrLine: {'line': b'      |            \x1b[01;35m\x1b[K~~^~~~~~~~~~~~~~~~~~~~~~~~~~~\x1b[m\x1b[K\n'}
[8.350494] (mission_layer_mvibot) StderrLine: {'line': b'\x1b[01m\x1b[K/home/mvibot/floorCleaningRobot_ws/src/mission_layer_mvibot/src/../include/mission_layer_mvibot/mvibot_mission/manage_mission.h:1038:14:\x1b[m\x1b[K \x1b[01;35m\x1b[Kwarning: \x1b[m\x1b[Kcomparison of integer expressions of different signedness: \xe2\x80\x98\x1b[01m\x1b[Kint\x1b[m\x1b[K\xe2\x80\x99 and \xe2\x80\x98\x1b[01m\x1b[Kstd::vector<std::__cxx11::basic_string<char>, std::allocator<std::__cxx11::basic_string<char> > >::size_type\x1b[m\x1b[K\xe2\x80\x99 {aka \xe2\x80\x98\x1b[01m\x1b[Klong unsigned int\x1b[m\x1b[K\xe2\x80\x99} [\x1b[01;35m\x1b[K\x1b]8;;https://gcc.gnu.org/onlinedocs/gcc/Warning-Options.html#index-Wsign-compare\x07-Wsign-compare\x1b]8;;\x07\x1b[m\x1b[K]\n'}
[8.350713] (mission_layer_mvibot) StderrLine: {'line': b' 1038 |         if(\x1b[01;35m\x1b[Ki == or_contents_list.size()\x1b[m\x1b[K){\n'}
[8.350876] (mission_layer_mvibot) StderrLine: {'line': b'      |            \x1b[01;35m\x1b[K~~^~~~~~~~~~~~~~~~~~~~~~~~~~\x1b[m\x1b[K\n'}
[8.428299] (-) TimerEvent: {}
[8.529559] (-) TimerEvent: {}
[8.629894] (-) TimerEvent: {}
[8.730217] (-) TimerEvent: {}
[8.771856] (mission_layer_mvibot) StderrLine: {'line': b'In file included from \x1b[01m\x1b[K/home/mvibot/floorCleaningRobot_ws/src/mission_layer_mvibot/src/mvibot_mission.cpp:4\x1b[m\x1b[K:\n'}
[8.773260] (mission_layer_mvibot) StderrLine: {'line': b'\x1b[01m\x1b[K/home/mvibot/floorCleaningRobot_ws/src/mission_layer_mvibot/src/../include/mission_layer_mvibot/mvibot_mission/navigation_function.h:\x1b[m\x1b[K In lambda function:\n'}
[8.773489] (mission_layer_mvibot) StderrLine: {'line': b'\x1b[01m\x1b[K/home/mvibot/floorCleaningRobot_ws/src/mission_layer_mvibot/src/../include/mission_layer_mvibot/mvibot_mission/navigation_function.h:307:120:\x1b[m\x1b[K \x1b[01;35m\x1b[Kwarning: \x1b[m\x1b[Kunused parameter \xe2\x80\x98\x1b[01m\x1b[Kfeedback\x1b[m\x1b[K\xe2\x80\x99 [\x1b[01;35m\x1b[K\x1b]8;;https://gcc.gnu.org/onlinedocs/gcc/Warning-Options.html#index-Wunused-parameter\x07-Wunused-parameter\x1b]8;;\x07\x1b[m\x1b[K]\n'}
[8.773718] (mission_layer_mvibot) StderrLine: {'line': b'  307 |                         \x1b[01;35m\x1b[Kconst std::shared_ptr<const opennav_coverage_msgs::action::NavigateCompleteCoverage::Feedback> feedback\x1b[m\x1b[K) {\n'}
[8.773956] (mission_layer_mvibot) StderrLine: {'line': b'      |                         \x1b[01;35m\x1b[K~~~~~~~~~~~~~~~~~~~~~~~~~~~~~~~~~~~~~~~~~~~~~~~~~~~~~~~~~~~~~~~~~~~~~~~~~~~~~~~~~~~~~~~~~~~~~~~^~~~~~~~\x1b[m\x1b[K\n'}
[8.794185] (mission_layer_mvibot) StderrLine: {'line': b'\x1b[01m\x1b[K/home/mvibot/floorCleaningRobot_ws/src/mission_layer_mvibot/src/../include/mission_layer_mvibot/mvibot_mission/navigation_function.h:\x1b[m\x1b[K In lambda function:\n'}
[8.794514] (mission_layer_mvibot) StderrLine: {'line': b'\x1b[01m\x1b[K/home/mvibot/floorCleaningRobot_ws/src/mission_layer_mvibot/src/../include/mission_layer_mvibot/mvibot_mission/navigation_function.h:363:98:\x1b[m\x1b[K \x1b[01;35m\x1b[Kwarning: \x1b[m\x1b[Kunused parameter \xe2\x80\x98\x1b[01m\x1b[Kfeedback\x1b[m\x1b[K\xe2\x80\x99 [\x1b[01;35m\x1b[K\x1b]8;;https://gcc.gnu.org/onlinedocs/gcc/Warning-Options.html#index-Wunused-parameter\x07-Wunused-parameter\x1b]8;;\x07\x1b[m\x1b[K]\n'}
[8.794627] (mission_layer_mvibot) StderrLine: {'line': b'  363 |                         \x1b[01;35m\x1b[Kconst std::shared_ptr<const nav2_msgs::action::NavigateToPose::Feedback> feedback\x1b[m\x1b[K) {\n'}
[8.794727] (mission_layer_mvibot) StderrLine: {'line': b'      |                         \x1b[01;35m\x1b[K~~~~~~~~~~~~~~~~~~~~~~~~~~~~~~~~~~~~~~~~~~~~~~~~~~~~~~~~~~~~~~~~~~~~~~~~~^~~~~~~~\x1b[m\x1b[K\n'}
[8.830349] (-) TimerEvent: {}
[8.930656] (-) TimerEvent: {}
[8.934472] (mission_layer_mvibot) StderrLine: {'line': b'\x1b[01m\x1b[K/home/mvibot/floorCleaningRobot_ws/src/mission_layer_mvibot/src/../include/mission_layer_mvibot/mvibot_mission/navigation_function.h:\x1b[m\x1b[K In member function \xe2\x80\x98\x1b[01m\x1b[Kint navigation_function::\x1b[01;32m\x1b[Kaction\x1b[m\x1b[K()\x1b[m\x1b[K\xe2\x80\x99:\n'}
[8.934887] (mission_layer_mvibot) StderrLine: {'line': b'\x1b[01m\x1b[K/home/mvibot/floorCleaningRobot_ws/src/mission_layer_mvibot/src/../include/mission_layer_mvibot/mvibot_mission/navigation_function.h:700:16:\x1b[m\x1b[K \x1b[01;35m\x1b[Kwarning: \x1b[m\x1b[Kunused variable \xe2\x80\x98\x1b[01m\x1b[Kt\x1b[m\x1b[K\xe2\x80\x99 [\x1b[01;35m\x1b[K\x1b]8;;https://gcc.gnu.org/onlinedocs/gcc/Warning-Options.html#index-Wunused-variable\x07-Wunused-variable\x1b]8;;\x07\x1b[m\x1b[K]\n'}
[8.935188] (mission_layer_mvibot) StderrLine: {'line': b'  700 |     static int \x1b[01;35m\x1b[Kt\x1b[m\x1b[K = 0;\n'}
[8.935543] (mission_layer_mvibot) StderrLine: {'line': b'      |                \x1b[01;35m\x1b[K^\x1b[m\x1b[K\n'}
[9.030808] (-) TimerEvent: {}
[9.131229] (-) TimerEvent: {}
[9.231568] (-) TimerEvent: {}
[9.234389] (mission_layer_mvibot) StderrLine: {'line': b'In file included from \x1b[01m\x1b[K/home/mvibot/floorCleaningRobot_ws/src/mission_layer_mvibot/src/mvibot_mission.cpp:6\x1b[m\x1b[K:\n'}
[9.234669] (mission_layer_mvibot) StderrLine: {'line': b'\x1b[01m\x1b[K/home/mvibot/floorCleaningRobot_ws/src/mission_layer_mvibot/src/../include/mission_layer_mvibot/mvibot_mission/marker_function.h:\x1b[m\x1b[K In member function \xe2\x80\x98\x1b[01m\x1b[Kdouble* marker_function::\x1b[01;32m\x1b[Kget_position\x1b[m\x1b[K(std::string, std::string)\x1b[m\x1b[K\xe2\x80\x99:\n'}
[9.234839] (mission_layer_mvibot) StderrLine: {'line': b'\x1b[01m\x1b[K/home/mvibot/floorCleaningRobot_ws/src/mission_layer_mvibot/src/../include/mission_layer_mvibot/mvibot_mission/marker_function.h:206:23:\x1b[m\x1b[K \x1b[01;35m\x1b[Kwarning: \x1b[m\x1b[Kvariable \xe2\x80\x98\x1b[01m\x1b[Kz\x1b[m\x1b[K\xe2\x80\x99 set but not used [\x1b[01;35m\x1b[K\x1b]8;;https://gcc.gnu.org/onlinedocs/gcc/Warning-Options.html#index-Wunused-but-set-variable\x07-Wunused-but-set-variable\x1b]8;;\x07\x1b[m\x1b[K]\n'}
[9.234984] (mission_layer_mvibot) StderrLine: {'line': b'  206 |     static double x,y,\x1b[01;35m\x1b[Kz\x1b[m\x1b[K,thz,thw;\n'}
[9.235128] (mission_layer_mvibot) StderrLine: {'line': b'      |                       \x1b[01;35m\x1b[K^\x1b[m\x1b[K\n'}
[9.237946] (mission_layer_mvibot) StderrLine: {'line': b'\x1b[01m\x1b[K/home/mvibot/floorCleaningRobot_ws/src/mission_layer_mvibot/src/../include/mission_layer_mvibot/mvibot_mission/marker_function.h:\x1b[m\x1b[K In member function \xe2\x80\x98\x1b[01m\x1b[Kint marker_function::\x1b[01;32m\x1b[Kcaculate_transforms_ofset\x1b[m\x1b[K()\x1b[m\x1b[K\xe2\x80\x99:\n'}
[9.238294] (mission_layer_mvibot) StderrLine: {'line': b'\x1b[01m\x1b[K/home/mvibot/floorCleaningRobot_ws/src/mission_layer_mvibot/src/../include/mission_layer_mvibot/mvibot_mission/marker_function.h:254:19:\x1b[m\x1b[K \x1b[01;35m\x1b[Kwarning: \x1b[m\x1b[Kvariable \xe2\x80\x98\x1b[01m\x1b[Ktheta\x1b[m\x1b[K\xe2\x80\x99 set but not used [\x1b[01;35m\x1b[K\x1b]8;;https://gcc.gnu.org/onlinedocs/gcc/Warning-Options.html#index-Wunused-but-set-variable\x07-Wunused-but-set-variable\x1b]8;;\x07\x1b[m\x1b[K]\n'}
[9.238504] (mission_layer_mvibot) StderrLine: {'line': b'  254 |     static double \x1b[01;35m\x1b[Ktheta\x1b[m\x1b[K;\n'}
[9.238645] (mission_layer_mvibot) StderrLine: {'line': b'      |                   \x1b[01;35m\x1b[K^~~~~\x1b[m\x1b[K\n'}
[9.265170] (mission_layer_mvibot) StderrLine: {'line': b'\x1b[01m\x1b[K/home/mvibot/floorCleaningRobot_ws/src/mission_layer_mvibot/src/../include/mission_layer_mvibot/mvibot_mission/marker_function.h:\x1b[m\x1b[K In member function \xe2\x80\x98\x1b[01m\x1b[Kint marker_function::\x1b[01;32m\x1b[Kmove_to_goal\x1b[m\x1b[K()\x1b[m\x1b[K\xe2\x80\x99:\n'}
[9.265426] (mission_layer_mvibot) StderrLine: {'line': b'\x1b[01m\x1b[K/home/mvibot/floorCleaningRobot_ws/src/mission_layer_mvibot/src/../include/mission_layer_mvibot/mvibot_mission/marker_function.h:442:21:\x1b[m\x1b[K \x1b[01;35m\x1b[Kwarning: \x1b[m\x1b[Kvariable \xe2\x80\x98\x1b[01m\x1b[Ky\x1b[m\x1b[K\xe2\x80\x99 set but not used [\x1b[01;35m\x1b[K\x1b]8;;https://gcc.gnu.org/onlinedocs/gcc/Warning-Options.html#index-Wunused-but-set-variable\x07-Wunused-but-set-variable\x1b]8;;\x07\x1b[m\x1b[K]\n'}
[9.265600] (mission_layer_mvibot) StderrLine: {'line': b'  442 |     static double x,\x1b[01;35m\x1b[Ky\x1b[m\x1b[K;\n'}
[9.265739] (mission_layer_mvibot) StderrLine: {'line': b'      |                     \x1b[01;35m\x1b[K^\x1b[m\x1b[K\n'}
[9.301021] (mission_layer_mvibot) StderrLine: {'line': b'In file included from \x1b[01m\x1b[K/home/mvibot/floorCleaningRobot_ws/src/mission_layer_mvibot/src/mvibot_mission.cpp:7\x1b[m\x1b[K:\n'}
[9.301263] (mission_layer_mvibot) StderrLine: {'line': b'\x1b[01m\x1b[K/home/mvibot/floorCleaningRobot_ws/src/mission_layer_mvibot/src/../include/mission_layer_mvibot/mvibot_mission/variable_function.h:\x1b[m\x1b[K In member function \xe2\x80\x98\x1b[01m\x1b[Kvoid multiple_variable_local::\x1b[01;32m\x1b[Kadd_var\x1b[m\x1b[K(variable_local)\x1b[m\x1b[K\xe2\x80\x99:\n'}
[9.301406] (mission_layer_mvibot) StderrLine: {'line': b'\x1b[01m\x1b[K/home/mvibot/floorCleaningRobot_ws/src/mission_layer_mvibot/src/../include/mission_layer_mvibot/mvibot_mission/variable_function.h:31:18:\x1b[m\x1b[K \x1b[01;35m\x1b[Kwarning: \x1b[m\x1b[Kcomparison of integer expressions of different signedness: \xe2\x80\x98\x1b[01m\x1b[Kint\x1b[m\x1b[K\xe2\x80\x99 and \xe2\x80\x98\x1b[01m\x1b[Kstd::vector<variable_local>::size_type\x1b[m\x1b[K\xe2\x80\x99 {aka \xe2\x80\x98\x1b[01m\x1b[Klong unsigned int\x1b[m\x1b[K\xe2\x80\x99} [\x1b[01;35m\x1b[K\x1b]8;;https://gcc.gnu.org/onlinedocs/gcc/Warning-Options.html#index-Wsign-compare\x07-Wsign-compare\x1b]8;;\x07\x1b[m\x1b[K]\n'}
[9.301534] (mission_layer_mvibot) StderrLine: {'line': b'   31 |     for(int i=0;\x1b[01;35m\x1b[Ki<var.size()\x1b[m\x1b[K;i++){\n'}
[9.301641] (mission_layer_mvibot) StderrLine: {'line': b'      |                 \x1b[01;35m\x1b[K~^~~~~~~~~~~\x1b[m\x1b[K\n'}
[9.301901] (mission_layer_mvibot) StderrLine: {'line': b'\x1b[01m\x1b[K/home/mvibot/floorCleaningRobot_ws/src/mission_layer_mvibot/src/../include/mission_layer_mvibot/mvibot_mission/variable_function.h:\x1b[m\x1b[K In member function \xe2\x80\x98\x1b[01m\x1b[Kvoid multiple_variable_local::\x1b[01;32m\x1b[Kupdate_var\x1b[m\x1b[K(variable_local)\x1b[m\x1b[K\xe2\x80\x99:\n'}
[9.302057] (mission_layer_mvibot) StderrLine: {'line': b'\x1b[01m\x1b[K/home/mvibot/floorCleaningRobot_ws/src/mission_layer_mvibot/src/../include/mission_layer_mvibot/mvibot_mission/variable_function.h:45:18:\x1b[m\x1b[K \x1b[01;35m\x1b[Kwarning: \x1b[m\x1b[Kcomparison of integer expressions of different signedness: \xe2\x80\x98\x1b[01m\x1b[Kint\x1b[m\x1b[K\xe2\x80\x99 and \xe2\x80\x98\x1b[01m\x1b[Kstd::vector<variable_local>::size_type\x1b[m\x1b[K\xe2\x80\x99 {aka \xe2\x80\x98\x1b[01m\x1b[Klong unsigned int\x1b[m\x1b[K\xe2\x80\x99} [\x1b[01;35m\x1b[K\x1b]8;;https://gcc.gnu.org/onlinedocs/gcc/Warning-Options.html#index-Wsign-compare\x07-Wsign-compare\x1b]8;;\x07\x1b[m\x1b[K]\n'}
[9.302423] (mission_layer_mvibot) StderrLine: {'line': b'   45 |     for(int i=0;\x1b[01;35m\x1b[Ki<var.size()\x1b[m\x1b[K;i++){\n'}
[9.302668] (mission_layer_mvibot) StderrLine: {'line': b'      |                 \x1b[01;35m\x1b[K~^~~~~~~~~~~\x1b[m\x1b[K\n'}
[9.302994] (mission_layer_mvibot) StderrLine: {'line': b'\x1b[01m\x1b[K/home/mvibot/floorCleaningRobot_ws/src/mission_layer_mvibot/src/../include/mission_layer_mvibot/mvibot_mission/variable_function.h:\x1b[m\x1b[K In member function \xe2\x80\x98\x1b[01m\x1b[Kvoid multiple_variable_local::\x1b[01;32m\x1b[Kreset_all\x1b[m\x1b[K()\x1b[m\x1b[K\xe2\x80\x99:\n'}
[9.303198] (mission_layer_mvibot) StderrLine: {'line': b'\x1b[01m\x1b[K/home/mvibot/floorCleaningRobot_ws/src/mission_layer_mvibot/src/../include/mission_layer_mvibot/mvibot_mission/variable_function.h:58:18:\x1b[m\x1b[K \x1b[01;35m\x1b[Kwarning: \x1b[m\x1b[Kcomparison of integer expressions of different signedness: \xe2\x80\x98\x1b[01m\x1b[Kint\x1b[m\x1b[K\xe2\x80\x99 and \xe2\x80\x98\x1b[01m\x1b[Kstd::vector<variable_local>::size_type\x1b[m\x1b[K\xe2\x80\x99 {aka \xe2\x80\x98\x1b[01m\x1b[Klong unsigned int\x1b[m\x1b[K\xe2\x80\x99} [\x1b[01;35m\x1b[K\x1b]8;;https://gcc.gnu.org/onlinedocs/gcc/Warning-Options.html#index-Wsign-compare\x07-Wsign-compare\x1b]8;;\x07\x1b[m\x1b[K]\n'}
[9.303352] (mission_layer_mvibot) StderrLine: {'line': b'   58 |     for(int i=0;\x1b[01;35m\x1b[Ki<var.size()\x1b[m\x1b[K;i++){\n'}
[9.303468] (mission_layer_mvibot) StderrLine: {'line': b'      |                 \x1b[01;35m\x1b[K~^~~~~~~~~~~\x1b[m\x1b[K\n'}
[9.303548] (mission_layer_mvibot) StderrLine: {'line': b'\x1b[01m\x1b[K/home/mvibot/floorCleaningRobot_ws/src/mission_layer_mvibot/src/../include/mission_layer_mvibot/mvibot_mission/variable_function.h:\x1b[m\x1b[K In member function \xe2\x80\x98\x1b[01m\x1b[Kvoid multiple_variable_local::\x1b[01;32m\x1b[Kprint\x1b[m\x1b[K()\x1b[m\x1b[K\xe2\x80\x99:\n'}
[9.303671] (mission_layer_mvibot) StderrLine: {'line': b'\x1b[01m\x1b[K/home/mvibot/floorCleaningRobot_ws/src/mission_layer_mvibot/src/../include/mission_layer_mvibot/mvibot_mission/variable_function.h:68:18:\x1b[m\x1b[K \x1b[01;35m\x1b[Kwarning: \x1b[m\x1b[Kcomparison of integer expressions of different signedness: \xe2\x80\x98\x1b[01m\x1b[Kint\x1b[m\x1b[K\xe2\x80\x99 and \xe2\x80\x98\x1b[01m\x1b[Kstd::vector<variable_local>::size_type\x1b[m\x1b[K\xe2\x80\x99 {aka \xe2\x80\x98\x1b[01m\x1b[Klong unsigned int\x1b[m\x1b[K\xe2\x80\x99} [\x1b[01;35m\x1b[K\x1b]8;;https://gcc.gnu.org/onlinedocs/gcc/Warning-Options.html#index-Wsign-compare\x07-Wsign-compare\x1b]8;;\x07\x1b[m\x1b[K]\n'}
[9.303818] (mission_layer_mvibot) StderrLine: {'line': b'   68 |     for(int i=0;\x1b[01;35m\x1b[Ki<var.size()\x1b[m\x1b[K;i++){\n'}
[9.304008] (mission_layer_mvibot) StderrLine: {'line': b'      |                 \x1b[01;35m\x1b[K~^~~~~~~~~~~\x1b[m\x1b[K\n'}
[9.325232] (mission_layer_mvibot) StderrLine: {'line': b'\x1b[01m\x1b[K/home/mvibot/floorCleaningRobot_ws/src/mission_layer_mvibot/src/../include/mission_layer_mvibot/mvibot_mission/variable_function.h:\x1b[m\x1b[K In member function \xe2\x80\x98\x1b[01m\x1b[Kint variable_function::\x1b[01;32m\x1b[Kaction\x1b[m\x1b[K()\x1b[m\x1b[K\xe2\x80\x99:\n'}
[9.325436] (mission_layer_mvibot) StderrLine: {'line': b'\x1b[01m\x1b[K/home/mvibot/floorCleaningRobot_ws/src/mission_layer_mvibot/src/../include/mission_layer_mvibot/mvibot_mission/variable_function.h:195:26:\x1b[m\x1b[K \x1b[01;35m\x1b[Kwarning: \x1b[m\x1b[Kcomparison of integer expressions of different signedness: \xe2\x80\x98\x1b[01m\x1b[Kint\x1b[m\x1b[K\xe2\x80\x99 and \xe2\x80\x98\x1b[01m\x1b[Kstd::vector<variable_local>::size_type\x1b[m\x1b[K\xe2\x80\x99 {aka \xe2\x80\x98\x1b[01m\x1b[Klong unsigned int\x1b[m\x1b[K\xe2\x80\x99} [\x1b[01;35m\x1b[K\x1b]8;;https://gcc.gnu.org/onlinedocs/gcc/Warning-Options.html#index-Wsign-compare\x07-Wsign-compare\x1b]8;;\x07\x1b[m\x1b[K]\n'}
[9.325578] (mission_layer_mvibot) StderrLine: {'line': b'  195 |             for(int i=0;\x1b[01;35m\x1b[Ki<my_vars_local.var.size()\x1b[m\x1b[K;i++){\n'}
[9.325671] (mission_layer_mvibot) StderrLine: {'line': b'      |                         \x1b[01;35m\x1b[K~^~~~~~~~~~~~~~~~~~~~~~~~~\x1b[m\x1b[K\n'}
[9.331658] (-) TimerEvent: {}
[9.431894] (-) TimerEvent: {}
[9.436621] (mission_layer_mvibot) StderrLine: {'line': b'In file included from \x1b[01m\x1b[K/home/mvibot/floorCleaningRobot_ws/src/mission_layer_mvibot/src/mvibot_mission.cpp:8\x1b[m\x1b[K:\n'}
[9.436920] (mission_layer_mvibot) StderrLine: {'line': b'\x1b[01m\x1b[K/home/mvibot/floorCleaningRobot_ws/src/mission_layer_mvibot/src/../include/mission_layer_mvibot/mvibot_mission/gpio_function.h:\x1b[m\x1b[K In member function \xe2\x80\x98\x1b[01m\x1b[Kint gpio_function::\x1b[01;32m\x1b[Kaction\x1b[m\x1b[K()\x1b[m\x1b[K\xe2\x80\x99:\n'}
[9.437083] (mission_layer_mvibot) StderrLine: {'line': b'\x1b[01m\x1b[K/home/mvibot/floorCleaningRobot_ws/src/mission_layer_mvibot/src/../include/mission_layer_mvibot/mvibot_mission/gpio_function.h:143:16:\x1b[m\x1b[K \x1b[01;35m\x1b[Kwarning: \x1b[m\x1b[Kunused variable \xe2\x80\x98\x1b[01m\x1b[Kvalue_return\x1b[m\x1b[K\xe2\x80\x99 [\x1b[01;35m\x1b[K\x1b]8;;https://gcc.gnu.org/onlinedocs/gcc/Warning-Options.html#index-Wunused-variable\x07-Wunused-variable\x1b]8;;\x07\x1b[m\x1b[K]\n'}
[9.437243] (mission_layer_mvibot) StderrLine: {'line': b'  143 |     static int \x1b[01;35m\x1b[Kvalue_return\x1b[m\x1b[K;\n'}
[9.437413] (mission_layer_mvibot) StderrLine: {'line': b'      |                \x1b[01;35m\x1b[K^~~~~~~~~~~~\x1b[m\x1b[K\n'}
[9.532153] (-) TimerEvent: {}
[9.632501] (-) TimerEvent: {}
[9.732903] (-) TimerEvent: {}
[9.833245] (-) TimerEvent: {}
[9.933998] (-) TimerEvent: {}
[10.034584] (-) TimerEvent: {}
[10.134990] (-) TimerEvent: {}
[10.235262] (-) TimerEvent: {}
[10.335561] (-) TimerEvent: {}
[10.435967] (-) TimerEvent: {}
[10.536229] (-) TimerEvent: {}
[10.636484] (-) TimerEvent: {}
[10.736727] (-) TimerEvent: {}
[10.837440] (-) TimerEvent: {}
[10.937741] (-) TimerEvent: {}
[11.039039] (-) TimerEvent: {}
[11.139292] (-) TimerEvent: {}
[11.239628] (-) TimerEvent: {}
[11.339891] (-) TimerEvent: {}
[11.440113] (-) TimerEvent: {}
[11.540372] (-) TimerEvent: {}
[11.640617] (-) TimerEvent: {}
[11.740906] (-) TimerEvent: {}
[11.841144] (-) TimerEvent: {}
[11.941380] (-) TimerEvent: {}
[12.041648] (-) TimerEvent: {}
[12.141992] (-) TimerEvent: {}
[12.242277] (-) TimerEvent: {}
[12.342593] (-) TimerEvent: {}
[12.443071] (-) TimerEvent: {}
[12.543391] (-) TimerEvent: {}
[12.643657] (-) TimerEvent: {}
[12.743946] (-) TimerEvent: {}
[12.844406] (-) TimerEvent: {}
[12.944854] (-) TimerEvent: {}
[13.045125] (-) TimerEvent: {}
[13.145405] (-) TimerEvent: {}
[13.245679] (-) TimerEvent: {}
[13.345935] (-) TimerEvent: {}
[13.446196] (-) TimerEvent: {}
[13.546505] (-) TimerEvent: {}
[13.646839] (-) TimerEvent: {}
[13.747207] (-) TimerEvent: {}
[13.847632] (-) TimerEvent: {}
[13.948004] (-) TimerEvent: {}
[14.048317] (-) TimerEvent: {}
[14.148605] (-) TimerEvent: {}
[14.248936] (-) TimerEvent: {}
[14.349236] (-) TimerEvent: {}
[14.449514] (-) TimerEvent: {}
[14.549749] (-) TimerEvent: {}
[14.650022] (-) TimerEvent: {}
[14.750228] (-) TimerEvent: {}
[14.850471] (-) TimerEvent: {}
[14.950676] (-) TimerEvent: {}
[15.050959] (-) TimerEvent: {}
[15.151197] (-) TimerEvent: {}
[15.251489] (-) TimerEvent: {}
[15.351823] (-) TimerEvent: {}
[15.452107] (-) TimerEvent: {}
[15.552362] (-) TimerEvent: {}
[15.652616] (-) TimerEvent: {}
[15.753003] (-) TimerEvent: {}
[15.853574] (-) TimerEvent: {}
[15.953979] (-) TimerEvent: {}
[16.054283] (-) TimerEvent: {}
[16.154618] (-) TimerEvent: {}
[16.255204] (-) TimerEvent: {}
[16.355890] (-) TimerEvent: {}
[16.456287] (-) TimerEvent: {}
[16.556571] (-) TimerEvent: {}
[16.656950] (-) TimerEvent: {}
[16.757255] (-) TimerEvent: {}
[16.857570] (-) TimerEvent: {}
[16.957842] (-) TimerEvent: {}
[17.058110] (-) TimerEvent: {}
[17.158401] (-) TimerEvent: {}
[17.258670] (-) TimerEvent: {}
[17.358945] (-) TimerEvent: {}
[17.459240] (-) TimerEvent: {}
[17.559563] (-) TimerEvent: {}
[17.659868] (-) TimerEvent: {}
[17.760196] (-) TimerEvent: {}
[17.860538] (-) TimerEvent: {}
[17.960851] (-) TimerEvent: {}
[18.061160] (-) TimerEvent: {}
[18.161437] (-) TimerEvent: {}
[18.261724] (-) TimerEvent: {}
[18.362064] (-) TimerEvent: {}
[18.462450] (-) TimerEvent: {}
[18.563099] (-) TimerEvent: {}
[18.664095] (-) TimerEvent: {}
[18.764478] (-) TimerEvent: {}
[18.865026] (-) TimerEvent: {}
[18.965654] (-) TimerEvent: {}
[19.065922] (-) TimerEvent: {}
[19.166284] (-) TimerEvent: {}
[19.266586] (-) TimerEvent: {}
[19.366917] (-) TimerEvent: {}
[19.467219] (-) TimerEvent: {}
[19.567746] (-) TimerEvent: {}
[19.668119] (-) TimerEvent: {}
[19.768431] (-) TimerEvent: {}
[19.868877] (-) TimerEvent: {}
[19.969286] (-) TimerEvent: {}
[20.069677] (-) TimerEvent: {}
[20.170080] (-) TimerEvent: {}
[20.270660] (-) TimerEvent: {}
[20.371230] (-) TimerEvent: {}
[20.471707] (-) TimerEvent: {}
[20.572070] (-) TimerEvent: {}
[20.672344] (-) TimerEvent: {}
[20.772666] (-) TimerEvent: {}
[20.872960] (-) TimerEvent: {}
[20.973278] (-) TimerEvent: {}
[21.073589] (-) TimerEvent: {}
[21.173923] (-) TimerEvent: {}
[21.274236] (-) TimerEvent: {}
[21.374846] (-) TimerEvent: {}
[21.475204] (-) TimerEvent: {}
[21.575495] (-) TimerEvent: {}
[21.675944] (-) TimerEvent: {}
[21.776271] (-) TimerEvent: {}
[21.876684] (-) TimerEvent: {}
[21.977005] (-) TimerEvent: {}
[22.077284] (-) TimerEvent: {}
[22.177571] (-) TimerEvent: {}
[22.277840] (-) TimerEvent: {}
[22.378121] (-) TimerEvent: {}
[22.478440] (-) TimerEvent: {}
[22.578744] (-) TimerEvent: {}
[22.679000] (-) TimerEvent: {}
[22.779259] (-) TimerEvent: {}
[22.879558] (-) TimerEvent: {}
[22.979842] (-) TimerEvent: {}
[23.080110] (-) TimerEvent: {}
[23.180354] (-) TimerEvent: {}
[23.280609] (-) TimerEvent: {}
[23.380847] (-) TimerEvent: {}
[23.481097] (-) TimerEvent: {}
[23.581426] (-) TimerEvent: {}
[23.681778] (-) TimerEvent: {}
[23.782042] (-) TimerEvent: {}
[23.882354] (-) TimerEvent: {}
[23.982851] (-) TimerEvent: {}
[24.083252] (-) TimerEvent: {}
[24.183915] (-) TimerEvent: {}
[24.284258] (-) TimerEvent: {}
[24.384577] (-) TimerEvent: {}
[24.484871] (-) TimerEvent: {}
[24.585231] (-) TimerEvent: {}
[24.685553] (-) TimerEvent: {}
[24.785851] (-) TimerEvent: {}
[24.886134] (-) TimerEvent: {}
[24.986380] (-) TimerEvent: {}
[25.086622] (-) TimerEvent: {}
[25.186900] (-) TimerEvent: {}
[25.287197] (-) TimerEvent: {}
[25.387498] (-) TimerEvent: {}
[25.487735] (-) TimerEvent: {}
[25.588071] (-) TimerEvent: {}
[25.688378] (-) TimerEvent: {}
[25.788676] (-) TimerEvent: {}
[25.888910] (-) TimerEvent: {}
[25.989213] (-) TimerEvent: {}
[26.089493] (-) TimerEvent: {}
[26.189729] (-) TimerEvent: {}
[26.289968] (-) TimerEvent: {}
[26.390211] (-) TimerEvent: {}
[26.490473] (-) TimerEvent: {}
[26.590761] (-) TimerEvent: {}
[26.690982] (-) TimerEvent: {}
[26.791264] (-) TimerEvent: {}
[26.891557] (-) TimerEvent: {}
[26.991927] (-) TimerEvent: {}
[27.092471] (-) TimerEvent: {}
[27.192854] (-) TimerEvent: {}
[27.293191] (-) TimerEvent: {}
[27.393518] (-) TimerEvent: {}
[27.493843] (-) TimerEvent: {}
[27.594198] (-) TimerEvent: {}
[27.694525] (-) TimerEvent: {}
[27.795307] (-) TimerEvent: {}
[27.895571] (-) TimerEvent: {}
[27.996457] (-) TimerEvent: {}
[28.097242] (-) TimerEvent: {}
[28.197514] (-) TimerEvent: {}
[28.297778] (-) TimerEvent: {}
[28.398036] (-) TimerEvent: {}
[28.498315] (-) TimerEvent: {}
[28.598538] (-) TimerEvent: {}
[28.698745] (-) TimerEvent: {}
[28.799089] (-) TimerEvent: {}
[28.899323] (-) TimerEvent: {}
[28.999591] (-) TimerEvent: {}
[29.099833] (-) TimerEvent: {}
[29.200091] (-) TimerEvent: {}
[29.300352] (-) TimerEvent: {}
[29.400632] (-) TimerEvent: {}
[29.500931] (-) TimerEvent: {}
[29.601205] (-) TimerEvent: {}
[29.673809] (mission_layer_mvibot) StderrLine: {'line': b'\x1b[01m\x1b[K/home/mvibot/floorCleaningRobot_ws/src/mission_layer_mvibot/src/../include/mission_layer_mvibot/mvibot_mission/manage_mission.h:\x1b[m\x1b[K In member function \xe2\x80\x98\x1b[01m\x1b[Kint manage_mission::\x1b[01;32m\x1b[Khandle_content\x1b[m\x1b[K(const json&, const double&, double&, int&, rclcpp::Publisher<std_msgs::msg::String_<std::allocator<void> > >::SharedPtr, rclcpp::Publisher<std_msgs::msg::String_<std::allocator<void> > >::SharedPtr)\x1b[m\x1b[K\xe2\x80\x99:\n'}
[29.674214] (mission_layer_mvibot) StderrLine: {'line': b'\x1b[01m\x1b[K/home/mvibot/floorCleaningRobot_ws/src/mission_layer_mvibot/src/../include/mission_layer_mvibot/mvibot_mission/manage_mission.h:877:1:\x1b[m\x1b[K \x1b[01;35m\x1b[Kwarning: \x1b[m\x1b[Kcontrol reaches end of non-void function [\x1b[01;35m\x1b[K\x1b]8;;https://gcc.gnu.org/onlinedocs/gcc/Warning-Options.html#index-Wreturn-type\x07-Wreturn-type\x1b]8;;\x07\x1b[m\x1b[K]\n'}
[29.674407] (mission_layer_mvibot) StderrLine: {'line': b'  877 | \x1b[01;35m\x1b[K}\x1b[m\x1b[K\n'}
[29.674563] (mission_layer_mvibot) StderrLine: {'line': b'      | \x1b[01;35m\x1b[K^\x1b[m\x1b[K\n'}
[29.701318] (-) TimerEvent: {}
[29.801710] (-) TimerEvent: {}
[29.902039] (-) TimerEvent: {}
[29.920285] (mission_layer_mvibot) StderrLine: {'line': b'\x1b[01m\x1b[K/home/mvibot/floorCleaningRobot_ws/src/mission_layer_mvibot/src/../include/mission_layer_mvibot/mvibot_mission/navigation_function.h:\x1b[m\x1b[K In member function \xe2\x80\x98\x1b[01m\x1b[Kint navigation_function::\x1b[01;32m\x1b[Kaction\x1b[m\x1b[K()\x1b[m\x1b[K\xe2\x80\x99:\n'}
[29.920663] (mission_layer_mvibot) StderrLine: {'line': b'\x1b[01m\x1b[K/home/mvibot/floorCleaningRobot_ws/src/mission_layer_mvibot/src/../include/mission_layer_mvibot/mvibot_mission/navigation_function.h:966:1:\x1b[m\x1b[K \x1b[01;35m\x1b[Kwarning: \x1b[m\x1b[Kcontrol reaches end of non-void function [\x1b[01;35m\x1b[K\x1b]8;;https://gcc.gnu.org/onlinedocs/gcc/Warning-Options.html#index-Wreturn-type\x07-Wreturn-type\x1b]8;;\x07\x1b[m\x1b[K]\n'}
[29.920984] (mission_layer_mvibot) StderrLine: {'line': b'  966 | \x1b[01;35m\x1b[K}\x1b[m\x1b[K\n'}
[29.921108] (mission_layer_mvibot) StderrLine: {'line': b'      | \x1b[01;35m\x1b[K^\x1b[m\x1b[K\n'}
[30.002145] (-) TimerEvent: {}
[30.027323] (mission_layer_mvibot) StderrLine: {'line': b'\x1b[01m\x1b[K/home/mvibot/floorCleaningRobot_ws/src/mission_layer_mvibot/src/../include/mission_layer_mvibot/mvibot_mission/marker_function.h:\x1b[m\x1b[K In member function \xe2\x80\x98\x1b[01m\x1b[Kint marker_function::\x1b[01;32m\x1b[Kaction\x1b[m\x1b[K()\x1b[m\x1b[K\xe2\x80\x99:\n'}
[30.028212] (mission_layer_mvibot) StderrLine: {'line': b'\x1b[01m\x1b[K/home/mvibot/floorCleaningRobot_ws/src/mission_layer_mvibot/src/../include/mission_layer_mvibot/mvibot_mission/marker_function.h:906:1:\x1b[m\x1b[K \x1b[01;35m\x1b[Kwarning: \x1b[m\x1b[Kcontrol reaches end of non-void function [\x1b[01;35m\x1b[K\x1b]8;;https://gcc.gnu.org/onlinedocs/gcc/Warning-Options.html#index-Wreturn-type\x07-Wreturn-type\x1b]8;;\x07\x1b[m\x1b[K]\n'}
[30.030027] (mission_layer_mvibot) StderrLine: {'line': b'  906 | \x1b[01;35m\x1b[K}\x1b[m\x1b[K\n'}
[30.030207] (mission_layer_mvibot) StderrLine: {'line': b'      | \x1b[01;35m\x1b[K^\x1b[m\x1b[K\n'}
[30.049901] (mission_layer_mvibot) StderrLine: {'line': b'In file included from \x1b[01m\x1b[K/home/mvibot/floorCleaningRobot_ws/src/mission_layer_mvibot/src/mvibot_mission.cpp:13\x1b[m\x1b[K:\n'}
[30.050139] (mission_layer_mvibot) StderrLine: {'line': b'\x1b[01m\x1b[K/home/mvibot/floorCleaningRobot_ws/src/mission_layer_mvibot/src/../include/mission_layer_mvibot/mvibot_mission/lift_function.h:\x1b[m\x1b[K In member function \xe2\x80\x98\x1b[01m\x1b[Kint lift_function::\x1b[01;32m\x1b[Kaction\x1b[m\x1b[K()\x1b[m\x1b[K\xe2\x80\x99:\n'}
[30.050280] (mission_layer_mvibot) StderrLine: {'line': b'\x1b[01m\x1b[K/home/mvibot/floorCleaningRobot_ws/src/mission_layer_mvibot/src/../include/mission_layer_mvibot/mvibot_mission/lift_function.h:203:1:\x1b[m\x1b[K \x1b[01;35m\x1b[Kwarning: \x1b[m\x1b[Kcontrol reaches end of non-void function [\x1b[01;35m\x1b[K\x1b]8;;https://gcc.gnu.org/onlinedocs/gcc/Warning-Options.html#index-Wreturn-type\x07-Wreturn-type\x1b]8;;\x07\x1b[m\x1b[K]\n'}
[30.050427] (mission_layer_mvibot) StderrLine: {'line': b'  203 | \x1b[01;35m\x1b[K}\x1b[m\x1b[K\n'}
[30.050545] (mission_layer_mvibot) StderrLine: {'line': b'      | \x1b[01;35m\x1b[K^\x1b[m\x1b[K\n'}
[30.061948] (mission_layer_mvibot) StderrLine: {'line': b'In file included from \x1b[01m\x1b[K/home/mvibot/floorCleaningRobot_ws/src/mission_layer_mvibot/src/mvibot_mission.cpp:14\x1b[m\x1b[K:\n'}
[30.062196] (mission_layer_mvibot) StderrLine: {'line': b'\x1b[01m\x1b[K/home/mvibot/floorCleaningRobot_ws/src/mission_layer_mvibot/src/../include/mission_layer_mvibot/mvibot_mission/map_function.h:\x1b[m\x1b[K In member function \xe2\x80\x98\x1b[01m\x1b[Kint loadmap_function::\x1b[01;32m\x1b[Kaction\x1b[m\x1b[K()\x1b[m\x1b[K\xe2\x80\x99:\n'}
[30.062299] (mission_layer_mvibot) StderrLine: {'line': b'\x1b[01m\x1b[K/home/mvibot/floorCleaningRobot_ws/src/mission_layer_mvibot/src/../include/mission_layer_mvibot/mvibot_mission/map_function.h:160:1:\x1b[m\x1b[K \x1b[01;35m\x1b[Kwarning: \x1b[m\x1b[Kcontrol reaches end of non-void function [\x1b[01;35m\x1b[K\x1b]8;;https://gcc.gnu.org/onlinedocs/gcc/Warning-Options.html#index-Wreturn-type\x07-Wreturn-type\x1b]8;;\x07\x1b[m\x1b[K]\n'}
[30.062421] (mission_layer_mvibot) StderrLine: {'line': b'  160 | \x1b[01;35m\x1b[K}\x1b[m\x1b[K\n'}
[30.062539] (mission_layer_mvibot) StderrLine: {'line': b'      | \x1b[01;35m\x1b[K^\x1b[m\x1b[K\n'}
[30.102231] (-) TimerEvent: {}
[30.202502] (-) TimerEvent: {}
[30.302855] (-) TimerEvent: {}
[30.403184] (-) TimerEvent: {}
[30.503474] (-) TimerEvent: {}
[30.603733] (-) TimerEvent: {}
[30.704020] (-) TimerEvent: {}
[30.804305] (-) TimerEvent: {}
[30.904654] (-) TimerEvent: {}
[31.004960] (-) TimerEvent: {}
[31.105551] (-) TimerEvent: {}
[31.205769] (-) TimerEvent: {}
[31.306042] (-) TimerEvent: {}
[31.406351] (-) TimerEvent: {}
[31.506657] (-) TimerEvent: {}
[31.606950] (-) TimerEvent: {}
[31.707228] (-) TimerEvent: {}
[31.910171] (-) TimerEvent: {}
[32.010623] (-) TimerEvent: {}
[32.111272] (-) TimerEvent: {}
[32.211611] (-) TimerEvent: {}
[32.311930] (-) TimerEvent: {}
[32.412225] (-) TimerEvent: {}
[32.512502] (-) TimerEvent: {}
[32.612831] (-) TimerEvent: {}
[32.713111] (-) TimerEvent: {}
[32.813400] (-) TimerEvent: {}
[32.913774] (-) TimerEvent: {}
[33.014211] (-) TimerEvent: {}
[33.114765] (-) TimerEvent: {}
[33.215779] (-) TimerEvent: {}
[33.316074] (-) TimerEvent: {}
[33.416367] (-) TimerEvent: {}
[33.516666] (-) TimerEvent: {}
[33.616962] (-) TimerEvent: {}
[33.717234] (-) TimerEvent: {}
[33.817508] (-) TimerEvent: {}
[33.917779] (-) TimerEvent: {}
[34.018368] (-) TimerEvent: {}
[34.118742] (-) TimerEvent: {}
[34.219043] (-) TimerEvent: {}
[34.319351] (-) TimerEvent: {}
[34.419592] (-) TimerEvent: {}
[34.519914] (-) TimerEvent: {}
[34.620154] (-) TimerEvent: {}
[34.720511] (-) TimerEvent: {}
[34.821240] (-) TimerEvent: {}
[34.921613] (-) TimerEvent: {}
[35.022026] (-) TimerEvent: {}
[35.123462] (-) TimerEvent: {}
[35.223841] (-) TimerEvent: {}
[35.324140] (-) TimerEvent: {}
[35.424405] (-) TimerEvent: {}
[35.524678] (-) TimerEvent: {}
[35.624979] (-) TimerEvent: {}
[35.725279] (-) TimerEvent: {}
[35.825526] (-) TimerEvent: {}
[35.925781] (-) TimerEvent: {}
[36.026173] (-) TimerEvent: {}
[36.126485] (-) TimerEvent: {}
[36.226872] (-) TimerEvent: {}
[36.327196] (-) TimerEvent: {}
[36.427496] (-) TimerEvent: {}
[36.527978] (-) TimerEvent: {}
[36.629242] (-) TimerEvent: {}
[36.729595] (-) TimerEvent: {}
[36.829986] (-) TimerEvent: {}
[36.930271] (-) TimerEvent: {}
[37.030776] (-) TimerEvent: {}
[37.131498] (-) TimerEvent: {}
[37.232101] (-) TimerEvent: {}
[37.332447] (-) TimerEvent: {}
[37.432814] (-) TimerEvent: {}
[37.533108] (-) TimerEvent: {}
[37.633527] (-) TimerEvent: {}
[37.733925] (-) TimerEvent: {}
[37.834187] (-) TimerEvent: {}
[37.934470] (-) TimerEvent: {}
[38.034740] (-) TimerEvent: {}
[38.135054] (-) TimerEvent: {}
[38.235341] (-) TimerEvent: {}
[38.335559] (-) TimerEvent: {}
[38.435815] (-) TimerEvent: {}
[38.536107] (-) TimerEvent: {}
[38.636411] (-) TimerEvent: {}
[38.736667] (-) TimerEvent: {}
[38.837280] (-) TimerEvent: {}
[38.938594] (-) TimerEvent: {}
[39.039064] (-) TimerEvent: {}
[39.139358] (-) TimerEvent: {}
[39.239638] (-) TimerEvent: {}
[39.339942] (-) TimerEvent: {}
[39.440170] (-) TimerEvent: {}
[39.540404] (-) TimerEvent: {}
[39.640773] (-) TimerEvent: {}
[39.741030] (-) TimerEvent: {}
[39.841309] (-) TimerEvent: {}
[39.941554] (-) TimerEvent: {}
[40.041844] (-) TimerEvent: {}
[40.142184] (-) TimerEvent: {}
[40.242398] (-) TimerEvent: {}
[40.342639] (-) TimerEvent: {}
[40.442923] (-) TimerEvent: {}
[40.543227] (-) TimerEvent: {}
[40.643524] (-) TimerEvent: {}
[40.743865] (-) TimerEvent: {}
[40.844201] (-) TimerEvent: {}
[40.944641] (-) TimerEvent: {}
[41.045071] (-) TimerEvent: {}
[41.145482] (-) TimerEvent: {}
[41.245797] (-) TimerEvent: {}
[41.346070] (-) TimerEvent: {}
[41.446270] (-) TimerEvent: {}
[41.546543] (-) TimerEvent: {}
[41.646830] (-) TimerEvent: {}
[41.747028] (-) TimerEvent: {}
[41.847278] (-) TimerEvent: {}
[41.947851] (-) TimerEvent: {}
[42.048170] (-) TimerEvent: {}
[42.148469] (-) TimerEvent: {}
[42.248703] (-) TimerEvent: {}
[42.349015] (-) TimerEvent: {}
[42.449271] (-) TimerEvent: {}
[42.549526] (-) TimerEvent: {}
[42.649763] (-) TimerEvent: {}
[42.750210] (-) TimerEvent: {}
[42.850718] (-) TimerEvent: {}
[42.950965] (-) TimerEvent: {}
[43.051207] (-) TimerEvent: {}
[43.151551] (-) TimerEvent: {}
[43.251781] (-) TimerEvent: {}
[43.352068] (-) TimerEvent: {}
[43.452318] (-) TimerEvent: {}
[43.552539] (-) TimerEvent: {}
[43.652853] (-) TimerEvent: {}
[43.753540] (-) TimerEvent: {}
[43.853773] (-) TimerEvent: {}
[43.954033] (-) TimerEvent: {}
[44.054291] (-) TimerEvent: {}
[44.154600] (-) TimerEvent: {}
[44.254902] (-) TimerEvent: {}
[44.355398] (-) TimerEvent: {}
[44.455661] (-) TimerEvent: {}
[44.555927] (-) TimerEvent: {}
[44.656179] (-) TimerEvent: {}
[44.756423] (-) TimerEvent: {}
[44.856670] (-) TimerEvent: {}
[44.956888] (-) TimerEvent: {}
[45.057130] (-) TimerEvent: {}
[45.157366] (-) TimerEvent: {}
[45.257618] (-) TimerEvent: {}
[45.357847] (-) TimerEvent: {}
[45.458104] (-) TimerEvent: {}
[45.558533] (-) TimerEvent: {}
[45.658997] (-) TimerEvent: {}
[45.759278] (-) TimerEvent: {}
[45.859565] (-) TimerEvent: {}
[45.960341] (-) TimerEvent: {}
[46.060659] (-) TimerEvent: {}
[46.160990] (-) TimerEvent: {}
[46.261430] (-) TimerEvent: {}
[46.361781] (-) TimerEvent: {}
[46.462207] (-) TimerEvent: {}
[46.562531] (-) TimerEvent: {}
[46.662874] (-) TimerEvent: {}
[46.763200] (-) TimerEvent: {}
[46.863508] (-) TimerEvent: {}
[46.963847] (-) TimerEvent: {}
[47.064155] (-) TimerEvent: {}
[47.164552] (-) TimerEvent: {}
[47.264880] (-) TimerEvent: {}
[47.365297] (-) TimerEvent: {}
[47.465612] (-) TimerEvent: {}
[47.565925] (-) TimerEvent: {}
[47.666238] (-) TimerEvent: {}
[47.766533] (-) TimerEvent: {}
[47.866918] (-) TimerEvent: {}
[47.967288] (-) TimerEvent: {}
[48.067588] (-) TimerEvent: {}
[48.167902] (-) TimerEvent: {}
[48.268125] (-) TimerEvent: {}
[48.368372] (-) TimerEvent: {}
[48.468662] (-) TimerEvent: {}
[48.568972] (-) TimerEvent: {}
[48.669296] (-) TimerEvent: {}
[48.769533] (-) TimerEvent: {}
[48.869819] (-) TimerEvent: {}
[48.970109] (-) TimerEvent: {}
[49.070649] (-) TimerEvent: {}
[49.171006] (-) TimerEvent: {}
[49.271360] (-) TimerEvent: {}
[49.372038] (-) TimerEvent: {}
[49.472312] (-) TimerEvent: {}
[49.574826] (-) TimerEvent: {}
[49.675106] (-) TimerEvent: {}
[49.775420] (-) TimerEvent: {}
[49.875840] (-) TimerEvent: {}
[49.976139] (-) TimerEvent: {}
[50.076442] (-) TimerEvent: {}
[50.177107] (-) TimerEvent: {}
[50.277414] (-) TimerEvent: {}
[50.377745] (-) TimerEvent: {}
[50.478076] (-) TimerEvent: {}
[50.578369] (-) TimerEvent: {}
[50.678687] (-) TimerEvent: {}
[50.779050] (-) TimerEvent: {}
[50.879310] (-) TimerEvent: {}
[50.979592] (-) TimerEvent: {}
[51.079901] (-) TimerEvent: {}
[51.180154] (-) TimerEvent: {}
[51.280421] (-) TimerEvent: {}
[51.380717] (-) TimerEvent: {}
[51.481082] (-) TimerEvent: {}
[51.581404] (-) TimerEvent: {}
[51.681741] (-) TimerEvent: {}
[51.782017] (-) TimerEvent: {}
[51.882305] (-) TimerEvent: {}
[51.982586] (-) TimerEvent: {}
[52.082838] (-) TimerEvent: {}
[52.183249] (-) TimerEvent: {}
[52.283853] (-) TimerEvent: {}
[52.384181] (-) TimerEvent: {}
[52.484531] (-) TimerEvent: {}
[52.584851] (-) TimerEvent: {}
[52.685160] (-) TimerEvent: {}
[52.785449] (-) TimerEvent: {}
[52.885705] (-) TimerEvent: {}
[52.985999] (-) TimerEvent: {}
[53.086293] (-) TimerEvent: {}
[53.186605] (-) TimerEvent: {}
[53.286918] (-) TimerEvent: {}
[53.387206] (-) TimerEvent: {}
[53.487544] (-) TimerEvent: {}
[53.587853] (-) TimerEvent: {}
[53.688233] (-) TimerEvent: {}
[53.788684] (-) TimerEvent: {}
[53.889023] (-) TimerEvent: {}
[53.989420] (-) TimerEvent: {}
[54.089649] (-) TimerEvent: {}
[54.189989] (-) TimerEvent: {}
[54.290233] (-) TimerEvent: {}
[54.390529] (-) TimerEvent: {}
[54.491040] (-) TimerEvent: {}
[54.591383] (-) TimerEvent: {}
[54.691797] (-) TimerEvent: {}
[54.792098] (-) TimerEvent: {}
[54.892394] (-) TimerEvent: {}
[54.992710] (-) TimerEvent: {}
[55.093266] (-) TimerEvent: {}
[55.193541] (-) TimerEvent: {}
[55.293838] (-) TimerEvent: {}
[55.394313] (-) TimerEvent: {}
[55.495222] (-) TimerEvent: {}
[55.595499] (-) TimerEvent: {}
[55.695776] (-) TimerEvent: {}
[55.796009] (-) TimerEvent: {}
[55.896529] (-) TimerEvent: {}
[55.996809] (-) TimerEvent: {}
[56.097045] (-) TimerEvent: {}
[56.197306] (-) TimerEvent: {}
[56.297667] (-) TimerEvent: {}
[56.398093] (-) TimerEvent: {}
[56.498397] (-) TimerEvent: {}
[56.598690] (-) TimerEvent: {}
[56.698971] (-) TimerEvent: {}
[56.799393] (-) TimerEvent: {}
[56.899701] (-) TimerEvent: {}
[57.000022] (-) TimerEvent: {}
[57.100285] (-) TimerEvent: {}
[57.200557] (-) TimerEvent: {}
[57.300833] (-) TimerEvent: {}
[57.401291] (-) TimerEvent: {}
[57.501674] (-) TimerEvent: {}
[57.602132] (-) TimerEvent: {}
[57.702415] (-) TimerEvent: {}
[57.802729] (-) TimerEvent: {}
[57.903061] (-) TimerEvent: {}
[58.003677] (-) TimerEvent: {}
[58.104046] (-) TimerEvent: {}
[58.204294] (-) TimerEvent: {}
[58.304614] (-) TimerEvent: {}
[58.404936] (-) TimerEvent: {}
[58.505325] (-) TimerEvent: {}
[58.605647] (-) TimerEvent: {}
[58.706015] (-) TimerEvent: {}
[58.806692] (-) TimerEvent: {}
[58.906982] (-) TimerEvent: {}
[59.007295] (-) TimerEvent: {}
[59.107978] (-) TimerEvent: {}
[59.208236] (-) TimerEvent: {}
[59.308496] (-) TimerEvent: {}
[59.408736] (-) TimerEvent: {}
[59.508961] (-) TimerEvent: {}
[59.609245] (-) TimerEvent: {}
[59.709513] (-) TimerEvent: {}
[59.809769] (-) TimerEvent: {}
[59.910088] (-) TimerEvent: {}
[60.010324] (-) TimerEvent: {}
[60.110644] (-) TimerEvent: {}
[60.210997] (-) TimerEvent: {}
[60.311326] (-) TimerEvent: {}
[60.411641] (-) TimerEvent: {}
[60.512088] (-) TimerEvent: {}
[60.612409] (-) TimerEvent: {}
[60.712708] (-) TimerEvent: {}
[60.812977] (-) TimerEvent: {}
[60.913248] (-) TimerEvent: {}
[61.013906] (-) TimerEvent: {}
[61.114423] (-) TimerEvent: {}
[61.214856] (-) TimerEvent: {}
[61.315163] (-) TimerEvent: {}
[61.415454] (-) TimerEvent: {}
[61.515850] (-) TimerEvent: {}
[61.616257] (-) TimerEvent: {}
[61.716803] (-) TimerEvent: {}
[61.817146] (-) TimerEvent: {}
[61.917463] (-) TimerEvent: {}
[62.017762] (-) TimerEvent: {}
[62.118083] (-) TimerEvent: {}
[62.218335] (-) TimerEvent: {}
[62.318711] (-) TimerEvent: {}
[62.419006] (-) TimerEvent: {}
[62.519253] (-) TimerEvent: {}
[62.619495] (-) TimerEvent: {}
[62.719722] (-) TimerEvent: {}
[62.820035] (-) TimerEvent: {}
[62.920302] (-) TimerEvent: {}
[63.020859] (-) TimerEvent: {}
[63.121252] (-) TimerEvent: {}
[63.221848] (-) TimerEvent: {}
[63.322139] (-) TimerEvent: {}
[63.423552] (-) TimerEvent: {}
[63.523918] (-) TimerEvent: {}
[63.624269] (-) TimerEvent: {}
[63.724843] (-) TimerEvent: {}
[63.825220] (-) TimerEvent: {}
[63.925492] (-) TimerEvent: {}
[64.025777] (-) TimerEvent: {}
[64.126090] (-) TimerEvent: {}
[64.226399] (-) TimerEvent: {}
[64.326844] (-) TimerEvent: {}
[64.427238] (-) TimerEvent: {}
[64.527602] (-) TimerEvent: {}
[64.627845] (-) TimerEvent: {}
[64.728180] (-) TimerEvent: {}
[64.828636] (-) TimerEvent: {}
[64.928997] (-) TimerEvent: {}
[65.029972] (-) TimerEvent: {}
[65.130906] (-) TimerEvent: {}
[65.231211] (-) TimerEvent: {}
[65.331516] (-) TimerEvent: {}
[65.431805] (-) TimerEvent: {}
[65.532063] (-) TimerEvent: {}
[65.632303] (-) TimerEvent: {}
[65.732561] (-) TimerEvent: {}
[65.833316] (-) TimerEvent: {}
[65.933625] (-) TimerEvent: {}
[66.034868] (-) TimerEvent: {}
[66.135222] (-) TimerEvent: {}
[66.235630] (-) TimerEvent: {}
[66.335992] (-) TimerEvent: {}
[66.436270] (-) TimerEvent: {}
[66.536507] (-) TimerEvent: {}
[66.636774] (-) TimerEvent: {}
[66.737078] (-) TimerEvent: {}
[66.837811] (-) TimerEvent: {}
[66.938156] (-) TimerEvent: {}
[67.038459] (-) TimerEvent: {}
[67.138766] (-) TimerEvent: {}
[67.239036] (-) TimerEvent: {}
[67.339256] (-) TimerEvent: {}
[67.439536] (-) TimerEvent: {}
[67.539807] (-) TimerEvent: {}
[67.640096] (-) TimerEvent: {}
[67.740349] (-) TimerEvent: {}
[67.840626] (-) TimerEvent: {}
[67.940843] (-) TimerEvent: {}
[68.041113] (-) TimerEvent: {}
[68.141395] (-) TimerEvent: {}
[68.241655] (-) TimerEvent: {}
[68.341901] (-) TimerEvent: {}
[68.442132] (-) TimerEvent: {}
[68.542426] (-) TimerEvent: {}
[68.642750] (-) TimerEvent: {}
[68.743068] (-) TimerEvent: {}
[68.843474] (-) TimerEvent: {}
[68.943859] (-) TimerEvent: {}
[69.044670] (-) TimerEvent: {}
[69.144990] (-) TimerEvent: {}
[69.245287] (-) TimerEvent: {}
[69.345845] (-) TimerEvent: {}
[69.446190] (-) TimerEvent: {}
[69.546840] (-) TimerEvent: {}
[69.647159] (-) TimerEvent: {}
[69.747494] (-) TimerEvent: {}
[69.847795] (-) TimerEvent: {}
[69.948101] (-) TimerEvent: {}
[70.048395] (-) TimerEvent: {}
[70.148647] (-) TimerEvent: {}
[70.248911] (-) TimerEvent: {}
[70.349195] (-) TimerEvent: {}
[70.449510] (-) TimerEvent: {}
[70.549812] (-) TimerEvent: {}
[70.650046] (-) TimerEvent: {}
[70.750339] (-) TimerEvent: {}
[70.850581] (-) TimerEvent: {}
[70.950837] (-) TimerEvent: {}
[71.051103] (-) TimerEvent: {}
[71.151393] (-) TimerEvent: {}
[71.251649] (-) TimerEvent: {}
[71.351898] (-) TimerEvent: {}
[71.452178] (-) TimerEvent: {}
[71.552503] (-) TimerEvent: {}
[71.652855] (-) TimerEvent: {}
[71.753362] (-) TimerEvent: {}
[71.853692] (-) TimerEvent: {}
[71.953954] (-) TimerEvent: {}
[72.054256] (-) TimerEvent: {}
[72.154573] (-) TimerEvent: {}
[72.254843] (-) TimerEvent: {}
[72.355227] (-) TimerEvent: {}
[72.439277] (mission_layer_mvibot) StderrLine: {'line': b'\x1b[01m\x1b[K/home/mvibot/floorCleaningRobot_ws/src/mission_layer_mvibot/src/../include/mission_layer_mvibot/mvibot_mission/manage_mission.h:\x1b[m\x1b[K In member function \xe2\x80\x98\x1b[01m\x1b[Kdouble* manage_mission::\x1b[01;32m\x1b[Kget_position_tf\x1b[m\x1b[K(std::string, std::string)\x1b[m\x1b[K\xe2\x80\x99:\n'}
[72.439511] (mission_layer_mvibot) StderrLine: {'line': b'\x1b[01m\x1b[K/home/mvibot/floorCleaningRobot_ws/src/mission_layer_mvibot/src/../include/mission_layer_mvibot/mvibot_mission/manage_mission.h:642:33:\x1b[m\x1b[K \x1b[01;35m\x1b[Kwarning: \x1b[m\x1b[Karray subscript 2 is above array bounds of \xe2\x80\x98\x1b[01m\x1b[Kdouble [2]\x1b[m\x1b[K\xe2\x80\x99 [\x1b[01;35m\x1b[K\x1b]8;;https://gcc.gnu.org/onlinedocs/gcc/Warning-Options.html#index-Warray-bounds=\x07-Warray-bounds=\x1b]8;;\x07\x1b[m\x1b[K]\n'}
[72.439618] (mission_layer_mvibot) StderrLine: {'line': b'  642 |     data[0]=x; data[1]=y; \x1b[01;35m\x1b[Kdata[2]\x1b[m\x1b[K=thz; data[3]=thw;\n'}
[72.439715] (mission_layer_mvibot) StderrLine: {'line': b'      |                           \x1b[01;35m\x1b[K~~~~~~^\x1b[m\x1b[K\n'}
[72.439833] (mission_layer_mvibot) StderrLine: {'line': b'\x1b[01m\x1b[K/home/mvibot/floorCleaningRobot_ws/src/mission_layer_mvibot/src/../include/mission_layer_mvibot/mvibot_mission/manage_mission.h:626:19:\x1b[m\x1b[K \x1b[01;36m\x1b[Knote: \x1b[m\x1b[Kwhile referencing \xe2\x80\x98\x1b[01m\x1b[Kdata\x1b[m\x1b[K\xe2\x80\x99\n'}
[72.439928] (mission_layer_mvibot) StderrLine: {'line': b'  626 |     static double \x1b[01;36m\x1b[Kdata\x1b[m\x1b[K[2];\n'}
[72.440015] (mission_layer_mvibot) StderrLine: {'line': b'      |                   \x1b[01;36m\x1b[K^~~~\x1b[m\x1b[K\n'}
[72.440107] (mission_layer_mvibot) StderrLine: {'line': b'\x1b[01m\x1b[K/home/mvibot/floorCleaningRobot_ws/src/mission_layer_mvibot/src/../include/mission_layer_mvibot/mvibot_mission/manage_mission.h:642:46:\x1b[m\x1b[K \x1b[01;35m\x1b[Kwarning: \x1b[m\x1b[Karray subscript 3 is above array bounds of \xe2\x80\x98\x1b[01m\x1b[Kdouble [2]\x1b[m\x1b[K\xe2\x80\x99 [\x1b[01;35m\x1b[K\x1b]8;;https://gcc.gnu.org/onlinedocs/gcc/Warning-Options.html#index-Warray-bounds=\x07-Warray-bounds=\x1b]8;;\x07\x1b[m\x1b[K]\n'}
[72.440216] (mission_layer_mvibot) StderrLine: {'line': b'  642 |     data[0]=x; data[1]=y; data[2]=thz; \x1b[01;35m\x1b[Kdata[3]\x1b[m\x1b[K=thw;\n'}
[72.440322] (mission_layer_mvibot) StderrLine: {'line': b'      |                                        \x1b[01;35m\x1b[K~~~~~~^\x1b[m\x1b[K\n'}
[72.440430] (mission_layer_mvibot) StderrLine: {'line': b'\x1b[01m\x1b[K/home/mvibot/floorCleaningRobot_ws/src/mission_layer_mvibot/src/../include/mission_layer_mvibot/mvibot_mission/manage_mission.h:626:19:\x1b[m\x1b[K \x1b[01;36m\x1b[Knote: \x1b[m\x1b[Kwhile referencing \xe2\x80\x98\x1b[01m\x1b[Kdata\x1b[m\x1b[K\xe2\x80\x99\n'}
[72.440524] (mission_layer_mvibot) StderrLine: {'line': b'  626 |     static double \x1b[01;36m\x1b[Kdata\x1b[m\x1b[K[2];\n'}
[72.440626] (mission_layer_mvibot) StderrLine: {'line': b'      |                   \x1b[01;36m\x1b[K^~~~\x1b[m\x1b[K\n'}
[72.455299] (-) TimerEvent: {}
[72.555585] (-) TimerEvent: {}
[72.655855] (-) TimerEvent: {}
[72.756306] (-) TimerEvent: {}
[72.856569] (-) TimerEvent: {}
[72.956842] (-) TimerEvent: {}
[73.057101] (-) TimerEvent: {}
[73.157325] (-) TimerEvent: {}
[73.257578] (-) TimerEvent: {}
[73.357838] (-) TimerEvent: {}
[73.458135] (-) TimerEvent: {}
[73.558396] (-) TimerEvent: {}
[73.658687] (-) TimerEvent: {}
[73.758967] (-) TimerEvent: {}
[73.859208] (-) TimerEvent: {}
[73.959470] (-) TimerEvent: {}
[74.059798] (-) TimerEvent: {}
[74.160175] (-) TimerEvent: {}
[74.260756] (-) TimerEvent: {}
[74.361558] (-) TimerEvent: {}
[74.461856] (-) TimerEvent: {}
[74.562157] (-) TimerEvent: {}
[74.662464] (-) TimerEvent: {}
[74.762948] (-) TimerEvent: {}
[74.863218] (-) TimerEvent: {}
[74.963857] (-) TimerEvent: {}
[75.064139] (-) TimerEvent: {}
[75.164470] (-) TimerEvent: {}
[75.264836] (-) TimerEvent: {}
[75.365134] (-) TimerEvent: {}
[75.465540] (-) TimerEvent: {}
[75.565814] (-) TimerEvent: {}
[75.666104] (-) TimerEvent: {}
[75.766389] (-) TimerEvent: {}
[75.866679] (-) TimerEvent: {}
[75.966951] (-) TimerEvent: {}
[76.067240] (-) TimerEvent: {}
[76.167522] (-) TimerEvent: {}
[76.267971] (-) TimerEvent: {}
[76.368225] (-) TimerEvent: {}
[76.469091] (-) TimerEvent: {}
[76.569352] (-) TimerEvent: {}
[76.669648] (-) TimerEvent: {}
[76.769925] (-) TimerEvent: {}
[76.870396] (-) TimerEvent: {}
[76.970679] (-) TimerEvent: {}
[77.071031] (-) TimerEvent: {}
[77.171322] (-) TimerEvent: {}
[77.271592] (-) TimerEvent: {}
[77.371866] (-) TimerEvent: {}
[77.472231] (-) TimerEvent: {}
[77.572488] (-) TimerEvent: {}
[77.672759] (-) TimerEvent: {}
[77.773107] (-) TimerEvent: {}
[77.873463] (-) TimerEvent: {}
[77.973728] (-) TimerEvent: {}
[78.074189] (-) TimerEvent: {}
[78.174840] (-) TimerEvent: {}
[78.275307] (-) TimerEvent: {}
[78.375632] (-) TimerEvent: {}
[78.475981] (-) TimerEvent: {}
[78.576386] (-) TimerEvent: {}
[78.676664] (-) TimerEvent: {}
[78.777124] (-) TimerEvent: {}
[78.877505] (-) TimerEvent: {}
[78.977940] (-) TimerEvent: {}
[79.078257] (-) TimerEvent: {}
[79.178575] (-) TimerEvent: {}
[79.278837] (-) TimerEvent: {}
[79.379129] (-) TimerEvent: {}
[79.479415] (-) TimerEvent: {}
[79.579720] (-) TimerEvent: {}
[79.680037] (-) TimerEvent: {}
[79.780345] (-) TimerEvent: {}
[79.880655] (-) TimerEvent: {}
[79.980979] (-) TimerEvent: {}
[80.081265] (-) TimerEvent: {}
[80.181532] (-) TimerEvent: {}
[80.281872] (-) TimerEvent: {}
[80.382244] (-) TimerEvent: {}
[80.482496] (-) TimerEvent: {}
[80.582748] (-) TimerEvent: {}
[80.683177] (-) TimerEvent: {}
[80.783685] (-) TimerEvent: {}
[80.883990] (-) TimerEvent: {}
[80.984333] (-) TimerEvent: {}
[81.084751] (-) TimerEvent: {}
[81.185065] (-) TimerEvent: {}
[81.285367] (-) TimerEvent: {}
[81.385610] (-) TimerEvent: {}
[81.485839] (-) TimerEvent: {}
[81.586062] (-) TimerEvent: {}
[81.686325] (-) TimerEvent: {}
[81.786617] (-) TimerEvent: {}
[81.886904] (-) TimerEvent: {}
[81.987353] (-) TimerEvent: {}
[82.087732] (-) TimerEvent: {}
[82.188112] (-) TimerEvent: {}
[82.288424] (-) TimerEvent: {}
[82.388691] (-) TimerEvent: {}
[82.488920] (-) TimerEvent: {}
[82.589191] (-) TimerEvent: {}
[82.689455] (-) TimerEvent: {}
[82.789721] (-) TimerEvent: {}
[82.890128] (-) TimerEvent: {}
[82.990477] (-) TimerEvent: {}
[83.090828] (-) TimerEvent: {}
[83.191061] (-) TimerEvent: {}
[83.291344] (-) TimerEvent: {}
[83.391676] (-) TimerEvent: {}
[83.492091] (-) TimerEvent: {}
[83.592662] (-) TimerEvent: {}
[83.692928] (-) TimerEvent: {}
[83.793174] (-) TimerEvent: {}
[83.893456] (-) TimerEvent: {}
[83.993839] (-) TimerEvent: {}
[84.094320] (-) TimerEvent: {}
[84.194586] (-) TimerEvent: {}
[84.295202] (-) TimerEvent: {}
[84.395673] (-) TimerEvent: {}
[84.495980] (-) TimerEvent: {}
[84.596397] (-) TimerEvent: {}
[84.696711] (-) TimerEvent: {}
[84.797027] (-) TimerEvent: {}
[84.897294] (-) TimerEvent: {}
[84.997896] (-) TimerEvent: {}
[85.098239] (-) TimerEvent: {}
[85.198468] (-) TimerEvent: {}
[85.298731] (-) TimerEvent: {}
[85.398987] (-) TimerEvent: {}
[85.499285] (-) TimerEvent: {}
[85.599582] (-) TimerEvent: {}
[85.699838] (-) TimerEvent: {}
[85.800100] (-) TimerEvent: {}
[85.900372] (-) TimerEvent: {}
[86.000692] (-) TimerEvent: {}
[86.100965] (-) TimerEvent: {}
[86.201242] (-) TimerEvent: {}
[86.301604] (-) TimerEvent: {}
[86.402147] (-) TimerEvent: {}
[86.502490] (-) TimerEvent: {}
[86.602781] (-) TimerEvent: {}
[86.703066] (-) TimerEvent: {}
[86.803350] (-) TimerEvent: {}
[86.903677] (-) TimerEvent: {}
[87.004049] (-) TimerEvent: {}
[87.104960] (-) TimerEvent: {}
[87.205233] (-) TimerEvent: {}
[87.305608] (-) TimerEvent: {}
[87.405951] (-) TimerEvent: {}
[87.506255] (-) TimerEvent: {}
[87.606764] (-) TimerEvent: {}
[87.707205] (-) TimerEvent: {}
[87.807474] (-) TimerEvent: {}
[87.907741] (-) TimerEvent: {}
[88.008043] (-) TimerEvent: {}
[88.108382] (-) TimerEvent: {}
[88.208718] (-) TimerEvent: {}
[88.309022] (-) TimerEvent: {}
[88.409489] (-) TimerEvent: {}
[88.509844] (-) TimerEvent: {}
[88.610162] (-) TimerEvent: {}
[88.710651] (-) TimerEvent: {}
[88.810942] (-) TimerEvent: {}
[88.911242] (-) TimerEvent: {}
[89.012063] (-) TimerEvent: {}
[89.113070] (-) TimerEvent: {}
[89.213468] (-) TimerEvent: {}
[89.314361] (-) TimerEvent: {}
[89.414662] (-) TimerEvent: {}
[89.515065] (-) TimerEvent: {}
[89.615622] (-) TimerEvent: {}
[89.716175] (-) TimerEvent: {}
[89.816461] (-) TimerEvent: {}
[89.916760] (-) TimerEvent: {}
[90.017853] (-) TimerEvent: {}
[90.118073] (-) TimerEvent: {}
[90.218323] (-) TimerEvent: {}
[90.318618] (-) TimerEvent: {}
[90.418911] (-) TimerEvent: {}
[90.519190] (-) TimerEvent: {}
[90.619441] (-) TimerEvent: {}
[90.719731] (-) TimerEvent: {}
[90.820526] (-) TimerEvent: {}
[90.920850] (-) TimerEvent: {}
[91.021174] (-) TimerEvent: {}
[91.122278] (-) TimerEvent: {}
[91.222637] (-) TimerEvent: {}
[91.323381] (-) TimerEvent: {}
[91.423680] (-) TimerEvent: {}
[91.523987] (-) TimerEvent: {}
[91.624407] (-) TimerEvent: {}
[91.724690] (-) TimerEvent: {}
[91.824950] (-) TimerEvent: {}
[91.925374] (-) TimerEvent: {}
[92.025624] (-) TimerEvent: {}
[92.125894] (-) TimerEvent: {}
[92.226177] (-) TimerEvent: {}
[92.326603] (-) TimerEvent: {}
[92.427088] (-) TimerEvent: {}
[92.527849] (-) TimerEvent: {}
[92.628191] (-) TimerEvent: {}
[92.729327] (-) TimerEvent: {}
[92.829589] (-) TimerEvent: {}
[92.929958] (-) TimerEvent: {}
[93.030306] (-) TimerEvent: {}
[93.130587] (-) TimerEvent: {}
[93.230918] (-) TimerEvent: {}
[93.331309] (-) TimerEvent: {}
[93.431580] (-) TimerEvent: {}
[93.531897] (-) TimerEvent: {}
[93.632276] (-) TimerEvent: {}
[93.732552] (-) TimerEvent: {}
[93.832957] (-) TimerEvent: {}
[93.934135] (-) TimerEvent: {}
[94.034424] (-) TimerEvent: {}
[94.134807] (-) TimerEvent: {}
[94.235571] (-) TimerEvent: {}
[94.336006] (-) TimerEvent: {}
[94.436389] (-) TimerEvent: {}
[94.536746] (-) TimerEvent: {}
[94.637102] (-) TimerEvent: {}
[94.738131] (-) TimerEvent: {}
[94.838415] (-) TimerEvent: {}
[94.938851] (-) TimerEvent: {}
[95.039228] (-) TimerEvent: {}
[95.139511] (-) TimerEvent: {}
[95.239806] (-) TimerEvent: {}
[95.340059] (-) TimerEvent: {}
[95.440322] (-) TimerEvent: {}
[95.540595] (-) TimerEvent: {}
[95.640998] (-) TimerEvent: {}
[95.741320] (-) TimerEvent: {}
[95.841672] (-) TimerEvent: {}
[95.942074] (-) TimerEvent: {}
[96.042571] (-) TimerEvent: {}
[96.142934] (-) TimerEvent: {}
[96.243219] (-) TimerEvent: {}
[96.343499] (-) TimerEvent: {}
[96.443775] (-) TimerEvent: {}
[96.544043] (-) TimerEvent: {}
[96.644558] (-) TimerEvent: {}
[96.745556] (-) TimerEvent: {}
[96.845911] (-) TimerEvent: {}
[96.946182] (-) TimerEvent: {}
[97.046458] (-) TimerEvent: {}
[97.146764] (-) TimerEvent: {}
[97.247059] (-) TimerEvent: {}
[97.347534] (-) TimerEvent: {}
[97.448021] (-) TimerEvent: {}
[97.548388] (-) TimerEvent: {}
[97.648639] (-) TimerEvent: {}
[97.748975] (-) TimerEvent: {}
[97.849333] (-) TimerEvent: {}
[97.949634] (-) TimerEvent: {}
[98.049951] (-) TimerEvent: {}
[98.150350] (-) TimerEvent: {}
[98.250697] (-) TimerEvent: {}
[98.350999] (-) TimerEvent: {}
[98.451253] (-) TimerEvent: {}
[98.551468] (-) TimerEvent: {}
[98.651716] (-) TimerEvent: {}
[98.751975] (-) TimerEvent: {}
[98.852224] (-) TimerEvent: {}
[98.952477] (-) TimerEvent: {}
[99.052761] (-) TimerEvent: {}
[99.153409] (-) TimerEvent: {}
[99.253685] (-) TimerEvent: {}
[99.353970] (-) TimerEvent: {}
[99.407898] (mission_layer_mvibot) StderrLine: {'line': b'\x1b[01m\x1b[K/home/mvibot/floorCleaningRobot_ws/src/mission_layer_mvibot/src/../include/mission_layer_mvibot/mvibot_mission/navigation_function.h:\x1b[m\x1b[K In member function \xe2\x80\x98\x1b[01m\x1b[Kvoid navigation_function::\x1b[01;32m\x1b[Kset_initial_robot\x1b[m\x1b[K(const std::string&)\x1b[m\x1b[K\xe2\x80\x99:\n'}
[99.408356] (mission_layer_mvibot) StderrLine: {'line': b'\x1b[01m\x1b[K/home/mvibot/floorCleaningRobot_ws/src/mission_layer_mvibot/src/../include/mission_layer_mvibot/mvibot_mission/navigation_function.h:260:13:\x1b[m\x1b[K \x1b[01;35m\x1b[Kwarning: \x1b[m\x1b[K\xe2\x80\x98\x1b[01m\x1b[Kx\x1b[m\x1b[K\xe2\x80\x99 may be used uninitialized [\x1b[01;35m\x1b[K\x1b]8;;https://gcc.gnu.org/onlinedocs/gcc/Warning-Options.html#index-Wmaybe-uninitialized\x07-Wmaybe-uninitialized\x1b]8;;\x07\x1b[m\x1b[K]\n'}
[99.408501] (mission_layer_mvibot) StderrLine: {'line': b'  260 |     \x1b[01;35m\x1b[Kpub_amcl(x,y,thz,thw)\x1b[m\x1b[K;\n'}
[99.408589] (mission_layer_mvibot) StderrLine: {'line': b'      |     \x1b[01;35m\x1b[K~~~~~~~~^~~~~~~~~~~~~\x1b[m\x1b[K\n'}
[99.408681] (mission_layer_mvibot) StderrLine: {'line': b'\x1b[01m\x1b[K/home/mvibot/floorCleaningRobot_ws/src/mission_layer_mvibot/src/../include/mission_layer_mvibot/mvibot_mission/navigation_function.h:252:18:\x1b[m\x1b[K \x1b[01;36m\x1b[Knote: \x1b[m\x1b[K\xe2\x80\x98\x1b[01m\x1b[Kx\x1b[m\x1b[K\xe2\x80\x99 was declared here\n'}
[99.408782] (mission_layer_mvibot) StderrLine: {'line': b'  252 |     double value,\x1b[01;36m\x1b[Kx\x1b[m\x1b[K,y,thz,thw;\n'}
[99.408901] (mission_layer_mvibot) StderrLine: {'line': b'      |                  \x1b[01;36m\x1b[K^\x1b[m\x1b[K\n'}
[99.409013] (mission_layer_mvibot) StderrLine: {'line': b'\x1b[01m\x1b[K/home/mvibot/floorCleaningRobot_ws/src/mission_layer_mvibot/src/../include/mission_layer_mvibot/mvibot_mission/navigation_function.h:260:13:\x1b[m\x1b[K \x1b[01;35m\x1b[Kwarning: \x1b[m\x1b[K\xe2\x80\x98\x1b[01m\x1b[Ky\x1b[m\x1b[K\xe2\x80\x99 may be used uninitialized [\x1b[01;35m\x1b[K\x1b]8;;https://gcc.gnu.org/onlinedocs/gcc/Warning-Options.html#index-Wmaybe-uninitialized\x07-Wmaybe-uninitialized\x1b]8;;\x07\x1b[m\x1b[K]\n'}
[99.409149] (mission_layer_mvibot) StderrLine: {'line': b'  260 |     \x1b[01;35m\x1b[Kpub_amcl(x,y,thz,thw)\x1b[m\x1b[K;\n'}
[99.409277] (mission_layer_mvibot) StderrLine: {'line': b'      |     \x1b[01;35m\x1b[K~~~~~~~~^~~~~~~~~~~~~\x1b[m\x1b[K\n'}
[99.409391] (mission_layer_mvibot) StderrLine: {'line': b'\x1b[01m\x1b[K/home/mvibot/floorCleaningRobot_ws/src/mission_layer_mvibot/src/../include/mission_layer_mvibot/mvibot_mission/navigation_function.h:252:20:\x1b[m\x1b[K \x1b[01;36m\x1b[Knote: \x1b[m\x1b[K\xe2\x80\x98\x1b[01m\x1b[Ky\x1b[m\x1b[K\xe2\x80\x99 was declared here\n'}
[99.409472] (mission_layer_mvibot) StderrLine: {'line': b'  252 |     double value,x,\x1b[01;36m\x1b[Ky\x1b[m\x1b[K,thz,thw;\n'}
[99.409581] (mission_layer_mvibot) StderrLine: {'line': b'      |                    \x1b[01;36m\x1b[K^\x1b[m\x1b[K\n'}
[99.409675] (mission_layer_mvibot) StderrLine: {'line': b'\x1b[01m\x1b[K/home/mvibot/floorCleaningRobot_ws/src/mission_layer_mvibot/src/../include/mission_layer_mvibot/mvibot_mission/navigation_function.h:260:13:\x1b[m\x1b[K \x1b[01;35m\x1b[Kwarning: \x1b[m\x1b[K\xe2\x80\x98\x1b[01m\x1b[Kthz\x1b[m\x1b[K\xe2\x80\x99 may be used uninitialized [\x1b[01;35m\x1b[K\x1b]8;;https://gcc.gnu.org/onlinedocs/gcc/Warning-Options.html#index-Wmaybe-uninitialized\x07-Wmaybe-uninitialized\x1b]8;;\x07\x1b[m\x1b[K]\n'}
[99.409807] (mission_layer_mvibot) StderrLine: {'line': b'  260 |     \x1b[01;35m\x1b[Kpub_amcl(x,y,thz,thw)\x1b[m\x1b[K;\n'}
[99.409939] (mission_layer_mvibot) StderrLine: {'line': b'      |     \x1b[01;35m\x1b[K~~~~~~~~^~~~~~~~~~~~~\x1b[m\x1b[K\n'}
[99.410052] (mission_layer_mvibot) StderrLine: {'line': b'\x1b[01m\x1b[K/home/mvibot/floorCleaningRobot_ws/src/mission_layer_mvibot/src/../include/mission_layer_mvibot/mvibot_mission/navigation_function.h:252:22:\x1b[m\x1b[K \x1b[01;36m\x1b[Knote: \x1b[m\x1b[K\xe2\x80\x98\x1b[01m\x1b[Kthz\x1b[m\x1b[K\xe2\x80\x99 was declared here\n'}
[99.410166] (mission_layer_mvibot) StderrLine: {'line': b'  252 |     double value,x,y,\x1b[01;36m\x1b[Kthz\x1b[m\x1b[K,thw;\n'}
[99.410274] (mission_layer_mvibot) StderrLine: {'line': b'      |                      \x1b[01;36m\x1b[K^~~\x1b[m\x1b[K\n'}
[99.410405] (mission_layer_mvibot) StderrLine: {'line': b'\x1b[01m\x1b[K/home/mvibot/floorCleaningRobot_ws/src/mission_layer_mvibot/src/../include/mission_layer_mvibot/mvibot_mission/navigation_function.h:260:13:\x1b[m\x1b[K \x1b[01;35m\x1b[Kwarning: \x1b[m\x1b[K\xe2\x80\x98\x1b[01m\x1b[Kthw\x1b[m\x1b[K\xe2\x80\x99 may be used uninitialized [\x1b[01;35m\x1b[K\x1b]8;;https://gcc.gnu.org/onlinedocs/gcc/Warning-Options.html#index-Wmaybe-uninitialized\x07-Wmaybe-uninitialized\x1b]8;;\x07\x1b[m\x1b[K]\n'}
[99.410517] (mission_layer_mvibot) StderrLine: {'line': b'  260 |     \x1b[01;35m\x1b[Kpub_amcl(x,y,thz,thw)\x1b[m\x1b[K;\n'}
[99.410617] (mission_layer_mvibot) StderrLine: {'line': b'      |     \x1b[01;35m\x1b[K~~~~~~~~^~~~~~~~~~~~~\x1b[m\x1b[K\n'}
[99.410711] (mission_layer_mvibot) StderrLine: {'line': b'\x1b[01m\x1b[K/home/mvibot/floorCleaningRobot_ws/src/mission_layer_mvibot/src/../include/mission_layer_mvibot/mvibot_mission/navigation_function.h:252:26:\x1b[m\x1b[K \x1b[01;36m\x1b[Knote: \x1b[m\x1b[K\xe2\x80\x98\x1b[01m\x1b[Kthw\x1b[m\x1b[K\xe2\x80\x99 was declared here\n'}
[99.410822] (mission_layer_mvibot) StderrLine: {'line': b'  252 |     double value,x,y,thz,\x1b[01;36m\x1b[Kthw\x1b[m\x1b[K;\n'}
[99.410911] (mission_layer_mvibot) StderrLine: {'line': b'      |                          \x1b[01;36m\x1b[K^~~\x1b[m\x1b[K\n'}
[99.454073] (-) TimerEvent: {}
[99.554396] (-) TimerEvent: {}
[99.654709] (-) TimerEvent: {}
[99.755022] (-) TimerEvent: {}
[99.855620] (-) TimerEvent: {}
[99.955888] (-) TimerEvent: {}
[100.056148] (-) TimerEvent: {}
[100.156449] (-) TimerEvent: {}
[100.256701] (-) TimerEvent: {}
[100.356957] (-) TimerEvent: {}
[100.457228] (-) TimerEvent: {}
[100.557494] (-) TimerEvent: {}
[100.657765] (-) TimerEvent: {}
[100.758078] (-) TimerEvent: {}
[100.858359] (-) TimerEvent: {}
[100.958610] (-) TimerEvent: {}
[101.058840] (-) TimerEvent: {}
[101.159688] (-) TimerEvent: {}
[101.259972] (-) TimerEvent: {}
[101.360297] (-) TimerEvent: {}
[101.416822] (mission_layer_mvibot) StderrLine: {'line': b'\x1b[01m\x1b[K/home/mvibot/floorCleaningRobot_ws/src/mission_layer_mvibot/src/../include/mission_layer_mvibot/mvibot_mission/manage_mission.h:\x1b[m\x1b[K In member function \xe2\x80\x98\x1b[01m\x1b[Kint manage_mission::\x1b[01;32m\x1b[Kexecute_content\x1b[m\x1b[K(mission&, std::vector<std::__cxx11::basic_string<char>, std::allocator<std::__cxx11::basic_string<char> > >&, std::string&, int&)\x1b[m\x1b[K\xe2\x80\x99:\n'}
[101.417181] (mission_layer_mvibot) StderrLine: {'line': b'\x1b[01m\x1b[K/home/mvibot/floorCleaningRobot_ws/src/mission_layer_mvibot/src/../include/mission_layer_mvibot/mvibot_mission/manage_mission.h:1060:9:\x1b[m\x1b[K \x1b[01;35m\x1b[Kwarning: \x1b[m\x1b[K\xe2\x80\x98\x1b[01m\x1b[Kres\x1b[m\x1b[K\xe2\x80\x99 may be used uninitialized [\x1b[01;35m\x1b[K\x1b]8;;https://gcc.gnu.org/onlinedocs/gcc/Warning-Options.html#index-Wmaybe-uninitialized\x07-Wmaybe-uninitialized\x1b]8;;\x07\x1b[m\x1b[K]\n'}
[101.417448] (mission_layer_mvibot) StderrLine: {'line': b' 1060 |         \x1b[01;35m\x1b[Kif\x1b[m\x1b[K(res == Finish_) queue_content.erase(queue_content.begin());\n'}
[101.417583] (mission_layer_mvibot) StderrLine: {'line': b'      |         \x1b[01;35m\x1b[K^~\x1b[m\x1b[K\n'}
[101.417696] (mission_layer_mvibot) StderrLine: {'line': b'\x1b[01m\x1b[K/home/mvibot/floorCleaningRobot_ws/src/mission_layer_mvibot/src/../include/mission_layer_mvibot/mvibot_mission/manage_mission.h:1046:13:\x1b[m\x1b[K \x1b[01;36m\x1b[Knote: \x1b[m\x1b[K\xe2\x80\x98\x1b[01m\x1b[Kres\x1b[m\x1b[K\xe2\x80\x99 was declared here\n'}
[101.417864] (mission_layer_mvibot) StderrLine: {'line': b' 1046 |         int \x1b[01;36m\x1b[Kres\x1b[m\x1b[K;\n'}
[101.418060] (mission_layer_mvibot) StderrLine: {'line': b'      |             \x1b[01;36m\x1b[K^~~\x1b[m\x1b[K\n'}
[101.460418] (-) TimerEvent: {}
[101.560733] (-) TimerEvent: {}
[101.661088] (-) TimerEvent: {}
[101.761437] (-) TimerEvent: {}
[101.861987] (-) TimerEvent: {}
[101.963002] (-) TimerEvent: {}
[102.063744] (-) TimerEvent: {}
[102.164131] (-) TimerEvent: {}
[102.264414] (-) TimerEvent: {}
[102.364704] (-) TimerEvent: {}
[102.465009] (-) TimerEvent: {}
[102.565388] (-) TimerEvent: {}
[102.666056] (-) TimerEvent: {}
[102.766403] (-) TimerEvent: {}
[102.866701] (-) TimerEvent: {}
[102.966995] (-) TimerEvent: {}
[103.067234] (-) TimerEvent: {}
[103.167480] (-) TimerEvent: {}
[103.267830] (-) TimerEvent: {}
[103.368125] (-) TimerEvent: {}
[103.468366] (-) TimerEvent: {}
[103.568800] (-) TimerEvent: {}
[103.669415] (-) TimerEvent: {}
[103.769640] (-) TimerEvent: {}
[103.869974] (-) TimerEvent: {}
[103.970840] (-) TimerEvent: {}
[104.071183] (-) TimerEvent: {}
[104.171543] (-) TimerEvent: {}
[104.272320] (-) TimerEvent: {}
[104.372651] (-) TimerEvent: {}
[104.473153] (-) TimerEvent: {}
[104.573674] (-) TimerEvent: {}
[104.674027] (-) TimerEvent: {}
[104.774372] (-) TimerEvent: {}
[104.874711] (-) TimerEvent: {}
[104.975085] (-) TimerEvent: {}
[105.076132] (-) TimerEvent: {}
[105.176564] (-) TimerEvent: {}
[105.276834] (-) TimerEvent: {}
[105.377113] (-) TimerEvent: {}
[105.477388] (-) TimerEvent: {}
[105.577683] (-) TimerEvent: {}
[105.678078] (-) TimerEvent: {}
[105.778436] (-) TimerEvent: {}
[105.878935] (-) TimerEvent: {}
[105.979246] (-) TimerEvent: {}
[106.079687] (-) TimerEvent: {}
[106.180032] (-) TimerEvent: {}
[106.280380] (-) TimerEvent: {}
[106.380644] (-) TimerEvent: {}
[106.480926] (-) TimerEvent: {}
[106.581248] (-) TimerEvent: {}
[106.681556] (-) TimerEvent: {}
[106.781863] (-) TimerEvent: {}
[106.882132] (-) TimerEvent: {}
[106.982417] (-) TimerEvent: {}
[107.082606] (-) TimerEvent: {}
[107.182988] (-) TimerEvent: {}
[107.283394] (-) TimerEvent: {}
[107.383951] (-) TimerEvent: {}
[107.484313] (-) TimerEvent: {}
[107.584666] (-) TimerEvent: {}
[107.685208] (-) TimerEvent: {}
[107.785516] (-) TimerEvent: {}
[107.885850] (-) TimerEvent: {}
[107.986113] (-) TimerEvent: {}
[108.086425] (-) TimerEvent: {}
[108.186682] (-) TimerEvent: {}
[108.286985] (-) TimerEvent: {}
[108.387304] (-) TimerEvent: {}
[108.487593] (-) TimerEvent: {}
[108.587906] (-) TimerEvent: {}
[108.688208] (-) TimerEvent: {}
[108.788517] (-) TimerEvent: {}
[108.888847] (-) TimerEvent: {}
[108.989130] (-) TimerEvent: {}
[109.089326] (-) TimerEvent: {}
[109.189643] (-) TimerEvent: {}
[109.290009] (-) TimerEvent: {}
[109.390405] (-) TimerEvent: {}
[109.490641] (-) TimerEvent: {}
[109.590905] (-) TimerEvent: {}
[109.691179] (-) TimerEvent: {}
[109.791416] (-) TimerEvent: {}
[109.891706] (-) TimerEvent: {}
[109.992135] (-) TimerEvent: {}
[110.092435] (-) TimerEvent: {}
[110.192757] (-) TimerEvent: {}
[110.293047] (-) TimerEvent: {}
[110.393315] (-) TimerEvent: {}
[110.493596] (-) TimerEvent: {}
[110.593836] (-) TimerEvent: {}
[110.694133] (-) TimerEvent: {}
[110.794410] (-) TimerEvent: {}
[110.894763] (-) TimerEvent: {}
[110.995126] (-) TimerEvent: {}
[111.096123] (-) TimerEvent: {}
[111.196507] (-) TimerEvent: {}
[111.297024] (-) TimerEvent: {}
[111.397363] (-) TimerEvent: {}
[111.497754] (-) TimerEvent: {}
[111.598080] (-) TimerEvent: {}
[111.698328] (-) TimerEvent: {}
[111.798590] (-) TimerEvent: {}
[111.898840] (-) TimerEvent: {}
[111.999169] (-) TimerEvent: {}
[112.099466] (-) TimerEvent: {}
[112.199725] (-) TimerEvent: {}
[112.299964] (-) TimerEvent: {}
[112.400231] (-) TimerEvent: {}
[112.500549] (-) TimerEvent: {}
[112.600848] (-) TimerEvent: {}
[112.701119] (-) TimerEvent: {}
[112.801435] (-) TimerEvent: {}
[112.902139] (-) TimerEvent: {}
[113.002705] (-) TimerEvent: {}
[113.103172] (-) TimerEvent: {}
[113.203555] (-) TimerEvent: {}
[113.303839] (-) TimerEvent: {}
[113.404078] (-) TimerEvent: {}
[113.504359] (-) TimerEvent: {}
[113.604636] (-) TimerEvent: {}
[113.704942] (-) TimerEvent: {}
[113.805210] (-) TimerEvent: {}
[113.905436] (-) TimerEvent: {}
[114.006227] (-) TimerEvent: {}
[114.106654] (-) TimerEvent: {}
[114.207054] (-) TimerEvent: {}
[114.307361] (-) TimerEvent: {}
[114.407807] (-) TimerEvent: {}
[114.508414] (-) TimerEvent: {}
[114.608636] (-) TimerEvent: {}
[114.708900] (-) TimerEvent: {}
[114.809200] (-) TimerEvent: {}
[114.909456] (-) TimerEvent: {}
[115.009734] (-) TimerEvent: {}
[115.110086] (-) TimerEvent: {}
[115.210386] (-) TimerEvent: {}
[115.310708] (-) TimerEvent: {}
[115.411254] (-) TimerEvent: {}
[115.511544] (-) TimerEvent: {}
[115.611856] (-) TimerEvent: {}
[115.712341] (-) TimerEvent: {}
[115.812695] (-) TimerEvent: {}
[115.913823] (-) TimerEvent: {}
[116.014302] (-) TimerEvent: {}
[116.114652] (-) TimerEvent: {}
[116.215012] (-) TimerEvent: {}
[116.315506] (-) TimerEvent: {}
[116.416112] (-) TimerEvent: {}
[116.516394] (-) TimerEvent: {}
[116.616748] (-) TimerEvent: {}
[116.717216] (-) TimerEvent: {}
[116.817547] (-) TimerEvent: {}
[116.917904] (-) TimerEvent: {}
[117.018329] (-) TimerEvent: {}
[117.118692] (-) TimerEvent: {}
[117.219080] (-) TimerEvent: {}
[117.319368] (-) TimerEvent: {}
[117.419670] (-) TimerEvent: {}
[117.519892] (-) TimerEvent: {}
[117.620128] (-) TimerEvent: {}
[117.720474] (-) TimerEvent: {}
[117.822078] (-) TimerEvent: {}
[117.922343] (-) TimerEvent: {}
[118.022708] (-) TimerEvent: {}
[118.122986] (-) TimerEvent: {}
[118.223312] (-) TimerEvent: {}
[118.324004] (-) TimerEvent: {}
[118.424334] (-) TimerEvent: {}
[118.524628] (-) TimerEvent: {}
[118.624920] (-) TimerEvent: {}
[118.725313] (-) TimerEvent: {}
[118.825589] (-) TimerEvent: {}
[118.925837] (-) TimerEvent: {}
[119.026095] (-) TimerEvent: {}
[119.126371] (-) TimerEvent: {}
[119.226681] (-) TimerEvent: {}
[119.326997] (-) TimerEvent: {}
[119.427284] (-) TimerEvent: {}
[119.527547] (-) TimerEvent: {}
[119.627840] (-) TimerEvent: {}
[119.728176] (-) TimerEvent: {}
[119.829143] (-) TimerEvent: {}
[119.929637] (-) TimerEvent: {}
[120.029986] (-) TimerEvent: {}
[120.130259] (-) TimerEvent: {}
[120.230531] (-) TimerEvent: {}
[120.330804] (-) TimerEvent: {}
[120.431139] (-) TimerEvent: {}
[120.531409] (-) TimerEvent: {}
[120.631683] (-) TimerEvent: {}
[120.731981] (-) TimerEvent: {}
[120.832401] (-) TimerEvent: {}
[120.932675] (-) TimerEvent: {}
[121.032975] (-) TimerEvent: {}
[121.133461] (-) TimerEvent: {}
[121.233852] (-) TimerEvent: {}
[121.334095] (-) TimerEvent: {}
[121.434439] (-) TimerEvent: {}
[121.461841] (mission_layer_mvibot) StdoutLine: {'line': b'[100%] \x1b[32m\x1b[1mLinking CXX executable mvibot_mission\x1b[0m\n'}
[121.534572] (-) TimerEvent: {}
[121.635228] (-) TimerEvent: {}
[121.735532] (-) TimerEvent: {}
[121.835916] (-) TimerEvent: {}
[121.936228] (-) TimerEvent: {}
[122.036550] (-) TimerEvent: {}
[122.136856] (-) TimerEvent: {}
[122.237218] (-) TimerEvent: {}
[122.338224] (-) TimerEvent: {}
[122.438498] (-) TimerEvent: {}
[122.484894] (mission_layer_mvibot) StdoutLine: {'line': b'[100%] Built target mvibot_mission\n'}
[122.504169] (mission_layer_mvibot) CommandEnded: {'returncode': 0}
[122.506625] (mission_layer_mvibot) JobProgress: {'identifier': 'mission_layer_mvibot', 'progress': 'install'}
[122.526134] (mission_layer_mvibot) Command: {'cmd': ['/usr/bin/cmake', '--install', '/home/mvibot/floorCleaningRobot_ws/build/mission_layer_mvibot'], 'cwd': '/home/mvibot/floorCleaningRobot_ws/build/mission_layer_mvibot', 'env': OrderedDict({'LESSOPEN': '| /usr/bin/lesspipe %s', 'USER': 'mvibot', 'SSH_CLIENT': '10.0.60.48 36794 22', 'GZ_CONFIG_PATH': '/opt/ros/jazzy/opt/gz_sim_vendor/share/gz:/opt/ros/jazzy/opt/sdformat_vendor/share/gz:/opt/ros/jazzy/opt/gz_gui_vendor/share/gz:/opt/ros/jazzy/opt/gz_transport_vendor/share/gz:/opt/ros/jazzy/opt/gz_rendering_vendor/share/gz:/opt/ros/jazzy/opt/gz_plugin_vendor/share/gz:/opt/ros/jazzy/opt/gz_fuel_tools_vendor/share/gz:/opt/ros/jazzy/opt/gz_msgs_vendor/share/gz:/opt/ros/jazzy/opt/gz_common_vendor/share/gz', 'XDG_SESSION_TYPE': 'tty', 'SHLVL': '1', 'LD_LIBRARY_PATH': '/home/mvibot/floorCleaningRobot_ws/install/opennav_coverage_msgs/lib:/home/mvibot/floorCleaningRobot_ws/install/tf2_web_republisher/lib:/home/mvibot/floorCleaningRobot_ws/install/tf2_web_republisher_interfaces/lib:/home/mvibot/floorCleaningRobot_ws/install/realsense2_camera/lib:/home/mvibot/floorCleaningRobot_ws/install/realsense2_camera_msgs/lib:/home/mvibot/floorCleaningRobot_ws/install/pointcloud_to_laserscan/lib:/home/mvibot/floorCleaningRobot_ws/install/opennav_row_coverage/lib:/home/mvibot/floorCleaningRobot_ws/install/opennav_coverage_navigator/lib:/home/mvibot/floorCleaningRobot_ws/install/opennav_coverage_bt/lib:/home/mvibot/floorCleaningRobot_ws/install/opennav_coverage/lib:/home/mvibot/floorCleaningRobot_ws/install/fields2cover/lib:/opt/ros/jazzy/opt/gz_sim_vendor/lib:/opt/ros/jazzy/opt/gz_sensors_vendor/lib:/opt/ros/jazzy/opt/gz_physics_vendor/lib:/opt/ros/jazzy/opt/sdformat_vendor/lib:/opt/ros/jazzy/opt/rviz_ogre_vendor/lib:/opt/ros/jazzy/lib/x86_64-linux-gnu:/opt/ros/jazzy/opt/gz_gui_vendor/lib:/opt/ros/jazzy/opt/gz_transport_vendor/lib:/opt/ros/jazzy/opt/gz_rendering_vendor/lib:/opt/ros/jazzy/opt/gz_plugin_vendor/lib:/opt/ros/jazzy/opt/gz_fuel_tools_vendor/lib:/opt/ros/jazzy/opt/gz_msgs_vendor/lib:/opt/ros/jazzy/opt/gz_common_vendor/lib:/opt/ros/jazzy/opt/gz_math_vendor/lib:/opt/ros/jazzy/opt/gz_utils_vendor/lib:/opt/ros/jazzy/opt/gz_tools_vendor/lib:/opt/ros/jazzy/opt/gz_ogre_next_vendor/lib:/opt/ros/jazzy/opt/gz_dartsim_vendor/lib:/opt/ros/jazzy/opt/gz_cmake_vendor/lib:/opt/ros/jazzy/lib', 'HOME': '/home/mvibot', 'OLDPWD': '/home/mvibot', 'NVM_BIN': '/home/mvibot/.nvm/versions/node/v24.12.0/bin', 'SSH_TTY': '/dev/pts/3', 'NVM_INC': '/home/mvibot/.nvm/versions/node/v24.12.0/include/node', 'ROS_PYTHON_VERSION': '3', 'DBUS_SESSION_BUS_ADDRESS': 'unix:path=/run/user/1000/bus', 'NVM_DIR': '/home/mvibot/.nvm', 'DEBUGINFOD_URLS': 'https://debuginfod.ubuntu.com', 'COLCON_PREFIX_PATH': '/home/mvibot/floorCleaningRobot_ws/install', 'ROS_DISTRO': 'jazzy', 'LOGNAME': 'mvibot', '_': '/usr/bin/colcon', 'ROS_VERSION': '2', 'PKG_CONFIG_PATH': '/home/mvibot/floorCleaningRobot_ws/install/fields2cover/lib/x86_64-linux-gnu/pkgconfig:/home/mvibot/floorCleaningRobot_ws/install/fields2cover/lib/pkgconfig', 'XDG_SESSION_CLASS': 'user', 'TERM': 'xterm-256color', 'XDG_SESSION_ID': '50', 'PATH': '/home/mvibot/.nvm/versions/node/v24.12.0/bin:/opt/ros/jazzy/opt/gz_msgs_vendor/bin:/opt/ros/jazzy/opt/gz_tools_vendor/bin:/opt/ros/jazzy/opt/gz_ogre_next_vendor/bin:/opt/ros/jazzy/bin:/usr/local/sbin:/usr/local/bin:/usr/sbin:/usr/bin:/sbin:/bin:/usr/games:/usr/local/games:/snap/bin', 'XDG_RUNTIME_DIR': '/run/user/1000', 'LANG': 'en_US.UTF-8', 'RMW_IMPLEMENTATION': 'rmw_fastrtps_cpp', 'LS_COLORS': 'rs=0:di=01;34:ln=01;36:mh=00:pi=40;33:so=01;35:do=01;35:bd=40;33;01:cd=40;33;01:or=40;31;01:mi=00:su=37;41:sg=30;43:ca=00:tw=30;42:ow=34;42:st=37;44:ex=01;32:*.tar=01;31:*.tgz=01;31:*.arc=01;31:*.arj=01;31:*.taz=01;31:*.lha=01;31:*.lz4=01;31:*.lzh=01;31:*.lzma=01;31:*.tlz=01;31:*.txz=01;31:*.tzo=01;31:*.t7z=01;31:*.zip=01;31:*.z=01;31:*.dz=01;31:*.gz=01;31:*.lrz=01;31:*.lz=01;31:*.lzo=01;31:*.xz=01;31:*.zst=01;31:*.tzst=01;31:*.bz2=01;31:*.bz=01;31:*.tbz=01;31:*.tbz2=01;31:*.tz=01;31:*.deb=01;31:*.rpm=01;31:*.jar=01;31:*.war=01;31:*.ear=01;31:*.sar=01;31:*.rar=01;31:*.alz=01;31:*.ace=01;31:*.zoo=01;31:*.cpio=01;31:*.7z=01;31:*.rz=01;31:*.cab=01;31:*.wim=01;31:*.swm=01;31:*.dwm=01;31:*.esd=01;31:*.avif=01;35:*.jpg=01;35:*.jpeg=01;35:*.mjpg=01;35:*.mjpeg=01;35:*.gif=01;35:*.bmp=01;35:*.pbm=01;35:*.pgm=01;35:*.ppm=01;35:*.tga=01;35:*.xbm=01;35:*.xpm=01;35:*.tif=01;35:*.tiff=01;35:*.png=01;35:*.svg=01;35:*.svgz=01;35:*.mng=01;35:*.pcx=01;35:*.mov=01;35:*.mpg=01;35:*.mpeg=01;35:*.m2v=01;35:*.mkv=01;35:*.webm=01;35:*.webp=01;35:*.ogm=01;35:*.mp4=01;35:*.m4v=01;35:*.mp4v=01;35:*.vob=01;35:*.qt=01;35:*.nuv=01;35:*.wmv=01;35:*.asf=01;35:*.rm=01;35:*.rmvb=01;35:*.flc=01;35:*.avi=01;35:*.fli=01;35:*.flv=01;35:*.gl=01;35:*.dl=01;35:*.xcf=01;35:*.xwd=01;35:*.yuv=01;35:*.cgm=01;35:*.emf=01;35:*.ogv=01;35:*.ogx=01;35:*.aac=00;36:*.au=00;36:*.flac=00;36:*.m4a=00;36:*.mid=00;36:*.midi=00;36:*.mka=00;36:*.mp3=00;36:*.mpc=00;36:*.ogg=00;36:*.ra=00;36:*.wav=00;36:*.oga=00;36:*.opus=00;36:*.spx=00;36:*.xspf=00;36:*~=00;90:*#=00;90:*.bak=00;90:*.crdownload=00;90:*.dpkg-dist=00;90:*.dpkg-new=00;90:*.dpkg-old=00;90:*.dpkg-tmp=00;90:*.old=00;90:*.orig=00;90:*.part=00;90:*.rej=00;90:*.rpmnew=00;90:*.rpmorig=00;90:*.rpmsave=00;90:*.swp=00;90:*.tmp=00;90:*.ucf-dist=00;90:*.ucf-new=00;90:*.ucf-old=00;90:', 'ROS_DOMAIN_ID': '10', 'AMENT_PREFIX_PATH': '/home/mvibot/floorCleaningRobot_ws/install/tf2_web_republisher:/home/mvibot/floorCleaningRobot_ws/install/tf2_web_republisher_interfaces:/home/mvibot/floorCleaningRobot_ws/install/sllidar_ros2:/home/mvibot/floorCleaningRobot_ws/install/realsense2_description:/home/mvibot/floorCleaningRobot_ws/install/realsense2_camera:/home/mvibot/floorCleaningRobot_ws/install/realsense2_camera_msgs:/home/mvibot/floorCleaningRobot_ws/install/pointcloud_to_laserscan:/home/mvibot/floorCleaningRobot_ws/install/opennav_coverage_demo:/home/mvibot/floorCleaningRobot_ws/install/opennav_row_coverage:/home/mvibot/floorCleaningRobot_ws/install/opennav_coverage_navigator:/home/mvibot/floorCleaningRobot_ws/install/opennav_coverage_bt:/home/mvibot/floorCleaningRobot_ws/install/opennav_coverage:/home/mvibot/floorCleaningRobot_ws/install/mission_layer_mvibot:/home/mvibot/floorCleaningRobot_ws/install/opennav_coverage_msgs:/home/mvibot/floorCleaningRobot_ws/install/lower_layer_mvibot:/home/mvibot/floorCleaningRobot_ws/install/ira_laser_tools:/home/mvibot/floorCleaningRobot_ws/install/higher_layer_mvibot:/opt/ros/jazzy', 'SHELL': '/bin/bash', 'LESSCLOSE': '/usr/bin/lesspipe %s %s', 'ROS_AUTOMATIC_DISCOVERY_RANGE': 'SUBNET', 'PWD': '/home/mvibot/floorCleaningRobot_ws/build/mission_layer_mvibot', 'LC_ALL': 'en_US.UTF-8', 'SSH_CONNECTION': '10.0.60.48 36794 10.0.70.69 22', 'NVM_CD_FLAGS': '', 'XDG_DATA_DIRS': '/usr/share/gnome:/usr/local/share:/usr/share:/var/lib/snapd/desktop', 'PYTHONPATH': '/home/mvibot/floorCleaningRobot_ws/install/opennav_coverage_msgs/lib/python3.12/site-packages:/home/mvibot/floorCleaningRobot_ws/install/tf2_web_republisher_interfaces/lib/python3.12/site-packages:/home/mvibot/floorCleaningRobot_ws/install/realsense2_camera_msgs/lib/python3.12/site-packages:/home/mvibot/floorCleaningRobot_ws/build/opennav_coverage_demo:/home/mvibot/floorCleaningRobot_ws/install/opennav_coverage_demo/lib/python3.12/site-packages:/opt/ros/jazzy/lib/python3.12/site-packages', 'COLCON': '1', 'CMAKE_PREFIX_PATH': '/home/mvibot/floorCleaningRobot_ws/install/opennav_coverage_msgs:/home/mvibot/floorCleaningRobot_ws/install/tf2_web_republisher:/home/mvibot/floorCleaningRobot_ws/install/tf2_web_republisher_interfaces:/home/mvibot/floorCleaningRobot_ws/install/sllidar_ros2:/home/mvibot/floorCleaningRobot_ws/install/realsense2_description:/home/mvibot/floorCleaningRobot_ws/install/realsense2_camera:/home/mvibot/floorCleaningRobot_ws/install/realsense2_camera_msgs:/home/mvibot/floorCleaningRobot_ws/install/pointcloud_to_laserscan:/home/mvibot/floorCleaningRobot_ws/install/opennav_row_coverage:/home/mvibot/floorCleaningRobot_ws/install/opennav_coverage_navigator:/home/mvibot/floorCleaningRobot_ws/install/opennav_coverage_bt:/home/mvibot/floorCleaningRobot_ws/install/opennav_coverage:/home/mvibot/floorCleaningRobot_ws/install/mission_layer_mvibot:/home/mvibot/floorCleaningRobot_ws/install/lower_layer_mvibot:/home/mvibot/floorCleaningRobot_ws/install/ira_laser_tools:/home/mvibot/floorCleaningRobot_ws/install/higher_layer_mvibot:/home/mvibot/floorCleaningRobot_ws/install/fields2cover:/opt/ros/jazzy/opt/gz_sim_vendor:/opt/ros/jazzy/opt/gz_sensors_vendor:/opt/ros/jazzy/opt/gz_physics_vendor:/opt/ros/jazzy/opt/sdformat_vendor:/opt/ros/jazzy/opt/gz_gui_vendor:/opt/ros/jazzy/opt/gz_transport_vendor:/opt/ros/jazzy/opt/gz_rendering_vendor:/opt/ros/jazzy/opt/gz_plugin_vendor:/opt/ros/jazzy/opt/gz_fuel_tools_vendor:/opt/ros/jazzy/opt/gz_msgs_vendor:/opt/ros/jazzy/opt/gz_common_vendor:/opt/ros/jazzy/opt/gz_math_vendor:/opt/ros/jazzy/opt/gz_utils_vendor:/opt/ros/jazzy/opt/gz_tools_vendor:/opt/ros/jazzy/opt/gz_ogre_next_vendor:/opt/ros/jazzy/opt/gz_dartsim_vendor:/opt/ros/jazzy/opt/gz_cmake_vendor:/home/mvibot/floorCleaningRobot_ws/install/opennav_coverage_demo:/opt/ros/jazzy'}), 'shell': False}
[122.538618] (-) TimerEvent: {}
[122.543082] (mission_layer_mvibot) StdoutLine: {'line': b'-- Install configuration: "Release"\n'}
[122.544632] (mission_layer_mvibot) StdoutLine: {'line': b'-- Execute custom install script\n'}
[122.547996] (mission_layer_mvibot) StdoutLine: {'line': b'-- Up-to-date symlink: /home/mvibot/floorCleaningRobot_ws/install/mission_layer_mvibot/share/mission_layer_mvibot//launch/mvibot_amcl_launch.py\n'}
[122.548339] (mission_layer_mvibot) StdoutLine: {'line': b'-- Up-to-date symlink: /home/mvibot/floorCleaningRobot_ws/install/mission_layer_mvibot/share/mission_layer_mvibot//launch/mvibot_behavior_launch.py\n'}
[122.548699] (mission_layer_mvibot) StdoutLine: {'line': b'-- Up-to-date symlink: /home/mvibot/floorCleaningRobot_ws/install/mission_layer_mvibot/share/mission_layer_mvibot//launch/mvibot_bt_navigator_launch.py\n'}
[122.549034] (mission_layer_mvibot) StdoutLine: {'line': b'-- Up-to-date symlink: /home/mvibot/floorCleaningRobot_ws/install/mission_layer_mvibot/share/mission_layer_mvibot//launch/mvibot_collision_monitor_launch.py\n'}
[122.549434] (mission_layer_mvibot) StdoutLine: {'line': b'-- Up-to-date symlink: /home/mvibot/floorCleaningRobot_ws/install/mission_layer_mvibot/share/mission_layer_mvibot//launch/mvibot_controller_launch.py\n'}
[122.549803] (mission_layer_mvibot) StdoutLine: {'line': b'-- Up-to-date symlink: /home/mvibot/floorCleaningRobot_ws/install/mission_layer_mvibot/share/mission_layer_mvibot//launch/mvibot_lifecycle_manager_navigation_launch.py\n'}
[122.550150] (mission_layer_mvibot) StdoutLine: {'line': b'-- Up-to-date symlink: /home/mvibot/floorCleaningRobot_ws/install/mission_layer_mvibot/share/mission_layer_mvibot//launch/mvibot_manage_mission_launch.py\n'}
[122.550527] (mission_layer_mvibot) StdoutLine: {'line': b'-- Up-to-date symlink: /home/mvibot/floorCleaningRobot_ws/install/mission_layer_mvibot/share/mission_layer_mvibot//launch/mvibot_mission_launch.py\n'}
[122.550902] (mission_layer_mvibot) StdoutLine: {'line': b'-- Up-to-date symlink: /home/mvibot/floorCleaningRobot_ws/install/mission_layer_mvibot/share/mission_layer_mvibot//launch/mvibot_navigation_launch.py\n'}
[122.551147] (mission_layer_mvibot) StdoutLine: {'line': b'-- Up-to-date symlink: /home/mvibot/floorCleaningRobot_ws/install/mission_layer_mvibot/share/mission_layer_mvibot//launch/mvibot_opennav_coverage_launch.py\n'}
[122.551346] (mission_layer_mvibot) StdoutLine: {'line': b'-- Up-to-date symlink: /home/mvibot/floorCleaningRobot_ws/install/mission_layer_mvibot/share/mission_layer_mvibot//launch/mvibot_planner_launch.py\n'}
[122.551604] (mission_layer_mvibot) StdoutLine: {'line': b'-- Up-to-date symlink: /home/mvibot/floorCleaningRobot_ws/install/mission_layer_mvibot/share/mission_layer_mvibot//launch/mvibot_smoother_launch.py\n'}
[122.551889] (mission_layer_mvibot) StdoutLine: {'line': b'-- Up-to-date symlink: /home/mvibot/floorCleaningRobot_ws/install/mission_layer_mvibot/share/mission_layer_mvibot//launch/mvibot_velocity_smoother_launch.py\n'}
[122.552112] (mission_layer_mvibot) StdoutLine: {'line': b'-- Up-to-date symlink: /home/mvibot/floorCleaningRobot_ws/install/mission_layer_mvibot/share/mission_layer_mvibot//launch/mvibot_waypoint_follower_launch.py\n'}
[122.553491] (mission_layer_mvibot) StdoutLine: {'line': b'-- Up-to-date symlink: /home/mvibot/floorCleaningRobot_ws/install/mission_layer_mvibot/lib/mission_layer_mvibot/mvibot_mission\n'}
[122.553933] (mission_layer_mvibot) StdoutLine: {'line': b'-- Up-to-date symlink: /home/mvibot/floorCleaningRobot_ws/install/mission_layer_mvibot/share/ament_index/resource_index/package_run_dependencies/mission_layer_mvibot\n'}
[122.554285] (mission_layer_mvibot) StdoutLine: {'line': b'-- Up-to-date symlink: /home/mvibot/floorCleaningRobot_ws/install/mission_layer_mvibot/share/ament_index/resource_index/parent_prefix_path/mission_layer_mvibot\n'}
[122.555194] (mission_layer_mvibot) StdoutLine: {'line': b'-- Up-to-date symlink: /home/mvibot/floorCleaningRobot_ws/install/mission_layer_mvibot/share/mission_layer_mvibot/environment/ament_prefix_path.sh\n'}
[122.556315] (mission_layer_mvibot) StdoutLine: {'line': b'-- Up-to-date symlink: /home/mvibot/floorCleaningRobot_ws/install/mission_layer_mvibot/share/mission_layer_mvibot/environment/ament_prefix_path.dsv\n'}
[122.556496] (mission_layer_mvibot) StdoutLine: {'line': b'-- Up-to-date symlink: /home/mvibot/floorCleaningRobot_ws/install/mission_layer_mvibot/share/mission_layer_mvibot/environment/path.sh\n'}
[122.556801] (mission_layer_mvibot) StdoutLine: {'line': b'-- Up-to-date symlink: /home/mvibot/floorCleaningRobot_ws/install/mission_layer_mvibot/share/mission_layer_mvibot/environment/path.dsv\n'}
[122.557473] (mission_layer_mvibot) StdoutLine: {'line': b'-- Up-to-date symlink: /home/mvibot/floorCleaningRobot_ws/install/mission_layer_mvibot/share/mission_layer_mvibot/local_setup.bash\n'}
[122.557648] (mission_layer_mvibot) StdoutLine: {'line': b'-- Up-to-date symlink: /home/mvibot/floorCleaningRobot_ws/install/mission_layer_mvibot/share/mission_layer_mvibot/local_setup.sh\n'}
[122.557804] (mission_layer_mvibot) StdoutLine: {'line': b'-- Up-to-date symlink: /home/mvibot/floorCleaningRobot_ws/install/mission_layer_mvibot/share/mission_layer_mvibot/local_setup.zsh\n'}
[122.557998] (mission_layer_mvibot) StdoutLine: {'line': b'-- Up-to-date symlink: /home/mvibot/floorCleaningRobot_ws/install/mission_layer_mvibot/share/mission_layer_mvibot/local_setup.dsv\n'}
[122.558113] (mission_layer_mvibot) StdoutLine: {'line': b'-- Symlinking: /home/mvibot/floorCleaningRobot_ws/install/mission_layer_mvibot/share/mission_layer_mvibot/package.dsv\n'}
[122.574989] (mission_layer_mvibot) StdoutLine: {'line': b'-- Up-to-date symlink: /home/mvibot/floorCleaningRobot_ws/install/mission_layer_mvibot/share/ament_index/resource_index/packages/mission_layer_mvibot\n'}
[122.575386] (mission_layer_mvibot) StdoutLine: {'line': b'-- Up-to-date symlink: /home/mvibot/floorCleaningRobot_ws/install/mission_layer_mvibot/share/mission_layer_mvibot/cmake/mission_layer_mvibotConfig.cmake\n'}
[122.575847] (mission_layer_mvibot) StdoutLine: {'line': b'-- Up-to-date symlink: /home/mvibot/floorCleaningRobot_ws/install/mission_layer_mvibot/share/mission_layer_mvibot/cmake/mission_layer_mvibotConfig-version.cmake\n'}
[122.576390] (mission_layer_mvibot) StdoutLine: {'line': b'-- Up-to-date symlink: /home/mvibot/floorCleaningRobot_ws/install/mission_layer_mvibot/share/mission_layer_mvibot/package.xml\n'}
[122.579320] (mission_layer_mvibot) CommandEnded: {'returncode': 0}
[122.613515] (mission_layer_mvibot) JobEnded: {'identifier': 'mission_layer_mvibot', 'rc': 0}
[122.614823] (-) EventReactorShutdown: {}
