[0.000000] (-) TimerEvent: {}
[0.000994] (-) JobUnselected: {'identifier': 'fields2cover'}
[0.001112] (-) JobUnselected: {'identifier': 'higher_layer_mvibot'}
[0.001179] (-) JobUnselected: {'identifier': 'ira_laser_tools'}
[0.001211] (-) JobUnselected: {'identifier': 'lower_layer_mvibot'}
[0.001232] (-) JobUnselected: {'identifier': 'opennav_coverage'}
[0.001256] (-) JobUnselected: {'identifier': 'opennav_coverage_bt'}
[0.001278] (-) JobUnselected: {'identifier': 'opennav_coverage_demo'}
[0.001324] (-) JobUnselected: {'identifier': 'opennav_coverage_msgs'}
[0.001344] (-) JobUnselected: {'identifier': 'opennav_coverage_navigator'}
[0.001363] (-) JobUnselected: {'identifier': 'opennav_row_coverage'}
[0.001385] (-) JobUnselected: {'identifier': 'pointcloud_to_laserscan'}
[0.001412] (-) JobUnselected: {'identifier': 'realsense2_camera'}
[0.001433] (-) JobUnselected: {'identifier': 'realsense2_camera_msgs'}
[0.001494] (-) JobUnselected: {'identifier': 'realsense2_description'}
[0.001517] (-) JobUnselected: {'identifier': 'sllidar_ros2'}
[0.001540] (-) JobUnselected: {'identifier': 'tf2_web_republisher'}
[0.001562] (-) JobUnselected: {'identifier': 'tf2_web_republisher_interfaces'}
[0.001579] (mission_layer_mvibot) JobQueued: {'identifier': 'mission_layer_mvibot', 'dependencies': OrderedDict({'opennav_coverage_msgs': '/home/mvibot/floorCleaningRobot_ws/install/opennav_coverage_msgs'})}
[0.001605] (mission_layer_mvibot) JobStarted: {'identifier': 'mission_layer_mvibot'}
[0.036788] (mission_layer_mvibot) JobProgress: {'identifier': 'mission_layer_mvibot', 'progress': 'cmake'}
[0.041229] (mission_layer_mvibot) JobProgress: {'identifier': 'mission_layer_mvibot', 'progress': 'build'}
[0.041317] (mission_layer_mvibot) Command: {'cmd': ['/usr/bin/cmake', '--build', '/home/mvibot/floorCleaningRobot_ws/build/mission_layer_mvibot', '--', '-j8', '-l8'], 'cwd': '/home/mvibot/floorCleaningRobot_ws/build/mission_layer_mvibot', 'env': OrderedDict({'LESSOPEN': '| /usr/bin/lesspipe %s', 'USER': 'mvibot', 'SSH_CLIENT': '10.0.60.48 49304 22', 'GZ_CONFIG_PATH': '/opt/ros/jazzy/opt/gz_sim_vendor/share/gz:/opt/ros/jazzy/opt/sdformat_vendor/share/gz:/opt/ros/jazzy/opt/gz_gui_vendor/share/gz:/opt/ros/jazzy/opt/gz_transport_vendor/share/gz:/opt/ros/jazzy/opt/gz_rendering_vendor/share/gz:/opt/ros/jazzy/opt/gz_plugin_vendor/share/gz:/opt/ros/jazzy/opt/gz_fuel_tools_vendor/share/gz:/opt/ros/jazzy/opt/gz_msgs_vendor/share/gz:/opt/ros/jazzy/opt/gz_common_vendor/share/gz', 'XDG_SESSION_TYPE': 'tty', 'SHLVL': '1', 'LD_LIBRARY_PATH': '/home/mvibot/floorCleaningRobot_ws/install/opennav_coverage_msgs/lib:/home/mvibot/floorCleaningRobot_ws/install/tf2_web_republisher/lib:/home/mvibot/floorCleaningRobot_ws/install/tf2_web_republisher_interfaces/lib:/home/mvibot/floorCleaningRobot_ws/install/realsense2_camera/lib:/home/mvibot/floorCleaningRobot_ws/install/realsense2_camera_msgs/lib:/home/mvibot/floorCleaningRobot_ws/install/pointcloud_to_laserscan/lib:/home/mvibot/floorCleaningRobot_ws/install/opennav_row_coverage/lib:/home/mvibot/floorCleaningRobot_ws/install/opennav_coverage_navigator/lib:/home/mvibot/floorCleaningRobot_ws/install/opennav_coverage_bt/lib:/home/mvibot/floorCleaningRobot_ws/install/opennav_coverage/lib:/home/mvibot/floorCleaningRobot_ws/install/fields2cover/lib:/opt/ros/jazzy/opt/gz_sim_vendor/lib:/opt/ros/jazzy/opt/gz_sensors_vendor/lib:/opt/ros/jazzy/opt/gz_physics_vendor/lib:/opt/ros/jazzy/opt/sdformat_vendor/lib:/opt/ros/jazzy/opt/rviz_ogre_vendor/lib:/opt/ros/jazzy/lib/x86_64-linux-gnu:/opt/ros/jazzy/opt/gz_gui_vendor/lib:/opt/ros/jazzy/opt/gz_transport_vendor/lib:/opt/ros/jazzy/opt/gz_rendering_vendor/lib:/opt/ros/jazzy/opt/gz_plugin_vendor/lib:/opt/ros/jazzy/opt/gz_fuel_tools_vendor/lib:/opt/ros/jazzy/opt/gz_msgs_vendor/lib:/opt/ros/jazzy/opt/gz_common_vendor/lib:/opt/ros/jazzy/opt/gz_math_vendor/lib:/opt/ros/jazzy/opt/gz_utils_vendor/lib:/opt/ros/jazzy/opt/gz_tools_vendor/lib:/opt/ros/jazzy/opt/gz_ogre_next_vendor/lib:/opt/ros/jazzy/opt/gz_dartsim_vendor/lib:/opt/ros/jazzy/opt/gz_cmake_vendor/lib:/opt/ros/jazzy/lib', 'HOME': '/home/mvibot', 'OLDPWD': '/home/mvibot', 'NVM_BIN': '/home/mvibot/.nvm/versions/node/v24.12.0/bin', 'SSH_TTY': '/dev/pts/2', 'NVM_INC': '/home/mvibot/.nvm/versions/node/v24.12.0/include/node', 'ROS_PYTHON_VERSION': '3', 'DBUS_SESSION_BUS_ADDRESS': 'unix:path=/run/user/1000/bus', 'NVM_DIR': '/home/mvibot/.nvm', 'DEBUGINFOD_URLS': 'https://debuginfod.ubuntu.com', 'COLCON_PREFIX_PATH': '/home/mvibot/floorCleaningRobot_ws/install', 'ROS_DISTRO': 'jazzy', 'LOGNAME': 'mvibot', '_': '/usr/bin/colcon', 'ROS_VERSION': '2', 'PKG_CONFIG_PATH': '/home/mvibot/floorCleaningRobot_ws/install/fields2cover/lib/x86_64-linux-gnu/pkgconfig:/home/mvibot/floorCleaningRobot_ws/install/fields2cover/lib/pkgconfig', 'XDG_SESSION_CLASS': 'user', 'TERM': 'xterm-256color', 'XDG_SESSION_ID': '65', 'PATH': '/home/mvibot/.nvm/versions/node/v24.12.0/bin:/opt/ros/jazzy/opt/gz_msgs_vendor/bin:/opt/ros/jazzy/opt/gz_tools_vendor/bin:/opt/ros/jazzy/opt/gz_ogre_next_vendor/bin:/opt/ros/jazzy/bin:/usr/local/sbin:/usr/local/bin:/usr/sbin:/usr/bin:/sbin:/bin:/usr/games:/usr/local/games:/snap/bin', 'XDG_RUNTIME_DIR': '/run/user/1000', 'LANG': 'en_US.UTF-8', 'RMW_IMPLEMENTATION': 'rmw_fastrtps_cpp', 'LS_COLORS': 'rs=0:di=01;34:ln=01;36:mh=00:pi=40;33:so=01;35:do=01;35:bd=40;33;01:cd=40;33;01:or=40;31;01:mi=00:su=37;41:sg=30;43:ca=00:tw=30;42:ow=34;42:st=37;44:ex=01;32:*.tar=01;31:*.tgz=01;31:*.arc=01;31:*.arj=01;31:*.taz=01;31:*.lha=01;31:*.lz4=01;31:*.lzh=01;31:*.lzma=01;31:*.tlz=01;31:*.txz=01;31:*.tzo=01;31:*.t7z=01;31:*.zip=01;31:*.z=01;31:*.dz=01;31:*.gz=01;31:*.lrz=01;31:*.lz=01;31:*.lzo=01;31:*.xz=01;31:*.zst=01;31:*.tzst=01;31:*.bz2=01;31:*.bz=01;31:*.tbz=01;31:*.tbz2=01;31:*.tz=01;31:*.deb=01;31:*.rpm=01;31:*.jar=01;31:*.war=01;31:*.ear=01;31:*.sar=01;31:*.rar=01;31:*.alz=01;31:*.ace=01;31:*.zoo=01;31:*.cpio=01;31:*.7z=01;31:*.rz=01;31:*.cab=01;31:*.wim=01;31:*.swm=01;31:*.dwm=01;31:*.esd=01;31:*.avif=01;35:*.jpg=01;35:*.jpeg=01;35:*.mjpg=01;35:*.mjpeg=01;35:*.gif=01;35:*.bmp=01;35:*.pbm=01;35:*.pgm=01;35:*.ppm=01;35:*.tga=01;35:*.xbm=01;35:*.xpm=01;35:*.tif=01;35:*.tiff=01;35:*.png=01;35:*.svg=01;35:*.svgz=01;35:*.mng=01;35:*.pcx=01;35:*.mov=01;35:*.mpg=01;35:*.mpeg=01;35:*.m2v=01;35:*.mkv=01;35:*.webm=01;35:*.webp=01;35:*.ogm=01;35:*.mp4=01;35:*.m4v=01;35:*.mp4v=01;35:*.vob=01;35:*.qt=01;35:*.nuv=01;35:*.wmv=01;35:*.asf=01;35:*.rm=01;35:*.rmvb=01;35:*.flc=01;35:*.avi=01;35:*.fli=01;35:*.flv=01;35:*.gl=01;35:*.dl=01;35:*.xcf=01;35:*.xwd=01;35:*.yuv=01;35:*.cgm=01;35:*.emf=01;35:*.ogv=01;35:*.ogx=01;35:*.aac=00;36:*.au=00;36:*.flac=00;36:*.m4a=00;36:*.mid=00;36:*.midi=00;36:*.mka=00;36:*.mp3=00;36:*.mpc=00;36:*.ogg=00;36:*.ra=00;36:*.wav=00;36:*.oga=00;36:*.opus=00;36:*.spx=00;36:*.xspf=00;36:*~=00;90:*#=00;90:*.bak=00;90:*.crdownload=00;90:*.dpkg-dist=00;90:*.dpkg-new=00;90:*.dpkg-old=00;90:*.dpkg-tmp=00;90:*.old=00;90:*.orig=00;90:*.part=00;90:*.rej=00;90:*.rpmnew=00;90:*.rpmorig=00;90:*.rpmsave=00;90:*.swp=00;90:*.tmp=00;90:*.ucf-dist=00;90:*.ucf-new=00;90:*.ucf-old=00;90:', 'ROS_DOMAIN_ID': '10', 'AMENT_PREFIX_PATH': '/home/mvibot/floorCleaningRobot_ws/install/tf2_web_republisher:/home/mvibot/floorCleaningRobot_ws/install/tf2_web_republisher_interfaces:/home/mvibot/floorCleaningRobot_ws/install/sllidar_ros2:/home/mvibot/floorCleaningRobot_ws/install/realsense2_description:/home/mvibot/floorCleaningRobot_ws/install/realsense2_camera:/home/mvibot/floorCleaningRobot_ws/install/realsense2_camera_msgs:/home/mvibot/floorCleaningRobot_ws/install/pointcloud_to_laserscan:/home/mvibot/floorCleaningRobot_ws/install/opennav_coverage_demo:/home/mvibot/floorCleaningRobot_ws/install/opennav_row_coverage:/home/mvibot/floorCleaningRobot_ws/install/opennav_coverage_navigator:/home/mvibot/floorCleaningRobot_ws/install/opennav_coverage_bt:/home/mvibot/floorCleaningRobot_ws/install/opennav_coverage:/home/mvibot/floorCleaningRobot_ws/install/mission_layer_mvibot:/home/mvibot/floorCleaningRobot_ws/install/opennav_coverage_msgs:/home/mvibot/floorCleaningRobot_ws/install/lower_layer_mvibot:/home/mvibot/floorCleaningRobot_ws/install/ira_laser_tools:/home/mvibot/floorCleaningRobot_ws/install/higher_layer_mvibot:/opt/ros/jazzy', 'SHELL': '/bin/bash', 'LESSCLOSE': '/usr/bin/lesspipe %s %s', 'ROS_AUTOMATIC_DISCOVERY_RANGE': 'SUBNET', 'PWD': '/home/mvibot/floorCleaningRobot_ws/build/mission_layer_mvibot', 'LC_ALL': 'en_US.UTF-8', 'SSH_CONNECTION': '10.0.60.48 49304 10.0.70.69 22', 'NVM_CD_FLAGS': '', 'XDG_DATA_DIRS': '/usr/share/gnome:/usr/local/share:/usr/share:/var/lib/snapd/desktop', 'PYTHONPATH': '/home/mvibot/floorCleaningRobot_ws/install/opennav_coverage_msgs/lib/python3.12/site-packages:/home/mvibot/floorCleaningRobot_ws/install/tf2_web_republisher_interfaces/lib/python3.12/site-packages:/home/mvibot/floorCleaningRobot_ws/install/realsense2_camera_msgs/lib/python3.12/site-packages:/home/mvibot/floorCleaningRobot_ws/build/opennav_coverage_demo:/home/mvibot/floorCleaningRobot_ws/install/opennav_coverage_demo/lib/python3.12/site-packages:/opt/ros/jazzy/lib/python3.12/site-packages', 'COLCON': '1', 'CMAKE_PREFIX_PATH': '/home/mvibot/floorCleaningRobot_ws/install/opennav_coverage_msgs:/home/mvibot/floorCleaningRobot_ws/install/tf2_web_republisher:/home/mvibot/floorCleaningRobot_ws/install/tf2_web_republisher_interfaces:/home/mvibot/floorCleaningRobot_ws/install/sllidar_ros2:/home/mvibot/floorCleaningRobot_ws/install/realsense2_description:/home/mvibot/floorCleaningRobot_ws/install/realsense2_camera:/home/mvibot/floorCleaningRobot_ws/install/realsense2_camera_msgs:/home/mvibot/floorCleaningRobot_ws/install/pointcloud_to_laserscan:/home/mvibot/floorCleaningRobot_ws/install/opennav_row_coverage:/home/mvibot/floorCleaningRobot_ws/install/opennav_coverage_navigator:/home/mvibot/floorCleaningRobot_ws/install/opennav_coverage_bt:/home/mvibot/floorCleaningRobot_ws/install/opennav_coverage:/home/mvibot/floorCleaningRobot_ws/install/mission_layer_mvibot:/home/mvibot/floorCleaningRobot_ws/install/lower_layer_mvibot:/home/mvibot/floorCleaningRobot_ws/install/ira_laser_tools:/home/mvibot/floorCleaningRobot_ws/install/higher_layer_mvibot:/home/mvibot/floorCleaningRobot_ws/install/fields2cover:/opt/ros/jazzy/opt/gz_sim_vendor:/opt/ros/jazzy/opt/gz_sensors_vendor:/opt/ros/jazzy/opt/gz_physics_vendor:/opt/ros/jazzy/opt/sdformat_vendor:/opt/ros/jazzy/opt/gz_gui_vendor:/opt/ros/jazzy/opt/gz_transport_vendor:/opt/ros/jazzy/opt/gz_rendering_vendor:/opt/ros/jazzy/opt/gz_plugin_vendor:/opt/ros/jazzy/opt/gz_fuel_tools_vendor:/opt/ros/jazzy/opt/gz_msgs_vendor:/opt/ros/jazzy/opt/gz_common_vendor:/opt/ros/jazzy/opt/gz_math_vendor:/opt/ros/jazzy/opt/gz_utils_vendor:/opt/ros/jazzy/opt/gz_tools_vendor:/opt/ros/jazzy/opt/gz_ogre_next_vendor:/opt/ros/jazzy/opt/gz_dartsim_vendor:/opt/ros/jazzy/opt/gz_cmake_vendor:/home/mvibot/floorCleaningRobot_ws/install/opennav_coverage_demo:/opt/ros/jazzy'}), 'shell': False}
[0.099679] (-) TimerEvent: {}
[0.199946] (-) TimerEvent: {}
[0.300254] (-) TimerEvent: {}
[0.400512] (-) TimerEvent: {}
[0.405962] (mission_layer_mvibot) StdoutLine: {'line': b'[ 50%] \x1b[32mBuilding CXX object CMakeFiles/mvibot_mission.dir/src/mvibot_mission.cpp.o\x1b[0m\n'}
[0.500576] (-) TimerEvent: {}
[0.600908] (-) TimerEvent: {}
[0.701491] (-) TimerEvent: {}
[0.801789] (-) TimerEvent: {}
[0.902062] (-) TimerEvent: {}
[1.002354] (-) TimerEvent: {}
[1.102770] (-) TimerEvent: {}
[1.203140] (-) TimerEvent: {}
[1.303466] (-) TimerEvent: {}
[1.403733] (-) TimerEvent: {}
[1.504107] (-) TimerEvent: {}
[1.604399] (-) TimerEvent: {}
[1.704727] (-) TimerEvent: {}
[1.804986] (-) TimerEvent: {}
[1.905250] (-) TimerEvent: {}
[2.005612] (-) TimerEvent: {}
[2.106065] (-) TimerEvent: {}
[2.206373] (-) TimerEvent: {}
[2.306651] (-) TimerEvent: {}
[2.406928] (-) TimerEvent: {}
[2.507222] (-) TimerEvent: {}
[2.607478] (-) TimerEvent: {}
[2.707785] (-) TimerEvent: {}
[2.808065] (-) TimerEvent: {}
[2.908373] (-) TimerEvent: {}
[3.008680] (-) TimerEvent: {}
[3.108986] (-) TimerEvent: {}
[3.209357] (-) TimerEvent: {}
[3.309773] (-) TimerEvent: {}
[3.410170] (-) TimerEvent: {}
[3.510490] (-) TimerEvent: {}
[3.610782] (-) TimerEvent: {}
[3.711070] (-) TimerEvent: {}
[3.811363] (-) TimerEvent: {}
[3.911648] (-) TimerEvent: {}
[4.012092] (-) TimerEvent: {}
[4.112731] (-) TimerEvent: {}
[4.213016] (-) TimerEvent: {}
[4.313281] (-) TimerEvent: {}
[4.413540] (-) TimerEvent: {}
[4.513866] (-) TimerEvent: {}
[4.614189] (-) TimerEvent: {}
[4.714642] (-) TimerEvent: {}
[4.815328] (-) TimerEvent: {}
[4.916311] (-) TimerEvent: {}
[5.016750] (-) TimerEvent: {}
[5.117195] (-) TimerEvent: {}
[5.217628] (-) TimerEvent: {}
[5.317994] (-) TimerEvent: {}
[5.418395] (-) TimerEvent: {}
[5.518738] (-) TimerEvent: {}
[5.619151] (-) TimerEvent: {}
[5.719761] (-) TimerEvent: {}
[5.820292] (-) TimerEvent: {}
[5.921258] (-) TimerEvent: {}
[6.022794] (-) TimerEvent: {}
[6.123349] (-) TimerEvent: {}
[6.223735] (-) TimerEvent: {}
[6.324065] (-) TimerEvent: {}
[6.424381] (-) TimerEvent: {}
[6.524702] (-) TimerEvent: {}
[6.625167] (-) TimerEvent: {}
[6.725722] (-) TimerEvent: {}
[6.826330] (-) TimerEvent: {}
[6.926621] (-) TimerEvent: {}
[7.026896] (-) TimerEvent: {}
[7.127203] (-) TimerEvent: {}
[7.227736] (-) TimerEvent: {}
[7.328061] (-) TimerEvent: {}
[7.428402] (-) TimerEvent: {}
[7.528632] (-) TimerEvent: {}
[7.628912] (-) TimerEvent: {}
[7.729207] (-) TimerEvent: {}
[7.829601] (-) TimerEvent: {}
[7.929871] (-) TimerEvent: {}
[8.030201] (-) TimerEvent: {}
[8.130507] (-) TimerEvent: {}
[8.230814] (-) TimerEvent: {}
[8.331173] (-) TimerEvent: {}
[8.431476] (-) TimerEvent: {}
[8.531823] (-) TimerEvent: {}
[8.632099] (-) TimerEvent: {}
[8.732477] (-) TimerEvent: {}
[8.832785] (-) TimerEvent: {}
[8.933753] (-) TimerEvent: {}
[9.034177] (-) TimerEvent: {}
[9.037615] (mission_layer_mvibot) StderrLine: {'line': b'In file included from \x1b[01m\x1b[K/home/mvibot/floorCleaningRobot_ws/src/mission_layer_mvibot/src/mvibot_mission.cpp:3\x1b[m\x1b[K:\n'}
[9.038022] (mission_layer_mvibot) StderrLine: {'line': b'\x1b[01m\x1b[K/home/mvibot/floorCleaningRobot_ws/src/mission_layer_mvibot/src/../include/mission_layer_mvibot/mvibot_mission/manage_mission.h:\x1b[m\x1b[K In lambda function:\n'}
[9.038293] (mission_layer_mvibot) StderrLine: {'line': b'\x1b[01m\x1b[K/home/mvibot/floorCleaningRobot_ws/src/mission_layer_mvibot/src/../include/mission_layer_mvibot/mvibot_mission/manage_mission.h:252:34:\x1b[m\x1b[K \x1b[01;35m\x1b[Kwarning: \x1b[m\x1b[Kcomparison of integer expressions of different signedness: \xe2\x80\x98\x1b[01m\x1b[Kint\x1b[m\x1b[K\xe2\x80\x99 and \xe2\x80\x98\x1b[01m\x1b[Kstd::vector<std::__cxx11::basic_string<char>, std::allocator<std::__cxx11::basic_string<char> > >::size_type\x1b[m\x1b[K\xe2\x80\x99 {aka \xe2\x80\x98\x1b[01m\x1b[Klong unsigned int\x1b[m\x1b[K\xe2\x80\x99} [\x1b[01;35m\x1b[K\x1b]8;;https://gcc.gnu.org/onlinedocs/gcc/Warning-Options.html#index-Wsign-compare\x07-Wsign-compare\x1b]8;;\x07\x1b[m\x1b[K]\n'}
[9.038536] (mission_layer_mvibot) StderrLine: {'line': b'  252 |                     for(int i=1;\x1b[01;35m\x1b[Ki<data.data1.size()\x1b[m\x1b[K;i++){\n'}
[9.038642] (mission_layer_mvibot) StderrLine: {'line': b'      |                                 \x1b[01;35m\x1b[K~^~~~~~~~~~~~~~~~~~\x1b[m\x1b[K\n'}
[9.065179] (mission_layer_mvibot) StderrLine: {'line': b'\x1b[01m\x1b[K/home/mvibot/floorCleaningRobot_ws/src/mission_layer_mvibot/src/../include/mission_layer_mvibot/mvibot_mission/manage_mission.h:\x1b[m\x1b[K In lambda function:\n'}
[9.066055] (mission_layer_mvibot) StderrLine: {'line': b'\x1b[01m\x1b[K/home/mvibot/floorCleaningRobot_ws/src/mission_layer_mvibot/src/../include/mission_layer_mvibot/mvibot_mission/manage_mission.h:282:72:\x1b[m\x1b[K \x1b[01;35m\x1b[Kwarning: \x1b[m\x1b[Kunused parameter \xe2\x80\x98\x1b[01m\x1b[Kmsg\x1b[m\x1b[K\xe2\x80\x99 [\x1b[01;35m\x1b[K\x1b]8;;https://gcc.gnu.org/onlinedocs/gcc/Warning-Options.html#index-Wunused-parameter\x07-Wunused-parameter\x1b]8;;\x07\x1b[m\x1b[K]\n'}
[9.066281] (mission_layer_mvibot) StderrLine: {'line': b'  282 |             auto reset_mission_callback = [this](\x1b[01;35m\x1b[Kstd_msgs::msg::String msg\x1b[m\x1b[K)->void{\n'}
[9.066431] (mission_layer_mvibot) StderrLine: {'line': b'      |                                                  \x1b[01;35m\x1b[K~~~~~~~~~~~~~~~~~~~~~~^~~\x1b[m\x1b[K\n'}
[9.066570] (mission_layer_mvibot) StderrLine: {'line': b'\x1b[01m\x1b[K/home/mvibot/floorCleaningRobot_ws/src/mission_layer_mvibot/src/../include/mission_layer_mvibot/mvibot_mission/manage_mission.h:\x1b[m\x1b[K In lambda function:\n'}
[9.066762] (mission_layer_mvibot) StderrLine: {'line': b'\x1b[01m\x1b[K/home/mvibot/floorCleaningRobot_ws/src/mission_layer_mvibot/src/../include/mission_layer_mvibot/mvibot_mission/manage_mission.h:304:30:\x1b[m\x1b[K \x1b[01;35m\x1b[Kwarning: \x1b[m\x1b[Kcomparison of integer expressions of different signedness: \xe2\x80\x98\x1b[01m\x1b[Kint\x1b[m\x1b[K\xe2\x80\x99 and \xe2\x80\x98\x1b[01m\x1b[Kstd::vector<std::__cxx11::basic_string<char>, std::allocator<std::__cxx11::basic_string<char> > >::size_type\x1b[m\x1b[K\xe2\x80\x99 {aka \xe2\x80\x98\x1b[01m\x1b[Klong unsigned int\x1b[m\x1b[K\xe2\x80\x99} [\x1b[01;35m\x1b[K\x1b]8;;https://gcc.gnu.org/onlinedocs/gcc/Warning-Options.html#index-Wsign-compare\x07-Wsign-compare\x1b]8;;\x07\x1b[m\x1b[K]\n'}
[9.066919] (mission_layer_mvibot) StderrLine: {'line': b'  304 |                 for(int i=0;\x1b[01;35m\x1b[Ki<data.data1.size()\x1b[m\x1b[K;i++){\n'}
[9.067069] (mission_layer_mvibot) StderrLine: {'line': b'      |                             \x1b[01;35m\x1b[K~^~~~~~~~~~~~~~~~~~\x1b[m\x1b[K\n'}
[9.067956] (mission_layer_mvibot) StderrLine: {'line': b'\x1b[01m\x1b[K/home/mvibot/floorCleaningRobot_ws/src/mission_layer_mvibot/src/../include/mission_layer_mvibot/mvibot_mission/manage_mission.h:301:36:\x1b[m\x1b[K \x1b[01;35m\x1b[Kwarning: \x1b[m\x1b[Kunused variable \xe2\x80\x98\x1b[01m\x1b[Klive_f\x1b[m\x1b[K\xe2\x80\x99 [\x1b[01;35m\x1b[K\x1b]8;;https://gcc.gnu.org/onlinedocs/gcc/Warning-Options.html#index-Wunused-variable\x07-Wunused-variable\x1b]8;;\x07\x1b[m\x1b[K]\n'}
[9.068230] (mission_layer_mvibot) StderrLine: {'line': b'  301 |                 static int live=-1,\x1b[01;35m\x1b[Klive_f\x1b[m\x1b[K=-1,brake=-1,brake_f=-1,enable=-1,enable_f=-1,error=-1,error_f=-1;\n'}
[9.068370] (mission_layer_mvibot) StderrLine: {'line': b'      |                                    \x1b[01;35m\x1b[K^~~~~~\x1b[m\x1b[K\n'}
[9.068505] (mission_layer_mvibot) StderrLine: {'line': b'\x1b[01m\x1b[K/home/mvibot/floorCleaningRobot_ws/src/mission_layer_mvibot/src/../include/mission_layer_mvibot/mvibot_mission/manage_mission.h:301:55:\x1b[m\x1b[K \x1b[01;35m\x1b[Kwarning: \x1b[m\x1b[Kunused variable \xe2\x80\x98\x1b[01m\x1b[Kbrake_f\x1b[m\x1b[K\xe2\x80\x99 [\x1b[01;35m\x1b[K\x1b]8;;https://gcc.gnu.org/onlinedocs/gcc/Warning-Options.html#index-Wunused-variable\x07-Wunused-variable\x1b]8;;\x07\x1b[m\x1b[K]\n'}
[9.068645] (mission_layer_mvibot) StderrLine: {'line': b'  301 |                 static int live=-1,live_f=-1,brake=-1,\x1b[01;35m\x1b[Kbrake_f\x1b[m\x1b[K=-1,enable=-1,enable_f=-1,error=-1,error_f=-1;\n'}
[9.068826] (mission_layer_mvibot) StderrLine: {'line': b'      |                                                       \x1b[01;35m\x1b[K^~~~~~~\x1b[m\x1b[K\n'}
[9.068985] (mission_layer_mvibot) StderrLine: {'line': b'\x1b[01m\x1b[K/home/mvibot/floorCleaningRobot_ws/src/mission_layer_mvibot/src/../include/mission_layer_mvibot/mvibot_mission/manage_mission.h:301:76:\x1b[m\x1b[K \x1b[01;35m\x1b[Kwarning: \x1b[m\x1b[Kunused variable \xe2\x80\x98\x1b[01m\x1b[Kenable_f\x1b[m\x1b[K\xe2\x80\x99 [\x1b[01;35m\x1b[K\x1b]8;;https://gcc.gnu.org/onlinedocs/gcc/Warning-Options.html#index-Wunused-variable\x07-Wunused-variable\x1b]8;;\x07\x1b[m\x1b[K]\n'}
[9.069154] (mission_layer_mvibot) StderrLine: {'line': b'  301 |                 static int live=-1,live_f=-1,brake=-1,brake_f=-1,enable=-1,\x1b[01;35m\x1b[Kenable_f\x1b[m\x1b[K=-1,error=-1,error_f=-1;\n'}
[9.069370] (mission_layer_mvibot) StderrLine: {'line': b'      |                                                                            \x1b[01;35m\x1b[K^~~~~~~~\x1b[m\x1b[K\n'}
[9.069506] (mission_layer_mvibot) StderrLine: {'line': b'\x1b[01m\x1b[K/home/mvibot/floorCleaningRobot_ws/src/mission_layer_mvibot/src/../include/mission_layer_mvibot/mvibot_mission/manage_mission.h:301:88:\x1b[m\x1b[K \x1b[01;35m\x1b[Kwarning: \x1b[m\x1b[Kvariable \xe2\x80\x98\x1b[01m\x1b[Kerror\x1b[m\x1b[K\xe2\x80\x99 set but not used [\x1b[01;35m\x1b[K\x1b]8;;https://gcc.gnu.org/onlinedocs/gcc/Warning-Options.html#index-Wunused-but-set-variable\x07-Wunused-but-set-variable\x1b]8;;\x07\x1b[m\x1b[K]\n'}
[9.069668] (mission_layer_mvibot) StderrLine: {'line': b'  301 |                 static int live=-1,live_f=-1,brake=-1,brake_f=-1,enable=-1,enable_f=-1,\x1b[01;35m\x1b[Kerror\x1b[m\x1b[K=-1,error_f=-1;\n'}
[9.069849] (mission_layer_mvibot) StderrLine: {'line': b'      |                                                                                        \x1b[01;35m\x1b[K^~~~~\x1b[m\x1b[K\n'}
[9.070004] (mission_layer_mvibot) StderrLine: {'line': b'\x1b[01m\x1b[K/home/mvibot/floorCleaningRobot_ws/src/mission_layer_mvibot/src/../include/mission_layer_mvibot/mvibot_mission/manage_mission.h:301:97:\x1b[m\x1b[K \x1b[01;35m\x1b[Kwarning: \x1b[m\x1b[Kunused variable \xe2\x80\x98\x1b[01m\x1b[Kerror_f\x1b[m\x1b[K\xe2\x80\x99 [\x1b[01;35m\x1b[K\x1b]8;;https://gcc.gnu.org/onlinedocs/gcc/Warning-Options.html#index-Wunused-variable\x07-Wunused-variable\x1b]8;;\x07\x1b[m\x1b[K]\n'}
[9.070150] (mission_layer_mvibot) StderrLine: {'line': b'  301 |                 static int live=-1,live_f=-1,brake=-1,brake_f=-1,enable=-1,enable_f=-1,error=-1,\x1b[01;35m\x1b[Kerror_f\x1b[m\x1b[K=-1;\n'}
[9.070289] (mission_layer_mvibot) StderrLine: {'line': b'      |                                                                                                 \x1b[01;35m\x1b[K^~~~~~~\x1b[m\x1b[K\n'}
[9.070655] (mission_layer_mvibot) StderrLine: {'line': b'\x1b[01m\x1b[K/home/mvibot/floorCleaningRobot_ws/src/mission_layer_mvibot/src/../include/mission_layer_mvibot/mvibot_mission/manage_mission.h:\x1b[m\x1b[K In lambda function:\n'}
[9.070796] (mission_layer_mvibot) StderrLine: {'line': b'\x1b[01m\x1b[K/home/mvibot/floorCleaningRobot_ws/src/mission_layer_mvibot/src/../include/mission_layer_mvibot/mvibot_mission/manage_mission.h:333:30:\x1b[m\x1b[K \x1b[01;35m\x1b[Kwarning: \x1b[m\x1b[Kcomparison of integer expressions of different signedness: \xe2\x80\x98\x1b[01m\x1b[Kint\x1b[m\x1b[K\xe2\x80\x99 and \xe2\x80\x98\x1b[01m\x1b[Kstd::vector<std::__cxx11::basic_string<char>, std::allocator<std::__cxx11::basic_string<char> > >::size_type\x1b[m\x1b[K\xe2\x80\x99 {aka \xe2\x80\x98\x1b[01m\x1b[Klong unsigned int\x1b[m\x1b[K\xe2\x80\x99} [\x1b[01;35m\x1b[K\x1b]8;;https://gcc.gnu.org/onlinedocs/gcc/Warning-Options.html#index-Wsign-compare\x07-Wsign-compare\x1b]8;;\x07\x1b[m\x1b[K]\n'}
[9.070920] (mission_layer_mvibot) StderrLine: {'line': b'  333 |                 for(int i=0;\x1b[01;35m\x1b[Ki<data.data1.size()\x1b[m\x1b[K;i++){\n'}
[9.071422] (mission_layer_mvibot) StderrLine: {'line': b'      |                             \x1b[01;35m\x1b[K~^~~~~~~~~~~~~~~~~~\x1b[m\x1b[K\n'}
[9.071768] (mission_layer_mvibot) StderrLine: {'line': b'\x1b[01m\x1b[K/home/mvibot/floorCleaningRobot_ws/src/mission_layer_mvibot/src/../include/mission_layer_mvibot/mvibot_mission/manage_mission.h:329:36:\x1b[m\x1b[K \x1b[01;35m\x1b[Kwarning: \x1b[m\x1b[Kunused variable \xe2\x80\x98\x1b[01m\x1b[Klive_f\x1b[m\x1b[K\xe2\x80\x99 [\x1b[01;35m\x1b[K\x1b]8;;https://gcc.gnu.org/onlinedocs/gcc/Warning-Options.html#index-Wunused-variable\x07-Wunused-variable\x1b]8;;\x07\x1b[m\x1b[K]\n'}
[9.072138] (mission_layer_mvibot) StderrLine: {'line': b'  329 |                 static int live=-1,\x1b[01;35m\x1b[Klive_f\x1b[m\x1b[K=-1,brake=-1,brake_f=-1,enable=-1,enable_f=-1,error=-1,error_f=-1;\n'}
[9.072305] (mission_layer_mvibot) StderrLine: {'line': b'      |                                    \x1b[01;35m\x1b[K^~~~~~\x1b[m\x1b[K\n'}
[9.072456] (mission_layer_mvibot) StderrLine: {'line': b'\x1b[01m\x1b[K/home/mvibot/floorCleaningRobot_ws/src/mission_layer_mvibot/src/../include/mission_layer_mvibot/mvibot_mission/manage_mission.h:329:55:\x1b[m\x1b[K \x1b[01;35m\x1b[Kwarning: \x1b[m\x1b[Kunused variable \xe2\x80\x98\x1b[01m\x1b[Kbrake_f\x1b[m\x1b[K\xe2\x80\x99 [\x1b[01;35m\x1b[K\x1b]8;;https://gcc.gnu.org/onlinedocs/gcc/Warning-Options.html#index-Wunused-variable\x07-Wunused-variable\x1b]8;;\x07\x1b[m\x1b[K]\n'}
[9.072593] (mission_layer_mvibot) StderrLine: {'line': b'  329 |                 static int live=-1,live_f=-1,brake=-1,\x1b[01;35m\x1b[Kbrake_f\x1b[m\x1b[K=-1,enable=-1,enable_f=-1,error=-1,error_f=-1;\n'}
[9.072717] (mission_layer_mvibot) StderrLine: {'line': b'      |                                                       \x1b[01;35m\x1b[K^~~~~~~\x1b[m\x1b[K\n'}
[9.073031] (mission_layer_mvibot) StderrLine: {'line': b'\x1b[01m\x1b[K/home/mvibot/floorCleaningRobot_ws/src/mission_layer_mvibot/src/../include/mission_layer_mvibot/mvibot_mission/manage_mission.h:329:76:\x1b[m\x1b[K \x1b[01;35m\x1b[Kwarning: \x1b[m\x1b[Kunused variable \xe2\x80\x98\x1b[01m\x1b[Kenable_f\x1b[m\x1b[K\xe2\x80\x99 [\x1b[01;35m\x1b[K\x1b]8;;https://gcc.gnu.org/onlinedocs/gcc/Warning-Options.html#index-Wunused-variable\x07-Wunused-variable\x1b]8;;\x07\x1b[m\x1b[K]\n'}
[9.073201] (mission_layer_mvibot) StderrLine: {'line': b'  329 |                 static int live=-1,live_f=-1,brake=-1,brake_f=-1,enable=-1,\x1b[01;35m\x1b[Kenable_f\x1b[m\x1b[K=-1,error=-1,error_f=-1;\n'}
[9.073645] (mission_layer_mvibot) StderrLine: {'line': b'      |                                                                            \x1b[01;35m\x1b[K^~~~~~~~\x1b[m\x1b[K\n'}
[9.073815] (mission_layer_mvibot) StderrLine: {'line': b'\x1b[01m\x1b[K/home/mvibot/floorCleaningRobot_ws/src/mission_layer_mvibot/src/../include/mission_layer_mvibot/mvibot_mission/manage_mission.h:329:88:\x1b[m\x1b[K \x1b[01;35m\x1b[Kwarning: \x1b[m\x1b[Kvariable \xe2\x80\x98\x1b[01m\x1b[Kerror\x1b[m\x1b[K\xe2\x80\x99 set but not used [\x1b[01;35m\x1b[K\x1b]8;;https://gcc.gnu.org/onlinedocs/gcc/Warning-Options.html#index-Wunused-but-set-variable\x07-Wunused-but-set-variable\x1b]8;;\x07\x1b[m\x1b[K]\n'}
[9.073972] (mission_layer_mvibot) StderrLine: {'line': b'  329 |                 static int live=-1,live_f=-1,brake=-1,brake_f=-1,enable=-1,enable_f=-1,\x1b[01;35m\x1b[Kerror\x1b[m\x1b[K=-1,error_f=-1;\n'}
[9.074441] (mission_layer_mvibot) StderrLine: {'line': b'      |                                                                                        \x1b[01;35m\x1b[K^~~~~\x1b[m\x1b[K\n'}
[9.074751] (mission_layer_mvibot) StderrLine: {'line': b'\x1b[01m\x1b[K/home/mvibot/floorCleaningRobot_ws/src/mission_layer_mvibot/src/../include/mission_layer_mvibot/mvibot_mission/manage_mission.h:329:97:\x1b[m\x1b[K \x1b[01;35m\x1b[Kwarning: \x1b[m\x1b[Kunused variable \xe2\x80\x98\x1b[01m\x1b[Kerror_f\x1b[m\x1b[K\xe2\x80\x99 [\x1b[01;35m\x1b[K\x1b]8;;https://gcc.gnu.org/onlinedocs/gcc/Warning-Options.html#index-Wunused-variable\x07-Wunused-variable\x1b]8;;\x07\x1b[m\x1b[K]\n'}
[9.074904] (mission_layer_mvibot) StderrLine: {'line': b'  329 |                 static int live=-1,live_f=-1,brake=-1,brake_f=-1,enable=-1,enable_f=-1,error=-1,\x1b[01;35m\x1b[Kerror_f\x1b[m\x1b[K=-1;\n'}
[9.075034] (mission_layer_mvibot) StderrLine: {'line': b'      |                                                                                                 \x1b[01;35m\x1b[K^~~~~~~\x1b[m\x1b[K\n'}
[9.134265] (-) TimerEvent: {}
[9.141943] (mission_layer_mvibot) StderrLine: {'line': b'\x1b[01m\x1b[K/home/mvibot/floorCleaningRobot_ws/src/mission_layer_mvibot/src/../include/mission_layer_mvibot/mvibot_mission/manage_mission.h:\x1b[m\x1b[K In member function \xe2\x80\x98\x1b[01m\x1b[Kdouble* manage_mission::\x1b[01;32m\x1b[Kget_position_tf\x1b[m\x1b[K(std::string, std::string)\x1b[m\x1b[K\xe2\x80\x99:\n'}
[9.142244] (mission_layer_mvibot) StderrLine: {'line': b'\x1b[01m\x1b[K/home/mvibot/floorCleaningRobot_ws/src/mission_layer_mvibot/src/../include/mission_layer_mvibot/mvibot_mission/manage_mission.h:621:23:\x1b[m\x1b[K \x1b[01;35m\x1b[Kwarning: \x1b[m\x1b[Kvariable \xe2\x80\x98\x1b[01m\x1b[Kz\x1b[m\x1b[K\xe2\x80\x99 set but not used [\x1b[01;35m\x1b[K\x1b]8;;https://gcc.gnu.org/onlinedocs/gcc/Warning-Options.html#index-Wunused-but-set-variable\x07-Wunused-but-set-variable\x1b]8;;\x07\x1b[m\x1b[K]\n'}
[9.142374] (mission_layer_mvibot) StderrLine: {'line': b'  621 |     static double x,y,\x1b[01;35m\x1b[Kz\x1b[m\x1b[K,thz,thw;\n'}
[9.142506] (mission_layer_mvibot) StderrLine: {'line': b'      |                       \x1b[01;35m\x1b[K^\x1b[m\x1b[K\n'}
[9.234365] (-) TimerEvent: {}
[9.251851] (mission_layer_mvibot) StderrLine: {'line': b'\x1b[01m\x1b[K/home/mvibot/floorCleaningRobot_ws/src/mission_layer_mvibot/src/../include/mission_layer_mvibot/mvibot_mission/manage_mission.h:\x1b[m\x1b[K In member function \xe2\x80\x98\x1b[01m\x1b[Kint manage_mission::\x1b[01;32m\x1b[Kexecute_content\x1b[m\x1b[K(mission&, std::vector<std::__cxx11::basic_string<char>, std::allocator<std::__cxx11::basic_string<char> > >&, std::string&, int&)\x1b[m\x1b[K\xe2\x80\x99:\n'}
[9.252287] (mission_layer_mvibot) StderrLine: {'line': b'\x1b[01m\x1b[K/home/mvibot/floorCleaningRobot_ws/src/mission_layer_mvibot/src/../include/mission_layer_mvibot/mvibot_mission/manage_mission.h:1008:14:\x1b[m\x1b[K \x1b[01;35m\x1b[Kwarning: \x1b[m\x1b[Kcomparison of integer expressions of different signedness: \xe2\x80\x98\x1b[01m\x1b[Kint\x1b[m\x1b[K\xe2\x80\x99 and \xe2\x80\x98\x1b[01m\x1b[Kstd::vector<std::__cxx11::basic_string<char>, std::allocator<std::__cxx11::basic_string<char> > >::size_type\x1b[m\x1b[K\xe2\x80\x99 {aka \xe2\x80\x98\x1b[01m\x1b[Klong unsigned int\x1b[m\x1b[K\xe2\x80\x99} [\x1b[01;35m\x1b[K\x1b]8;;https://gcc.gnu.org/onlinedocs/gcc/Warning-Options.html#index-Wsign-compare\x07-Wsign-compare\x1b]8;;\x07\x1b[m\x1b[K]\n'}
[9.252477] (mission_layer_mvibot) StderrLine: {'line': b' 1008 |         if(\x1b[01;35m\x1b[Ki == and_contents_list.size()\x1b[m\x1b[K){\n'}
[9.252639] (mission_layer_mvibot) StderrLine: {'line': b'      |            \x1b[01;35m\x1b[K~~^~~~~~~~~~~~~~~~~~~~~~~~~~~\x1b[m\x1b[K\n'}
[9.253484] (mission_layer_mvibot) StderrLine: {'line': b'\x1b[01m\x1b[K/home/mvibot/floorCleaningRobot_ws/src/mission_layer_mvibot/src/../include/mission_layer_mvibot/mvibot_mission/manage_mission.h:1031:14:\x1b[m\x1b[K \x1b[01;35m\x1b[Kwarning: \x1b[m\x1b[Kcomparison of integer expressions of different signedness: \xe2\x80\x98\x1b[01m\x1b[Kint\x1b[m\x1b[K\xe2\x80\x99 and \xe2\x80\x98\x1b[01m\x1b[Kstd::vector<std::__cxx11::basic_string<char>, std::allocator<std::__cxx11::basic_string<char> > >::size_type\x1b[m\x1b[K\xe2\x80\x99 {aka \xe2\x80\x98\x1b[01m\x1b[Klong unsigned int\x1b[m\x1b[K\xe2\x80\x99} [\x1b[01;35m\x1b[K\x1b]8;;https://gcc.gnu.org/onlinedocs/gcc/Warning-Options.html#index-Wsign-compare\x07-Wsign-compare\x1b]8;;\x07\x1b[m\x1b[K]\n'}
[9.253929] (mission_layer_mvibot) StderrLine: {'line': b' 1031 |         if(\x1b[01;35m\x1b[Ki == or_contents_list.size()\x1b[m\x1b[K){\n'}
[9.254577] (mission_layer_mvibot) StderrLine: {'line': b'      |            \x1b[01;35m\x1b[K~~^~~~~~~~~~~~~~~~~~~~~~~~~~\x1b[m\x1b[K\n'}
[9.334427] (-) TimerEvent: {}
[9.434736] (-) TimerEvent: {}
[9.535227] (-) TimerEvent: {}
[9.635478] (-) TimerEvent: {}
[9.711060] (mission_layer_mvibot) StderrLine: {'line': b'In file included from \x1b[01m\x1b[K/home/mvibot/floorCleaningRobot_ws/src/mission_layer_mvibot/src/mvibot_mission.cpp:4\x1b[m\x1b[K:\n'}
[9.711326] (mission_layer_mvibot) StderrLine: {'line': b'\x1b[01m\x1b[K/home/mvibot/floorCleaningRobot_ws/src/mission_layer_mvibot/src/../include/mission_layer_mvibot/mvibot_mission/navigation_function.h:\x1b[m\x1b[K In lambda function:\n'}
[9.711453] (mission_layer_mvibot) StderrLine: {'line': b'\x1b[01m\x1b[K/home/mvibot/floorCleaningRobot_ws/src/mission_layer_mvibot/src/../include/mission_layer_mvibot/mvibot_mission/navigation_function.h:307:120:\x1b[m\x1b[K \x1b[01;35m\x1b[Kwarning: \x1b[m\x1b[Kunused parameter \xe2\x80\x98\x1b[01m\x1b[Kfeedback\x1b[m\x1b[K\xe2\x80\x99 [\x1b[01;35m\x1b[K\x1b]8;;https://gcc.gnu.org/onlinedocs/gcc/Warning-Options.html#index-Wunused-parameter\x07-Wunused-parameter\x1b]8;;\x07\x1b[m\x1b[K]\n'}
[9.711609] (mission_layer_mvibot) StderrLine: {'line': b'  307 |                         \x1b[01;35m\x1b[Kconst std::shared_ptr<const opennav_coverage_msgs::action::NavigateCompleteCoverage::Feedback> feedback\x1b[m\x1b[K) {\n'}
[9.711763] (mission_layer_mvibot) StderrLine: {'line': b'      |                         \x1b[01;35m\x1b[K~~~~~~~~~~~~~~~~~~~~~~~~~~~~~~~~~~~~~~~~~~~~~~~~~~~~~~~~~~~~~~~~~~~~~~~~~~~~~~~~~~~~~~~~~~~~~~~^~~~~~~~\x1b[m\x1b[K\n'}
[9.735574] (-) TimerEvent: {}
[9.735852] (mission_layer_mvibot) StderrLine: {'line': b'\x1b[01m\x1b[K/home/mvibot/floorCleaningRobot_ws/src/mission_layer_mvibot/src/../include/mission_layer_mvibot/mvibot_mission/navigation_function.h:\x1b[m\x1b[K In lambda function:\n'}
[9.736076] (mission_layer_mvibot) StderrLine: {'line': b'\x1b[01m\x1b[K/home/mvibot/floorCleaningRobot_ws/src/mission_layer_mvibot/src/../include/mission_layer_mvibot/mvibot_mission/navigation_function.h:363:98:\x1b[m\x1b[K \x1b[01;35m\x1b[Kwarning: \x1b[m\x1b[Kunused parameter \xe2\x80\x98\x1b[01m\x1b[Kfeedback\x1b[m\x1b[K\xe2\x80\x99 [\x1b[01;35m\x1b[K\x1b]8;;https://gcc.gnu.org/onlinedocs/gcc/Warning-Options.html#index-Wunused-parameter\x07-Wunused-parameter\x1b]8;;\x07\x1b[m\x1b[K]\n'}
[9.736213] (mission_layer_mvibot) StderrLine: {'line': b'  363 |                         \x1b[01;35m\x1b[Kconst std::shared_ptr<const nav2_msgs::action::NavigateToPose::Feedback> feedback\x1b[m\x1b[K) {\n'}
[9.736327] (mission_layer_mvibot) StderrLine: {'line': b'      |                         \x1b[01;35m\x1b[K~~~~~~~~~~~~~~~~~~~~~~~~~~~~~~~~~~~~~~~~~~~~~~~~~~~~~~~~~~~~~~~~~~~~~~~~~^~~~~~~~\x1b[m\x1b[K\n'}
[9.835664] (-) TimerEvent: {}
[9.887164] (mission_layer_mvibot) StderrLine: {'line': b'\x1b[01m\x1b[K/home/mvibot/floorCleaningRobot_ws/src/mission_layer_mvibot/src/../include/mission_layer_mvibot/mvibot_mission/navigation_function.h:\x1b[m\x1b[K In member function \xe2\x80\x98\x1b[01m\x1b[Kint navigation_function::\x1b[01;32m\x1b[Kaction\x1b[m\x1b[K()\x1b[m\x1b[K\xe2\x80\x99:\n'}
[9.887443] (mission_layer_mvibot) StderrLine: {'line': b'\x1b[01m\x1b[K/home/mvibot/floorCleaningRobot_ws/src/mission_layer_mvibot/src/../include/mission_layer_mvibot/mvibot_mission/navigation_function.h:700:16:\x1b[m\x1b[K \x1b[01;35m\x1b[Kwarning: \x1b[m\x1b[Kunused variable \xe2\x80\x98\x1b[01m\x1b[Kt\x1b[m\x1b[K\xe2\x80\x99 [\x1b[01;35m\x1b[K\x1b]8;;https://gcc.gnu.org/onlinedocs/gcc/Warning-Options.html#index-Wunused-variable\x07-Wunused-variable\x1b]8;;\x07\x1b[m\x1b[K]\n'}
[9.887599] (mission_layer_mvibot) StderrLine: {'line': b'  700 |     static int \x1b[01;35m\x1b[Kt\x1b[m\x1b[K = 0;\n'}
[9.887755] (mission_layer_mvibot) StderrLine: {'line': b'      |                \x1b[01;35m\x1b[K^\x1b[m\x1b[K\n'}
[9.935786] (-) TimerEvent: {}
[10.036745] (-) TimerEvent: {}
[10.137217] (-) TimerEvent: {}
[10.205057] (mission_layer_mvibot) StderrLine: {'line': b'In file included from \x1b[01m\x1b[K/home/mvibot/floorCleaningRobot_ws/src/mission_layer_mvibot/src/mvibot_mission.cpp:6\x1b[m\x1b[K:\n'}
[10.205367] (mission_layer_mvibot) StderrLine: {'line': b'\x1b[01m\x1b[K/home/mvibot/floorCleaningRobot_ws/src/mission_layer_mvibot/src/../include/mission_layer_mvibot/mvibot_mission/marker_function.h:\x1b[m\x1b[K In member function \xe2\x80\x98\x1b[01m\x1b[Kdouble* marker_function::\x1b[01;32m\x1b[Kget_position\x1b[m\x1b[K(std::string, std::string)\x1b[m\x1b[K\xe2\x80\x99:\n'}
[10.205498] (mission_layer_mvibot) StderrLine: {'line': b'\x1b[01m\x1b[K/home/mvibot/floorCleaningRobot_ws/src/mission_layer_mvibot/src/../include/mission_layer_mvibot/mvibot_mission/marker_function.h:206:23:\x1b[m\x1b[K \x1b[01;35m\x1b[Kwarning: \x1b[m\x1b[Kvariable \xe2\x80\x98\x1b[01m\x1b[Kz\x1b[m\x1b[K\xe2\x80\x99 set but not used [\x1b[01;35m\x1b[K\x1b]8;;https://gcc.gnu.org/onlinedocs/gcc/Warning-Options.html#index-Wunused-but-set-variable\x07-Wunused-but-set-variable\x1b]8;;\x07\x1b[m\x1b[K]\n'}
[10.205627] (mission_layer_mvibot) StderrLine: {'line': b'  206 |     static double x,y,\x1b[01;35m\x1b[Kz\x1b[m\x1b[K,thz,thw;\n'}
[10.205880] (mission_layer_mvibot) StderrLine: {'line': b'      |                       \x1b[01;35m\x1b[K^\x1b[m\x1b[K\n'}
[10.208041] (mission_layer_mvibot) StderrLine: {'line': b'\x1b[01m\x1b[K/home/mvibot/floorCleaningRobot_ws/src/mission_layer_mvibot/src/../include/mission_layer_mvibot/mvibot_mission/marker_function.h:\x1b[m\x1b[K In member function \xe2\x80\x98\x1b[01m\x1b[Kint marker_function::\x1b[01;32m\x1b[Kcaculate_transforms_ofset\x1b[m\x1b[K()\x1b[m\x1b[K\xe2\x80\x99:\n'}
[10.208302] (mission_layer_mvibot) StderrLine: {'line': b'\x1b[01m\x1b[K/home/mvibot/floorCleaningRobot_ws/src/mission_layer_mvibot/src/../include/mission_layer_mvibot/mvibot_mission/marker_function.h:254:19:\x1b[m\x1b[K \x1b[01;35m\x1b[Kwarning: \x1b[m\x1b[Kvariable \xe2\x80\x98\x1b[01m\x1b[Ktheta\x1b[m\x1b[K\xe2\x80\x99 set but not used [\x1b[01;35m\x1b[K\x1b]8;;https://gcc.gnu.org/onlinedocs/gcc/Warning-Options.html#index-Wunused-but-set-variable\x07-Wunused-but-set-variable\x1b]8;;\x07\x1b[m\x1b[K]\n'}
[10.208466] (mission_layer_mvibot) StderrLine: {'line': b'  254 |     static double \x1b[01;35m\x1b[Ktheta\x1b[m\x1b[K;\n'}
[10.208583] (mission_layer_mvibot) StderrLine: {'line': b'      |                   \x1b[01;35m\x1b[K^~~~~\x1b[m\x1b[K\n'}
[10.236053] (mission_layer_mvibot) StderrLine: {'line': b'\x1b[01m\x1b[K/home/mvibot/floorCleaningRobot_ws/src/mission_layer_mvibot/src/../include/mission_layer_mvibot/mvibot_mission/marker_function.h:\x1b[m\x1b[K In member function \xe2\x80\x98\x1b[01m\x1b[Kint marker_function::\x1b[01;32m\x1b[Kmove_to_goal\x1b[m\x1b[K()\x1b[m\x1b[K\xe2\x80\x99:\n'}
[10.236368] (mission_layer_mvibot) StderrLine: {'line': b'\x1b[01m\x1b[K/home/mvibot/floorCleaningRobot_ws/src/mission_layer_mvibot/src/../include/mission_layer_mvibot/mvibot_mission/marker_function.h:442:21:\x1b[m\x1b[K \x1b[01;35m\x1b[Kwarning: \x1b[m\x1b[Kvariable \xe2\x80\x98\x1b[01m\x1b[Ky\x1b[m\x1b[K\xe2\x80\x99 set but not used [\x1b[01;35m\x1b[K\x1b]8;;https://gcc.gnu.org/onlinedocs/gcc/Warning-Options.html#index-Wunused-but-set-variable\x07-Wunused-but-set-variable\x1b]8;;\x07\x1b[m\x1b[K]\n'}
[10.236538] (mission_layer_mvibot) StderrLine: {'line': b'  442 |     static double x,\x1b[01;35m\x1b[Ky\x1b[m\x1b[K;\n'}
[10.236767] (mission_layer_mvibot) StderrLine: {'line': b'      |                     \x1b[01;35m\x1b[K^\x1b[m\x1b[K\n'}
[10.237247] (-) TimerEvent: {}
[10.274574] (mission_layer_mvibot) StderrLine: {'line': b'In file included from \x1b[01m\x1b[K/home/mvibot/floorCleaningRobot_ws/src/mission_layer_mvibot/src/mvibot_mission.cpp:7\x1b[m\x1b[K:\n'}
[10.274808] (mission_layer_mvibot) StderrLine: {'line': b'\x1b[01m\x1b[K/home/mvibot/floorCleaningRobot_ws/src/mission_layer_mvibot/src/../include/mission_layer_mvibot/mvibot_mission/variable_function.h:\x1b[m\x1b[K In member function \xe2\x80\x98\x1b[01m\x1b[Kvoid multiple_variable_local::\x1b[01;32m\x1b[Kadd_var\x1b[m\x1b[K(variable_local)\x1b[m\x1b[K\xe2\x80\x99:\n'}
[10.274911] (mission_layer_mvibot) StderrLine: {'line': b'\x1b[01m\x1b[K/home/mvibot/floorCleaningRobot_ws/src/mission_layer_mvibot/src/../include/mission_layer_mvibot/mvibot_mission/variable_function.h:31:18:\x1b[m\x1b[K \x1b[01;35m\x1b[Kwarning: \x1b[m\x1b[Kcomparison of integer expressions of different signedness: \xe2\x80\x98\x1b[01m\x1b[Kint\x1b[m\x1b[K\xe2\x80\x99 and \xe2\x80\x98\x1b[01m\x1b[Kstd::vector<variable_local>::size_type\x1b[m\x1b[K\xe2\x80\x99 {aka \xe2\x80\x98\x1b[01m\x1b[Klong unsigned int\x1b[m\x1b[K\xe2\x80\x99} [\x1b[01;35m\x1b[K\x1b]8;;https://gcc.gnu.org/onlinedocs/gcc/Warning-Options.html#index-Wsign-compare\x07-Wsign-compare\x1b]8;;\x07\x1b[m\x1b[K]\n'}
[10.275023] (mission_layer_mvibot) StderrLine: {'line': b'   31 |     for(int i=0;\x1b[01;35m\x1b[Ki<var.size()\x1b[m\x1b[K;i++){\n'}
[10.275133] (mission_layer_mvibot) StderrLine: {'line': b'      |                 \x1b[01;35m\x1b[K~^~~~~~~~~~~\x1b[m\x1b[K\n'}
[10.275840] (mission_layer_mvibot) StderrLine: {'line': b'\x1b[01m\x1b[K/home/mvibot/floorCleaningRobot_ws/src/mission_layer_mvibot/src/../include/mission_layer_mvibot/mvibot_mission/variable_function.h:\x1b[m\x1b[K In member function \xe2\x80\x98\x1b[01m\x1b[Kvoid multiple_variable_local::\x1b[01;32m\x1b[Kupdate_var\x1b[m\x1b[K(variable_local)\x1b[m\x1b[K\xe2\x80\x99:\n'}
[10.276039] (mission_layer_mvibot) StderrLine: {'line': b'\x1b[01m\x1b[K/home/mvibot/floorCleaningRobot_ws/src/mission_layer_mvibot/src/../include/mission_layer_mvibot/mvibot_mission/variable_function.h:45:18:\x1b[m\x1b[K \x1b[01;35m\x1b[Kwarning: \x1b[m\x1b[Kcomparison of integer expressions of different signedness: \xe2\x80\x98\x1b[01m\x1b[Kint\x1b[m\x1b[K\xe2\x80\x99 and \xe2\x80\x98\x1b[01m\x1b[Kstd::vector<variable_local>::size_type\x1b[m\x1b[K\xe2\x80\x99 {aka \xe2\x80\x98\x1b[01m\x1b[Klong unsigned int\x1b[m\x1b[K\xe2\x80\x99} [\x1b[01;35m\x1b[K\x1b]8;;https://gcc.gnu.org/onlinedocs/gcc/Warning-Options.html#index-Wsign-compare\x07-Wsign-compare\x1b]8;;\x07\x1b[m\x1b[K]\n'}
[10.276171] (mission_layer_mvibot) StderrLine: {'line': b'   45 |     for(int i=0;\x1b[01;35m\x1b[Ki<var.size()\x1b[m\x1b[K;i++){\n'}
[10.276281] (mission_layer_mvibot) StderrLine: {'line': b'      |                 \x1b[01;35m\x1b[K~^~~~~~~~~~~\x1b[m\x1b[K\n'}
[10.276738] (mission_layer_mvibot) StderrLine: {'line': b'\x1b[01m\x1b[K/home/mvibot/floorCleaningRobot_ws/src/mission_layer_mvibot/src/../include/mission_layer_mvibot/mvibot_mission/variable_function.h:\x1b[m\x1b[K In member function \xe2\x80\x98\x1b[01m\x1b[Kvoid multiple_variable_local::\x1b[01;32m\x1b[Kreset_all\x1b[m\x1b[K()\x1b[m\x1b[K\xe2\x80\x99:\n'}
[10.276863] (mission_layer_mvibot) StderrLine: {'line': b'\x1b[01m\x1b[K/home/mvibot/floorCleaningRobot_ws/src/mission_layer_mvibot/src/../include/mission_layer_mvibot/mvibot_mission/variable_function.h:58:18:\x1b[m\x1b[K \x1b[01;35m\x1b[Kwarning: \x1b[m\x1b[Kcomparison of integer expressions of different signedness: \xe2\x80\x98\x1b[01m\x1b[Kint\x1b[m\x1b[K\xe2\x80\x99 and \xe2\x80\x98\x1b[01m\x1b[Kstd::vector<variable_local>::size_type\x1b[m\x1b[K\xe2\x80\x99 {aka \xe2\x80\x98\x1b[01m\x1b[Klong unsigned int\x1b[m\x1b[K\xe2\x80\x99} [\x1b[01;35m\x1b[K\x1b]8;;https://gcc.gnu.org/onlinedocs/gcc/Warning-Options.html#index-Wsign-compare\x07-Wsign-compare\x1b]8;;\x07\x1b[m\x1b[K]\n'}
[10.277007] (mission_layer_mvibot) StderrLine: {'line': b'   58 |     for(int i=0;\x1b[01;35m\x1b[Ki<var.size()\x1b[m\x1b[K;i++){\n'}
[10.277126] (mission_layer_mvibot) StderrLine: {'line': b'      |                 \x1b[01;35m\x1b[K~^~~~~~~~~~~\x1b[m\x1b[K\n'}
[10.277491] (mission_layer_mvibot) StderrLine: {'line': b'\x1b[01m\x1b[K/home/mvibot/floorCleaningRobot_ws/src/mission_layer_mvibot/src/../include/mission_layer_mvibot/mvibot_mission/variable_function.h:\x1b[m\x1b[K In member function \xe2\x80\x98\x1b[01m\x1b[Kvoid multiple_variable_local::\x1b[01;32m\x1b[Kprint\x1b[m\x1b[K()\x1b[m\x1b[K\xe2\x80\x99:\n'}
[10.277847] (mission_layer_mvibot) StderrLine: {'line': b'\x1b[01m\x1b[K/home/mvibot/floorCleaningRobot_ws/src/mission_layer_mvibot/src/../include/mission_layer_mvibot/mvibot_mission/variable_function.h:68:18:\x1b[m\x1b[K \x1b[01;35m\x1b[Kwarning: \x1b[m\x1b[Kcomparison of integer expressions of different signedness: \xe2\x80\x98\x1b[01m\x1b[Kint\x1b[m\x1b[K\xe2\x80\x99 and \xe2\x80\x98\x1b[01m\x1b[Kstd::vector<variable_local>::size_type\x1b[m\x1b[K\xe2\x80\x99 {aka \xe2\x80\x98\x1b[01m\x1b[Klong unsigned int\x1b[m\x1b[K\xe2\x80\x99} [\x1b[01;35m\x1b[K\x1b]8;;https://gcc.gnu.org/onlinedocs/gcc/Warning-Options.html#index-Wsign-compare\x07-Wsign-compare\x1b]8;;\x07\x1b[m\x1b[K]\n'}
[10.278117] (mission_layer_mvibot) StderrLine: {'line': b'   68 |     for(int i=0;\x1b[01;35m\x1b[Ki<var.size()\x1b[m\x1b[K;i++){\n'}
[10.278456] (mission_layer_mvibot) StderrLine: {'line': b'      |                 \x1b[01;35m\x1b[K~^~~~~~~~~~~\x1b[m\x1b[K\n'}
[10.300070] (mission_layer_mvibot) StderrLine: {'line': b'\x1b[01m\x1b[K/home/mvibot/floorCleaningRobot_ws/src/mission_layer_mvibot/src/../include/mission_layer_mvibot/mvibot_mission/variable_function.h:\x1b[m\x1b[K In member function \xe2\x80\x98\x1b[01m\x1b[Kint variable_function::\x1b[01;32m\x1b[Kaction\x1b[m\x1b[K()\x1b[m\x1b[K\xe2\x80\x99:\n'}
[10.300375] (mission_layer_mvibot) StderrLine: {'line': b'\x1b[01m\x1b[K/home/mvibot/floorCleaningRobot_ws/src/mission_layer_mvibot/src/../include/mission_layer_mvibot/mvibot_mission/variable_function.h:195:26:\x1b[m\x1b[K \x1b[01;35m\x1b[Kwarning: \x1b[m\x1b[Kcomparison of integer expressions of different signedness: \xe2\x80\x98\x1b[01m\x1b[Kint\x1b[m\x1b[K\xe2\x80\x99 and \xe2\x80\x98\x1b[01m\x1b[Kstd::vector<variable_local>::size_type\x1b[m\x1b[K\xe2\x80\x99 {aka \xe2\x80\x98\x1b[01m\x1b[Klong unsigned int\x1b[m\x1b[K\xe2\x80\x99} [\x1b[01;35m\x1b[K\x1b]8;;https://gcc.gnu.org/onlinedocs/gcc/Warning-Options.html#index-Wsign-compare\x07-Wsign-compare\x1b]8;;\x07\x1b[m\x1b[K]\n'}
[10.300626] (mission_layer_mvibot) StderrLine: {'line': b'  195 |             for(int i=0;\x1b[01;35m\x1b[Ki<my_vars_local.var.size()\x1b[m\x1b[K;i++){\n'}
[10.300844] (mission_layer_mvibot) StderrLine: {'line': b'      |                         \x1b[01;35m\x1b[K~^~~~~~~~~~~~~~~~~~~~~~~~~\x1b[m\x1b[K\n'}
[10.337452] (-) TimerEvent: {}
[10.423424] (mission_layer_mvibot) StderrLine: {'line': b'In file included from \x1b[01m\x1b[K/home/mvibot/floorCleaningRobot_ws/src/mission_layer_mvibot/src/mvibot_mission.cpp:8\x1b[m\x1b[K:\n'}
[10.423709] (mission_layer_mvibot) StderrLine: {'line': b'\x1b[01m\x1b[K/home/mvibot/floorCleaningRobot_ws/src/mission_layer_mvibot/src/../include/mission_layer_mvibot/mvibot_mission/gpio_function.h:\x1b[m\x1b[K In member function \xe2\x80\x98\x1b[01m\x1b[Kint gpio_function::\x1b[01;32m\x1b[Kaction\x1b[m\x1b[K()\x1b[m\x1b[K\xe2\x80\x99:\n'}
[10.423846] (mission_layer_mvibot) StderrLine: {'line': b'\x1b[01m\x1b[K/home/mvibot/floorCleaningRobot_ws/src/mission_layer_mvibot/src/../include/mission_layer_mvibot/mvibot_mission/gpio_function.h:143:16:\x1b[m\x1b[K \x1b[01;35m\x1b[Kwarning: \x1b[m\x1b[Kunused variable \xe2\x80\x98\x1b[01m\x1b[Kvalue_return\x1b[m\x1b[K\xe2\x80\x99 [\x1b[01;35m\x1b[K\x1b]8;;https://gcc.gnu.org/onlinedocs/gcc/Warning-Options.html#index-Wunused-variable\x07-Wunused-variable\x1b]8;;\x07\x1b[m\x1b[K]\n'}
[10.423938] (mission_layer_mvibot) StderrLine: {'line': b'  143 |     static int \x1b[01;35m\x1b[Kvalue_return\x1b[m\x1b[K;\n'}
[10.424044] (mission_layer_mvibot) StderrLine: {'line': b'      |                \x1b[01;35m\x1b[K^~~~~~~~~~~~\x1b[m\x1b[K\n'}
[10.437650] (-) TimerEvent: {}
[10.538538] (-) TimerEvent: {}
[10.638864] (-) TimerEvent: {}
[10.739293] (-) TimerEvent: {}
[10.839932] (-) TimerEvent: {}
[10.940288] (-) TimerEvent: {}
[11.040701] (-) TimerEvent: {}
[11.141109] (-) TimerEvent: {}
[11.242388] (-) TimerEvent: {}
[11.342710] (-) TimerEvent: {}
[11.443241] (-) TimerEvent: {}
[11.543443] (-) TimerEvent: {}
[11.643828] (-) TimerEvent: {}
[11.744561] (-) TimerEvent: {}
[11.845120] (-) TimerEvent: {}
[11.945415] (-) TimerEvent: {}
[12.045711] (-) TimerEvent: {}
[12.146033] (-) TimerEvent: {}
[12.246382] (-) TimerEvent: {}
[12.346739] (-) TimerEvent: {}
[12.447042] (-) TimerEvent: {}
[12.547306] (-) TimerEvent: {}
[12.647565] (-) TimerEvent: {}
[12.747830] (-) TimerEvent: {}
[12.848094] (-) TimerEvent: {}
[12.948460] (-) TimerEvent: {}
[13.048725] (-) TimerEvent: {}
[13.149009] (-) TimerEvent: {}
[13.249484] (-) TimerEvent: {}
[13.349896] (-) TimerEvent: {}
[13.450272] (-) TimerEvent: {}
[13.550582] (-) TimerEvent: {}
[13.650877] (-) TimerEvent: {}
[13.751138] (-) TimerEvent: {}
[13.851400] (-) TimerEvent: {}
[13.951666] (-) TimerEvent: {}
[14.051996] (-) TimerEvent: {}
[14.152323] (-) TimerEvent: {}
[14.252583] (-) TimerEvent: {}
[14.352942] (-) TimerEvent: {}
[14.453249] (-) TimerEvent: {}
[14.553627] (-) TimerEvent: {}
[14.654011] (-) TimerEvent: {}
[14.755183] (-) TimerEvent: {}
[14.855537] (-) TimerEvent: {}
[14.955912] (-) TimerEvent: {}
[15.056239] (-) TimerEvent: {}
[15.156859] (-) TimerEvent: {}
[15.257184] (-) TimerEvent: {}
[15.357548] (-) TimerEvent: {}
[15.457872] (-) TimerEvent: {}
[15.558147] (-) TimerEvent: {}
[15.658446] (-) TimerEvent: {}
[15.758703] (-) TimerEvent: {}
[15.858980] (-) TimerEvent: {}
[15.959268] (-) TimerEvent: {}
[16.059547] (-) TimerEvent: {}
[16.160178] (-) TimerEvent: {}
[16.260558] (-) TimerEvent: {}
[16.360827] (-) TimerEvent: {}
[16.461224] (-) TimerEvent: {}
[16.561619] (-) TimerEvent: {}
[16.662065] (-) TimerEvent: {}
[16.762552] (-) TimerEvent: {}
[16.862885] (-) TimerEvent: {}
[16.963143] (-) TimerEvent: {}
[17.063752] (-) TimerEvent: {}
[17.164166] (-) TimerEvent: {}
[17.264534] (-) TimerEvent: {}
[17.365226] (-) TimerEvent: {}
[17.465656] (-) TimerEvent: {}
[17.566529] (-) TimerEvent: {}
[17.666792] (-) TimerEvent: {}
[17.767067] (-) TimerEvent: {}
[17.867468] (-) TimerEvent: {}
[17.967802] (-) TimerEvent: {}
[18.068114] (-) TimerEvent: {}
[18.168371] (-) TimerEvent: {}
[18.268656] (-) TimerEvent: {}
[18.369210] (-) TimerEvent: {}
[18.469755] (-) TimerEvent: {}
[18.570217] (-) TimerEvent: {}
[18.670800] (-) TimerEvent: {}
[18.772293] (-) TimerEvent: {}
[18.873762] (-) TimerEvent: {}
[18.974170] (-) TimerEvent: {}
[19.074598] (-) TimerEvent: {}
[19.175282] (-) TimerEvent: {}
[19.275614] (-) TimerEvent: {}
[19.376004] (-) TimerEvent: {}
[19.478027] (-) TimerEvent: {}
[19.578373] (-) TimerEvent: {}
[19.678653] (-) TimerEvent: {}
[19.779745] (-) TimerEvent: {}
[19.880017] (-) TimerEvent: {}
[19.980293] (-) TimerEvent: {}
[20.080971] (-) TimerEvent: {}
[20.181441] (-) TimerEvent: {}
[20.282020] (-) TimerEvent: {}
[20.382487] (-) TimerEvent: {}
[20.483055] (-) TimerEvent: {}
[20.583491] (-) TimerEvent: {}
[20.683767] (-) TimerEvent: {}
[20.784170] (-) TimerEvent: {}
[20.884627] (-) TimerEvent: {}
[20.985155] (-) TimerEvent: {}
[21.085566] (-) TimerEvent: {}
[21.185820] (-) TimerEvent: {}
[21.287304] (-) TimerEvent: {}
[21.387607] (-) TimerEvent: {}
[21.487977] (-) TimerEvent: {}
[21.588398] (-) TimerEvent: {}
[21.689423] (-) TimerEvent: {}
[21.789968] (-) TimerEvent: {}
[21.890468] (-) TimerEvent: {}
[21.990808] (-) TimerEvent: {}
[22.091115] (-) TimerEvent: {}
[22.191390] (-) TimerEvent: {}
[22.291722] (-) TimerEvent: {}
[22.392094] (-) TimerEvent: {}
[22.492462] (-) TimerEvent: {}
[22.592754] (-) TimerEvent: {}
[22.693013] (-) TimerEvent: {}
[22.793306] (-) TimerEvent: {}
[22.893580] (-) TimerEvent: {}
[22.993961] (-) TimerEvent: {}
[23.094286] (-) TimerEvent: {}
[23.194572] (-) TimerEvent: {}
[23.294859] (-) TimerEvent: {}
[23.395109] (-) TimerEvent: {}
[23.495366] (-) TimerEvent: {}
[23.595636] (-) TimerEvent: {}
[23.695958] (-) TimerEvent: {}
[23.796309] (-) TimerEvent: {}
[23.896595] (-) TimerEvent: {}
[23.997461] (-) TimerEvent: {}
[24.097722] (-) TimerEvent: {}
[24.198002] (-) TimerEvent: {}
[24.298268] (-) TimerEvent: {}
[24.398622] (-) TimerEvent: {}
[24.499085] (-) TimerEvent: {}
[24.599717] (-) TimerEvent: {}
[24.700005] (-) TimerEvent: {}
[24.800377] (-) TimerEvent: {}
[24.900682] (-) TimerEvent: {}
[25.000937] (-) TimerEvent: {}
[25.101203] (-) TimerEvent: {}
[25.201473] (-) TimerEvent: {}
[25.301793] (-) TimerEvent: {}
[25.402477] (-) TimerEvent: {}
[25.502879] (-) TimerEvent: {}
[25.603181] (-) TimerEvent: {}
[25.703469] (-) TimerEvent: {}
[25.803758] (-) TimerEvent: {}
[25.904067] (-) TimerEvent: {}
[26.004427] (-) TimerEvent: {}
[26.105121] (-) TimerEvent: {}
[26.205402] (-) TimerEvent: {}
[26.305730] (-) TimerEvent: {}
[26.405978] (-) TimerEvent: {}
[26.506190] (-) TimerEvent: {}
[26.606431] (-) TimerEvent: {}
[26.706687] (-) TimerEvent: {}
[26.806945] (-) TimerEvent: {}
[26.907253] (-) TimerEvent: {}
[27.007552] (-) TimerEvent: {}
[27.107820] (-) TimerEvent: {}
[27.208087] (-) TimerEvent: {}
[27.308426] (-) TimerEvent: {}
[27.408799] (-) TimerEvent: {}
[27.509532] (-) TimerEvent: {}
[27.609807] (-) TimerEvent: {}
[27.710047] (-) TimerEvent: {}
[27.810303] (-) TimerEvent: {}
[27.910547] (-) TimerEvent: {}
[28.011394] (-) TimerEvent: {}
[28.111686] (-) TimerEvent: {}
[28.212129] (-) TimerEvent: {}
[28.312402] (-) TimerEvent: {}
[28.412697] (-) TimerEvent: {}
[28.512971] (-) TimerEvent: {}
[28.613234] (-) TimerEvent: {}
[28.713496] (-) TimerEvent: {}
[28.813742] (-) TimerEvent: {}
[28.914050] (-) TimerEvent: {}
[29.014291] (-) TimerEvent: {}
[29.114629] (-) TimerEvent: {}
[29.215049] (-) TimerEvent: {}
[29.315427] (-) TimerEvent: {}
[29.416153] (-) TimerEvent: {}
[29.517003] (-) TimerEvent: {}
[29.617334] (-) TimerEvent: {}
[29.717572] (-) TimerEvent: {}
[29.817999] (-) TimerEvent: {}
[29.918248] (-) TimerEvent: {}
[30.018516] (-) TimerEvent: {}
[30.118822] (-) TimerEvent: {}
[30.219352] (-) TimerEvent: {}
[30.319642] (-) TimerEvent: {}
[30.420154] (-) TimerEvent: {}
[30.520731] (-) TimerEvent: {}
[30.621164] (-) TimerEvent: {}
[30.721833] (-) TimerEvent: {}
[30.822414] (-) TimerEvent: {}
[30.923460] (-) TimerEvent: {}
[31.023976] (-) TimerEvent: {}
[31.124598] (-) TimerEvent: {}
[31.224996] (-) TimerEvent: {}
[31.326083] (-) TimerEvent: {}
[31.427717] (-) TimerEvent: {}
[31.528064] (-) TimerEvent: {}
[31.628311] (-) TimerEvent: {}
[31.728621] (-) TimerEvent: {}
[31.828934] (-) TimerEvent: {}
[31.929204] (-) TimerEvent: {}
[32.029526] (-) TimerEvent: {}
[32.129806] (-) TimerEvent: {}
[32.230052] (-) TimerEvent: {}
[32.330357] (-) TimerEvent: {}
[32.389061] (mission_layer_mvibot) StderrLine: {'line': b'\x1b[01m\x1b[K/home/mvibot/floorCleaningRobot_ws/src/mission_layer_mvibot/src/../include/mission_layer_mvibot/mvibot_mission/manage_mission.h:\x1b[m\x1b[K In member function \xe2\x80\x98\x1b[01m\x1b[Kint manage_mission::\x1b[01;32m\x1b[Khandle_content\x1b[m\x1b[K(const json&, const double&, double&, int&, rclcpp::Publisher<std_msgs::msg::String_<std::allocator<void> > >::SharedPtr, rclcpp::Publisher<std_msgs::msg::String_<std::allocator<void> > >::SharedPtr)\x1b[m\x1b[K\xe2\x80\x99:\n'}
[32.389712] (mission_layer_mvibot) StderrLine: {'line': b'\x1b[01m\x1b[K/home/mvibot/floorCleaningRobot_ws/src/mission_layer_mvibot/src/../include/mission_layer_mvibot/mvibot_mission/manage_mission.h:870:1:\x1b[m\x1b[K \x1b[01;35m\x1b[Kwarning: \x1b[m\x1b[Kcontrol reaches end of non-void function [\x1b[01;35m\x1b[K\x1b]8;;https://gcc.gnu.org/onlinedocs/gcc/Warning-Options.html#index-Wreturn-type\x07-Wreturn-type\x1b]8;;\x07\x1b[m\x1b[K]\n'}
[32.389994] (mission_layer_mvibot) StderrLine: {'line': b'  870 | \x1b[01;35m\x1b[K}\x1b[m\x1b[K\n'}
[32.390243] (mission_layer_mvibot) StderrLine: {'line': b'      | \x1b[01;35m\x1b[K^\x1b[m\x1b[K\n'}
[32.430467] (-) TimerEvent: {}
[32.530875] (-) TimerEvent: {}
[32.598146] (mission_layer_mvibot) StderrLine: {'line': b'\x1b[01m\x1b[K/home/mvibot/floorCleaningRobot_ws/src/mission_layer_mvibot/src/../include/mission_layer_mvibot/mvibot_mission/navigation_function.h:\x1b[m\x1b[K In member function \xe2\x80\x98\x1b[01m\x1b[Kint navigation_function::\x1b[01;32m\x1b[Kaction\x1b[m\x1b[K()\x1b[m\x1b[K\xe2\x80\x99:\n'}
[32.598614] (mission_layer_mvibot) StderrLine: {'line': b'\x1b[01m\x1b[K/home/mvibot/floorCleaningRobot_ws/src/mission_layer_mvibot/src/../include/mission_layer_mvibot/mvibot_mission/navigation_function.h:966:1:\x1b[m\x1b[K \x1b[01;35m\x1b[Kwarning: \x1b[m\x1b[Kcontrol reaches end of non-void function [\x1b[01;35m\x1b[K\x1b]8;;https://gcc.gnu.org/onlinedocs/gcc/Warning-Options.html#index-Wreturn-type\x07-Wreturn-type\x1b]8;;\x07\x1b[m\x1b[K]\n'}
[32.600249] (mission_layer_mvibot) StderrLine: {'line': b'  966 | \x1b[01;35m\x1b[K}\x1b[m\x1b[K\n'}
[32.600385] (mission_layer_mvibot) StderrLine: {'line': b'      | \x1b[01;35m\x1b[K^\x1b[m\x1b[K\n'}
[32.630962] (-) TimerEvent: {}
[32.691842] (mission_layer_mvibot) StderrLine: {'line': b'\x1b[01m\x1b[K/home/mvibot/floorCleaningRobot_ws/src/mission_layer_mvibot/src/../include/mission_layer_mvibot/mvibot_mission/marker_function.h:\x1b[m\x1b[K In member function \xe2\x80\x98\x1b[01m\x1b[Kint marker_function::\x1b[01;32m\x1b[Kaction\x1b[m\x1b[K()\x1b[m\x1b[K\xe2\x80\x99:\n'}
[32.692910] (mission_layer_mvibot) StderrLine: {'line': b'\x1b[01m\x1b[K/home/mvibot/floorCleaningRobot_ws/src/mission_layer_mvibot/src/../include/mission_layer_mvibot/mvibot_mission/marker_function.h:906:1:\x1b[m\x1b[K \x1b[01;35m\x1b[Kwarning: \x1b[m\x1b[Kcontrol reaches end of non-void function [\x1b[01;35m\x1b[K\x1b]8;;https://gcc.gnu.org/onlinedocs/gcc/Warning-Options.html#index-Wreturn-type\x07-Wreturn-type\x1b]8;;\x07\x1b[m\x1b[K]\n'}
[32.693168] (mission_layer_mvibot) StderrLine: {'line': b'  906 | \x1b[01;35m\x1b[K}\x1b[m\x1b[K\n'}
[32.693325] (mission_layer_mvibot) StderrLine: {'line': b'      | \x1b[01;35m\x1b[K^\x1b[m\x1b[K\n'}
[32.709254] (mission_layer_mvibot) StderrLine: {'line': b'In file included from \x1b[01m\x1b[K/home/mvibot/floorCleaningRobot_ws/src/mission_layer_mvibot/src/mvibot_mission.cpp:13\x1b[m\x1b[K:\n'}
[32.709539] (mission_layer_mvibot) StderrLine: {'line': b'\x1b[01m\x1b[K/home/mvibot/floorCleaningRobot_ws/src/mission_layer_mvibot/src/../include/mission_layer_mvibot/mvibot_mission/lift_function.h:\x1b[m\x1b[K In member function \xe2\x80\x98\x1b[01m\x1b[Kint lift_function::\x1b[01;32m\x1b[Kaction\x1b[m\x1b[K()\x1b[m\x1b[K\xe2\x80\x99:\n'}
[32.709736] (mission_layer_mvibot) StderrLine: {'line': b'\x1b[01m\x1b[K/home/mvibot/floorCleaningRobot_ws/src/mission_layer_mvibot/src/../include/mission_layer_mvibot/mvibot_mission/lift_function.h:203:1:\x1b[m\x1b[K \x1b[01;35m\x1b[Kwarning: \x1b[m\x1b[Kcontrol reaches end of non-void function [\x1b[01;35m\x1b[K\x1b]8;;https://gcc.gnu.org/onlinedocs/gcc/Warning-Options.html#index-Wreturn-type\x07-Wreturn-type\x1b]8;;\x07\x1b[m\x1b[K]\n'}
[32.709914] (mission_layer_mvibot) StderrLine: {'line': b'  203 | \x1b[01;35m\x1b[K}\x1b[m\x1b[K\n'}
[32.710054] (mission_layer_mvibot) StderrLine: {'line': b'      | \x1b[01;35m\x1b[K^\x1b[m\x1b[K\n'}
[32.717909] (mission_layer_mvibot) StderrLine: {'line': b'In file included from \x1b[01m\x1b[K/home/mvibot/floorCleaningRobot_ws/src/mission_layer_mvibot/src/mvibot_mission.cpp:14\x1b[m\x1b[K:\n'}
[32.718141] (mission_layer_mvibot) StderrLine: {'line': b'\x1b[01m\x1b[K/home/mvibot/floorCleaningRobot_ws/src/mission_layer_mvibot/src/../include/mission_layer_mvibot/mvibot_mission/map_function.h:\x1b[m\x1b[K In member function \xe2\x80\x98\x1b[01m\x1b[Kint loadmap_function::\x1b[01;32m\x1b[Kaction\x1b[m\x1b[K()\x1b[m\x1b[K\xe2\x80\x99:\n'}
[32.718257] (mission_layer_mvibot) StderrLine: {'line': b'\x1b[01m\x1b[K/home/mvibot/floorCleaningRobot_ws/src/mission_layer_mvibot/src/../include/mission_layer_mvibot/mvibot_mission/map_function.h:160:1:\x1b[m\x1b[K \x1b[01;35m\x1b[Kwarning: \x1b[m\x1b[Kcontrol reaches end of non-void function [\x1b[01;35m\x1b[K\x1b]8;;https://gcc.gnu.org/onlinedocs/gcc/Warning-Options.html#index-Wreturn-type\x07-Wreturn-type\x1b]8;;\x07\x1b[m\x1b[K]\n'}
[32.718363] (mission_layer_mvibot) StderrLine: {'line': b'  160 | \x1b[01;35m\x1b[K}\x1b[m\x1b[K\n'}
[32.718465] (mission_layer_mvibot) StderrLine: {'line': b'      | \x1b[01;35m\x1b[K^\x1b[m\x1b[K\n'}
[32.731052] (-) TimerEvent: {}
[32.831331] (-) TimerEvent: {}
[32.931635] (-) TimerEvent: {}
[33.031878] (-) TimerEvent: {}
[33.132212] (-) TimerEvent: {}
[33.232520] (-) TimerEvent: {}
[33.332913] (-) TimerEvent: {}
[33.433195] (-) TimerEvent: {}
[33.533463] (-) TimerEvent: {}
[33.633728] (-) TimerEvent: {}
[33.733987] (-) TimerEvent: {}
[33.834238] (-) TimerEvent: {}
[33.934538] (-) TimerEvent: {}
[34.034838] (-) TimerEvent: {}
[34.135134] (-) TimerEvent: {}
[34.235411] (-) TimerEvent: {}
[34.335744] (-) TimerEvent: {}
[34.436394] (-) TimerEvent: {}
[34.536699] (-) TimerEvent: {}
[34.636995] (-) TimerEvent: {}
[34.737325] (-) TimerEvent: {}
[34.837632] (-) TimerEvent: {}
[34.938005] (-) TimerEvent: {}
[35.038381] (-) TimerEvent: {}
[35.138720] (-) TimerEvent: {}
[35.239096] (-) TimerEvent: {}
[35.339390] (-) TimerEvent: {}
[35.441054] (-) TimerEvent: {}
[35.541361] (-) TimerEvent: {}
[35.641631] (-) TimerEvent: {}
[35.741910] (-) TimerEvent: {}
[35.842191] (-) TimerEvent: {}
[35.942516] (-) TimerEvent: {}
[36.043018] (-) TimerEvent: {}
[36.143591] (-) TimerEvent: {}
[36.244698] (-) TimerEvent: {}
[36.345055] (-) TimerEvent: {}
[36.445709] (-) TimerEvent: {}
[36.546218] (-) TimerEvent: {}
[36.646661] (-) TimerEvent: {}
[36.747265] (-) TimerEvent: {}
[36.847598] (-) TimerEvent: {}
[36.948738] (-) TimerEvent: {}
[37.049095] (-) TimerEvent: {}
[37.149428] (-) TimerEvent: {}
[37.249727] (-) TimerEvent: {}
[37.350066] (-) TimerEvent: {}
[37.450390] (-) TimerEvent: {}
[37.550646] (-) TimerEvent: {}
[37.650921] (-) TimerEvent: {}
[37.751316] (-) TimerEvent: {}
[37.851889] (-) TimerEvent: {}
[37.952195] (-) TimerEvent: {}
[38.052466] (-) TimerEvent: {}
[38.152740] (-) TimerEvent: {}
[38.253738] (-) TimerEvent: {}
[38.354177] (-) TimerEvent: {}
[38.454604] (-) TimerEvent: {}
[38.555729] (-) TimerEvent: {}
[38.656058] (-) TimerEvent: {}
[38.756375] (-) TimerEvent: {}
[38.856762] (-) TimerEvent: {}
[38.957060] (-) TimerEvent: {}
[39.057376] (-) TimerEvent: {}
[39.157737] (-) TimerEvent: {}
[39.258068] (-) TimerEvent: {}
[39.358357] (-) TimerEvent: {}
[39.458813] (-) TimerEvent: {}
[39.559125] (-) TimerEvent: {}
[39.659491] (-) TimerEvent: {}
[39.759866] (-) TimerEvent: {}
[39.860167] (-) TimerEvent: {}
[39.960479] (-) TimerEvent: {}
[40.060825] (-) TimerEvent: {}
[40.161148] (-) TimerEvent: {}
[40.261444] (-) TimerEvent: {}
[40.361899] (-) TimerEvent: {}
[40.462272] (-) TimerEvent: {}
[40.562560] (-) TimerEvent: {}
[40.662869] (-) TimerEvent: {}
[40.763189] (-) TimerEvent: {}
[40.863716] (-) TimerEvent: {}
[40.963996] (-) TimerEvent: {}
[41.064273] (-) TimerEvent: {}
[41.164622] (-) TimerEvent: {}
[41.264949] (-) TimerEvent: {}
[41.365336] (-) TimerEvent: {}
[41.466032] (-) TimerEvent: {}
[41.566568] (-) TimerEvent: {}
[41.666904] (-) TimerEvent: {}
[41.767240] (-) TimerEvent: {}
[41.867492] (-) TimerEvent: {}
[41.967809] (-) TimerEvent: {}
[42.068267] (-) TimerEvent: {}
[42.168876] (-) TimerEvent: {}
[42.269561] (-) TimerEvent: {}
[42.369979] (-) TimerEvent: {}
[42.470270] (-) TimerEvent: {}
[42.570662] (-) TimerEvent: {}
[42.671416] (-) TimerEvent: {}
[42.772883] (-) TimerEvent: {}
[42.873170] (-) TimerEvent: {}
[42.973555] (-) TimerEvent: {}
[43.073840] (-) TimerEvent: {}
[43.174254] (-) TimerEvent: {}
[43.274656] (-) TimerEvent: {}
[43.376504] (-) TimerEvent: {}
[43.476947] (-) TimerEvent: {}
[43.577248] (-) TimerEvent: {}
[43.677561] (-) TimerEvent: {}
[43.778741] (-) TimerEvent: {}
[43.879034] (-) TimerEvent: {}
[43.979274] (-) TimerEvent: {}
[44.079527] (-) TimerEvent: {}
[44.179806] (-) TimerEvent: {}
[44.280090] (-) TimerEvent: {}
[44.380452] (-) TimerEvent: {}
[44.480837] (-) TimerEvent: {}
[44.581196] (-) TimerEvent: {}
[44.681631] (-) TimerEvent: {}
[44.782321] (-) TimerEvent: {}
[44.883334] (-) TimerEvent: {}
[44.983729] (-) TimerEvent: {}
[45.084223] (-) TimerEvent: {}
[45.184571] (-) TimerEvent: {}
[45.284949] (-) TimerEvent: {}
[45.385365] (-) TimerEvent: {}
[45.485613] (-) TimerEvent: {}
[45.586032] (-) TimerEvent: {}
[45.686421] (-) TimerEvent: {}
[45.786880] (-) TimerEvent: {}
[45.887977] (-) TimerEvent: {}
[45.988341] (-) TimerEvent: {}
[46.088725] (-) TimerEvent: {}
[46.189001] (-) TimerEvent: {}
[46.289734] (-) TimerEvent: {}
[46.390044] (-) TimerEvent: {}
[46.490386] (-) TimerEvent: {}
[46.590751] (-) TimerEvent: {}
[46.690961] (-) TimerEvent: {}
[46.791300] (-) TimerEvent: {}
[46.891635] (-) TimerEvent: {}
[46.992390] (-) TimerEvent: {}
[47.092649] (-) TimerEvent: {}
[47.193013] (-) TimerEvent: {}
[47.293285] (-) TimerEvent: {}
[47.393515] (-) TimerEvent: {}
[47.493861] (-) TimerEvent: {}
[47.594209] (-) TimerEvent: {}
[47.694549] (-) TimerEvent: {}
[47.794888] (-) TimerEvent: {}
[47.895174] (-) TimerEvent: {}
[47.995534] (-) TimerEvent: {}
[48.095870] (-) TimerEvent: {}
[48.196170] (-) TimerEvent: {}
[48.296633] (-) TimerEvent: {}
[48.396939] (-) TimerEvent: {}
[48.497208] (-) TimerEvent: {}
[48.597519] (-) TimerEvent: {}
[48.698020] (-) TimerEvent: {}
[48.798350] (-) TimerEvent: {}
[48.898713] (-) TimerEvent: {}
[48.999196] (-) TimerEvent: {}
[49.099407] (-) TimerEvent: {}
[49.199697] (-) TimerEvent: {}
[49.300213] (-) TimerEvent: {}
[49.400543] (-) TimerEvent: {}
[49.501110] (-) TimerEvent: {}
[49.601380] (-) TimerEvent: {}
[49.701734] (-) TimerEvent: {}
[49.802045] (-) TimerEvent: {}
[49.902291] (-) TimerEvent: {}
[50.002909] (-) TimerEvent: {}
[50.103175] (-) TimerEvent: {}
[50.203465] (-) TimerEvent: {}
[50.303887] (-) TimerEvent: {}
[50.404362] (-) TimerEvent: {}
[50.504659] (-) TimerEvent: {}
[50.605068] (-) TimerEvent: {}
[50.705603] (-) TimerEvent: {}
[50.805904] (-) TimerEvent: {}
[50.906265] (-) TimerEvent: {}
[51.006809] (-) TimerEvent: {}
[51.107091] (-) TimerEvent: {}
[51.207361] (-) TimerEvent: {}
[51.307627] (-) TimerEvent: {}
[51.408074] (-) TimerEvent: {}
[51.508428] (-) TimerEvent: {}
[51.608871] (-) TimerEvent: {}
[51.709272] (-) TimerEvent: {}
[51.809634] (-) TimerEvent: {}
[51.909943] (-) TimerEvent: {}
[52.010201] (-) TimerEvent: {}
[52.110502] (-) TimerEvent: {}
[52.211088] (-) TimerEvent: {}
[52.311433] (-) TimerEvent: {}
[52.411805] (-) TimerEvent: {}
[52.512109] (-) TimerEvent: {}
[52.612390] (-) TimerEvent: {}
[52.712904] (-) TimerEvent: {}
[52.813376] (-) TimerEvent: {}
[52.913639] (-) TimerEvent: {}
[53.013939] (-) TimerEvent: {}
[53.114226] (-) TimerEvent: {}
[53.214647] (-) TimerEvent: {}
[53.315066] (-) TimerEvent: {}
[53.415740] (-) TimerEvent: {}
[53.516101] (-) TimerEvent: {}
[53.616542] (-) TimerEvent: {}
[53.716992] (-) TimerEvent: {}
[53.817484] (-) TimerEvent: {}
[53.917736] (-) TimerEvent: {}
[54.018032] (-) TimerEvent: {}
[54.118733] (-) TimerEvent: {}
[54.219029] (-) TimerEvent: {}
[54.319368] (-) TimerEvent: {}
[54.420104] (-) TimerEvent: {}
[54.520464] (-) TimerEvent: {}
[54.621092] (-) TimerEvent: {}
[54.721951] (-) TimerEvent: {}
[54.822267] (-) TimerEvent: {}
[54.924583] (-) TimerEvent: {}
[55.024919] (-) TimerEvent: {}
[55.125193] (-) TimerEvent: {}
[55.225635] (-) TimerEvent: {}
[55.326250] (-) TimerEvent: {}
[55.426838] (-) TimerEvent: {}
[55.527182] (-) TimerEvent: {}
[55.627572] (-) TimerEvent: {}
[55.728485] (-) TimerEvent: {}
[55.828743] (-) TimerEvent: {}
[55.929148] (-) TimerEvent: {}
[56.029414] (-) TimerEvent: {}
[56.129711] (-) TimerEvent: {}
[56.229985] (-) TimerEvent: {}
[56.330367] (-) TimerEvent: {}
[56.430708] (-) TimerEvent: {}
[56.531131] (-) TimerEvent: {}
[56.631579] (-) TimerEvent: {}
[56.731922] (-) TimerEvent: {}
[56.832157] (-) TimerEvent: {}
[56.932367] (-) TimerEvent: {}
[57.032729] (-) TimerEvent: {}
[57.133020] (-) TimerEvent: {}
[57.233429] (-) TimerEvent: {}
[57.333704] (-) TimerEvent: {}
[57.434029] (-) TimerEvent: {}
[57.534329] (-) TimerEvent: {}
[57.634610] (-) TimerEvent: {}
[57.734854] (-) TimerEvent: {}
[57.835109] (-) TimerEvent: {}
[57.935369] (-) TimerEvent: {}
[58.035661] (-) TimerEvent: {}
[58.135986] (-) TimerEvent: {}
[58.236322] (-) TimerEvent: {}
[58.336622] (-) TimerEvent: {}
[58.436960] (-) TimerEvent: {}
[58.537386] (-) TimerEvent: {}
[58.637736] (-) TimerEvent: {}
[58.738050] (-) TimerEvent: {}
[58.838363] (-) TimerEvent: {}
[58.938954] (-) TimerEvent: {}
[59.039196] (-) TimerEvent: {}
[59.139837] (-) TimerEvent: {}
[59.240937] (-) TimerEvent: {}
[59.341262] (-) TimerEvent: {}
[59.442083] (-) TimerEvent: {}
[59.542383] (-) TimerEvent: {}
[59.642680] (-) TimerEvent: {}
[59.742937] (-) TimerEvent: {}
[59.843238] (-) TimerEvent: {}
[59.943585] (-) TimerEvent: {}
[60.043971] (-) TimerEvent: {}
[60.144402] (-) TimerEvent: {}
[60.244936] (-) TimerEvent: {}
[60.345971] (-) TimerEvent: {}
[60.446289] (-) TimerEvent: {}
[60.546622] (-) TimerEvent: {}
[60.646999] (-) TimerEvent: {}
[60.747323] (-) TimerEvent: {}
[60.847725] (-) TimerEvent: {}
[60.947995] (-) TimerEvent: {}
[61.048305] (-) TimerEvent: {}
[61.148929] (-) TimerEvent: {}
[61.249297] (-) TimerEvent: {}
[61.349530] (-) TimerEvent: {}
[61.449863] (-) TimerEvent: {}
[61.550119] (-) TimerEvent: {}
[61.650439] (-) TimerEvent: {}
[61.751665] (-) TimerEvent: {}
[61.851996] (-) TimerEvent: {}
[61.952234] (-) TimerEvent: {}
[62.052581] (-) TimerEvent: {}
[62.156154] (-) TimerEvent: {}
[62.257486] (-) TimerEvent: {}
[62.357745] (-) TimerEvent: {}
[62.458028] (-) TimerEvent: {}
[62.558320] (-) TimerEvent: {}
[62.658651] (-) TimerEvent: {}
[62.758925] (-) TimerEvent: {}
[62.859212] (-) TimerEvent: {}
[62.959477] (-) TimerEvent: {}
[63.059750] (-) TimerEvent: {}
[63.160040] (-) TimerEvent: {}
[63.260340] (-) TimerEvent: {}
[63.360686] (-) TimerEvent: {}
[63.461147] (-) TimerEvent: {}
[63.561466] (-) TimerEvent: {}
[63.661801] (-) TimerEvent: {}
[63.762466] (-) TimerEvent: {}
[63.867953] (-) TimerEvent: {}
[63.968484] (-) TimerEvent: {}
[64.069588] (-) TimerEvent: {}
[64.170016] (-) TimerEvent: {}
[64.271715] (-) TimerEvent: {}
[64.372040] (-) TimerEvent: {}
[64.472402] (-) TimerEvent: {}
[64.572770] (-) TimerEvent: {}
[64.673692] (-) TimerEvent: {}
[64.774055] (-) TimerEvent: {}
[64.874391] (-) TimerEvent: {}
[64.974792] (-) TimerEvent: {}
[65.075154] (-) TimerEvent: {}
[65.177569] (-) TimerEvent: {}
[65.277927] (-) TimerEvent: {}
[65.378242] (-) TimerEvent: {}
[65.478520] (-) TimerEvent: {}
[65.578795] (-) TimerEvent: {}
[65.679134] (-) TimerEvent: {}
[65.779534] (-) TimerEvent: {}
[65.879858] (-) TimerEvent: {}
[65.980142] (-) TimerEvent: {}
[66.080482] (-) TimerEvent: {}
[66.180954] (-) TimerEvent: {}
[66.281306] (-) TimerEvent: {}
[66.382056] (-) TimerEvent: {}
[66.482330] (-) TimerEvent: {}
[66.582610] (-) TimerEvent: {}
[66.682901] (-) TimerEvent: {}
[66.783218] (-) TimerEvent: {}
[66.883538] (-) TimerEvent: {}
[66.983797] (-) TimerEvent: {}
[67.084182] (-) TimerEvent: {}
[67.184764] (-) TimerEvent: {}
[67.285114] (-) TimerEvent: {}
[67.385513] (-) TimerEvent: {}
[67.485820] (-) TimerEvent: {}
[67.586178] (-) TimerEvent: {}
[67.686472] (-) TimerEvent: {}
[67.786748] (-) TimerEvent: {}
[67.887060] (-) TimerEvent: {}
[67.987403] (-) TimerEvent: {}
[68.087715] (-) TimerEvent: {}
[68.188025] (-) TimerEvent: {}
[68.288329] (-) TimerEvent: {}
[68.388694] (-) TimerEvent: {}
[68.489546] (-) TimerEvent: {}
[68.590438] (-) TimerEvent: {}
[68.690731] (-) TimerEvent: {}
[68.791028] (-) TimerEvent: {}
[68.891331] (-) TimerEvent: {}
[68.991632] (-) TimerEvent: {}
[69.092571] (-) TimerEvent: {}
[69.192881] (-) TimerEvent: {}
[69.293169] (-) TimerEvent: {}
[69.393464] (-) TimerEvent: {}
[69.493733] (-) TimerEvent: {}
[69.594729] (-) TimerEvent: {}
[69.695037] (-) TimerEvent: {}
[69.795370] (-) TimerEvent: {}
[69.895642] (-) TimerEvent: {}
[69.995934] (-) TimerEvent: {}
[70.096245] (-) TimerEvent: {}
[70.196745] (-) TimerEvent: {}
[70.297107] (-) TimerEvent: {}
[70.397508] (-) TimerEvent: {}
[70.497911] (-) TimerEvent: {}
[70.598210] (-) TimerEvent: {}
[70.698545] (-) TimerEvent: {}
[70.799410] (-) TimerEvent: {}
[70.899713] (-) TimerEvent: {}
[70.999940] (-) TimerEvent: {}
[71.100163] (-) TimerEvent: {}
[71.200548] (-) TimerEvent: {}
[71.301000] (-) TimerEvent: {}
[71.401294] (-) TimerEvent: {}
[71.501605] (-) TimerEvent: {}
[71.602133] (-) TimerEvent: {}
[71.702624] (-) TimerEvent: {}
[71.803016] (-) TimerEvent: {}
[71.903364] (-) TimerEvent: {}
[72.003699] (-) TimerEvent: {}
[72.104033] (-) TimerEvent: {}
[72.204386] (-) TimerEvent: {}
[72.304757] (-) TimerEvent: {}
[72.405104] (-) TimerEvent: {}
[72.505491] (-) TimerEvent: {}
[72.605733] (-) TimerEvent: {}
[72.706010] (-) TimerEvent: {}
[72.806321] (-) TimerEvent: {}
[72.906585] (-) TimerEvent: {}
[73.006867] (-) TimerEvent: {}
[73.107139] (-) TimerEvent: {}
[73.207437] (-) TimerEvent: {}
[73.307725] (-) TimerEvent: {}
[73.408007] (-) TimerEvent: {}
[73.508295] (-) TimerEvent: {}
[73.608680] (-) TimerEvent: {}
[73.708983] (-) TimerEvent: {}
[73.809257] (-) TimerEvent: {}
[73.909522] (-) TimerEvent: {}
[74.009801] (-) TimerEvent: {}
[74.110107] (-) TimerEvent: {}
[74.210390] (-) TimerEvent: {}
[74.310630] (-) TimerEvent: {}
[74.410917] (-) TimerEvent: {}
[74.511172] (-) TimerEvent: {}
[74.611454] (-) TimerEvent: {}
[74.711739] (-) TimerEvent: {}
[74.812014] (-) TimerEvent: {}
[74.912848] (-) TimerEvent: {}
[75.013110] (-) TimerEvent: {}
[75.113474] (-) TimerEvent: {}
[75.213754] (-) TimerEvent: {}
[75.314300] (-) TimerEvent: {}
[75.414586] (-) TimerEvent: {}
[75.514938] (-) TimerEvent: {}
[75.615302] (-) TimerEvent: {}
[75.716240] (-) TimerEvent: {}
[75.816562] (-) TimerEvent: {}
[75.917112] (-) TimerEvent: {}
[76.017382] (-) TimerEvent: {}
[76.117641] (-) TimerEvent: {}
[76.217976] (-) TimerEvent: {}
[76.318235] (-) TimerEvent: {}
[76.418498] (-) TimerEvent: {}
[76.518723] (-) TimerEvent: {}
[76.618981] (-) TimerEvent: {}
[76.719231] (-) TimerEvent: {}
[76.819472] (-) TimerEvent: {}
[76.919741] (-) TimerEvent: {}
[77.020040] (-) TimerEvent: {}
[77.120271] (-) TimerEvent: {}
[77.220692] (-) TimerEvent: {}
[77.321210] (-) TimerEvent: {}
[77.421503] (-) TimerEvent: {}
[77.521866] (-) TimerEvent: {}
[77.622254] (-) TimerEvent: {}
[77.722644] (-) TimerEvent: {}
[77.822967] (-) TimerEvent: {}
[77.923990] (-) TimerEvent: {}
[78.011809] (mission_layer_mvibot) StderrLine: {'line': b'\x1b[01m\x1b[K/home/mvibot/floorCleaningRobot_ws/src/mission_layer_mvibot/src/../include/mission_layer_mvibot/mvibot_mission/manage_mission.h:\x1b[m\x1b[K In member function \xe2\x80\x98\x1b[01m\x1b[Kdouble* manage_mission::\x1b[01;32m\x1b[Kget_position_tf\x1b[m\x1b[K(std::string, std::string)\x1b[m\x1b[K\xe2\x80\x99:\n'}
[78.013306] (mission_layer_mvibot) StderrLine: {'line': b'\x1b[01m\x1b[K/home/mvibot/floorCleaningRobot_ws/src/mission_layer_mvibot/src/../include/mission_layer_mvibot/mvibot_mission/manage_mission.h:635:33:\x1b[m\x1b[K \x1b[01;35m\x1b[Kwarning: \x1b[m\x1b[Karray subscript 2 is above array bounds of \xe2\x80\x98\x1b[01m\x1b[Kdouble [2]\x1b[m\x1b[K\xe2\x80\x99 [\x1b[01;35m\x1b[K\x1b]8;;https://gcc.gnu.org/onlinedocs/gcc/Warning-Options.html#index-Warray-bounds=\x07-Warray-bounds=\x1b]8;;\x07\x1b[m\x1b[K]\n'}
[78.013807] (mission_layer_mvibot) StderrLine: {'line': b'  635 |     data[0]=x; data[1]=y; \x1b[01;35m\x1b[Kdata[2]\x1b[m\x1b[K=thz; data[3]=thw;\n'}
[78.014078] (mission_layer_mvibot) StderrLine: {'line': b'      |                           \x1b[01;35m\x1b[K~~~~~~^\x1b[m\x1b[K\n'}
[78.014545] (mission_layer_mvibot) StderrLine: {'line': b'\x1b[01m\x1b[K/home/mvibot/floorCleaningRobot_ws/src/mission_layer_mvibot/src/../include/mission_layer_mvibot/mvibot_mission/manage_mission.h:619:19:\x1b[m\x1b[K \x1b[01;36m\x1b[Knote: \x1b[m\x1b[Kwhile referencing \xe2\x80\x98\x1b[01m\x1b[Kdata\x1b[m\x1b[K\xe2\x80\x99\n'}
[78.015531] (mission_layer_mvibot) StderrLine: {'line': b'  619 |     static double \x1b[01;36m\x1b[Kdata\x1b[m\x1b[K[2];\n'}
[78.015850] (mission_layer_mvibot) StderrLine: {'line': b'      |                   \x1b[01;36m\x1b[K^~~~\x1b[m\x1b[K\n'}
[78.016034] (mission_layer_mvibot) StderrLine: {'line': b'\x1b[01m\x1b[K/home/mvibot/floorCleaningRobot_ws/src/mission_layer_mvibot/src/../include/mission_layer_mvibot/mvibot_mission/manage_mission.h:635:46:\x1b[m\x1b[K \x1b[01;35m\x1b[Kwarning: \x1b[m\x1b[Karray subscript 3 is above array bounds of \xe2\x80\x98\x1b[01m\x1b[Kdouble [2]\x1b[m\x1b[K\xe2\x80\x99 [\x1b[01;35m\x1b[K\x1b]8;;https://gcc.gnu.org/onlinedocs/gcc/Warning-Options.html#index-Warray-bounds=\x07-Warray-bounds=\x1b]8;;\x07\x1b[m\x1b[K]\n'}
[78.016302] (mission_layer_mvibot) StderrLine: {'line': b'  635 |     data[0]=x; data[1]=y; data[2]=thz; \x1b[01;35m\x1b[Kdata[3]\x1b[m\x1b[K=thw;\n'}
[78.016645] (mission_layer_mvibot) StderrLine: {'line': b'      |                                        \x1b[01;35m\x1b[K~~~~~~^\x1b[m\x1b[K\n'}
[78.017211] (mission_layer_mvibot) StderrLine: {'line': b'\x1b[01m\x1b[K/home/mvibot/floorCleaningRobot_ws/src/mission_layer_mvibot/src/../include/mission_layer_mvibot/mvibot_mission/manage_mission.h:619:19:\x1b[m\x1b[K \x1b[01;36m\x1b[Knote: \x1b[m\x1b[Kwhile referencing \xe2\x80\x98\x1b[01m\x1b[Kdata\x1b[m\x1b[K\xe2\x80\x99\n'}
[78.018878] (mission_layer_mvibot) StderrLine: {'line': b'  619 |     static double \x1b[01;36m\x1b[Kdata\x1b[m\x1b[K[2];\n'}
[78.019117] (mission_layer_mvibot) StderrLine: {'line': b'      |                   \x1b[01;36m\x1b[K^~~~\x1b[m\x1b[K\n'}
[78.024406] (-) TimerEvent: {}
[78.125069] (-) TimerEvent: {}
[78.226996] (-) TimerEvent: {}
[78.327276] (-) TimerEvent: {}
[78.427531] (-) TimerEvent: {}
[78.527790] (-) TimerEvent: {}
[78.628053] (-) TimerEvent: {}
[78.728381] (-) TimerEvent: {}
[78.828649] (-) TimerEvent: {}
[78.928917] (-) TimerEvent: {}
[79.029214] (-) TimerEvent: {}
[79.129498] (-) TimerEvent: {}
[79.229936] (-) TimerEvent: {}
[79.330257] (-) TimerEvent: {}
[79.430620] (-) TimerEvent: {}
[79.530932] (-) TimerEvent: {}
[79.631730] (-) TimerEvent: {}
[79.732007] (-) TimerEvent: {}
[79.832264] (-) TimerEvent: {}
[79.932689] (-) TimerEvent: {}
[80.033055] (-) TimerEvent: {}
[80.133370] (-) TimerEvent: {}
[80.233688] (-) TimerEvent: {}
[80.333954] (-) TimerEvent: {}
[80.434208] (-) TimerEvent: {}
[80.534474] (-) TimerEvent: {}
[80.634996] (-) TimerEvent: {}
[80.735299] (-) TimerEvent: {}
[80.835603] (-) TimerEvent: {}
[80.936384] (-) TimerEvent: {}
[81.036626] (-) TimerEvent: {}
[81.136862] (-) TimerEvent: {}
[81.237735] (-) TimerEvent: {}
[81.338575] (-) TimerEvent: {}
[81.438876] (-) TimerEvent: {}
[81.539162] (-) TimerEvent: {}
[81.640048] (-) TimerEvent: {}
[81.740381] (-) TimerEvent: {}
[81.840669] (-) TimerEvent: {}
[81.941012] (-) TimerEvent: {}
[82.041726] (-) TimerEvent: {}
[82.141998] (-) TimerEvent: {}
[82.242313] (-) TimerEvent: {}
[82.342605] (-) TimerEvent: {}
[82.442903] (-) TimerEvent: {}
[82.543218] (-) TimerEvent: {}
[82.643481] (-) TimerEvent: {}
[82.743736] (-) TimerEvent: {}
[82.844333] (-) TimerEvent: {}
[82.944602] (-) TimerEvent: {}
[83.044873] (-) TimerEvent: {}
[83.145150] (-) TimerEvent: {}
[83.245479] (-) TimerEvent: {}
[83.345802] (-) TimerEvent: {}
[83.446105] (-) TimerEvent: {}
[83.546729] (-) TimerEvent: {}
[83.647095] (-) TimerEvent: {}
[83.747381] (-) TimerEvent: {}
[83.847732] (-) TimerEvent: {}
[83.948313] (-) TimerEvent: {}
[84.048874] (-) TimerEvent: {}
[84.149320] (-) TimerEvent: {}
[84.249623] (-) TimerEvent: {}
[84.349964] (-) TimerEvent: {}
[84.450243] (-) TimerEvent: {}
[84.550561] (-) TimerEvent: {}
[84.650896] (-) TimerEvent: {}
[84.751272] (-) TimerEvent: {}
[84.851631] (-) TimerEvent: {}
[84.951971] (-) TimerEvent: {}
[85.052250] (-) TimerEvent: {}
[85.152728] (-) TimerEvent: {}
[85.253270] (-) TimerEvent: {}
[85.353563] (-) TimerEvent: {}
[85.454188] (-) TimerEvent: {}
[85.554569] (-) TimerEvent: {}
[85.655264] (-) TimerEvent: {}
[85.755616] (-) TimerEvent: {}
[85.856002] (-) TimerEvent: {}
[85.956325] (-) TimerEvent: {}
[86.056711] (-) TimerEvent: {}
[86.157203] (-) TimerEvent: {}
[86.257506] (-) TimerEvent: {}
[86.357788] (-) TimerEvent: {}
[86.458113] (-) TimerEvent: {}
[86.558383] (-) TimerEvent: {}
[86.658632] (-) TimerEvent: {}
[86.758917] (-) TimerEvent: {}
[86.859175] (-) TimerEvent: {}
[86.959527] (-) TimerEvent: {}
[87.059875] (-) TimerEvent: {}
[87.160163] (-) TimerEvent: {}
[87.260492] (-) TimerEvent: {}
[87.360831] (-) TimerEvent: {}
[87.461197] (-) TimerEvent: {}
[87.561497] (-) TimerEvent: {}
[87.661836] (-) TimerEvent: {}
[87.762168] (-) TimerEvent: {}
[87.862476] (-) TimerEvent: {}
[87.963690] (-) TimerEvent: {}
[88.064067] (-) TimerEvent: {}
[88.164350] (-) TimerEvent: {}
[88.264663] (-) TimerEvent: {}
[88.365048] (-) TimerEvent: {}
[88.465522] (-) TimerEvent: {}
[88.565998] (-) TimerEvent: {}
[88.666745] (-) TimerEvent: {}
[88.767096] (-) TimerEvent: {}
[88.867493] (-) TimerEvent: {}
[88.967909] (-) TimerEvent: {}
[89.068174] (-) TimerEvent: {}
[89.168498] (-) TimerEvent: {}
[89.268873] (-) TimerEvent: {}
[89.369186] (-) TimerEvent: {}
[89.469550] (-) TimerEvent: {}
[89.569860] (-) TimerEvent: {}
[89.670165] (-) TimerEvent: {}
[89.770542] (-) TimerEvent: {}
[89.871345] (-) TimerEvent: {}
[89.971735] (-) TimerEvent: {}
[90.072735] (-) TimerEvent: {}
[90.173060] (-) TimerEvent: {}
[90.273872] (-) TimerEvent: {}
[90.374220] (-) TimerEvent: {}
[90.475478] (-) TimerEvent: {}
[90.576065] (-) TimerEvent: {}
[90.676454] (-) TimerEvent: {}
[90.776749] (-) TimerEvent: {}
[90.877050] (-) TimerEvent: {}
[90.977362] (-) TimerEvent: {}
[91.077665] (-) TimerEvent: {}
[91.178681] (-) TimerEvent: {}
[91.279005] (-) TimerEvent: {}
[91.379322] (-) TimerEvent: {}
[91.479622] (-) TimerEvent: {}
[91.579922] (-) TimerEvent: {}
[91.680214] (-) TimerEvent: {}
[91.780602] (-) TimerEvent: {}
[91.880919] (-) TimerEvent: {}
[91.981217] (-) TimerEvent: {}
[92.081530] (-) TimerEvent: {}
[92.181898] (-) TimerEvent: {}
[92.282223] (-) TimerEvent: {}
[92.382508] (-) TimerEvent: {}
[92.482742] (-) TimerEvent: {}
[92.583034] (-) TimerEvent: {}
[92.683429] (-) TimerEvent: {}
[92.783802] (-) TimerEvent: {}
[92.884153] (-) TimerEvent: {}
[92.984449] (-) TimerEvent: {}
[93.084699] (-) TimerEvent: {}
[93.184964] (-) TimerEvent: {}
[93.285390] (-) TimerEvent: {}
[93.385706] (-) TimerEvent: {}
[93.486168] (-) TimerEvent: {}
[93.586448] (-) TimerEvent: {}
[93.686740] (-) TimerEvent: {}
[93.789150] (-) TimerEvent: {}
[93.889500] (-) TimerEvent: {}
[93.989834] (-) TimerEvent: {}
[94.090175] (-) TimerEvent: {}
[94.190491] (-) TimerEvent: {}
[94.290800] (-) TimerEvent: {}
[94.391282] (-) TimerEvent: {}
[94.491565] (-) TimerEvent: {}
[94.592047] (-) TimerEvent: {}
[94.692452] (-) TimerEvent: {}
[94.792737] (-) TimerEvent: {}
[94.893067] (-) TimerEvent: {}
[94.993367] (-) TimerEvent: {}
[95.093679] (-) TimerEvent: {}
[95.193965] (-) TimerEvent: {}
[95.294274] (-) TimerEvent: {}
[95.394570] (-) TimerEvent: {}
[95.494890] (-) TimerEvent: {}
[95.595274] (-) TimerEvent: {}
[95.695728] (-) TimerEvent: {}
[95.795992] (-) TimerEvent: {}
[95.896273] (-) TimerEvent: {}
[95.996581] (-) TimerEvent: {}
[96.096965] (-) TimerEvent: {}
[96.197847] (-) TimerEvent: {}
[96.298146] (-) TimerEvent: {}
[96.398395] (-) TimerEvent: {}
[96.498686] (-) TimerEvent: {}
[96.599165] (-) TimerEvent: {}
[96.699716] (-) TimerEvent: {}
[96.799982] (-) TimerEvent: {}
[96.900263] (-) TimerEvent: {}
[97.000521] (-) TimerEvent: {}
[97.100922] (-) TimerEvent: {}
[97.201730] (-) TimerEvent: {}
[97.302089] (-) TimerEvent: {}
[97.402477] (-) TimerEvent: {}
[97.502757] (-) TimerEvent: {}
[97.603327] (-) TimerEvent: {}
[97.703640] (-) TimerEvent: {}
[97.803971] (-) TimerEvent: {}
[97.904499] (-) TimerEvent: {}
[98.004858] (-) TimerEvent: {}
[98.105171] (-) TimerEvent: {}
[98.205573] (-) TimerEvent: {}
[98.305901] (-) TimerEvent: {}
[98.406203] (-) TimerEvent: {}
[98.506480] (-) TimerEvent: {}
[98.606773] (-) TimerEvent: {}
[98.707088] (-) TimerEvent: {}
[98.807399] (-) TimerEvent: {}
[98.907848] (-) TimerEvent: {}
[99.008232] (-) TimerEvent: {}
[99.108555] (-) TimerEvent: {}
[99.208877] (-) TimerEvent: {}
[99.309126] (-) TimerEvent: {}
[99.409404] (-) TimerEvent: {}
[99.509698] (-) TimerEvent: {}
[99.609956] (-) TimerEvent: {}
[99.710220] (-) TimerEvent: {}
[99.810485] (-) TimerEvent: {}
[99.910740] (-) TimerEvent: {}
[100.011037] (-) TimerEvent: {}
[100.111329] (-) TimerEvent: {}
[100.211603] (-) TimerEvent: {}
[100.311887] (-) TimerEvent: {}
[100.412161] (-) TimerEvent: {}
[100.512589] (-) TimerEvent: {}
[100.613001] (-) TimerEvent: {}
[100.713240] (-) TimerEvent: {}
[100.813471] (-) TimerEvent: {}
[100.913732] (-) TimerEvent: {}
[101.014045] (-) TimerEvent: {}
[101.114460] (-) TimerEvent: {}
[101.214732] (-) TimerEvent: {}
[101.315049] (-) TimerEvent: {}
[101.415588] (-) TimerEvent: {}
[101.516701] (-) TimerEvent: {}
[101.617020] (-) TimerEvent: {}
[101.717308] (-) TimerEvent: {}
[101.817640] (-) TimerEvent: {}
[101.917936] (-) TimerEvent: {}
[102.018217] (-) TimerEvent: {}
[102.118653] (-) TimerEvent: {}
[102.219034] (-) TimerEvent: {}
[102.319336] (-) TimerEvent: {}
[102.419592] (-) TimerEvent: {}
[102.519891] (-) TimerEvent: {}
[102.620319] (-) TimerEvent: {}
[102.721503] (-) TimerEvent: {}
[102.821979] (-) TimerEvent: {}
[102.922359] (-) TimerEvent: {}
[103.022739] (-) TimerEvent: {}
[103.123520] (-) TimerEvent: {}
[103.223843] (-) TimerEvent: {}
[103.324580] (-) TimerEvent: {}
[103.425027] (-) TimerEvent: {}
[103.525523] (-) TimerEvent: {}
[103.626019] (-) TimerEvent: {}
[103.726396] (-) TimerEvent: {}
[103.826691] (-) TimerEvent: {}
[103.926945] (-) TimerEvent: {}
[104.027294] (-) TimerEvent: {}
[104.127587] (-) TimerEvent: {}
[104.227880] (-) TimerEvent: {}
[104.328138] (-) TimerEvent: {}
[104.428382] (-) TimerEvent: {}
[104.528718] (-) TimerEvent: {}
[104.629072] (-) TimerEvent: {}
[104.729325] (-) TimerEvent: {}
[104.829607] (-) TimerEvent: {}
[104.930226] (-) TimerEvent: {}
[105.030596] (-) TimerEvent: {}
[105.130878] (-) TimerEvent: {}
[105.231171] (-) TimerEvent: {}
[105.331486] (-) TimerEvent: {}
[105.431794] (-) TimerEvent: {}
[105.532053] (-) TimerEvent: {}
[105.632351] (-) TimerEvent: {}
[105.732726] (-) TimerEvent: {}
[105.833170] (-) TimerEvent: {}
[105.933432] (-) TimerEvent: {}
[106.033731] (-) TimerEvent: {}
[106.134033] (-) TimerEvent: {}
[106.234335] (-) TimerEvent: {}
[106.334614] (-) TimerEvent: {}
[106.434897] (-) TimerEvent: {}
[106.535152] (-) TimerEvent: {}
[106.635378] (-) TimerEvent: {}
[106.735635] (-) TimerEvent: {}
[106.835936] (-) TimerEvent: {}
[106.936230] (-) TimerEvent: {}
[107.036498] (-) TimerEvent: {}
[107.136795] (-) TimerEvent: {}
[107.237158] (-) TimerEvent: {}
[107.338003] (-) TimerEvent: {}
[107.438300] (-) TimerEvent: {}
[107.538622] (-) TimerEvent: {}
[107.639092] (-) TimerEvent: {}
[107.739509] (-) TimerEvent: {}
[107.839900] (-) TimerEvent: {}
[107.942081] (-) TimerEvent: {}
[108.042475] (-) TimerEvent: {}
[108.142807] (-) TimerEvent: {}
[108.243580] (-) TimerEvent: {}
[108.343964] (-) TimerEvent: {}
[108.444330] (-) TimerEvent: {}
[108.456985] (mission_layer_mvibot) StderrLine: {'line': b'\x1b[01m\x1b[K/home/mvibot/floorCleaningRobot_ws/src/mission_layer_mvibot/src/../include/mission_layer_mvibot/mvibot_mission/navigation_function.h:\x1b[m\x1b[K In member function \xe2\x80\x98\x1b[01m\x1b[Kvoid navigation_function::\x1b[01;32m\x1b[Kset_initial_robot\x1b[m\x1b[K(const std::string&)\x1b[m\x1b[K\xe2\x80\x99:\n'}
[108.457741] (mission_layer_mvibot) StderrLine: {'line': b'\x1b[01m\x1b[K/home/mvibot/floorCleaningRobot_ws/src/mission_layer_mvibot/src/../include/mission_layer_mvibot/mvibot_mission/navigation_function.h:260:13:\x1b[m\x1b[K \x1b[01;35m\x1b[Kwarning: \x1b[m\x1b[K\xe2\x80\x98\x1b[01m\x1b[Kx\x1b[m\x1b[K\xe2\x80\x99 may be used uninitialized [\x1b[01;35m\x1b[K\x1b]8;;https://gcc.gnu.org/onlinedocs/gcc/Warning-Options.html#index-Wmaybe-uninitialized\x07-Wmaybe-uninitialized\x1b]8;;\x07\x1b[m\x1b[K]\n'}
[108.457877] (mission_layer_mvibot) StderrLine: {'line': b'  260 |     \x1b[01;35m\x1b[Kpub_amcl(x,y,thz,thw)\x1b[m\x1b[K;\n'}
[108.457992] (mission_layer_mvibot) StderrLine: {'line': b'      |     \x1b[01;35m\x1b[K~~~~~~~~^~~~~~~~~~~~~\x1b[m\x1b[K\n'}
[108.458106] (mission_layer_mvibot) StderrLine: {'line': b'\x1b[01m\x1b[K/home/mvibot/floorCleaningRobot_ws/src/mission_layer_mvibot/src/../include/mission_layer_mvibot/mvibot_mission/navigation_function.h:252:18:\x1b[m\x1b[K \x1b[01;36m\x1b[Knote: \x1b[m\x1b[K\xe2\x80\x98\x1b[01m\x1b[Kx\x1b[m\x1b[K\xe2\x80\x99 was declared here\n'}
[108.458226] (mission_layer_mvibot) StderrLine: {'line': b'  252 |     double value,\x1b[01;36m\x1b[Kx\x1b[m\x1b[K,y,thz,thw;\n'}
[108.458323] (mission_layer_mvibot) StderrLine: {'line': b'      |                  \x1b[01;36m\x1b[K^\x1b[m\x1b[K\n'}
[108.458425] (mission_layer_mvibot) StderrLine: {'line': b'\x1b[01m\x1b[K/home/mvibot/floorCleaningRobot_ws/src/mission_layer_mvibot/src/../include/mission_layer_mvibot/mvibot_mission/navigation_function.h:260:13:\x1b[m\x1b[K \x1b[01;35m\x1b[Kwarning: \x1b[m\x1b[K\xe2\x80\x98\x1b[01m\x1b[Ky\x1b[m\x1b[K\xe2\x80\x99 may be used uninitialized [\x1b[01;35m\x1b[K\x1b]8;;https://gcc.gnu.org/onlinedocs/gcc/Warning-Options.html#index-Wmaybe-uninitialized\x07-Wmaybe-uninitialized\x1b]8;;\x07\x1b[m\x1b[K]\n'}
[108.458562] (mission_layer_mvibot) StderrLine: {'line': b'  260 |     \x1b[01;35m\x1b[Kpub_amcl(x,y,thz,thw)\x1b[m\x1b[K;\n'}
[108.458666] (mission_layer_mvibot) StderrLine: {'line': b'      |     \x1b[01;35m\x1b[K~~~~~~~~^~~~~~~~~~~~~\x1b[m\x1b[K\n'}
[108.458764] (mission_layer_mvibot) StderrLine: {'line': b'\x1b[01m\x1b[K/home/mvibot/floorCleaningRobot_ws/src/mission_layer_mvibot/src/../include/mission_layer_mvibot/mvibot_mission/navigation_function.h:252:20:\x1b[m\x1b[K \x1b[01;36m\x1b[Knote: \x1b[m\x1b[K\xe2\x80\x98\x1b[01m\x1b[Ky\x1b[m\x1b[K\xe2\x80\x99 was declared here\n'}
[108.458857] (mission_layer_mvibot) StderrLine: {'line': b'  252 |     double value,x,\x1b[01;36m\x1b[Ky\x1b[m\x1b[K,thz,thw;\n'}
[108.458961] (mission_layer_mvibot) StderrLine: {'line': b'      |                    \x1b[01;36m\x1b[K^\x1b[m\x1b[K\n'}
[108.459034] (mission_layer_mvibot) StderrLine: {'line': b'\x1b[01m\x1b[K/home/mvibot/floorCleaningRobot_ws/src/mission_layer_mvibot/src/../include/mission_layer_mvibot/mvibot_mission/navigation_function.h:260:13:\x1b[m\x1b[K \x1b[01;35m\x1b[Kwarning: \x1b[m\x1b[K\xe2\x80\x98\x1b[01m\x1b[Kthz\x1b[m\x1b[K\xe2\x80\x99 may be used uninitialized [\x1b[01;35m\x1b[K\x1b]8;;https://gcc.gnu.org/onlinedocs/gcc/Warning-Options.html#index-Wmaybe-uninitialized\x07-Wmaybe-uninitialized\x1b]8;;\x07\x1b[m\x1b[K]\n'}
[108.459121] (mission_layer_mvibot) StderrLine: {'line': b'  260 |     \x1b[01;35m\x1b[Kpub_amcl(x,y,thz,thw)\x1b[m\x1b[K;\n'}
[108.459208] (mission_layer_mvibot) StderrLine: {'line': b'      |     \x1b[01;35m\x1b[K~~~~~~~~^~~~~~~~~~~~~\x1b[m\x1b[K\n'}
[108.459306] (mission_layer_mvibot) StderrLine: {'line': b'\x1b[01m\x1b[K/home/mvibot/floorCleaningRobot_ws/src/mission_layer_mvibot/src/../include/mission_layer_mvibot/mvibot_mission/navigation_function.h:252:22:\x1b[m\x1b[K \x1b[01;36m\x1b[Knote: \x1b[m\x1b[K\xe2\x80\x98\x1b[01m\x1b[Kthz\x1b[m\x1b[K\xe2\x80\x99 was declared here\n'}
[108.459405] (mission_layer_mvibot) StderrLine: {'line': b'  252 |     double value,x,y,\x1b[01;36m\x1b[Kthz\x1b[m\x1b[K,thw;\n'}
[108.459499] (mission_layer_mvibot) StderrLine: {'line': b'      |                      \x1b[01;36m\x1b[K^~~\x1b[m\x1b[K\n'}
[108.459597] (mission_layer_mvibot) StderrLine: {'line': b'\x1b[01m\x1b[K/home/mvibot/floorCleaningRobot_ws/src/mission_layer_mvibot/src/../include/mission_layer_mvibot/mvibot_mission/navigation_function.h:260:13:\x1b[m\x1b[K \x1b[01;35m\x1b[Kwarning: \x1b[m\x1b[K\xe2\x80\x98\x1b[01m\x1b[Kthw\x1b[m\x1b[K\xe2\x80\x99 may be used uninitialized [\x1b[01;35m\x1b[K\x1b]8;;https://gcc.gnu.org/onlinedocs/gcc/Warning-Options.html#index-Wmaybe-uninitialized\x07-Wmaybe-uninitialized\x1b]8;;\x07\x1b[m\x1b[K]\n'}
[108.459712] (mission_layer_mvibot) StderrLine: {'line': b'  260 |     \x1b[01;35m\x1b[Kpub_amcl(x,y,thz,thw)\x1b[m\x1b[K;\n'}
[108.459805] (mission_layer_mvibot) StderrLine: {'line': b'      |     \x1b[01;35m\x1b[K~~~~~~~~^~~~~~~~~~~~~\x1b[m\x1b[K\n'}
[108.459896] (mission_layer_mvibot) StderrLine: {'line': b'\x1b[01m\x1b[K/home/mvibot/floorCleaningRobot_ws/src/mission_layer_mvibot/src/../include/mission_layer_mvibot/mvibot_mission/navigation_function.h:252:26:\x1b[m\x1b[K \x1b[01;36m\x1b[Knote: \x1b[m\x1b[K\xe2\x80\x98\x1b[01m\x1b[Kthw\x1b[m\x1b[K\xe2\x80\x99 was declared here\n'}
[108.459988] (mission_layer_mvibot) StderrLine: {'line': b'  252 |     double value,x,y,thz,\x1b[01;36m\x1b[Kthw\x1b[m\x1b[K;\n'}
[108.460080] (mission_layer_mvibot) StderrLine: {'line': b'      |                          \x1b[01;36m\x1b[K^~~\x1b[m\x1b[K\n'}
[108.544436] (-) TimerEvent: {}
[108.644797] (-) TimerEvent: {}
[108.745131] (-) TimerEvent: {}
[108.845389] (-) TimerEvent: {}
[108.945661] (-) TimerEvent: {}
[109.045968] (-) TimerEvent: {}
[109.146294] (-) TimerEvent: {}
[109.246730] (-) TimerEvent: {}
[109.347066] (-) TimerEvent: {}
[109.447451] (-) TimerEvent: {}
[109.547731] (-) TimerEvent: {}
[109.648024] (-) TimerEvent: {}
[109.748387] (-) TimerEvent: {}
[109.848731] (-) TimerEvent: {}
[109.949068] (-) TimerEvent: {}
[110.049560] (-) TimerEvent: {}
[110.150023] (-) TimerEvent: {}
[110.250326] (-) TimerEvent: {}
[110.350718] (-) TimerEvent: {}
[110.451076] (-) TimerEvent: {}
[110.551342] (-) TimerEvent: {}
[110.651663] (-) TimerEvent: {}
[110.728163] (mission_layer_mvibot) StderrLine: {'line': b'\x1b[01m\x1b[K/home/mvibot/floorCleaningRobot_ws/src/mission_layer_mvibot/src/../include/mission_layer_mvibot/mvibot_mission/manage_mission.h:\x1b[m\x1b[K In member function \xe2\x80\x98\x1b[01m\x1b[Kint manage_mission::\x1b[01;32m\x1b[Kexecute_content\x1b[m\x1b[K(mission&, std::vector<std::__cxx11::basic_string<char>, std::allocator<std::__cxx11::basic_string<char> > >&, std::string&, int&)\x1b[m\x1b[K\xe2\x80\x99:\n'}
[110.728370] (mission_layer_mvibot) StderrLine: {'line': b'\x1b[01m\x1b[K/home/mvibot/floorCleaningRobot_ws/src/mission_layer_mvibot/src/../include/mission_layer_mvibot/mvibot_mission/manage_mission.h:1053:9:\x1b[m\x1b[K \x1b[01;35m\x1b[Kwarning: \x1b[m\x1b[K\xe2\x80\x98\x1b[01m\x1b[Kres\x1b[m\x1b[K\xe2\x80\x99 may be used uninitialized [\x1b[01;35m\x1b[K\x1b]8;;https://gcc.gnu.org/onlinedocs/gcc/Warning-Options.html#index-Wmaybe-uninitialized\x07-Wmaybe-uninitialized\x1b]8;;\x07\x1b[m\x1b[K]\n'}
[110.728525] (mission_layer_mvibot) StderrLine: {'line': b' 1053 |         \x1b[01;35m\x1b[Kif\x1b[m\x1b[K(res == Finish_) queue_content.erase(queue_content.begin());\n'}
[110.728668] (mission_layer_mvibot) StderrLine: {'line': b'      |         \x1b[01;35m\x1b[K^~\x1b[m\x1b[K\n'}
[110.728829] (mission_layer_mvibot) StderrLine: {'line': b'\x1b[01m\x1b[K/home/mvibot/floorCleaningRobot_ws/src/mission_layer_mvibot/src/../include/mission_layer_mvibot/mvibot_mission/manage_mission.h:1039:13:\x1b[m\x1b[K \x1b[01;36m\x1b[Knote: \x1b[m\x1b[K\xe2\x80\x98\x1b[01m\x1b[Kres\x1b[m\x1b[K\xe2\x80\x99 was declared here\n'}
[110.728975] (mission_layer_mvibot) StderrLine: {'line': b' 1039 |         int \x1b[01;36m\x1b[Kres\x1b[m\x1b[K;\n'}
[110.729127] (mission_layer_mvibot) StderrLine: {'line': b'      |             \x1b[01;36m\x1b[K^~~\x1b[m\x1b[K\n'}
[110.751757] (-) TimerEvent: {}
[110.852044] (-) TimerEvent: {}
[110.952494] (-) TimerEvent: {}
[111.052850] (-) TimerEvent: {}
[111.153478] (-) TimerEvent: {}
[111.253854] (-) TimerEvent: {}
[111.354546] (-) TimerEvent: {}
[111.455820] (-) TimerEvent: {}
[111.556114] (-) TimerEvent: {}
[111.656390] (-) TimerEvent: {}
[111.756668] (-) TimerEvent: {}
[111.857002] (-) TimerEvent: {}
[111.957310] (-) TimerEvent: {}
[112.057602] (-) TimerEvent: {}
[112.158165] (-) TimerEvent: {}
[112.258439] (-) TimerEvent: {}
[112.358748] (-) TimerEvent: {}
[112.459142] (-) TimerEvent: {}
[112.559511] (-) TimerEvent: {}
[112.659791] (-) TimerEvent: {}
[112.760189] (-) TimerEvent: {}
[112.860525] (-) TimerEvent: {}
[112.960946] (-) TimerEvent: {}
[113.061263] (-) TimerEvent: {}
[113.161575] (-) TimerEvent: {}
[113.262076] (-) TimerEvent: {}
[113.362386] (-) TimerEvent: {}
[113.462759] (-) TimerEvent: {}
[113.563102] (-) TimerEvent: {}
[113.663411] (-) TimerEvent: {}
[113.763732] (-) TimerEvent: {}
[113.864163] (-) TimerEvent: {}
[113.966222] (-) TimerEvent: {}
[114.066614] (-) TimerEvent: {}
[114.167029] (-) TimerEvent: {}
[114.267300] (-) TimerEvent: {}
[114.367597] (-) TimerEvent: {}
[114.467904] (-) TimerEvent: {}
[114.568565] (-) TimerEvent: {}
[114.669170] (-) TimerEvent: {}
[114.769498] (-) TimerEvent: {}
[114.869885] (-) TimerEvent: {}
[114.970316] (-) TimerEvent: {}
[115.072334] (-) TimerEvent: {}
[115.173414] (-) TimerEvent: {}
[115.273905] (-) TimerEvent: {}
[115.374633] (-) TimerEvent: {}
[115.474946] (-) TimerEvent: {}
[115.575295] (-) TimerEvent: {}
[115.676075] (-) TimerEvent: {}
[115.776732] (-) TimerEvent: {}
[115.877068] (-) TimerEvent: {}
[115.977340] (-) TimerEvent: {}
[116.077652] (-) TimerEvent: {}
[116.178006] (-) TimerEvent: {}
[116.278302] (-) TimerEvent: {}
[116.378614] (-) TimerEvent: {}
[116.478916] (-) TimerEvent: {}
[116.579201] (-) TimerEvent: {}
[116.679453] (-) TimerEvent: {}
[116.779739] (-) TimerEvent: {}
[116.880047] (-) TimerEvent: {}
[116.980300] (-) TimerEvent: {}
[117.080955] (-) TimerEvent: {}
[117.181325] (-) TimerEvent: {}
[117.281610] (-) TimerEvent: {}
[117.381887] (-) TimerEvent: {}
[117.482188] (-) TimerEvent: {}
[117.582429] (-) TimerEvent: {}
[117.682843] (-) TimerEvent: {}
[117.783118] (-) TimerEvent: {}
[117.883425] (-) TimerEvent: {}
[117.983711] (-) TimerEvent: {}
[118.084362] (-) TimerEvent: {}
[118.184701] (-) TimerEvent: {}
[118.285037] (-) TimerEvent: {}
[118.385326] (-) TimerEvent: {}
[118.485645] (-) TimerEvent: {}
[118.586008] (-) TimerEvent: {}
[118.686281] (-) TimerEvent: {}
[118.786536] (-) TimerEvent: {}
[118.886910] (-) TimerEvent: {}
[118.987351] (-) TimerEvent: {}
[119.087602] (-) TimerEvent: {}
[119.187856] (-) TimerEvent: {}
[119.288137] (-) TimerEvent: {}
[119.388456] (-) TimerEvent: {}
[119.489406] (-) TimerEvent: {}
[119.589892] (-) TimerEvent: {}
[119.690205] (-) TimerEvent: {}
[119.790662] (-) TimerEvent: {}
[119.890962] (-) TimerEvent: {}
[119.991242] (-) TimerEvent: {}
[120.091730] (-) TimerEvent: {}
[120.192654] (-) TimerEvent: {}
[120.293032] (-) TimerEvent: {}
[120.393349] (-) TimerEvent: {}
[120.493631] (-) TimerEvent: {}
[120.593973] (-) TimerEvent: {}
[120.694420] (-) TimerEvent: {}
[120.794708] (-) TimerEvent: {}
[120.894983] (-) TimerEvent: {}
[120.995270] (-) TimerEvent: {}
[121.095534] (-) TimerEvent: {}
[121.195825] (-) TimerEvent: {}
[121.296209] (-) TimerEvent: {}
[121.396598] (-) TimerEvent: {}
[121.497238] (-) TimerEvent: {}
[121.597588] (-) TimerEvent: {}
[121.698085] (-) TimerEvent: {}
[121.798364] (-) TimerEvent: {}
[121.899336] (-) TimerEvent: {}
[121.999790] (-) TimerEvent: {}
[122.100175] (-) TimerEvent: {}
[122.200488] (-) TimerEvent: {}
[122.300810] (-) TimerEvent: {}
[122.401117] (-) TimerEvent: {}
[122.501328] (-) TimerEvent: {}
[122.601591] (-) TimerEvent: {}
[122.701948] (-) TimerEvent: {}
[122.802300] (-) TimerEvent: {}
[122.902686] (-) TimerEvent: {}
[123.002946] (-) TimerEvent: {}
[123.103257] (-) TimerEvent: {}
[123.203509] (-) TimerEvent: {}
[123.303809] (-) TimerEvent: {}
[123.404094] (-) TimerEvent: {}
[123.504687] (-) TimerEvent: {}
[123.605068] (-) TimerEvent: {}
[123.705325] (-) TimerEvent: {}
[123.805991] (-) TimerEvent: {}
[123.906307] (-) TimerEvent: {}
[124.006593] (-) TimerEvent: {}
[124.106864] (-) TimerEvent: {}
[124.207150] (-) TimerEvent: {}
[124.307427] (-) TimerEvent: {}
[124.408090] (-) TimerEvent: {}
[124.508441] (-) TimerEvent: {}
[124.608736] (-) TimerEvent: {}
[124.709144] (-) TimerEvent: {}
[124.809446] (-) TimerEvent: {}
[124.909919] (-) TimerEvent: {}
[125.010187] (-) TimerEvent: {}
[125.110485] (-) TimerEvent: {}
[125.210845] (-) TimerEvent: {}
[125.311241] (-) TimerEvent: {}
[125.411551] (-) TimerEvent: {}
[125.512022] (-) TimerEvent: {}
[125.612299] (-) TimerEvent: {}
[125.712719] (-) TimerEvent: {}
[125.813013] (-) TimerEvent: {}
[125.913266] (-) TimerEvent: {}
[126.013746] (-) TimerEvent: {}
[126.114048] (-) TimerEvent: {}
[126.214308] (-) TimerEvent: {}
[126.314582] (-) TimerEvent: {}
[126.414914] (-) TimerEvent: {}
[126.515273] (-) TimerEvent: {}
[126.615632] (-) TimerEvent: {}
[126.716464] (-) TimerEvent: {}
[126.816773] (-) TimerEvent: {}
[126.917095] (-) TimerEvent: {}
[127.017360] (-) TimerEvent: {}
[127.117801] (-) TimerEvent: {}
[127.218329] (-) TimerEvent: {}
[127.318599] (-) TimerEvent: {}
[127.418845] (-) TimerEvent: {}
[127.519122] (-) TimerEvent: {}
[127.619507] (-) TimerEvent: {}
[127.719792] (-) TimerEvent: {}
[127.820043] (-) TimerEvent: {}
[127.920368] (-) TimerEvent: {}
[128.020738] (-) TimerEvent: {}
[128.121733] (-) TimerEvent: {}
[128.222070] (-) TimerEvent: {}
[128.322612] (-) TimerEvent: {}
[128.423715] (-) TimerEvent: {}
[128.524169] (-) TimerEvent: {}
[128.624525] (-) TimerEvent: {}
[128.725513] (-) TimerEvent: {}
[128.826136] (-) TimerEvent: {}
[128.926451] (-) TimerEvent: {}
[129.027296] (-) TimerEvent: {}
[129.127592] (-) TimerEvent: {}
[129.227958] (-) TimerEvent: {}
[129.328202] (-) TimerEvent: {}
[129.428462] (-) TimerEvent: {}
[129.528726] (-) TimerEvent: {}
[129.628986] (-) TimerEvent: {}
[129.729234] (-) TimerEvent: {}
[129.829475] (-) TimerEvent: {}
[129.929730] (-) TimerEvent: {}
[130.030086] (-) TimerEvent: {}
[130.130485] (-) TimerEvent: {}
[130.230732] (-) TimerEvent: {}
[130.331013] (-) TimerEvent: {}
[130.431282] (-) TimerEvent: {}
[130.531737] (-) TimerEvent: {}
[130.631964] (-) TimerEvent: {}
[130.732238] (-) TimerEvent: {}
[130.832727] (-) TimerEvent: {}
[130.933027] (-) TimerEvent: {}
[131.033337] (-) TimerEvent: {}
[131.133642] (-) TimerEvent: {}
[131.233915] (-) TimerEvent: {}
[131.334388] (-) TimerEvent: {}
[131.434680] (-) TimerEvent: {}
[131.534983] (-) TimerEvent: {}
[131.635229] (-) TimerEvent: {}
[131.735480] (-) TimerEvent: {}
[131.835796] (-) TimerEvent: {}
[131.936116] (-) TimerEvent: {}
[132.036446] (-) TimerEvent: {}
[132.136779] (-) TimerEvent: {}
[132.237203] (-) TimerEvent: {}
[132.337568] (-) TimerEvent: {}
[132.437922] (-) TimerEvent: {}
[132.538521] (-) TimerEvent: {}
[132.638917] (-) TimerEvent: {}
[132.739315] (-) TimerEvent: {}
[132.840234] (-) TimerEvent: {}
[132.869282] (mission_layer_mvibot) StdoutLine: {'line': b'[100%] \x1b[32m\x1b[1mLinking CXX executable mvibot_mission\x1b[0m\n'}
[132.940343] (-) TimerEvent: {}
[133.040721] (-) TimerEvent: {}
[133.141160] (-) TimerEvent: {}
[133.241473] (-) TimerEvent: {}
[133.341730] (-) TimerEvent: {}
[133.442008] (-) TimerEvent: {}
[133.542256] (-) TimerEvent: {}
[133.642533] (-) TimerEvent: {}
[133.742824] (-) TimerEvent: {}
[133.843342] (-) TimerEvent: {}
[133.943722] (-) TimerEvent: {}
[134.044086] (-) TimerEvent: {}
[134.091711] (mission_layer_mvibot) StdoutLine: {'line': b'[100%] Built target mvibot_mission\n'}
[134.146335] (-) TimerEvent: {}
[134.182944] (mission_layer_mvibot) CommandEnded: {'returncode': 0}
[134.228511] (mission_layer_mvibot) JobProgress: {'identifier': 'mission_layer_mvibot', 'progress': 'install'}
[134.246410] (-) TimerEvent: {}
[134.263398] (mission_layer_mvibot) Command: {'cmd': ['/usr/bin/cmake', '--install', '/home/mvibot/floorCleaningRobot_ws/build/mission_layer_mvibot'], 'cwd': '/home/mvibot/floorCleaningRobot_ws/build/mission_layer_mvibot', 'env': OrderedDict({'LESSOPEN': '| /usr/bin/lesspipe %s', 'USER': 'mvibot', 'SSH_CLIENT': '10.0.60.48 49304 22', 'GZ_CONFIG_PATH': '/opt/ros/jazzy/opt/gz_sim_vendor/share/gz:/opt/ros/jazzy/opt/sdformat_vendor/share/gz:/opt/ros/jazzy/opt/gz_gui_vendor/share/gz:/opt/ros/jazzy/opt/gz_transport_vendor/share/gz:/opt/ros/jazzy/opt/gz_rendering_vendor/share/gz:/opt/ros/jazzy/opt/gz_plugin_vendor/share/gz:/opt/ros/jazzy/opt/gz_fuel_tools_vendor/share/gz:/opt/ros/jazzy/opt/gz_msgs_vendor/share/gz:/opt/ros/jazzy/opt/gz_common_vendor/share/gz', 'XDG_SESSION_TYPE': 'tty', 'SHLVL': '1', 'LD_LIBRARY_PATH': '/home/mvibot/floorCleaningRobot_ws/install/opennav_coverage_msgs/lib:/home/mvibot/floorCleaningRobot_ws/install/tf2_web_republisher/lib:/home/mvibot/floorCleaningRobot_ws/install/tf2_web_republisher_interfaces/lib:/home/mvibot/floorCleaningRobot_ws/install/realsense2_camera/lib:/home/mvibot/floorCleaningRobot_ws/install/realsense2_camera_msgs/lib:/home/mvibot/floorCleaningRobot_ws/install/pointcloud_to_laserscan/lib:/home/mvibot/floorCleaningRobot_ws/install/opennav_row_coverage/lib:/home/mvibot/floorCleaningRobot_ws/install/opennav_coverage_navigator/lib:/home/mvibot/floorCleaningRobot_ws/install/opennav_coverage_bt/lib:/home/mvibot/floorCleaningRobot_ws/install/opennav_coverage/lib:/home/mvibot/floorCleaningRobot_ws/install/fields2cover/lib:/opt/ros/jazzy/opt/gz_sim_vendor/lib:/opt/ros/jazzy/opt/gz_sensors_vendor/lib:/opt/ros/jazzy/opt/gz_physics_vendor/lib:/opt/ros/jazzy/opt/sdformat_vendor/lib:/opt/ros/jazzy/opt/rviz_ogre_vendor/lib:/opt/ros/jazzy/lib/x86_64-linux-gnu:/opt/ros/jazzy/opt/gz_gui_vendor/lib:/opt/ros/jazzy/opt/gz_transport_vendor/lib:/opt/ros/jazzy/opt/gz_rendering_vendor/lib:/opt/ros/jazzy/opt/gz_plugin_vendor/lib:/opt/ros/jazzy/opt/gz_fuel_tools_vendor/lib:/opt/ros/jazzy/opt/gz_msgs_vendor/lib:/opt/ros/jazzy/opt/gz_common_vendor/lib:/opt/ros/jazzy/opt/gz_math_vendor/lib:/opt/ros/jazzy/opt/gz_utils_vendor/lib:/opt/ros/jazzy/opt/gz_tools_vendor/lib:/opt/ros/jazzy/opt/gz_ogre_next_vendor/lib:/opt/ros/jazzy/opt/gz_dartsim_vendor/lib:/opt/ros/jazzy/opt/gz_cmake_vendor/lib:/opt/ros/jazzy/lib', 'HOME': '/home/mvibot', 'OLDPWD': '/home/mvibot', 'NVM_BIN': '/home/mvibot/.nvm/versions/node/v24.12.0/bin', 'SSH_TTY': '/dev/pts/2', 'NVM_INC': '/home/mvibot/.nvm/versions/node/v24.12.0/include/node', 'ROS_PYTHON_VERSION': '3', 'DBUS_SESSION_BUS_ADDRESS': 'unix:path=/run/user/1000/bus', 'NVM_DIR': '/home/mvibot/.nvm', 'DEBUGINFOD_URLS': 'https://debuginfod.ubuntu.com', 'COLCON_PREFIX_PATH': '/home/mvibot/floorCleaningRobot_ws/install', 'ROS_DISTRO': 'jazzy', 'LOGNAME': 'mvibot', '_': '/usr/bin/colcon', 'ROS_VERSION': '2', 'PKG_CONFIG_PATH': '/home/mvibot/floorCleaningRobot_ws/install/fields2cover/lib/x86_64-linux-gnu/pkgconfig:/home/mvibot/floorCleaningRobot_ws/install/fields2cover/lib/pkgconfig', 'XDG_SESSION_CLASS': 'user', 'TERM': 'xterm-256color', 'XDG_SESSION_ID': '65', 'PATH': '/home/mvibot/.nvm/versions/node/v24.12.0/bin:/opt/ros/jazzy/opt/gz_msgs_vendor/bin:/opt/ros/jazzy/opt/gz_tools_vendor/bin:/opt/ros/jazzy/opt/gz_ogre_next_vendor/bin:/opt/ros/jazzy/bin:/usr/local/sbin:/usr/local/bin:/usr/sbin:/usr/bin:/sbin:/bin:/usr/games:/usr/local/games:/snap/bin', 'XDG_RUNTIME_DIR': '/run/user/1000', 'LANG': 'en_US.UTF-8', 'RMW_IMPLEMENTATION': 'rmw_fastrtps_cpp', 'LS_COLORS': 'rs=0:di=01;34:ln=01;36:mh=00:pi=40;33:so=01;35:do=01;35:bd=40;33;01:cd=40;33;01:or=40;31;01:mi=00:su=37;41:sg=30;43:ca=00:tw=30;42:ow=34;42:st=37;44:ex=01;32:*.tar=01;31:*.tgz=01;31:*.arc=01;31:*.arj=01;31:*.taz=01;31:*.lha=01;31:*.lz4=01;31:*.lzh=01;31:*.lzma=01;31:*.tlz=01;31:*.txz=01;31:*.tzo=01;31:*.t7z=01;31:*.zip=01;31:*.z=01;31:*.dz=01;31:*.gz=01;31:*.lrz=01;31:*.lz=01;31:*.lzo=01;31:*.xz=01;31:*.zst=01;31:*.tzst=01;31:*.bz2=01;31:*.bz=01;31:*.tbz=01;31:*.tbz2=01;31:*.tz=01;31:*.deb=01;31:*.rpm=01;31:*.jar=01;31:*.war=01;31:*.ear=01;31:*.sar=01;31:*.rar=01;31:*.alz=01;31:*.ace=01;31:*.zoo=01;31:*.cpio=01;31:*.7z=01;31:*.rz=01;31:*.cab=01;31:*.wim=01;31:*.swm=01;31:*.dwm=01;31:*.esd=01;31:*.avif=01;35:*.jpg=01;35:*.jpeg=01;35:*.mjpg=01;35:*.mjpeg=01;35:*.gif=01;35:*.bmp=01;35:*.pbm=01;35:*.pgm=01;35:*.ppm=01;35:*.tga=01;35:*.xbm=01;35:*.xpm=01;35:*.tif=01;35:*.tiff=01;35:*.png=01;35:*.svg=01;35:*.svgz=01;35:*.mng=01;35:*.pcx=01;35:*.mov=01;35:*.mpg=01;35:*.mpeg=01;35:*.m2v=01;35:*.mkv=01;35:*.webm=01;35:*.webp=01;35:*.ogm=01;35:*.mp4=01;35:*.m4v=01;35:*.mp4v=01;35:*.vob=01;35:*.qt=01;35:*.nuv=01;35:*.wmv=01;35:*.asf=01;35:*.rm=01;35:*.rmvb=01;35:*.flc=01;35:*.avi=01;35:*.fli=01;35:*.flv=01;35:*.gl=01;35:*.dl=01;35:*.xcf=01;35:*.xwd=01;35:*.yuv=01;35:*.cgm=01;35:*.emf=01;35:*.ogv=01;35:*.ogx=01;35:*.aac=00;36:*.au=00;36:*.flac=00;36:*.m4a=00;36:*.mid=00;36:*.midi=00;36:*.mka=00;36:*.mp3=00;36:*.mpc=00;36:*.ogg=00;36:*.ra=00;36:*.wav=00;36:*.oga=00;36:*.opus=00;36:*.spx=00;36:*.xspf=00;36:*~=00;90:*#=00;90:*.bak=00;90:*.crdownload=00;90:*.dpkg-dist=00;90:*.dpkg-new=00;90:*.dpkg-old=00;90:*.dpkg-tmp=00;90:*.old=00;90:*.orig=00;90:*.part=00;90:*.rej=00;90:*.rpmnew=00;90:*.rpmorig=00;90:*.rpmsave=00;90:*.swp=00;90:*.tmp=00;90:*.ucf-dist=00;90:*.ucf-new=00;90:*.ucf-old=00;90:', 'ROS_DOMAIN_ID': '10', 'AMENT_PREFIX_PATH': '/home/mvibot/floorCleaningRobot_ws/install/tf2_web_republisher:/home/mvibot/floorCleaningRobot_ws/install/tf2_web_republisher_interfaces:/home/mvibot/floorCleaningRobot_ws/install/sllidar_ros2:/home/mvibot/floorCleaningRobot_ws/install/realsense2_description:/home/mvibot/floorCleaningRobot_ws/install/realsense2_camera:/home/mvibot/floorCleaningRobot_ws/install/realsense2_camera_msgs:/home/mvibot/floorCleaningRobot_ws/install/pointcloud_to_laserscan:/home/mvibot/floorCleaningRobot_ws/install/opennav_coverage_demo:/home/mvibot/floorCleaningRobot_ws/install/opennav_row_coverage:/home/mvibot/floorCleaningRobot_ws/install/opennav_coverage_navigator:/home/mvibot/floorCleaningRobot_ws/install/opennav_coverage_bt:/home/mvibot/floorCleaningRobot_ws/install/opennav_coverage:/home/mvibot/floorCleaningRobot_ws/install/mission_layer_mvibot:/home/mvibot/floorCleaningRobot_ws/install/opennav_coverage_msgs:/home/mvibot/floorCleaningRobot_ws/install/lower_layer_mvibot:/home/mvibot/floorCleaningRobot_ws/install/ira_laser_tools:/home/mvibot/floorCleaningRobot_ws/install/higher_layer_mvibot:/opt/ros/jazzy', 'SHELL': '/bin/bash', 'LESSCLOSE': '/usr/bin/lesspipe %s %s', 'ROS_AUTOMATIC_DISCOVERY_RANGE': 'SUBNET', 'PWD': '/home/mvibot/floorCleaningRobot_ws/build/mission_layer_mvibot', 'LC_ALL': 'en_US.UTF-8', 'SSH_CONNECTION': '10.0.60.48 49304 10.0.70.69 22', 'NVM_CD_FLAGS': '', 'XDG_DATA_DIRS': '/usr/share/gnome:/usr/local/share:/usr/share:/var/lib/snapd/desktop', 'PYTHONPATH': '/home/mvibot/floorCleaningRobot_ws/install/opennav_coverage_msgs/lib/python3.12/site-packages:/home/mvibot/floorCleaningRobot_ws/install/tf2_web_republisher_interfaces/lib/python3.12/site-packages:/home/mvibot/floorCleaningRobot_ws/install/realsense2_camera_msgs/lib/python3.12/site-packages:/home/mvibot/floorCleaningRobot_ws/build/opennav_coverage_demo:/home/mvibot/floorCleaningRobot_ws/install/opennav_coverage_demo/lib/python3.12/site-packages:/opt/ros/jazzy/lib/python3.12/site-packages', 'COLCON': '1', 'CMAKE_PREFIX_PATH': '/home/mvibot/floorCleaningRobot_ws/install/opennav_coverage_msgs:/home/mvibot/floorCleaningRobot_ws/install/tf2_web_republisher:/home/mvibot/floorCleaningRobot_ws/install/tf2_web_republisher_interfaces:/home/mvibot/floorCleaningRobot_ws/install/sllidar_ros2:/home/mvibot/floorCleaningRobot_ws/install/realsense2_description:/home/mvibot/floorCleaningRobot_ws/install/realsense2_camera:/home/mvibot/floorCleaningRobot_ws/install/realsense2_camera_msgs:/home/mvibot/floorCleaningRobot_ws/install/pointcloud_to_laserscan:/home/mvibot/floorCleaningRobot_ws/install/opennav_row_coverage:/home/mvibot/floorCleaningRobot_ws/install/opennav_coverage_navigator:/home/mvibot/floorCleaningRobot_ws/install/opennav_coverage_bt:/home/mvibot/floorCleaningRobot_ws/install/opennav_coverage:/home/mvibot/floorCleaningRobot_ws/install/mission_layer_mvibot:/home/mvibot/floorCleaningRobot_ws/install/lower_layer_mvibot:/home/mvibot/floorCleaningRobot_ws/install/ira_laser_tools:/home/mvibot/floorCleaningRobot_ws/install/higher_layer_mvibot:/home/mvibot/floorCleaningRobot_ws/install/fields2cover:/opt/ros/jazzy/opt/gz_sim_vendor:/opt/ros/jazzy/opt/gz_sensors_vendor:/opt/ros/jazzy/opt/gz_physics_vendor:/opt/ros/jazzy/opt/sdformat_vendor:/opt/ros/jazzy/opt/gz_gui_vendor:/opt/ros/jazzy/opt/gz_transport_vendor:/opt/ros/jazzy/opt/gz_rendering_vendor:/opt/ros/jazzy/opt/gz_plugin_vendor:/opt/ros/jazzy/opt/gz_fuel_tools_vendor:/opt/ros/jazzy/opt/gz_msgs_vendor:/opt/ros/jazzy/opt/gz_common_vendor:/opt/ros/jazzy/opt/gz_math_vendor:/opt/ros/jazzy/opt/gz_utils_vendor:/opt/ros/jazzy/opt/gz_tools_vendor:/opt/ros/jazzy/opt/gz_ogre_next_vendor:/opt/ros/jazzy/opt/gz_dartsim_vendor:/opt/ros/jazzy/opt/gz_cmake_vendor:/home/mvibot/floorCleaningRobot_ws/install/opennav_coverage_demo:/opt/ros/jazzy'}), 'shell': False}
[134.286782] (mission_layer_mvibot) StdoutLine: {'line': b'-- Install configuration: "Release"\n'}
[134.289222] (mission_layer_mvibot) StdoutLine: {'line': b'-- Execute custom install script\n'}
[134.297016] (mission_layer_mvibot) StdoutLine: {'line': b'-- Up-to-date symlink: /home/mvibot/floorCleaningRobot_ws/install/mission_layer_mvibot/share/mission_layer_mvibot//launch/mvibot_amcl_launch.py\n'}
[134.297700] (mission_layer_mvibot) StdoutLine: {'line': b'-- Up-to-date symlink: /home/mvibot/floorCleaningRobot_ws/install/mission_layer_mvibot/share/mission_layer_mvibot//launch/mvibot_behavior_launch.py\n'}
[134.297938] (mission_layer_mvibot) StdoutLine: {'line': b'-- Up-to-date symlink: /home/mvibot/floorCleaningRobot_ws/install/mission_layer_mvibot/share/mission_layer_mvibot//launch/mvibot_bt_navigator_launch.py\n'}
[134.298386] (mission_layer_mvibot) StdoutLine: {'line': b'-- Up-to-date symlink: /home/mvibot/floorCleaningRobot_ws/install/mission_layer_mvibot/share/mission_layer_mvibot//launch/mvibot_collision_monitor_launch.py\n'}
[134.298819] (mission_layer_mvibot) StdoutLine: {'line': b'-- Up-to-date symlink: /home/mvibot/floorCleaningRobot_ws/install/mission_layer_mvibot/share/mission_layer_mvibot//launch/mvibot_controller_launch.py\n'}
[134.299259] (mission_layer_mvibot) StdoutLine: {'line': b'-- Up-to-date symlink: /home/mvibot/floorCleaningRobot_ws/install/mission_layer_mvibot/share/mission_layer_mvibot//launch/mvibot_lifecycle_manager_navigation_launch.py\n'}
[134.299722] (mission_layer_mvibot) StdoutLine: {'line': b'-- Up-to-date symlink: /home/mvibot/floorCleaningRobot_ws/install/mission_layer_mvibot/share/mission_layer_mvibot//launch/mvibot_manage_mission_launch.py\n'}
[134.300148] (mission_layer_mvibot) StdoutLine: {'line': b'-- Up-to-date symlink: /home/mvibot/floorCleaningRobot_ws/install/mission_layer_mvibot/share/mission_layer_mvibot//launch/mvibot_mission_launch.py\n'}
[134.300629] (mission_layer_mvibot) StdoutLine: {'line': b'-- Up-to-date symlink: /home/mvibot/floorCleaningRobot_ws/install/mission_layer_mvibot/share/mission_layer_mvibot//launch/mvibot_navigation_launch.py\n'}
[134.301291] (mission_layer_mvibot) StdoutLine: {'line': b'-- Up-to-date symlink: /home/mvibot/floorCleaningRobot_ws/install/mission_layer_mvibot/share/mission_layer_mvibot//launch/mvibot_opennav_coverage_launch.py\n'}
[134.301845] (mission_layer_mvibot) StdoutLine: {'line': b'-- Up-to-date symlink: /home/mvibot/floorCleaningRobot_ws/install/mission_layer_mvibot/share/mission_layer_mvibot//launch/mvibot_planner_launch.py\n'}
[134.302293] (mission_layer_mvibot) StdoutLine: {'line': b'-- Up-to-date symlink: /home/mvibot/floorCleaningRobot_ws/install/mission_layer_mvibot/share/mission_layer_mvibot//launch/mvibot_smoother_launch.py\n'}
[134.302705] (mission_layer_mvibot) StdoutLine: {'line': b'-- Up-to-date symlink: /home/mvibot/floorCleaningRobot_ws/install/mission_layer_mvibot/share/mission_layer_mvibot//launch/mvibot_velocity_smoother_launch.py\n'}
[134.303127] (mission_layer_mvibot) StdoutLine: {'line': b'-- Up-to-date symlink: /home/mvibot/floorCleaningRobot_ws/install/mission_layer_mvibot/share/mission_layer_mvibot//launch/mvibot_waypoint_follower_launch.py\n'}
[134.304691] (mission_layer_mvibot) StdoutLine: {'line': b'-- Up-to-date symlink: /home/mvibot/floorCleaningRobot_ws/install/mission_layer_mvibot/lib/mission_layer_mvibot/mvibot_mission\n'}
[134.306957] (mission_layer_mvibot) StdoutLine: {'line': b'-- Up-to-date symlink: /home/mvibot/floorCleaningRobot_ws/install/mission_layer_mvibot/share/ament_index/resource_index/package_run_dependencies/mission_layer_mvibot\n'}
[134.307955] (mission_layer_mvibot) StdoutLine: {'line': b'-- Up-to-date symlink: /home/mvibot/floorCleaningRobot_ws/install/mission_layer_mvibot/share/ament_index/resource_index/parent_prefix_path/mission_layer_mvibot\n'}
[134.310436] (mission_layer_mvibot) StdoutLine: {'line': b'-- Up-to-date symlink: /home/mvibot/floorCleaningRobot_ws/install/mission_layer_mvibot/share/mission_layer_mvibot/environment/ament_prefix_path.sh\n'}
[134.311176] (mission_layer_mvibot) StdoutLine: {'line': b'-- Up-to-date symlink: /home/mvibot/floorCleaningRobot_ws/install/mission_layer_mvibot/share/mission_layer_mvibot/environment/ament_prefix_path.dsv\n'}
[134.311651] (mission_layer_mvibot) StdoutLine: {'line': b'-- Up-to-date symlink: /home/mvibot/floorCleaningRobot_ws/install/mission_layer_mvibot/share/mission_layer_mvibot/environment/path.sh\n'}
[134.312175] (mission_layer_mvibot) StdoutLine: {'line': b'-- Up-to-date symlink: /home/mvibot/floorCleaningRobot_ws/install/mission_layer_mvibot/share/mission_layer_mvibot/environment/path.dsv\n'}
[134.312723] (mission_layer_mvibot) StdoutLine: {'line': b'-- Up-to-date symlink: /home/mvibot/floorCleaningRobot_ws/install/mission_layer_mvibot/share/mission_layer_mvibot/local_setup.bash\n'}
[134.313172] (mission_layer_mvibot) StdoutLine: {'line': b'-- Up-to-date symlink: /home/mvibot/floorCleaningRobot_ws/install/mission_layer_mvibot/share/mission_layer_mvibot/local_setup.sh\n'}
[134.313957] (mission_layer_mvibot) StdoutLine: {'line': b'-- Up-to-date symlink: /home/mvibot/floorCleaningRobot_ws/install/mission_layer_mvibot/share/mission_layer_mvibot/local_setup.zsh\n'}
[134.314437] (mission_layer_mvibot) StdoutLine: {'line': b'-- Up-to-date symlink: /home/mvibot/floorCleaningRobot_ws/install/mission_layer_mvibot/share/mission_layer_mvibot/local_setup.dsv\n'}
[134.315416] (mission_layer_mvibot) StdoutLine: {'line': b'-- Symlinking: /home/mvibot/floorCleaningRobot_ws/install/mission_layer_mvibot/share/mission_layer_mvibot/package.dsv\n'}
[134.335269] (mission_layer_mvibot) StdoutLine: {'line': b'-- Up-to-date symlink: /home/mvibot/floorCleaningRobot_ws/install/mission_layer_mvibot/share/ament_index/resource_index/packages/mission_layer_mvibot\n'}
[134.336240] (mission_layer_mvibot) StdoutLine: {'line': b'-- Up-to-date symlink: /home/mvibot/floorCleaningRobot_ws/install/mission_layer_mvibot/share/mission_layer_mvibot/cmake/mission_layer_mvibotConfig.cmake\n'}
[134.336653] (mission_layer_mvibot) StdoutLine: {'line': b'-- Up-to-date symlink: /home/mvibot/floorCleaningRobot_ws/install/mission_layer_mvibot/share/mission_layer_mvibot/cmake/mission_layer_mvibotConfig-version.cmake\n'}
[134.337191] (mission_layer_mvibot) StdoutLine: {'line': b'-- Up-to-date symlink: /home/mvibot/floorCleaningRobot_ws/install/mission_layer_mvibot/share/mission_layer_mvibot/package.xml\n'}
[134.343126] (mission_layer_mvibot) CommandEnded: {'returncode': 0}
[134.360131] (-) TimerEvent: {}
[134.460360] (-) TimerEvent: {}
[134.488393] (mission_layer_mvibot) JobEnded: {'identifier': 'mission_layer_mvibot', 'rc': 0}
[134.497413] (-) EventReactorShutdown: {}
