[0.000000] (-) TimerEvent: {}
[0.000156] (-) JobUnselected: {'identifier': 'fields2cover'}
[0.000188] (-) JobUnselected: {'identifier': 'higher_layer_mvibot'}
[0.000206] (-) JobUnselected: {'identifier': 'ira_laser_tools'}
[0.000221] (-) JobUnselected: {'identifier': 'lower_layer_mvibot'}
[0.000233] (-) JobUnselected: {'identifier': 'opennav_coverage'}
[0.000245] (-) JobUnselected: {'identifier': 'opennav_coverage_bt'}
[0.000256] (-) JobUnselected: {'identifier': 'opennav_coverage_demo'}
[0.000267] (-) JobUnselected: {'identifier': 'opennav_coverage_msgs'}
[0.000278] (-) JobUnselected: {'identifier': 'opennav_coverage_navigator'}
[0.000290] (-) JobUnselected: {'identifier': 'opennav_row_coverage'}
[0.000301] (-) JobUnselected: {'identifier': 'pointcloud_to_laserscan'}
[0.000312] (-) JobUnselected: {'identifier': 'realsense2_camera'}
[0.000323] (-) JobUnselected: {'identifier': 'realsense2_camera_msgs'}
[0.000334] (-) JobUnselected: {'identifier': 'realsense2_description'}
[0.000345] (-) JobUnselected: {'identifier': 'sllidar_ros2'}
[0.000356] (-) JobUnselected: {'identifier': 'tf2_web_republisher'}
[0.000367] (-) JobUnselected: {'identifier': 'tf2_web_republisher_interfaces'}
[0.000381] (mission_layer_mvibot) JobQueued: {'identifier': 'mission_layer_mvibot', 'dependencies': OrderedDict({'opennav_coverage_msgs': '/home/mvibot/floorCleaningRobot_ws/install/opennav_coverage_msgs'})}
[0.000986] (mission_layer_mvibot) JobStarted: {'identifier': 'mission_layer_mvibot'}
[0.026463] (mission_layer_mvibot) JobProgress: {'identifier': 'mission_layer_mvibot', 'progress': 'cmake'}
[0.028001] (mission_layer_mvibot) JobProgress: {'identifier': 'mission_layer_mvibot', 'progress': 'build'}
[0.028811] (mission_layer_mvibot) Command: {'cmd': ['/usr/bin/cmake', '--build', '/home/mvibot/floorCleaningRobot_ws/build/mission_layer_mvibot', '--', '-j8', '-l8'], 'cwd': '/home/mvibot/floorCleaningRobot_ws/build/mission_layer_mvibot', 'env': OrderedDict({'LESSOPEN': '| /usr/bin/lesspipe %s', 'USER': 'mvibot', 'SSH_CLIENT': '10.0.60.48 40340 22', 'GZ_CONFIG_PATH': '/opt/ros/jazzy/opt/gz_sim_vendor/share/gz:/opt/ros/jazzy/opt/sdformat_vendor/share/gz:/opt/ros/jazzy/opt/gz_gui_vendor/share/gz:/opt/ros/jazzy/opt/gz_transport_vendor/share/gz:/opt/ros/jazzy/opt/gz_rendering_vendor/share/gz:/opt/ros/jazzy/opt/gz_plugin_vendor/share/gz:/opt/ros/jazzy/opt/gz_fuel_tools_vendor/share/gz:/opt/ros/jazzy/opt/gz_msgs_vendor/share/gz:/opt/ros/jazzy/opt/gz_common_vendor/share/gz', 'XDG_SESSION_TYPE': 'tty', 'SHLVL': '1', 'LD_LIBRARY_PATH': '/home/mvibot/floorCleaningRobot_ws/install/opennav_coverage_msgs/lib:/home/mvibot/floorCleaningRobot_ws/install/tf2_web_republisher/lib:/home/mvibot/floorCleaningRobot_ws/install/tf2_web_republisher_interfaces/lib:/home/mvibot/floorCleaningRobot_ws/install/realsense2_camera/lib:/home/mvibot/floorCleaningRobot_ws/install/realsense2_camera_msgs/lib:/home/mvibot/floorCleaningRobot_ws/install/pointcloud_to_laserscan/lib:/home/mvibot/floorCleaningRobot_ws/install/opennav_row_coverage/lib:/home/mvibot/floorCleaningRobot_ws/install/opennav_coverage_navigator/lib:/home/mvibot/floorCleaningRobot_ws/install/opennav_coverage_bt/lib:/home/mvibot/floorCleaningRobot_ws/install/opennav_coverage/lib:/home/mvibot/floorCleaningRobot_ws/install/fields2cover/lib:/opt/ros/jazzy/opt/gz_sim_vendor/lib:/opt/ros/jazzy/opt/gz_sensors_vendor/lib:/opt/ros/jazzy/opt/gz_physics_vendor/lib:/opt/ros/jazzy/opt/sdformat_vendor/lib:/opt/ros/jazzy/opt/rviz_ogre_vendor/lib:/opt/ros/jazzy/lib/x86_64-linux-gnu:/opt/ros/jazzy/opt/gz_gui_vendor/lib:/opt/ros/jazzy/opt/gz_transport_vendor/lib:/opt/ros/jazzy/opt/gz_rendering_vendor/lib:/opt/ros/jazzy/opt/gz_plugin_vendor/lib:/opt/ros/jazzy/opt/gz_fuel_tools_vendor/lib:/opt/ros/jazzy/opt/gz_msgs_vendor/lib:/opt/ros/jazzy/opt/gz_common_vendor/lib:/opt/ros/jazzy/opt/gz_math_vendor/lib:/opt/ros/jazzy/opt/gz_utils_vendor/lib:/opt/ros/jazzy/opt/gz_tools_vendor/lib:/opt/ros/jazzy/opt/gz_ogre_next_vendor/lib:/opt/ros/jazzy/opt/gz_dartsim_vendor/lib:/opt/ros/jazzy/opt/gz_cmake_vendor/lib:/opt/ros/jazzy/lib', 'HOME': '/home/mvibot', 'OLDPWD': '/home/mvibot', 'NVM_BIN': '/home/mvibot/.nvm/versions/node/v24.12.0/bin', 'SSH_TTY': '/dev/pts/2', 'NVM_INC': '/home/mvibot/.nvm/versions/node/v24.12.0/include/node', 'ROS_PYTHON_VERSION': '3', 'DBUS_SESSION_BUS_ADDRESS': 'unix:path=/run/user/1000/bus', 'NVM_DIR': '/home/mvibot/.nvm', 'DEBUGINFOD_URLS': 'https://debuginfod.ubuntu.com', 'COLCON_PREFIX_PATH': '/home/mvibot/floorCleaningRobot_ws/install', 'ROS_DISTRO': 'jazzy', 'LOGNAME': 'mvibot', '_': '/usr/bin/colcon', 'ROS_VERSION': '2', 'PKG_CONFIG_PATH': '/home/mvibot/floorCleaningRobot_ws/install/fields2cover/lib/x86_64-linux-gnu/pkgconfig:/home/mvibot/floorCleaningRobot_ws/install/fields2cover/lib/pkgconfig', 'XDG_SESSION_CLASS': 'user', 'TERM': 'xterm-256color', 'XDG_SESSION_ID': '10', 'PATH': '/home/mvibot/.nvm/versions/node/v24.12.0/bin:/opt/ros/jazzy/opt/gz_msgs_vendor/bin:/opt/ros/jazzy/opt/gz_tools_vendor/bin:/opt/ros/jazzy/opt/gz_ogre_next_vendor/bin:/opt/ros/jazzy/bin:/usr/local/sbin:/usr/local/bin:/usr/sbin:/usr/bin:/sbin:/bin:/usr/games:/usr/local/games:/snap/bin', 'XDG_RUNTIME_DIR': '/run/user/1000', 'LANG': 'en_US.UTF-8', 'RMW_IMPLEMENTATION': 'rmw_fastrtps_cpp', 'LS_COLORS': 'rs=0:di=01;34:ln=01;36:mh=00:pi=40;33:so=01;35:do=01;35:bd=40;33;01:cd=40;33;01:or=40;31;01:mi=00:su=37;41:sg=30;43:ca=00:tw=30;42:ow=34;42:st=37;44:ex=01;32:*.tar=01;31:*.tgz=01;31:*.arc=01;31:*.arj=01;31:*.taz=01;31:*.lha=01;31:*.lz4=01;31:*.lzh=01;31:*.lzma=01;31:*.tlz=01;31:*.txz=01;31:*.tzo=01;31:*.t7z=01;31:*.zip=01;31:*.z=01;31:*.dz=01;31:*.gz=01;31:*.lrz=01;31:*.lz=01;31:*.lzo=01;31:*.xz=01;31:*.zst=01;31:*.tzst=01;31:*.bz2=01;31:*.bz=01;31:*.tbz=01;31:*.tbz2=01;31:*.tz=01;31:*.deb=01;31:*.rpm=01;31:*.jar=01;31:*.war=01;31:*.ear=01;31:*.sar=01;31:*.rar=01;31:*.alz=01;31:*.ace=01;31:*.zoo=01;31:*.cpio=01;31:*.7z=01;31:*.rz=01;31:*.cab=01;31:*.wim=01;31:*.swm=01;31:*.dwm=01;31:*.esd=01;31:*.avif=01;35:*.jpg=01;35:*.jpeg=01;35:*.mjpg=01;35:*.mjpeg=01;35:*.gif=01;35:*.bmp=01;35:*.pbm=01;35:*.pgm=01;35:*.ppm=01;35:*.tga=01;35:*.xbm=01;35:*.xpm=01;35:*.tif=01;35:*.tiff=01;35:*.png=01;35:*.svg=01;35:*.svgz=01;35:*.mng=01;35:*.pcx=01;35:*.mov=01;35:*.mpg=01;35:*.mpeg=01;35:*.m2v=01;35:*.mkv=01;35:*.webm=01;35:*.webp=01;35:*.ogm=01;35:*.mp4=01;35:*.m4v=01;35:*.mp4v=01;35:*.vob=01;35:*.qt=01;35:*.nuv=01;35:*.wmv=01;35:*.asf=01;35:*.rm=01;35:*.rmvb=01;35:*.flc=01;35:*.avi=01;35:*.fli=01;35:*.flv=01;35:*.gl=01;35:*.dl=01;35:*.xcf=01;35:*.xwd=01;35:*.yuv=01;35:*.cgm=01;35:*.emf=01;35:*.ogv=01;35:*.ogx=01;35:*.aac=00;36:*.au=00;36:*.flac=00;36:*.m4a=00;36:*.mid=00;36:*.midi=00;36:*.mka=00;36:*.mp3=00;36:*.mpc=00;36:*.ogg=00;36:*.ra=00;36:*.wav=00;36:*.oga=00;36:*.opus=00;36:*.spx=00;36:*.xspf=00;36:*~=00;90:*#=00;90:*.bak=00;90:*.crdownload=00;90:*.dpkg-dist=00;90:*.dpkg-new=00;90:*.dpkg-old=00;90:*.dpkg-tmp=00;90:*.old=00;90:*.orig=00;90:*.part=00;90:*.rej=00;90:*.rpmnew=00;90:*.rpmorig=00;90:*.rpmsave=00;90:*.swp=00;90:*.tmp=00;90:*.ucf-dist=00;90:*.ucf-new=00;90:*.ucf-old=00;90:', 'ROS_DOMAIN_ID': '10', 'AMENT_PREFIX_PATH': '/home/mvibot/floorCleaningRobot_ws/install/tf2_web_republisher:/home/mvibot/floorCleaningRobot_ws/install/tf2_web_republisher_interfaces:/home/mvibot/floorCleaningRobot_ws/install/sllidar_ros2:/home/mvibot/floorCleaningRobot_ws/install/realsense2_description:/home/mvibot/floorCleaningRobot_ws/install/realsense2_camera:/home/mvibot/floorCleaningRobot_ws/install/realsense2_camera_msgs:/home/mvibot/floorCleaningRobot_ws/install/pointcloud_to_laserscan:/home/mvibot/floorCleaningRobot_ws/install/opennav_coverage_demo:/home/mvibot/floorCleaningRobot_ws/install/opennav_row_coverage:/home/mvibot/floorCleaningRobot_ws/install/opennav_coverage_navigator:/home/mvibot/floorCleaningRobot_ws/install/opennav_coverage_bt:/home/mvibot/floorCleaningRobot_ws/install/opennav_coverage:/home/mvibot/floorCleaningRobot_ws/install/mission_layer_mvibot:/home/mvibot/floorCleaningRobot_ws/install/opennav_coverage_msgs:/home/mvibot/floorCleaningRobot_ws/install/lower_layer_mvibot:/home/mvibot/floorCleaningRobot_ws/install/ira_laser_tools:/home/mvibot/floorCleaningRobot_ws/install/higher_layer_mvibot:/opt/ros/jazzy', 'SHELL': '/bin/bash', 'LESSCLOSE': '/usr/bin/lesspipe %s %s', 'ROS_AUTOMATIC_DISCOVERY_RANGE': 'SUBNET', 'PWD': '/home/mvibot/floorCleaningRobot_ws/build/mission_layer_mvibot', 'LC_ALL': 'en_US.UTF-8', 'SSH_CONNECTION': '10.0.60.48 40340 10.0.70.69 22', 'NVM_CD_FLAGS': '', 'XDG_DATA_DIRS': '/usr/share/gnome:/usr/local/share:/usr/share:/var/lib/snapd/desktop', 'PYTHONPATH': '/home/mvibot/floorCleaningRobot_ws/install/opennav_coverage_msgs/lib/python3.12/site-packages:/home/mvibot/floorCleaningRobot_ws/install/tf2_web_republisher_interfaces/lib/python3.12/site-packages:/home/mvibot/floorCleaningRobot_ws/install/realsense2_camera_msgs/lib/python3.12/site-packages:/home/mvibot/floorCleaningRobot_ws/build/opennav_coverage_demo:/home/mvibot/floorCleaningRobot_ws/install/opennav_coverage_demo/lib/python3.12/site-packages:/opt/ros/jazzy/lib/python3.12/site-packages', 'COLCON': '1', 'CMAKE_PREFIX_PATH': '/home/mvibot/floorCleaningRobot_ws/install/opennav_coverage_msgs:/home/mvibot/floorCleaningRobot_ws/install/tf2_web_republisher:/home/mvibot/floorCleaningRobot_ws/install/tf2_web_republisher_interfaces:/home/mvibot/floorCleaningRobot_ws/install/sllidar_ros2:/home/mvibot/floorCleaningRobot_ws/install/realsense2_description:/home/mvibot/floorCleaningRobot_ws/install/realsense2_camera:/home/mvibot/floorCleaningRobot_ws/install/realsense2_camera_msgs:/home/mvibot/floorCleaningRobot_ws/install/pointcloud_to_laserscan:/home/mvibot/floorCleaningRobot_ws/install/opennav_row_coverage:/home/mvibot/floorCleaningRobot_ws/install/opennav_coverage_navigator:/home/mvibot/floorCleaningRobot_ws/install/opennav_coverage_bt:/home/mvibot/floorCleaningRobot_ws/install/opennav_coverage:/home/mvibot/floorCleaningRobot_ws/install/mission_layer_mvibot:/home/mvibot/floorCleaningRobot_ws/install/lower_layer_mvibot:/home/mvibot/floorCleaningRobot_ws/install/ira_laser_tools:/home/mvibot/floorCleaningRobot_ws/install/higher_layer_mvibot:/home/mvibot/floorCleaningRobot_ws/install/fields2cover:/opt/ros/jazzy/opt/gz_sim_vendor:/opt/ros/jazzy/opt/gz_sensors_vendor:/opt/ros/jazzy/opt/gz_physics_vendor:/opt/ros/jazzy/opt/sdformat_vendor:/opt/ros/jazzy/opt/gz_gui_vendor:/opt/ros/jazzy/opt/gz_transport_vendor:/opt/ros/jazzy/opt/gz_rendering_vendor:/opt/ros/jazzy/opt/gz_plugin_vendor:/opt/ros/jazzy/opt/gz_fuel_tools_vendor:/opt/ros/jazzy/opt/gz_msgs_vendor:/opt/ros/jazzy/opt/gz_common_vendor:/opt/ros/jazzy/opt/gz_math_vendor:/opt/ros/jazzy/opt/gz_utils_vendor:/opt/ros/jazzy/opt/gz_tools_vendor:/opt/ros/jazzy/opt/gz_ogre_next_vendor:/opt/ros/jazzy/opt/gz_dartsim_vendor:/opt/ros/jazzy/opt/gz_cmake_vendor:/home/mvibot/floorCleaningRobot_ws/install/opennav_coverage_demo:/opt/ros/jazzy'}), 'shell': False}
[0.099651] (-) TimerEvent: {}
[0.199888] (-) TimerEvent: {}
[0.300113] (-) TimerEvent: {}
[0.327607] (mission_layer_mvibot) StdoutLine: {'line': b'[ 50%] \x1b[32mBuilding CXX object CMakeFiles/mvibot_mission.dir/src/mvibot_mission.cpp.o\x1b[0m\n'}
[0.400209] (-) TimerEvent: {}
[0.500471] (-) TimerEvent: {}
[0.600696] (-) TimerEvent: {}
[0.700921] (-) TimerEvent: {}
[0.801174] (-) TimerEvent: {}
[0.901402] (-) TimerEvent: {}
[1.001658] (-) TimerEvent: {}
[1.101860] (-) TimerEvent: {}
[1.202113] (-) TimerEvent: {}
[1.302394] (-) TimerEvent: {}
[1.402649] (-) TimerEvent: {}
[1.502917] (-) TimerEvent: {}
[1.603206] (-) TimerEvent: {}
[1.703475] (-) TimerEvent: {}
[1.803774] (-) TimerEvent: {}
[1.904626] (-) TimerEvent: {}
[2.005090] (-) TimerEvent: {}
[2.105522] (-) TimerEvent: {}
[2.206906] (-) TimerEvent: {}
[2.307175] (-) TimerEvent: {}
[2.407477] (-) TimerEvent: {}
[2.507788] (-) TimerEvent: {}
[2.608143] (-) TimerEvent: {}
[2.708529] (-) TimerEvent: {}
[2.808887] (-) TimerEvent: {}
[2.909161] (-) TimerEvent: {}
[3.009443] (-) TimerEvent: {}
[3.109753] (-) TimerEvent: {}
[3.210001] (-) TimerEvent: {}
[3.310275] (-) TimerEvent: {}
[3.410516] (-) TimerEvent: {}
[3.511048] (-) TimerEvent: {}
[3.611352] (-) TimerEvent: {}
[3.711602] (-) TimerEvent: {}
[3.811869] (-) TimerEvent: {}
[3.912121] (-) TimerEvent: {}
[4.012348] (-) TimerEvent: {}
[4.112592] (-) TimerEvent: {}
[4.212822] (-) TimerEvent: {}
[4.313049] (-) TimerEvent: {}
[4.413292] (-) TimerEvent: {}
[4.513534] (-) TimerEvent: {}
[4.613733] (-) TimerEvent: {}
[4.713965] (-) TimerEvent: {}
[4.814171] (-) TimerEvent: {}
[4.914410] (-) TimerEvent: {}
[5.014650] (-) TimerEvent: {}
[5.114874] (-) TimerEvent: {}
[5.215140] (-) TimerEvent: {}
[5.315505] (-) TimerEvent: {}
[5.415809] (-) TimerEvent: {}
[5.516037] (-) TimerEvent: {}
[5.616397] (-) TimerEvent: {}
[5.717217] (-) TimerEvent: {}
[5.817565] (-) TimerEvent: {}
[5.917844] (-) TimerEvent: {}
[6.018137] (-) TimerEvent: {}
[6.118409] (-) TimerEvent: {}
[6.218649] (-) TimerEvent: {}
[6.318887] (-) TimerEvent: {}
[6.419090] (-) TimerEvent: {}
[6.519326] (-) TimerEvent: {}
[6.619593] (-) TimerEvent: {}
[6.719869] (-) TimerEvent: {}
[6.820148] (-) TimerEvent: {}
[6.920433] (-) TimerEvent: {}
[6.990733] (mission_layer_mvibot) StderrLine: {'line': b'In file included from \x1b[01m\x1b[K/home/mvibot/floorCleaningRobot_ws/src/mission_layer_mvibot/src/mvibot_mission.cpp:3\x1b[m\x1b[K:\n'}
[6.991105] (mission_layer_mvibot) StderrLine: {'line': b'\x1b[01m\x1b[K/home/mvibot/floorCleaningRobot_ws/src/mission_layer_mvibot/src/../include/mission_layer_mvibot/mvibot_mission/manage_mission.h:\x1b[m\x1b[K In lambda function:\n'}
[6.991292] (mission_layer_mvibot) StderrLine: {'line': b'\x1b[01m\x1b[K/home/mvibot/floorCleaningRobot_ws/src/mission_layer_mvibot/src/../include/mission_layer_mvibot/mvibot_mission/manage_mission.h:254:34:\x1b[m\x1b[K \x1b[01;35m\x1b[Kwarning: \x1b[m\x1b[Kcomparison of integer expressions of different signedness: \xe2\x80\x98\x1b[01m\x1b[Kint\x1b[m\x1b[K\xe2\x80\x99 and \xe2\x80\x98\x1b[01m\x1b[Kstd::vector<std::__cxx11::basic_string<char>, std::allocator<std::__cxx11::basic_string<char> > >::size_type\x1b[m\x1b[K\xe2\x80\x99 {aka \xe2\x80\x98\x1b[01m\x1b[Klong unsigned int\x1b[m\x1b[K\xe2\x80\x99} [\x1b[01;35m\x1b[K\x1b]8;;https://gcc.gnu.org/onlinedocs/gcc/Warning-Options.html#index-Wsign-compare\x07-Wsign-compare\x1b]8;;\x07\x1b[m\x1b[K]\n'}
[6.991516] (mission_layer_mvibot) StderrLine: {'line': b'  254 |                     for(int i=1;\x1b[01;35m\x1b[Ki<data.data1.size()\x1b[m\x1b[K;i++){\n'}
[6.991625] (mission_layer_mvibot) StderrLine: {'line': b'      |                                 \x1b[01;35m\x1b[K~^~~~~~~~~~~~~~~~~~\x1b[m\x1b[K\n'}
[7.014086] (mission_layer_mvibot) StderrLine: {'line': b'\x1b[01m\x1b[K/home/mvibot/floorCleaningRobot_ws/src/mission_layer_mvibot/src/../include/mission_layer_mvibot/mvibot_mission/manage_mission.h:\x1b[m\x1b[K In lambda function:\n'}
[7.014309] (mission_layer_mvibot) StderrLine: {'line': b'\x1b[01m\x1b[K/home/mvibot/floorCleaningRobot_ws/src/mission_layer_mvibot/src/../include/mission_layer_mvibot/mvibot_mission/manage_mission.h:289:72:\x1b[m\x1b[K \x1b[01;35m\x1b[Kwarning: \x1b[m\x1b[Kunused parameter \xe2\x80\x98\x1b[01m\x1b[Kmsg\x1b[m\x1b[K\xe2\x80\x99 [\x1b[01;35m\x1b[K\x1b]8;;https://gcc.gnu.org/onlinedocs/gcc/Warning-Options.html#index-Wunused-parameter\x07-Wunused-parameter\x1b]8;;\x07\x1b[m\x1b[K]\n'}
[7.014396] (mission_layer_mvibot) StderrLine: {'line': b'  289 |             auto reset_mission_callback = [this](\x1b[01;35m\x1b[Kstd_msgs::msg::String msg\x1b[m\x1b[K)->void{\n'}
[7.014466] (mission_layer_mvibot) StderrLine: {'line': b'      |                                                  \x1b[01;35m\x1b[K~~~~~~~~~~~~~~~~~~~~~~^~~\x1b[m\x1b[K\n'}
[7.014966] (mission_layer_mvibot) StderrLine: {'line': b'\x1b[01m\x1b[K/home/mvibot/floorCleaningRobot_ws/src/mission_layer_mvibot/src/../include/mission_layer_mvibot/mvibot_mission/manage_mission.h:\x1b[m\x1b[K In lambda function:\n'}
[7.015052] (mission_layer_mvibot) StderrLine: {'line': b'\x1b[01m\x1b[K/home/mvibot/floorCleaningRobot_ws/src/mission_layer_mvibot/src/../include/mission_layer_mvibot/mvibot_mission/manage_mission.h:311:30:\x1b[m\x1b[K \x1b[01;35m\x1b[Kwarning: \x1b[m\x1b[Kcomparison of integer expressions of different signedness: \xe2\x80\x98\x1b[01m\x1b[Kint\x1b[m\x1b[K\xe2\x80\x99 and \xe2\x80\x98\x1b[01m\x1b[Kstd::vector<std::__cxx11::basic_string<char>, std::allocator<std::__cxx11::basic_string<char> > >::size_type\x1b[m\x1b[K\xe2\x80\x99 {aka \xe2\x80\x98\x1b[01m\x1b[Klong unsigned int\x1b[m\x1b[K\xe2\x80\x99} [\x1b[01;35m\x1b[K\x1b]8;;https://gcc.gnu.org/onlinedocs/gcc/Warning-Options.html#index-Wsign-compare\x07-Wsign-compare\x1b]8;;\x07\x1b[m\x1b[K]\n'}
[7.015141] (mission_layer_mvibot) StderrLine: {'line': b'  311 |                 for(int i=0;\x1b[01;35m\x1b[Ki<data.data1.size()\x1b[m\x1b[K;i++){\n'}
[7.015211] (mission_layer_mvibot) StderrLine: {'line': b'      |                             \x1b[01;35m\x1b[K~^~~~~~~~~~~~~~~~~~\x1b[m\x1b[K\n'}
[7.016584] (mission_layer_mvibot) StderrLine: {'line': b'\x1b[01m\x1b[K/home/mvibot/floorCleaningRobot_ws/src/mission_layer_mvibot/src/../include/mission_layer_mvibot/mvibot_mission/manage_mission.h:308:36:\x1b[m\x1b[K \x1b[01;35m\x1b[Kwarning: \x1b[m\x1b[Kunused variable \xe2\x80\x98\x1b[01m\x1b[Klive_f\x1b[m\x1b[K\xe2\x80\x99 [\x1b[01;35m\x1b[K\x1b]8;;https://gcc.gnu.org/onlinedocs/gcc/Warning-Options.html#index-Wunused-variable\x07-Wunused-variable\x1b]8;;\x07\x1b[m\x1b[K]\n'}
[7.017374] (mission_layer_mvibot) StderrLine: {'line': b'  308 |                 static int live=-1,\x1b[01;35m\x1b[Klive_f\x1b[m\x1b[K=-1,brake=-1,brake_f=-1,enable=-1,enable_f=-1,error=-1,error_f=-1;\n'}
[7.017762] (mission_layer_mvibot) StderrLine: {'line': b'      |                                    \x1b[01;35m\x1b[K^~~~~~\x1b[m\x1b[K\n'}
[7.018168] (mission_layer_mvibot) StderrLine: {'line': b'\x1b[01m\x1b[K/home/mvibot/floorCleaningRobot_ws/src/mission_layer_mvibot/src/../include/mission_layer_mvibot/mvibot_mission/manage_mission.h:308:55:\x1b[m\x1b[K \x1b[01;35m\x1b[Kwarning: \x1b[m\x1b[Kunused variable \xe2\x80\x98\x1b[01m\x1b[Kbrake_f\x1b[m\x1b[K\xe2\x80\x99 [\x1b[01;35m\x1b[K\x1b]8;;https://gcc.gnu.org/onlinedocs/gcc/Warning-Options.html#index-Wunused-variable\x07-Wunused-variable\x1b]8;;\x07\x1b[m\x1b[K]\n'}
[7.018256] (mission_layer_mvibot) StderrLine: {'line': b'  308 |                 static int live=-1,live_f=-1,brake=-1,\x1b[01;35m\x1b[Kbrake_f\x1b[m\x1b[K=-1,enable=-1,enable_f=-1,error=-1,error_f=-1;\n'}
[7.018326] (mission_layer_mvibot) StderrLine: {'line': b'      |                                                       \x1b[01;35m\x1b[K^~~~~~~\x1b[m\x1b[K\n'}
[7.018390] (mission_layer_mvibot) StderrLine: {'line': b'\x1b[01m\x1b[K/home/mvibot/floorCleaningRobot_ws/src/mission_layer_mvibot/src/../include/mission_layer_mvibot/mvibot_mission/manage_mission.h:308:76:\x1b[m\x1b[K \x1b[01;35m\x1b[Kwarning: \x1b[m\x1b[Kunused variable \xe2\x80\x98\x1b[01m\x1b[Kenable_f\x1b[m\x1b[K\xe2\x80\x99 [\x1b[01;35m\x1b[K\x1b]8;;https://gcc.gnu.org/onlinedocs/gcc/Warning-Options.html#index-Wunused-variable\x07-Wunused-variable\x1b]8;;\x07\x1b[m\x1b[K]\n'}
[7.018488] (mission_layer_mvibot) StderrLine: {'line': b'  308 |                 static int live=-1,live_f=-1,brake=-1,brake_f=-1,enable=-1,\x1b[01;35m\x1b[Kenable_f\x1b[m\x1b[K=-1,error=-1,error_f=-1;\n'}
[7.018586] (mission_layer_mvibot) StderrLine: {'line': b'      |                                                                            \x1b[01;35m\x1b[K^~~~~~~~\x1b[m\x1b[K\n'}
[7.018663] (mission_layer_mvibot) StderrLine: {'line': b'\x1b[01m\x1b[K/home/mvibot/floorCleaningRobot_ws/src/mission_layer_mvibot/src/../include/mission_layer_mvibot/mvibot_mission/manage_mission.h:308:88:\x1b[m\x1b[K \x1b[01;35m\x1b[Kwarning: \x1b[m\x1b[Kvariable \xe2\x80\x98\x1b[01m\x1b[Kerror\x1b[m\x1b[K\xe2\x80\x99 set but not used [\x1b[01;35m\x1b[K\x1b]8;;https://gcc.gnu.org/onlinedocs/gcc/Warning-Options.html#index-Wunused-but-set-variable\x07-Wunused-but-set-variable\x1b]8;;\x07\x1b[m\x1b[K]\n'}
[7.018736] (mission_layer_mvibot) StderrLine: {'line': b'  308 |                 static int live=-1,live_f=-1,brake=-1,brake_f=-1,enable=-1,enable_f=-1,\x1b[01;35m\x1b[Kerror\x1b[m\x1b[K=-1,error_f=-1;\n'}
[7.018805] (mission_layer_mvibot) StderrLine: {'line': b'      |                                                                                        \x1b[01;35m\x1b[K^~~~~\x1b[m\x1b[K\n'}
[7.018878] (mission_layer_mvibot) StderrLine: {'line': b'\x1b[01m\x1b[K/home/mvibot/floorCleaningRobot_ws/src/mission_layer_mvibot/src/../include/mission_layer_mvibot/mvibot_mission/manage_mission.h:308:97:\x1b[m\x1b[K \x1b[01;35m\x1b[Kwarning: \x1b[m\x1b[Kunused variable \xe2\x80\x98\x1b[01m\x1b[Kerror_f\x1b[m\x1b[K\xe2\x80\x99 [\x1b[01;35m\x1b[K\x1b]8;;https://gcc.gnu.org/onlinedocs/gcc/Warning-Options.html#index-Wunused-variable\x07-Wunused-variable\x1b]8;;\x07\x1b[m\x1b[K]\n'}
[7.018945] (mission_layer_mvibot) StderrLine: {'line': b'  308 |                 static int live=-1,live_f=-1,brake=-1,brake_f=-1,enable=-1,enable_f=-1,error=-1,\x1b[01;35m\x1b[Kerror_f\x1b[m\x1b[K=-1;\n'}
[7.019014] (mission_layer_mvibot) StderrLine: {'line': b'      |                                                                                                 \x1b[01;35m\x1b[K^~~~~~~\x1b[m\x1b[K\n'}
[7.019084] (mission_layer_mvibot) StderrLine: {'line': b'\x1b[01m\x1b[K/home/mvibot/floorCleaningRobot_ws/src/mission_layer_mvibot/src/../include/mission_layer_mvibot/mvibot_mission/manage_mission.h:\x1b[m\x1b[K In lambda function:\n'}
[7.019163] (mission_layer_mvibot) StderrLine: {'line': b'\x1b[01m\x1b[K/home/mvibot/floorCleaningRobot_ws/src/mission_layer_mvibot/src/../include/mission_layer_mvibot/mvibot_mission/manage_mission.h:340:30:\x1b[m\x1b[K \x1b[01;35m\x1b[Kwarning: \x1b[m\x1b[Kcomparison of integer expressions of different signedness: \xe2\x80\x98\x1b[01m\x1b[Kint\x1b[m\x1b[K\xe2\x80\x99 and \xe2\x80\x98\x1b[01m\x1b[Kstd::vector<std::__cxx11::basic_string<char>, std::allocator<std::__cxx11::basic_string<char> > >::size_type\x1b[m\x1b[K\xe2\x80\x99 {aka \xe2\x80\x98\x1b[01m\x1b[Klong unsigned int\x1b[m\x1b[K\xe2\x80\x99} [\x1b[01;35m\x1b[K\x1b]8;;https://gcc.gnu.org/onlinedocs/gcc/Warning-Options.html#index-Wsign-compare\x07-Wsign-compare\x1b]8;;\x07\x1b[m\x1b[K]\n'}
[7.019240] (mission_layer_mvibot) StderrLine: {'line': b'  340 |                 for(int i=0;\x1b[01;35m\x1b[Ki<data.data1.size()\x1b[m\x1b[K;i++){\n'}
[7.019325] (mission_layer_mvibot) StderrLine: {'line': b'      |                             \x1b[01;35m\x1b[K~^~~~~~~~~~~~~~~~~~\x1b[m\x1b[K\n'}
[7.019471] (mission_layer_mvibot) StderrLine: {'line': b'\x1b[01m\x1b[K/home/mvibot/floorCleaningRobot_ws/src/mission_layer_mvibot/src/../include/mission_layer_mvibot/mvibot_mission/manage_mission.h:336:36:\x1b[m\x1b[K \x1b[01;35m\x1b[Kwarning: \x1b[m\x1b[Kunused variable \xe2\x80\x98\x1b[01m\x1b[Klive_f\x1b[m\x1b[K\xe2\x80\x99 [\x1b[01;35m\x1b[K\x1b]8;;https://gcc.gnu.org/onlinedocs/gcc/Warning-Options.html#index-Wunused-variable\x07-Wunused-variable\x1b]8;;\x07\x1b[m\x1b[K]\n'}
[7.019586] (mission_layer_mvibot) StderrLine: {'line': b'  336 |                 static int live=-1,\x1b[01;35m\x1b[Klive_f\x1b[m\x1b[K=-1,brake=-1,brake_f=-1,enable=-1,enable_f=-1,error=-1,error_f=-1;\n'}
[7.019686] (mission_layer_mvibot) StderrLine: {'line': b'      |                                    \x1b[01;35m\x1b[K^~~~~~\x1b[m\x1b[K\n'}
[7.019918] (mission_layer_mvibot) StderrLine: {'line': b'\x1b[01m\x1b[K/home/mvibot/floorCleaningRobot_ws/src/mission_layer_mvibot/src/../include/mission_layer_mvibot/mvibot_mission/manage_mission.h:336:55:\x1b[m\x1b[K \x1b[01;35m\x1b[Kwarning: \x1b[m\x1b[Kunused variable \xe2\x80\x98\x1b[01m\x1b[Kbrake_f\x1b[m\x1b[K\xe2\x80\x99 [\x1b[01;35m\x1b[K\x1b]8;;https://gcc.gnu.org/onlinedocs/gcc/Warning-Options.html#index-Wunused-variable\x07-Wunused-variable\x1b]8;;\x07\x1b[m\x1b[K]\n'}
[7.020047] (mission_layer_mvibot) StderrLine: {'line': b'  336 |                 static int live=-1,live_f=-1,brake=-1,\x1b[01;35m\x1b[Kbrake_f\x1b[m\x1b[K=-1,enable=-1,enable_f=-1,error=-1,error_f=-1;\n'}
[7.020156] (mission_layer_mvibot) StderrLine: {'line': b'      |                                                       \x1b[01;35m\x1b[K^~~~~~~\x1b[m\x1b[K\n'}
[7.020257] (mission_layer_mvibot) StderrLine: {'line': b'\x1b[01m\x1b[K/home/mvibot/floorCleaningRobot_ws/src/mission_layer_mvibot/src/../include/mission_layer_mvibot/mvibot_mission/manage_mission.h:336:76:\x1b[m\x1b[K \x1b[01;35m\x1b[Kwarning: \x1b[m\x1b[Kunused variable \xe2\x80\x98\x1b[01m\x1b[Kenable_f\x1b[m\x1b[K\xe2\x80\x99 [\x1b[01;35m\x1b[K\x1b]8;;https://gcc.gnu.org/onlinedocs/gcc/Warning-Options.html#index-Wunused-variable\x07-Wunused-variable\x1b]8;;\x07\x1b[m\x1b[K]\n'}
[7.020370] (mission_layer_mvibot) StderrLine: {'line': b'  336 |                 static int live=-1,live_f=-1,brake=-1,brake_f=-1,enable=-1,\x1b[01;35m\x1b[Kenable_f\x1b[m\x1b[K=-1,error=-1,error_f=-1;\n'}
[7.020455] (-) TimerEvent: {}
[7.020564] (mission_layer_mvibot) StderrLine: {'line': b'      |                                                                            \x1b[01;35m\x1b[K^~~~~~~~\x1b[m\x1b[K\n'}
[7.020672] (mission_layer_mvibot) StderrLine: {'line': b'\x1b[01m\x1b[K/home/mvibot/floorCleaningRobot_ws/src/mission_layer_mvibot/src/../include/mission_layer_mvibot/mvibot_mission/manage_mission.h:336:88:\x1b[m\x1b[K \x1b[01;35m\x1b[Kwarning: \x1b[m\x1b[Kvariable \xe2\x80\x98\x1b[01m\x1b[Kerror\x1b[m\x1b[K\xe2\x80\x99 set but not used [\x1b[01;35m\x1b[K\x1b]8;;https://gcc.gnu.org/onlinedocs/gcc/Warning-Options.html#index-Wunused-but-set-variable\x07-Wunused-but-set-variable\x1b]8;;\x07\x1b[m\x1b[K]\n'}
[7.020748] (mission_layer_mvibot) StderrLine: {'line': b'  336 |                 static int live=-1,live_f=-1,brake=-1,brake_f=-1,enable=-1,enable_f=-1,\x1b[01;35m\x1b[Kerror\x1b[m\x1b[K=-1,error_f=-1;\n'}
[7.020812] (mission_layer_mvibot) StderrLine: {'line': b'      |                                                                                        \x1b[01;35m\x1b[K^~~~~\x1b[m\x1b[K\n'}
[7.020874] (mission_layer_mvibot) StderrLine: {'line': b'\x1b[01m\x1b[K/home/mvibot/floorCleaningRobot_ws/src/mission_layer_mvibot/src/../include/mission_layer_mvibot/mvibot_mission/manage_mission.h:336:97:\x1b[m\x1b[K \x1b[01;35m\x1b[Kwarning: \x1b[m\x1b[Kunused variable \xe2\x80\x98\x1b[01m\x1b[Kerror_f\x1b[m\x1b[K\xe2\x80\x99 [\x1b[01;35m\x1b[K\x1b]8;;https://gcc.gnu.org/onlinedocs/gcc/Warning-Options.html#index-Wunused-variable\x07-Wunused-variable\x1b]8;;\x07\x1b[m\x1b[K]\n'}
[7.020937] (mission_layer_mvibot) StderrLine: {'line': b'  336 |                 static int live=-1,live_f=-1,brake=-1,brake_f=-1,enable=-1,enable_f=-1,error=-1,\x1b[01;35m\x1b[Kerror_f\x1b[m\x1b[K=-1;\n'}
[7.020999] (mission_layer_mvibot) StderrLine: {'line': b'      |                                                                                                 \x1b[01;35m\x1b[K^~~~~~~\x1b[m\x1b[K\n'}
[7.081708] (mission_layer_mvibot) StderrLine: {'line': b'\x1b[01m\x1b[K/home/mvibot/floorCleaningRobot_ws/src/mission_layer_mvibot/src/../include/mission_layer_mvibot/mvibot_mission/manage_mission.h:\x1b[m\x1b[K In member function \xe2\x80\x98\x1b[01m\x1b[Kdouble* manage_mission::\x1b[01;32m\x1b[Kget_position_tf\x1b[m\x1b[K(std::string, std::string)\x1b[m\x1b[K\xe2\x80\x99:\n'}
[7.081893] (mission_layer_mvibot) StderrLine: {'line': b'\x1b[01m\x1b[K/home/mvibot/floorCleaningRobot_ws/src/mission_layer_mvibot/src/../include/mission_layer_mvibot/mvibot_mission/manage_mission.h:630:23:\x1b[m\x1b[K \x1b[01;35m\x1b[Kwarning: \x1b[m\x1b[Kvariable \xe2\x80\x98\x1b[01m\x1b[Kz\x1b[m\x1b[K\xe2\x80\x99 set but not used [\x1b[01;35m\x1b[K\x1b]8;;https://gcc.gnu.org/onlinedocs/gcc/Warning-Options.html#index-Wunused-but-set-variable\x07-Wunused-but-set-variable\x1b]8;;\x07\x1b[m\x1b[K]\n'}
[7.081981] (mission_layer_mvibot) StderrLine: {'line': b'  630 |     static double x,y,\x1b[01;35m\x1b[Kz\x1b[m\x1b[K,thz,thw;\n'}
[7.082058] (mission_layer_mvibot) StderrLine: {'line': b'      |                       \x1b[01;35m\x1b[K^\x1b[m\x1b[K\n'}
[7.120563] (-) TimerEvent: {}
[7.185238] (mission_layer_mvibot) StderrLine: {'line': b'\x1b[01m\x1b[K/home/mvibot/floorCleaningRobot_ws/src/mission_layer_mvibot/src/../include/mission_layer_mvibot/mvibot_mission/manage_mission.h:\x1b[m\x1b[K In member function \xe2\x80\x98\x1b[01m\x1b[Kint manage_mission::\x1b[01;32m\x1b[Kexecute_content\x1b[m\x1b[K(mission&, std::vector<std::__cxx11::basic_string<char>, std::allocator<std::__cxx11::basic_string<char> > >&, std::string&, int&)\x1b[m\x1b[K\xe2\x80\x99:\n'}
[7.185456] (mission_layer_mvibot) StderrLine: {'line': b'\x1b[01m\x1b[K/home/mvibot/floorCleaningRobot_ws/src/mission_layer_mvibot/src/../include/mission_layer_mvibot/mvibot_mission/manage_mission.h:1017:14:\x1b[m\x1b[K \x1b[01;35m\x1b[Kwarning: \x1b[m\x1b[Kcomparison of integer expressions of different signedness: \xe2\x80\x98\x1b[01m\x1b[Kint\x1b[m\x1b[K\xe2\x80\x99 and \xe2\x80\x98\x1b[01m\x1b[Kstd::vector<std::__cxx11::basic_string<char>, std::allocator<std::__cxx11::basic_string<char> > >::size_type\x1b[m\x1b[K\xe2\x80\x99 {aka \xe2\x80\x98\x1b[01m\x1b[Klong unsigned int\x1b[m\x1b[K\xe2\x80\x99} [\x1b[01;35m\x1b[K\x1b]8;;https://gcc.gnu.org/onlinedocs/gcc/Warning-Options.html#index-Wsign-compare\x07-Wsign-compare\x1b]8;;\x07\x1b[m\x1b[K]\n'}
[7.185556] (mission_layer_mvibot) StderrLine: {'line': b' 1017 |         if(\x1b[01;35m\x1b[Ki == and_contents_list.size()\x1b[m\x1b[K){\n'}
[7.185641] (mission_layer_mvibot) StderrLine: {'line': b'      |            \x1b[01;35m\x1b[K~~^~~~~~~~~~~~~~~~~~~~~~~~~~~\x1b[m\x1b[K\n'}
[7.186841] (mission_layer_mvibot) StderrLine: {'line': b'\x1b[01m\x1b[K/home/mvibot/floorCleaningRobot_ws/src/mission_layer_mvibot/src/../include/mission_layer_mvibot/mvibot_mission/manage_mission.h:1040:14:\x1b[m\x1b[K \x1b[01;35m\x1b[Kwarning: \x1b[m\x1b[Kcomparison of integer expressions of different signedness: \xe2\x80\x98\x1b[01m\x1b[Kint\x1b[m\x1b[K\xe2\x80\x99 and \xe2\x80\x98\x1b[01m\x1b[Kstd::vector<std::__cxx11::basic_string<char>, std::allocator<std::__cxx11::basic_string<char> > >::size_type\x1b[m\x1b[K\xe2\x80\x99 {aka \xe2\x80\x98\x1b[01m\x1b[Klong unsigned int\x1b[m\x1b[K\xe2\x80\x99} [\x1b[01;35m\x1b[K\x1b]8;;https://gcc.gnu.org/onlinedocs/gcc/Warning-Options.html#index-Wsign-compare\x07-Wsign-compare\x1b]8;;\x07\x1b[m\x1b[K]\n'}
[7.187003] (mission_layer_mvibot) StderrLine: {'line': b' 1040 |         if(\x1b[01;35m\x1b[Ki == or_contents_list.size()\x1b[m\x1b[K){\n'}
[7.187090] (mission_layer_mvibot) StderrLine: {'line': b'      |            \x1b[01;35m\x1b[K~~^~~~~~~~~~~~~~~~~~~~~~~~~~\x1b[m\x1b[K\n'}
[7.220679] (-) TimerEvent: {}
[7.320945] (-) TimerEvent: {}
[7.421166] (-) TimerEvent: {}
[7.521378] (-) TimerEvent: {}
[7.621592] (-) TimerEvent: {}
[7.641710] (mission_layer_mvibot) StderrLine: {'line': b'In file included from \x1b[01m\x1b[K/home/mvibot/floorCleaningRobot_ws/src/mission_layer_mvibot/src/mvibot_mission.cpp:4\x1b[m\x1b[K:\n'}
[7.641957] (mission_layer_mvibot) StderrLine: {'line': b'\x1b[01m\x1b[K/home/mvibot/floorCleaningRobot_ws/src/mission_layer_mvibot/src/../include/mission_layer_mvibot/mvibot_mission/navigation_function.h:\x1b[m\x1b[K In lambda function:\n'}
[7.642088] (mission_layer_mvibot) StderrLine: {'line': b'\x1b[01m\x1b[K/home/mvibot/floorCleaningRobot_ws/src/mission_layer_mvibot/src/../include/mission_layer_mvibot/mvibot_mission/navigation_function.h:307:120:\x1b[m\x1b[K \x1b[01;35m\x1b[Kwarning: \x1b[m\x1b[Kunused parameter \xe2\x80\x98\x1b[01m\x1b[Kfeedback\x1b[m\x1b[K\xe2\x80\x99 [\x1b[01;35m\x1b[K\x1b]8;;https://gcc.gnu.org/onlinedocs/gcc/Warning-Options.html#index-Wunused-parameter\x07-Wunused-parameter\x1b]8;;\x07\x1b[m\x1b[K]\n'}
[7.642206] (mission_layer_mvibot) StderrLine: {'line': b'  307 |                         \x1b[01;35m\x1b[Kconst std::shared_ptr<const opennav_coverage_msgs::action::NavigateCompleteCoverage::Feedback> feedback\x1b[m\x1b[K) {\n'}
[7.642304] (mission_layer_mvibot) StderrLine: {'line': b'      |                         \x1b[01;35m\x1b[K~~~~~~~~~~~~~~~~~~~~~~~~~~~~~~~~~~~~~~~~~~~~~~~~~~~~~~~~~~~~~~~~~~~~~~~~~~~~~~~~~~~~~~~~~~~~~~~^~~~~~~~\x1b[m\x1b[K\n'}
[7.672534] (mission_layer_mvibot) StderrLine: {'line': b'\x1b[01m\x1b[K/home/mvibot/floorCleaningRobot_ws/src/mission_layer_mvibot/src/../include/mission_layer_mvibot/mvibot_mission/navigation_function.h:\x1b[m\x1b[K In lambda function:\n'}
[7.672742] (mission_layer_mvibot) StderrLine: {'line': b'\x1b[01m\x1b[K/home/mvibot/floorCleaningRobot_ws/src/mission_layer_mvibot/src/../include/mission_layer_mvibot/mvibot_mission/navigation_function.h:363:98:\x1b[m\x1b[K \x1b[01;35m\x1b[Kwarning: \x1b[m\x1b[Kunused parameter \xe2\x80\x98\x1b[01m\x1b[Kfeedback\x1b[m\x1b[K\xe2\x80\x99 [\x1b[01;35m\x1b[K\x1b]8;;https://gcc.gnu.org/onlinedocs/gcc/Warning-Options.html#index-Wunused-parameter\x07-Wunused-parameter\x1b]8;;\x07\x1b[m\x1b[K]\n'}
[7.672842] (mission_layer_mvibot) StderrLine: {'line': b'  363 |                         \x1b[01;35m\x1b[Kconst std::shared_ptr<const nav2_msgs::action::NavigateToPose::Feedback> feedback\x1b[m\x1b[K) {\n'}
[7.672922] (mission_layer_mvibot) StderrLine: {'line': b'      |                         \x1b[01;35m\x1b[K~~~~~~~~~~~~~~~~~~~~~~~~~~~~~~~~~~~~~~~~~~~~~~~~~~~~~~~~~~~~~~~~~~~~~~~~~^~~~~~~~\x1b[m\x1b[K\n'}
[7.721683] (-) TimerEvent: {}
[7.817170] (mission_layer_mvibot) StderrLine: {'line': b'\x1b[01m\x1b[K/home/mvibot/floorCleaningRobot_ws/src/mission_layer_mvibot/src/../include/mission_layer_mvibot/mvibot_mission/navigation_function.h:\x1b[m\x1b[K In member function \xe2\x80\x98\x1b[01m\x1b[Kint navigation_function::\x1b[01;32m\x1b[Kaction\x1b[m\x1b[K()\x1b[m\x1b[K\xe2\x80\x99:\n'}
[7.817449] (mission_layer_mvibot) StderrLine: {'line': b'\x1b[01m\x1b[K/home/mvibot/floorCleaningRobot_ws/src/mission_layer_mvibot/src/../include/mission_layer_mvibot/mvibot_mission/navigation_function.h:700:16:\x1b[m\x1b[K \x1b[01;35m\x1b[Kwarning: \x1b[m\x1b[Kunused variable \xe2\x80\x98\x1b[01m\x1b[Kt\x1b[m\x1b[K\xe2\x80\x99 [\x1b[01;35m\x1b[K\x1b]8;;https://gcc.gnu.org/onlinedocs/gcc/Warning-Options.html#index-Wunused-variable\x07-Wunused-variable\x1b]8;;\x07\x1b[m\x1b[K]\n'}
[7.817592] (mission_layer_mvibot) StderrLine: {'line': b'  700 |     static int \x1b[01;35m\x1b[Kt\x1b[m\x1b[K = 0;\n'}
[7.817679] (mission_layer_mvibot) StderrLine: {'line': b'      |                \x1b[01;35m\x1b[K^\x1b[m\x1b[K\n'}
[7.821720] (-) TimerEvent: {}
[7.921928] (-) TimerEvent: {}
[8.022204] (-) TimerEvent: {}
[8.122425] (-) TimerEvent: {}
[8.138956] (mission_layer_mvibot) StderrLine: {'line': b'In file included from \x1b[01m\x1b[K/home/mvibot/floorCleaningRobot_ws/src/mission_layer_mvibot/src/mvibot_mission.cpp:6\x1b[m\x1b[K:\n'}
[8.139220] (mission_layer_mvibot) StderrLine: {'line': b'\x1b[01m\x1b[K/home/mvibot/floorCleaningRobot_ws/src/mission_layer_mvibot/src/../include/mission_layer_mvibot/mvibot_mission/marker_function.h:\x1b[m\x1b[K In member function \xe2\x80\x98\x1b[01m\x1b[Kdouble* marker_function::\x1b[01;32m\x1b[Kget_position\x1b[m\x1b[K(std::string, std::string)\x1b[m\x1b[K\xe2\x80\x99:\n'}
[8.139363] (mission_layer_mvibot) StderrLine: {'line': b'\x1b[01m\x1b[K/home/mvibot/floorCleaningRobot_ws/src/mission_layer_mvibot/src/../include/mission_layer_mvibot/mvibot_mission/marker_function.h:206:23:\x1b[m\x1b[K \x1b[01;35m\x1b[Kwarning: \x1b[m\x1b[Kvariable \xe2\x80\x98\x1b[01m\x1b[Kz\x1b[m\x1b[K\xe2\x80\x99 set but not used [\x1b[01;35m\x1b[K\x1b]8;;https://gcc.gnu.org/onlinedocs/gcc/Warning-Options.html#index-Wunused-but-set-variable\x07-Wunused-but-set-variable\x1b]8;;\x07\x1b[m\x1b[K]\n'}
[8.139488] (mission_layer_mvibot) StderrLine: {'line': b'  206 |     static double x,y,\x1b[01;35m\x1b[Kz\x1b[m\x1b[K,thz,thw;\n'}
[8.139618] (mission_layer_mvibot) StderrLine: {'line': b'      |                       \x1b[01;35m\x1b[K^\x1b[m\x1b[K\n'}
[8.142969] (mission_layer_mvibot) StderrLine: {'line': b'\x1b[01m\x1b[K/home/mvibot/floorCleaningRobot_ws/src/mission_layer_mvibot/src/../include/mission_layer_mvibot/mvibot_mission/marker_function.h:\x1b[m\x1b[K In member function \xe2\x80\x98\x1b[01m\x1b[Kint marker_function::\x1b[01;32m\x1b[Kcaculate_transforms_ofset\x1b[m\x1b[K()\x1b[m\x1b[K\xe2\x80\x99:\n'}
[8.143211] (mission_layer_mvibot) StderrLine: {'line': b'\x1b[01m\x1b[K/home/mvibot/floorCleaningRobot_ws/src/mission_layer_mvibot/src/../include/mission_layer_mvibot/mvibot_mission/marker_function.h:254:19:\x1b[m\x1b[K \x1b[01;35m\x1b[Kwarning: \x1b[m\x1b[Kvariable \xe2\x80\x98\x1b[01m\x1b[Ktheta\x1b[m\x1b[K\xe2\x80\x99 set but not used [\x1b[01;35m\x1b[K\x1b]8;;https://gcc.gnu.org/onlinedocs/gcc/Warning-Options.html#index-Wunused-but-set-variable\x07-Wunused-but-set-variable\x1b]8;;\x07\x1b[m\x1b[K]\n'}
[8.143364] (mission_layer_mvibot) StderrLine: {'line': b'  254 |     static double \x1b[01;35m\x1b[Ktheta\x1b[m\x1b[K;\n'}
[8.143490] (mission_layer_mvibot) StderrLine: {'line': b'      |                   \x1b[01;35m\x1b[K^~~~~\x1b[m\x1b[K\n'}
[8.174810] (mission_layer_mvibot) StderrLine: {'line': b'\x1b[01m\x1b[K/home/mvibot/floorCleaningRobot_ws/src/mission_layer_mvibot/src/../include/mission_layer_mvibot/mvibot_mission/marker_function.h:\x1b[m\x1b[K In member function \xe2\x80\x98\x1b[01m\x1b[Kint marker_function::\x1b[01;32m\x1b[Kmove_to_goal\x1b[m\x1b[K()\x1b[m\x1b[K\xe2\x80\x99:\n'}
[8.175019] (mission_layer_mvibot) StderrLine: {'line': b'\x1b[01m\x1b[K/home/mvibot/floorCleaningRobot_ws/src/mission_layer_mvibot/src/../include/mission_layer_mvibot/mvibot_mission/marker_function.h:442:21:\x1b[m\x1b[K \x1b[01;35m\x1b[Kwarning: \x1b[m\x1b[Kvariable \xe2\x80\x98\x1b[01m\x1b[Ky\x1b[m\x1b[K\xe2\x80\x99 set but not used [\x1b[01;35m\x1b[K\x1b]8;;https://gcc.gnu.org/onlinedocs/gcc/Warning-Options.html#index-Wunused-but-set-variable\x07-Wunused-but-set-variable\x1b]8;;\x07\x1b[m\x1b[K]\n'}
[8.175130] (mission_layer_mvibot) StderrLine: {'line': b'  442 |     static double x,\x1b[01;35m\x1b[Ky\x1b[m\x1b[K;\n'}
[8.175206] (mission_layer_mvibot) StderrLine: {'line': b'      |                     \x1b[01;35m\x1b[K^\x1b[m\x1b[K\n'}
[8.213088] (mission_layer_mvibot) StderrLine: {'line': b'In file included from \x1b[01m\x1b[K/home/mvibot/floorCleaningRobot_ws/src/mission_layer_mvibot/src/mvibot_mission.cpp:7\x1b[m\x1b[K:\n'}
[8.213317] (mission_layer_mvibot) StderrLine: {'line': b'\x1b[01m\x1b[K/home/mvibot/floorCleaningRobot_ws/src/mission_layer_mvibot/src/../include/mission_layer_mvibot/mvibot_mission/variable_function.h:\x1b[m\x1b[K In member function \xe2\x80\x98\x1b[01m\x1b[Kvoid multiple_variable_local::\x1b[01;32m\x1b[Kadd_var\x1b[m\x1b[K(variable_local)\x1b[m\x1b[K\xe2\x80\x99:\n'}
[8.213442] (mission_layer_mvibot) StderrLine: {'line': b'\x1b[01m\x1b[K/home/mvibot/floorCleaningRobot_ws/src/mission_layer_mvibot/src/../include/mission_layer_mvibot/mvibot_mission/variable_function.h:31:18:\x1b[m\x1b[K \x1b[01;35m\x1b[Kwarning: \x1b[m\x1b[Kcomparison of integer expressions of different signedness: \xe2\x80\x98\x1b[01m\x1b[Kint\x1b[m\x1b[K\xe2\x80\x99 and \xe2\x80\x98\x1b[01m\x1b[Kstd::vector<variable_local>::size_type\x1b[m\x1b[K\xe2\x80\x99 {aka \xe2\x80\x98\x1b[01m\x1b[Klong unsigned int\x1b[m\x1b[K\xe2\x80\x99} [\x1b[01;35m\x1b[K\x1b]8;;https://gcc.gnu.org/onlinedocs/gcc/Warning-Options.html#index-Wsign-compare\x07-Wsign-compare\x1b]8;;\x07\x1b[m\x1b[K]\n'}
[8.213576] (mission_layer_mvibot) StderrLine: {'line': b'   31 |     for(int i=0;\x1b[01;35m\x1b[Ki<var.size()\x1b[m\x1b[K;i++){\n'}
[8.213667] (mission_layer_mvibot) StderrLine: {'line': b'      |                 \x1b[01;35m\x1b[K~^~~~~~~~~~~\x1b[m\x1b[K\n'}
[8.214100] (mission_layer_mvibot) StderrLine: {'line': b'\x1b[01m\x1b[K/home/mvibot/floorCleaningRobot_ws/src/mission_layer_mvibot/src/../include/mission_layer_mvibot/mvibot_mission/variable_function.h:\x1b[m\x1b[K In member function \xe2\x80\x98\x1b[01m\x1b[Kvoid multiple_variable_local::\x1b[01;32m\x1b[Kupdate_var\x1b[m\x1b[K(variable_local)\x1b[m\x1b[K\xe2\x80\x99:\n'}
[8.214193] (mission_layer_mvibot) StderrLine: {'line': b'\x1b[01m\x1b[K/home/mvibot/floorCleaningRobot_ws/src/mission_layer_mvibot/src/../include/mission_layer_mvibot/mvibot_mission/variable_function.h:45:18:\x1b[m\x1b[K \x1b[01;35m\x1b[Kwarning: \x1b[m\x1b[Kcomparison of integer expressions of different signedness: \xe2\x80\x98\x1b[01m\x1b[Kint\x1b[m\x1b[K\xe2\x80\x99 and \xe2\x80\x98\x1b[01m\x1b[Kstd::vector<variable_local>::size_type\x1b[m\x1b[K\xe2\x80\x99 {aka \xe2\x80\x98\x1b[01m\x1b[Klong unsigned int\x1b[m\x1b[K\xe2\x80\x99} [\x1b[01;35m\x1b[K\x1b]8;;https://gcc.gnu.org/onlinedocs/gcc/Warning-Options.html#index-Wsign-compare\x07-Wsign-compare\x1b]8;;\x07\x1b[m\x1b[K]\n'}
[8.214264] (mission_layer_mvibot) StderrLine: {'line': b'   45 |     for(int i=0;\x1b[01;35m\x1b[Ki<var.size()\x1b[m\x1b[K;i++){\n'}
[8.214330] (mission_layer_mvibot) StderrLine: {'line': b'      |                 \x1b[01;35m\x1b[K~^~~~~~~~~~~\x1b[m\x1b[K\n'}
[8.214739] (mission_layer_mvibot) StderrLine: {'line': b'\x1b[01m\x1b[K/home/mvibot/floorCleaningRobot_ws/src/mission_layer_mvibot/src/../include/mission_layer_mvibot/mvibot_mission/variable_function.h:\x1b[m\x1b[K In member function \xe2\x80\x98\x1b[01m\x1b[Kvoid multiple_variable_local::\x1b[01;32m\x1b[Kreset_all\x1b[m\x1b[K()\x1b[m\x1b[K\xe2\x80\x99:\n'}
[8.214842] (mission_layer_mvibot) StderrLine: {'line': b'\x1b[01m\x1b[K/home/mvibot/floorCleaningRobot_ws/src/mission_layer_mvibot/src/../include/mission_layer_mvibot/mvibot_mission/variable_function.h:58:18:\x1b[m\x1b[K \x1b[01;35m\x1b[Kwarning: \x1b[m\x1b[Kcomparison of integer expressions of different signedness: \xe2\x80\x98\x1b[01m\x1b[Kint\x1b[m\x1b[K\xe2\x80\x99 and \xe2\x80\x98\x1b[01m\x1b[Kstd::vector<variable_local>::size_type\x1b[m\x1b[K\xe2\x80\x99 {aka \xe2\x80\x98\x1b[01m\x1b[Klong unsigned int\x1b[m\x1b[K\xe2\x80\x99} [\x1b[01;35m\x1b[K\x1b]8;;https://gcc.gnu.org/onlinedocs/gcc/Warning-Options.html#index-Wsign-compare\x07-Wsign-compare\x1b]8;;\x07\x1b[m\x1b[K]\n'}
[8.214925] (mission_layer_mvibot) StderrLine: {'line': b'   58 |     for(int i=0;\x1b[01;35m\x1b[Ki<var.size()\x1b[m\x1b[K;i++){\n'}
[8.215002] (mission_layer_mvibot) StderrLine: {'line': b'      |                 \x1b[01;35m\x1b[K~^~~~~~~~~~~\x1b[m\x1b[K\n'}
[8.215383] (mission_layer_mvibot) StderrLine: {'line': b'\x1b[01m\x1b[K/home/mvibot/floorCleaningRobot_ws/src/mission_layer_mvibot/src/../include/mission_layer_mvibot/mvibot_mission/variable_function.h:\x1b[m\x1b[K In member function \xe2\x80\x98\x1b[01m\x1b[Kvoid multiple_variable_local::\x1b[01;32m\x1b[Kprint\x1b[m\x1b[K()\x1b[m\x1b[K\xe2\x80\x99:\n'}
[8.215465] (mission_layer_mvibot) StderrLine: {'line': b'\x1b[01m\x1b[K/home/mvibot/floorCleaningRobot_ws/src/mission_layer_mvibot/src/../include/mission_layer_mvibot/mvibot_mission/variable_function.h:68:18:\x1b[m\x1b[K \x1b[01;35m\x1b[Kwarning: \x1b[m\x1b[Kcomparison of integer expressions of different signedness: \xe2\x80\x98\x1b[01m\x1b[Kint\x1b[m\x1b[K\xe2\x80\x99 and \xe2\x80\x98\x1b[01m\x1b[Kstd::vector<variable_local>::size_type\x1b[m\x1b[K\xe2\x80\x99 {aka \xe2\x80\x98\x1b[01m\x1b[Klong unsigned int\x1b[m\x1b[K\xe2\x80\x99} [\x1b[01;35m\x1b[K\x1b]8;;https://gcc.gnu.org/onlinedocs/gcc/Warning-Options.html#index-Wsign-compare\x07-Wsign-compare\x1b]8;;\x07\x1b[m\x1b[K]\n'}
[8.215559] (mission_layer_mvibot) StderrLine: {'line': b'   68 |     for(int i=0;\x1b[01;35m\x1b[Ki<var.size()\x1b[m\x1b[K;i++){\n'}
[8.215643] (mission_layer_mvibot) StderrLine: {'line': b'      |                 \x1b[01;35m\x1b[K~^~~~~~~~~~~\x1b[m\x1b[K\n'}
[8.222514] (-) TimerEvent: {}
[8.237703] (mission_layer_mvibot) StderrLine: {'line': b'\x1b[01m\x1b[K/home/mvibot/floorCleaningRobot_ws/src/mission_layer_mvibot/src/../include/mission_layer_mvibot/mvibot_mission/variable_function.h:\x1b[m\x1b[K In member function \xe2\x80\x98\x1b[01m\x1b[Kint variable_function::\x1b[01;32m\x1b[Kaction\x1b[m\x1b[K()\x1b[m\x1b[K\xe2\x80\x99:\n'}
[8.237886] (mission_layer_mvibot) StderrLine: {'line': b'\x1b[01m\x1b[K/home/mvibot/floorCleaningRobot_ws/src/mission_layer_mvibot/src/../include/mission_layer_mvibot/mvibot_mission/variable_function.h:195:26:\x1b[m\x1b[K \x1b[01;35m\x1b[Kwarning: \x1b[m\x1b[Kcomparison of integer expressions of different signedness: \xe2\x80\x98\x1b[01m\x1b[Kint\x1b[m\x1b[K\xe2\x80\x99 and \xe2\x80\x98\x1b[01m\x1b[Kstd::vector<variable_local>::size_type\x1b[m\x1b[K\xe2\x80\x99 {aka \xe2\x80\x98\x1b[01m\x1b[Klong unsigned int\x1b[m\x1b[K\xe2\x80\x99} [\x1b[01;35m\x1b[K\x1b]8;;https://gcc.gnu.org/onlinedocs/gcc/Warning-Options.html#index-Wsign-compare\x07-Wsign-compare\x1b]8;;\x07\x1b[m\x1b[K]\n'}
[8.238007] (mission_layer_mvibot) StderrLine: {'line': b'  195 |             for(int i=0;\x1b[01;35m\x1b[Ki<my_vars_local.var.size()\x1b[m\x1b[K;i++){\n'}
[8.238088] (mission_layer_mvibot) StderrLine: {'line': b'      |                         \x1b[01;35m\x1b[K~^~~~~~~~~~~~~~~~~~~~~~~~~\x1b[m\x1b[K\n'}
[8.322583] (-) TimerEvent: {}
[8.356994] (mission_layer_mvibot) StderrLine: {'line': b'In file included from \x1b[01m\x1b[K/home/mvibot/floorCleaningRobot_ws/src/mission_layer_mvibot/src/mvibot_mission.cpp:8\x1b[m\x1b[K:\n'}
[8.357478] (mission_layer_mvibot) StderrLine: {'line': b'\x1b[01m\x1b[K/home/mvibot/floorCleaningRobot_ws/src/mission_layer_mvibot/src/../include/mission_layer_mvibot/mvibot_mission/gpio_function.h:\x1b[m\x1b[K In member function \xe2\x80\x98\x1b[01m\x1b[Kint gpio_function::\x1b[01;32m\x1b[Kaction\x1b[m\x1b[K()\x1b[m\x1b[K\xe2\x80\x99:\n'}
[8.357632] (mission_layer_mvibot) StderrLine: {'line': b'\x1b[01m\x1b[K/home/mvibot/floorCleaningRobot_ws/src/mission_layer_mvibot/src/../include/mission_layer_mvibot/mvibot_mission/gpio_function.h:143:16:\x1b[m\x1b[K \x1b[01;35m\x1b[Kwarning: \x1b[m\x1b[Kunused variable \xe2\x80\x98\x1b[01m\x1b[Kvalue_return\x1b[m\x1b[K\xe2\x80\x99 [\x1b[01;35m\x1b[K\x1b]8;;https://gcc.gnu.org/onlinedocs/gcc/Warning-Options.html#index-Wunused-variable\x07-Wunused-variable\x1b]8;;\x07\x1b[m\x1b[K]\n'}
[8.357766] (mission_layer_mvibot) StderrLine: {'line': b'  143 |     static int \x1b[01;35m\x1b[Kvalue_return\x1b[m\x1b[K;\n'}
[8.357888] (mission_layer_mvibot) StderrLine: {'line': b'      |                \x1b[01;35m\x1b[K^~~~~~~~~~~~\x1b[m\x1b[K\n'}
[8.422662] (-) TimerEvent: {}
[8.522888] (-) TimerEvent: {}
[8.623128] (-) TimerEvent: {}
[8.723388] (-) TimerEvent: {}
[8.823675] (-) TimerEvent: {}
[8.923926] (-) TimerEvent: {}
[9.024150] (-) TimerEvent: {}
[9.124336] (-) TimerEvent: {}
[9.224578] (-) TimerEvent: {}
[9.324842] (-) TimerEvent: {}
[9.425084] (-) TimerEvent: {}
[9.525329] (-) TimerEvent: {}
[9.625585] (-) TimerEvent: {}
[9.725857] (-) TimerEvent: {}
[9.826138] (-) TimerEvent: {}
[9.926609] (-) TimerEvent: {}
[10.026872] (-) TimerEvent: {}
[10.127163] (-) TimerEvent: {}
[10.227434] (-) TimerEvent: {}
[10.327674] (-) TimerEvent: {}
[10.427980] (-) TimerEvent: {}
[10.528218] (-) TimerEvent: {}
[10.628730] (-) TimerEvent: {}
[10.728992] (-) TimerEvent: {}
[10.829191] (-) TimerEvent: {}
[10.929446] (-) TimerEvent: {}
[11.029727] (-) TimerEvent: {}
[11.129986] (-) TimerEvent: {}
[11.230215] (-) TimerEvent: {}
[11.330431] (-) TimerEvent: {}
[11.430657] (-) TimerEvent: {}
[11.530855] (-) TimerEvent: {}
[11.631059] (-) TimerEvent: {}
[11.731314] (-) TimerEvent: {}
[11.831605] (-) TimerEvent: {}
[11.931909] (-) TimerEvent: {}
[12.032201] (-) TimerEvent: {}
[12.132443] (-) TimerEvent: {}
[12.232667] (-) TimerEvent: {}
[12.333034] (-) TimerEvent: {}
[12.433332] (-) TimerEvent: {}
[12.533580] (-) TimerEvent: {}
[12.633772] (-) TimerEvent: {}
[12.734018] (-) TimerEvent: {}
[12.834314] (-) TimerEvent: {}
[12.934602] (-) TimerEvent: {}
[13.034839] (-) TimerEvent: {}
[13.135157] (-) TimerEvent: {}
[13.235351] (-) TimerEvent: {}
[13.335589] (-) TimerEvent: {}
[13.435823] (-) TimerEvent: {}
[13.536026] (-) TimerEvent: {}
[13.636244] (-) TimerEvent: {}
[13.736463] (-) TimerEvent: {}
[13.836737] (-) TimerEvent: {}
[13.937341] (-) TimerEvent: {}
[14.037730] (-) TimerEvent: {}
[14.138023] (-) TimerEvent: {}
[14.238253] (-) TimerEvent: {}
[14.338467] (-) TimerEvent: {}
[14.438697] (-) TimerEvent: {}
[14.539069] (-) TimerEvent: {}
[14.639589] (-) TimerEvent: {}
[14.739829] (-) TimerEvent: {}
[14.840019] (-) TimerEvent: {}
[14.940223] (-) TimerEvent: {}
[15.040461] (-) TimerEvent: {}
[15.140702] (-) TimerEvent: {}
[15.240965] (-) TimerEvent: {}
[15.341219] (-) TimerEvent: {}
[15.441448] (-) TimerEvent: {}
[15.541648] (-) TimerEvent: {}
[15.641868] (-) TimerEvent: {}
[15.742086] (-) TimerEvent: {}
[15.842298] (-) TimerEvent: {}
[15.942528] (-) TimerEvent: {}
[16.042791] (-) TimerEvent: {}
[16.143119] (-) TimerEvent: {}
[16.243516] (-) TimerEvent: {}
[16.343974] (-) TimerEvent: {}
[16.444703] (-) TimerEvent: {}
[16.545067] (-) TimerEvent: {}
[16.645353] (-) TimerEvent: {}
[16.745693] (-) TimerEvent: {}
[16.845971] (-) TimerEvent: {}
[16.946294] (-) TimerEvent: {}
[17.046570] (-) TimerEvent: {}
[17.146782] (-) TimerEvent: {}
[17.247033] (-) TimerEvent: {}
[17.347453] (-) TimerEvent: {}
[17.447888] (-) TimerEvent: {}
[17.548164] (-) TimerEvent: {}
[17.648391] (-) TimerEvent: {}
[17.748693] (-) TimerEvent: {}
[17.848972] (-) TimerEvent: {}
[17.949229] (-) TimerEvent: {}
[18.049701] (-) TimerEvent: {}
[18.149981] (-) TimerEvent: {}
[18.250268] (-) TimerEvent: {}
[18.350550] (-) TimerEvent: {}
[18.450792] (-) TimerEvent: {}
[18.551008] (-) TimerEvent: {}
[18.651281] (-) TimerEvent: {}
[18.751589] (-) TimerEvent: {}
[18.851832] (-) TimerEvent: {}
[18.952123] (-) TimerEvent: {}
[19.052672] (-) TimerEvent: {}
[19.153146] (-) TimerEvent: {}
[19.254388] (-) TimerEvent: {}
[19.354654] (-) TimerEvent: {}
[19.454930] (-) TimerEvent: {}
[19.555342] (-) TimerEvent: {}
[19.655670] (-) TimerEvent: {}
[19.756010] (-) TimerEvent: {}
[19.856595] (-) TimerEvent: {}
[19.956901] (-) TimerEvent: {}
[20.057156] (-) TimerEvent: {}
[20.157429] (-) TimerEvent: {}
[20.257707] (-) TimerEvent: {}
[20.357942] (-) TimerEvent: {}
[20.458206] (-) TimerEvent: {}
[20.558449] (-) TimerEvent: {}
[20.658739] (-) TimerEvent: {}
[20.759042] (-) TimerEvent: {}
[20.859307] (-) TimerEvent: {}
[20.959848] (-) TimerEvent: {}
[21.060289] (-) TimerEvent: {}
[21.160606] (-) TimerEvent: {}
[21.260901] (-) TimerEvent: {}
[21.361208] (-) TimerEvent: {}
[21.461461] (-) TimerEvent: {}
[21.561667] (-) TimerEvent: {}
[21.661916] (-) TimerEvent: {}
[21.762145] (-) TimerEvent: {}
[21.862414] (-) TimerEvent: {}
[21.963007] (-) TimerEvent: {}
[22.063323] (-) TimerEvent: {}
[22.163632] (-) TimerEvent: {}
[22.263924] (-) TimerEvent: {}
[22.364114] (-) TimerEvent: {}
[22.464568] (-) TimerEvent: {}
[22.564958] (-) TimerEvent: {}
[22.665346] (-) TimerEvent: {}
[22.765675] (-) TimerEvent: {}
[22.865902] (-) TimerEvent: {}
[22.966182] (-) TimerEvent: {}
[23.066443] (-) TimerEvent: {}
[23.166833] (-) TimerEvent: {}
[23.267602] (-) TimerEvent: {}
[23.367926] (-) TimerEvent: {}
[23.468206] (-) TimerEvent: {}
[23.568598] (-) TimerEvent: {}
[23.668859] (-) TimerEvent: {}
[23.769092] (-) TimerEvent: {}
[23.869331] (-) TimerEvent: {}
[23.969655] (-) TimerEvent: {}
[24.069947] (-) TimerEvent: {}
[24.170187] (-) TimerEvent: {}
[24.270430] (-) TimerEvent: {}
[24.370821] (-) TimerEvent: {}
[24.471093] (-) TimerEvent: {}
[24.571323] (-) TimerEvent: {}
[24.671572] (-) TimerEvent: {}
[24.771856] (-) TimerEvent: {}
[24.872062] (-) TimerEvent: {}
[24.972283] (-) TimerEvent: {}
[25.072478] (-) TimerEvent: {}
[25.172714] (-) TimerEvent: {}
[25.272931] (-) TimerEvent: {}
[25.373134] (-) TimerEvent: {}
[25.473391] (-) TimerEvent: {}
[25.573609] (-) TimerEvent: {}
[25.673907] (-) TimerEvent: {}
[25.734628] (mission_layer_mvibot) StderrLine: {'line': b'\x1b[01m\x1b[K/home/mvibot/floorCleaningRobot_ws/src/mission_layer_mvibot/src/../include/mission_layer_mvibot/mvibot_mission/manage_mission.h:\x1b[m\x1b[K In member function \xe2\x80\x98\x1b[01m\x1b[Kint manage_mission::\x1b[01;32m\x1b[Khandle_content\x1b[m\x1b[K(const json&, const double&, double&, int&, rclcpp::Publisher<std_msgs::msg::String_<std::allocator<void> > >::SharedPtr, rclcpp::Publisher<std_msgs::msg::String_<std::allocator<void> > >::SharedPtr)\x1b[m\x1b[K\xe2\x80\x99:\n'}
[25.734865] (mission_layer_mvibot) StderrLine: {'line': b'\x1b[01m\x1b[K/home/mvibot/floorCleaningRobot_ws/src/mission_layer_mvibot/src/../include/mission_layer_mvibot/mvibot_mission/manage_mission.h:879:1:\x1b[m\x1b[K \x1b[01;35m\x1b[Kwarning: \x1b[m\x1b[Kcontrol reaches end of non-void function [\x1b[01;35m\x1b[K\x1b]8;;https://gcc.gnu.org/onlinedocs/gcc/Warning-Options.html#index-Wreturn-type\x07-Wreturn-type\x1b]8;;\x07\x1b[m\x1b[K]\n'}
[25.734986] (mission_layer_mvibot) StderrLine: {'line': b'  879 | \x1b[01;35m\x1b[K}\x1b[m\x1b[K\n'}
[25.735100] (mission_layer_mvibot) StderrLine: {'line': b'      | \x1b[01;35m\x1b[K^\x1b[m\x1b[K\n'}
[25.774001] (-) TimerEvent: {}
[25.874243] (-) TimerEvent: {}
[25.910346] (mission_layer_mvibot) StderrLine: {'line': b'\x1b[01m\x1b[K/home/mvibot/floorCleaningRobot_ws/src/mission_layer_mvibot/src/../include/mission_layer_mvibot/mvibot_mission/navigation_function.h:\x1b[m\x1b[K In member function \xe2\x80\x98\x1b[01m\x1b[Kint navigation_function::\x1b[01;32m\x1b[Kaction\x1b[m\x1b[K()\x1b[m\x1b[K\xe2\x80\x99:\n'}
[25.910640] (mission_layer_mvibot) StderrLine: {'line': b'\x1b[01m\x1b[K/home/mvibot/floorCleaningRobot_ws/src/mission_layer_mvibot/src/../include/mission_layer_mvibot/mvibot_mission/navigation_function.h:966:1:\x1b[m\x1b[K \x1b[01;35m\x1b[Kwarning: \x1b[m\x1b[Kcontrol reaches end of non-void function [\x1b[01;35m\x1b[K\x1b]8;;https://gcc.gnu.org/onlinedocs/gcc/Warning-Options.html#index-Wreturn-type\x07-Wreturn-type\x1b]8;;\x07\x1b[m\x1b[K]\n'}
[25.910781] (mission_layer_mvibot) StderrLine: {'line': b'  966 | \x1b[01;35m\x1b[K}\x1b[m\x1b[K\n'}
[25.910889] (mission_layer_mvibot) StderrLine: {'line': b'      | \x1b[01;35m\x1b[K^\x1b[m\x1b[K\n'}
[25.974353] (-) TimerEvent: {}
[25.998305] (mission_layer_mvibot) StderrLine: {'line': b'\x1b[01m\x1b[K/home/mvibot/floorCleaningRobot_ws/src/mission_layer_mvibot/src/../include/mission_layer_mvibot/mvibot_mission/marker_function.h:\x1b[m\x1b[K In member function \xe2\x80\x98\x1b[01m\x1b[Kint marker_function::\x1b[01;32m\x1b[Kaction\x1b[m\x1b[K()\x1b[m\x1b[K\xe2\x80\x99:\n'}
[25.998625] (mission_layer_mvibot) StderrLine: {'line': b'\x1b[01m\x1b[K/home/mvibot/floorCleaningRobot_ws/src/mission_layer_mvibot/src/../include/mission_layer_mvibot/mvibot_mission/marker_function.h:906:1:\x1b[m\x1b[K \x1b[01;35m\x1b[Kwarning: \x1b[m\x1b[Kcontrol reaches end of non-void function [\x1b[01;35m\x1b[K\x1b]8;;https://gcc.gnu.org/onlinedocs/gcc/Warning-Options.html#index-Wreturn-type\x07-Wreturn-type\x1b]8;;\x07\x1b[m\x1b[K]\n'}
[25.998788] (mission_layer_mvibot) StderrLine: {'line': b'  906 | \x1b[01;35m\x1b[K}\x1b[m\x1b[K\n'}
[25.998915] (mission_layer_mvibot) StderrLine: {'line': b'      | \x1b[01;35m\x1b[K^\x1b[m\x1b[K\n'}
[26.015804] (mission_layer_mvibot) StderrLine: {'line': b'In file included from \x1b[01m\x1b[K/home/mvibot/floorCleaningRobot_ws/src/mission_layer_mvibot/src/mvibot_mission.cpp:13\x1b[m\x1b[K:\n'}
[26.016107] (mission_layer_mvibot) StderrLine: {'line': b'\x1b[01m\x1b[K/home/mvibot/floorCleaningRobot_ws/src/mission_layer_mvibot/src/../include/mission_layer_mvibot/mvibot_mission/lift_function.h:\x1b[m\x1b[K In member function \xe2\x80\x98\x1b[01m\x1b[Kint lift_function::\x1b[01;32m\x1b[Kaction\x1b[m\x1b[K()\x1b[m\x1b[K\xe2\x80\x99:\n'}
[26.016230] (mission_layer_mvibot) StderrLine: {'line': b'\x1b[01m\x1b[K/home/mvibot/floorCleaningRobot_ws/src/mission_layer_mvibot/src/../include/mission_layer_mvibot/mvibot_mission/lift_function.h:203:1:\x1b[m\x1b[K \x1b[01;35m\x1b[Kwarning: \x1b[m\x1b[Kcontrol reaches end of non-void function [\x1b[01;35m\x1b[K\x1b]8;;https://gcc.gnu.org/onlinedocs/gcc/Warning-Options.html#index-Wreturn-type\x07-Wreturn-type\x1b]8;;\x07\x1b[m\x1b[K]\n'}
[26.016362] (mission_layer_mvibot) StderrLine: {'line': b'  203 | \x1b[01;35m\x1b[K}\x1b[m\x1b[K\n'}
[26.016468] (mission_layer_mvibot) StderrLine: {'line': b'      | \x1b[01;35m\x1b[K^\x1b[m\x1b[K\n'}
[26.024717] (mission_layer_mvibot) StderrLine: {'line': b'In file included from \x1b[01m\x1b[K/home/mvibot/floorCleaningRobot_ws/src/mission_layer_mvibot/src/mvibot_mission.cpp:14\x1b[m\x1b[K:\n'}
[26.024923] (mission_layer_mvibot) StderrLine: {'line': b'\x1b[01m\x1b[K/home/mvibot/floorCleaningRobot_ws/src/mission_layer_mvibot/src/../include/mission_layer_mvibot/mvibot_mission/map_function.h:\x1b[m\x1b[K In member function \xe2\x80\x98\x1b[01m\x1b[Kint loadmap_function::\x1b[01;32m\x1b[Kaction\x1b[m\x1b[K()\x1b[m\x1b[K\xe2\x80\x99:\n'}
[26.025013] (mission_layer_mvibot) StderrLine: {'line': b'\x1b[01m\x1b[K/home/mvibot/floorCleaningRobot_ws/src/mission_layer_mvibot/src/../include/mission_layer_mvibot/mvibot_mission/map_function.h:160:1:\x1b[m\x1b[K \x1b[01;35m\x1b[Kwarning: \x1b[m\x1b[Kcontrol reaches end of non-void function [\x1b[01;35m\x1b[K\x1b]8;;https://gcc.gnu.org/onlinedocs/gcc/Warning-Options.html#index-Wreturn-type\x07-Wreturn-type\x1b]8;;\x07\x1b[m\x1b[K]\n'}
[26.025122] (mission_layer_mvibot) StderrLine: {'line': b'  160 | \x1b[01;35m\x1b[K}\x1b[m\x1b[K\n'}
[26.025207] (mission_layer_mvibot) StderrLine: {'line': b'      | \x1b[01;35m\x1b[K^\x1b[m\x1b[K\n'}
[26.074393] (-) TimerEvent: {}
[26.174654] (-) TimerEvent: {}
[26.274866] (-) TimerEvent: {}
[26.375086] (-) TimerEvent: {}
[26.475388] (-) TimerEvent: {}
[26.575737] (-) TimerEvent: {}
[26.676210] (-) TimerEvent: {}
[26.776795] (-) TimerEvent: {}
[26.877035] (-) TimerEvent: {}
[26.977398] (-) TimerEvent: {}
[27.077674] (-) TimerEvent: {}
[27.177932] (-) TimerEvent: {}
[27.278832] (-) TimerEvent: {}
[27.379146] (-) TimerEvent: {}
[27.479438] (-) TimerEvent: {}
[27.579739] (-) TimerEvent: {}
[27.679939] (-) TimerEvent: {}
[27.780165] (-) TimerEvent: {}
[27.880441] (-) TimerEvent: {}
[27.980847] (-) TimerEvent: {}
[28.081197] (-) TimerEvent: {}
[28.181591] (-) TimerEvent: {}
[28.281820] (-) TimerEvent: {}
[28.382043] (-) TimerEvent: {}
[28.482295] (-) TimerEvent: {}
[28.582574] (-) TimerEvent: {}
[28.682870] (-) TimerEvent: {}
[28.783236] (-) TimerEvent: {}
[28.883495] (-) TimerEvent: {}
[28.983804] (-) TimerEvent: {}
[29.084307] (-) TimerEvent: {}
[29.184677] (-) TimerEvent: {}
[29.284955] (-) TimerEvent: {}
[29.385216] (-) TimerEvent: {}
[29.485546] (-) TimerEvent: {}
[29.585765] (-) TimerEvent: {}
[29.685977] (-) TimerEvent: {}
[29.786226] (-) TimerEvent: {}
[29.886505] (-) TimerEvent: {}
[29.986775] (-) TimerEvent: {}
[30.087035] (-) TimerEvent: {}
[30.187361] (-) TimerEvent: {}
[30.287805] (-) TimerEvent: {}
[30.388268] (-) TimerEvent: {}
[30.488596] (-) TimerEvent: {}
[30.588984] (-) TimerEvent: {}
[30.689684] (-) TimerEvent: {}
[30.790188] (-) TimerEvent: {}
[30.890663] (-) TimerEvent: {}
[30.990953] (-) TimerEvent: {}
[31.091344] (-) TimerEvent: {}
[31.191585] (-) TimerEvent: {}
[31.291813] (-) TimerEvent: {}
[31.392174] (-) TimerEvent: {}
[31.492564] (-) TimerEvent: {}
[31.592837] (-) TimerEvent: {}
[31.693115] (-) TimerEvent: {}
[31.793670] (-) TimerEvent: {}
[31.893907] (-) TimerEvent: {}
[31.994192] (-) TimerEvent: {}
[32.094476] (-) TimerEvent: {}
[32.194839] (-) TimerEvent: {}
[32.295092] (-) TimerEvent: {}
[32.395378] (-) TimerEvent: {}
[32.495603] (-) TimerEvent: {}
[32.595868] (-) TimerEvent: {}
[32.696060] (-) TimerEvent: {}
[32.796278] (-) TimerEvent: {}
[32.896515] (-) TimerEvent: {}
[32.996783] (-) TimerEvent: {}
[33.097071] (-) TimerEvent: {}
[33.197373] (-) TimerEvent: {}
[33.297590] (-) TimerEvent: {}
[33.397812] (-) TimerEvent: {}
[33.498051] (-) TimerEvent: {}
[33.598287] (-) TimerEvent: {}
[33.698527] (-) TimerEvent: {}
[33.798760] (-) TimerEvent: {}
[33.899024] (-) TimerEvent: {}
[33.999248] (-) TimerEvent: {}
[34.099493] (-) TimerEvent: {}
[34.199778] (-) TimerEvent: {}
[34.300043] (-) TimerEvent: {}
[34.400295] (-) TimerEvent: {}
[34.500551] (-) TimerEvent: {}
[34.600755] (-) TimerEvent: {}
[34.700989] (-) TimerEvent: {}
[34.801199] (-) TimerEvent: {}
[34.901445] (-) TimerEvent: {}
[35.001721] (-) TimerEvent: {}
[35.102088] (-) TimerEvent: {}
[35.202507] (-) TimerEvent: {}
[35.302807] (-) TimerEvent: {}
[35.403019] (-) TimerEvent: {}
[35.503264] (-) TimerEvent: {}
[35.603486] (-) TimerEvent: {}
[35.703695] (-) TimerEvent: {}
[35.803933] (-) TimerEvent: {}
[35.904294] (-) TimerEvent: {}
[36.004568] (-) TimerEvent: {}
[36.104928] (-) TimerEvent: {}
[36.205234] (-) TimerEvent: {}
[36.305513] (-) TimerEvent: {}
[36.406076] (-) TimerEvent: {}
[36.506325] (-) TimerEvent: {}
[36.606557] (-) TimerEvent: {}
[36.706778] (-) TimerEvent: {}
[36.807019] (-) TimerEvent: {}
[36.907286] (-) TimerEvent: {}
[37.007555] (-) TimerEvent: {}
[37.107823] (-) TimerEvent: {}
[37.208411] (-) TimerEvent: {}
[37.308699] (-) TimerEvent: {}
[37.408911] (-) TimerEvent: {}
[37.509175] (-) TimerEvent: {}
[37.609416] (-) TimerEvent: {}
[37.709672] (-) TimerEvent: {}
[37.809994] (-) TimerEvent: {}
[37.910360] (-) TimerEvent: {}
[38.010696] (-) TimerEvent: {}
[38.110999] (-) TimerEvent: {}
[38.211255] (-) TimerEvent: {}
[38.311497] (-) TimerEvent: {}
[38.411722] (-) TimerEvent: {}
[38.511961] (-) TimerEvent: {}
[38.612191] (-) TimerEvent: {}
[38.712404] (-) TimerEvent: {}
[38.812584] (-) TimerEvent: {}
[38.912814] (-) TimerEvent: {}
[39.013030] (-) TimerEvent: {}
[39.113272] (-) TimerEvent: {}
[39.213513] (-) TimerEvent: {}
[39.313743] (-) TimerEvent: {}
[39.413961] (-) TimerEvent: {}
[39.514230] (-) TimerEvent: {}
[39.614467] (-) TimerEvent: {}
[39.714714] (-) TimerEvent: {}
[39.814949] (-) TimerEvent: {}
[39.915176] (-) TimerEvent: {}
[40.015399] (-) TimerEvent: {}
[40.115609] (-) TimerEvent: {}
[40.215970] (-) TimerEvent: {}
[40.316414] (-) TimerEvent: {}
[40.417333] (-) TimerEvent: {}
[40.518317] (-) TimerEvent: {}
[40.618599] (-) TimerEvent: {}
[40.718945] (-) TimerEvent: {}
[40.819178] (-) TimerEvent: {}
[40.919431] (-) TimerEvent: {}
[41.019715] (-) TimerEvent: {}
[41.119959] (-) TimerEvent: {}
[41.220150] (-) TimerEvent: {}
[41.320386] (-) TimerEvent: {}
[41.420588] (-) TimerEvent: {}
[41.520836] (-) TimerEvent: {}
[41.621114] (-) TimerEvent: {}
[41.721337] (-) TimerEvent: {}
[41.821551] (-) TimerEvent: {}
[41.921788] (-) TimerEvent: {}
[42.022011] (-) TimerEvent: {}
[42.122279] (-) TimerEvent: {}
[42.222549] (-) TimerEvent: {}
[42.322784] (-) TimerEvent: {}
[42.422982] (-) TimerEvent: {}
[42.523262] (-) TimerEvent: {}
[42.623526] (-) TimerEvent: {}
[42.723746] (-) TimerEvent: {}
[42.824023] (-) TimerEvent: {}
[42.924347] (-) TimerEvent: {}
[43.024593] (-) TimerEvent: {}
[43.124874] (-) TimerEvent: {}
[43.225180] (-) TimerEvent: {}
[43.325414] (-) TimerEvent: {}
[43.425669] (-) TimerEvent: {}
[43.525958] (-) TimerEvent: {}
[43.627014] (-) TimerEvent: {}
[43.727563] (-) TimerEvent: {}
[43.827830] (-) TimerEvent: {}
[43.928113] (-) TimerEvent: {}
[44.028433] (-) TimerEvent: {}
[44.128713] (-) TimerEvent: {}
[44.228968] (-) TimerEvent: {}
[44.329156] (-) TimerEvent: {}
[44.429373] (-) TimerEvent: {}
[44.529586] (-) TimerEvent: {}
[44.629797] (-) TimerEvent: {}
[44.730049] (-) TimerEvent: {}
[44.830360] (-) TimerEvent: {}
[44.930610] (-) TimerEvent: {}
[45.030833] (-) TimerEvent: {}
[45.131045] (-) TimerEvent: {}
[45.231250] (-) TimerEvent: {}
[45.331534] (-) TimerEvent: {}
[45.432242] (-) TimerEvent: {}
[45.532517] (-) TimerEvent: {}
[45.632765] (-) TimerEvent: {}
[45.733005] (-) TimerEvent: {}
[45.833216] (-) TimerEvent: {}
[45.933423] (-) TimerEvent: {}
[46.033671] (-) TimerEvent: {}
[46.133908] (-) TimerEvent: {}
[46.234126] (-) TimerEvent: {}
[46.334653] (-) TimerEvent: {}
[46.434893] (-) TimerEvent: {}
[46.535095] (-) TimerEvent: {}
[46.635298] (-) TimerEvent: {}
[46.735658] (-) TimerEvent: {}
[46.835899] (-) TimerEvent: {}
[46.936190] (-) TimerEvent: {}
[47.036381] (-) TimerEvent: {}
[47.136617] (-) TimerEvent: {}
[47.237024] (-) TimerEvent: {}
[47.337392] (-) TimerEvent: {}
[47.437676] (-) TimerEvent: {}
[47.537913] (-) TimerEvent: {}
[47.638208] (-) TimerEvent: {}
[47.738445] (-) TimerEvent: {}
[47.838683] (-) TimerEvent: {}
[47.938893] (-) TimerEvent: {}
[48.039124] (-) TimerEvent: {}
[48.139340] (-) TimerEvent: {}
[48.239607] (-) TimerEvent: {}
[48.339853] (-) TimerEvent: {}
[48.440120] (-) TimerEvent: {}
[48.540357] (-) TimerEvent: {}
[48.640605] (-) TimerEvent: {}
[48.740962] (-) TimerEvent: {}
[48.841279] (-) TimerEvent: {}
[48.941648] (-) TimerEvent: {}
[49.041885] (-) TimerEvent: {}
[49.142185] (-) TimerEvent: {}
[49.242457] (-) TimerEvent: {}
[49.342869] (-) TimerEvent: {}
[49.443130] (-) TimerEvent: {}
[49.543398] (-) TimerEvent: {}
[49.643742] (-) TimerEvent: {}
[49.744592] (-) TimerEvent: {}
[49.844922] (-) TimerEvent: {}
[49.945208] (-) TimerEvent: {}
[50.045519] (-) TimerEvent: {}
[50.145851] (-) TimerEvent: {}
[50.246088] (-) TimerEvent: {}
[50.346415] (-) TimerEvent: {}
[50.446702] (-) TimerEvent: {}
[50.547013] (-) TimerEvent: {}
[50.647241] (-) TimerEvent: {}
[50.747475] (-) TimerEvent: {}
[50.847744] (-) TimerEvent: {}
[50.948007] (-) TimerEvent: {}
[51.048399] (-) TimerEvent: {}
[51.148706] (-) TimerEvent: {}
[51.249166] (-) TimerEvent: {}
[51.349474] (-) TimerEvent: {}
[51.449708] (-) TimerEvent: {}
[51.549970] (-) TimerEvent: {}
[51.650203] (-) TimerEvent: {}
[51.750422] (-) TimerEvent: {}
[51.850663] (-) TimerEvent: {}
[51.950904] (-) TimerEvent: {}
[52.051184] (-) TimerEvent: {}
[52.151408] (-) TimerEvent: {}
[52.251669] (-) TimerEvent: {}
[52.351957] (-) TimerEvent: {}
[52.452212] (-) TimerEvent: {}
[52.552400] (-) TimerEvent: {}
[52.652700] (-) TimerEvent: {}
[52.753025] (-) TimerEvent: {}
[52.853300] (-) TimerEvent: {}
[52.953580] (-) TimerEvent: {}
[53.053836] (-) TimerEvent: {}
[53.154702] (-) TimerEvent: {}
[53.254982] (-) TimerEvent: {}
[53.355304] (-) TimerEvent: {}
[53.455582] (-) TimerEvent: {}
[53.555856] (-) TimerEvent: {}
[53.656167] (-) TimerEvent: {}
[53.756781] (-) TimerEvent: {}
[53.857072] (-) TimerEvent: {}
[53.958134] (-) TimerEvent: {}
[54.058409] (-) TimerEvent: {}
[54.158671] (-) TimerEvent: {}
[54.258936] (-) TimerEvent: {}
[54.359191] (-) TimerEvent: {}
[54.459442] (-) TimerEvent: {}
[54.559695] (-) TimerEvent: {}
[54.659972] (-) TimerEvent: {}
[54.760208] (-) TimerEvent: {}
[54.860478] (-) TimerEvent: {}
[54.961035] (-) TimerEvent: {}
[55.061352] (-) TimerEvent: {}
[55.161596] (-) TimerEvent: {}
[55.261866] (-) TimerEvent: {}
[55.362073] (-) TimerEvent: {}
[55.462329] (-) TimerEvent: {}
[55.562568] (-) TimerEvent: {}
[55.662848] (-) TimerEvent: {}
[55.763148] (-) TimerEvent: {}
[55.863413] (-) TimerEvent: {}
[55.963922] (-) TimerEvent: {}
[56.064163] (-) TimerEvent: {}
[56.164414] (-) TimerEvent: {}
[56.264743] (-) TimerEvent: {}
[56.365002] (-) TimerEvent: {}
[56.465475] (-) TimerEvent: {}
[56.565732] (-) TimerEvent: {}
[56.666012] (-) TimerEvent: {}
[56.766440] (-) TimerEvent: {}
[56.867172] (-) TimerEvent: {}
[56.967454] (-) TimerEvent: {}
[57.067714] (-) TimerEvent: {}
[57.168011] (-) TimerEvent: {}
[57.268262] (-) TimerEvent: {}
[57.368609] (-) TimerEvent: {}
[57.468886] (-) TimerEvent: {}
[57.569139] (-) TimerEvent: {}
[57.669449] (-) TimerEvent: {}
[57.769750] (-) TimerEvent: {}
[57.869965] (-) TimerEvent: {}
[57.970307] (-) TimerEvent: {}
[58.070563] (-) TimerEvent: {}
[58.170815] (-) TimerEvent: {}
[58.271086] (-) TimerEvent: {}
[58.371317] (-) TimerEvent: {}
[58.471525] (-) TimerEvent: {}
[58.571827] (-) TimerEvent: {}
[58.672075] (-) TimerEvent: {}
[58.772279] (-) TimerEvent: {}
[58.872495] (-) TimerEvent: {}
[58.972727] (-) TimerEvent: {}
[59.072920] (-) TimerEvent: {}
[59.173146] (-) TimerEvent: {}
[59.273365] (-) TimerEvent: {}
[59.373604] (-) TimerEvent: {}
[59.473840] (-) TimerEvent: {}
[59.574076] (-) TimerEvent: {}
[59.674269] (-) TimerEvent: {}
[59.774496] (-) TimerEvent: {}
[59.874722] (-) TimerEvent: {}
[59.974962] (-) TimerEvent: {}
[60.075225] (-) TimerEvent: {}
[60.175469] (-) TimerEvent: {}
[60.275732] (-) TimerEvent: {}
[60.375938] (-) TimerEvent: {}
[60.476215] (-) TimerEvent: {}
[60.576548] (-) TimerEvent: {}
[60.677027] (-) TimerEvent: {}
[60.777296] (-) TimerEvent: {}
[60.877584] (-) TimerEvent: {}
[60.977907] (-) TimerEvent: {}
[61.078328] (-) TimerEvent: {}
[61.178691] (-) TimerEvent: {}
[61.278978] (-) TimerEvent: {}
[61.379262] (-) TimerEvent: {}
[61.479558] (-) TimerEvent: {}
[61.579781] (-) TimerEvent: {}
[61.679961] (-) TimerEvent: {}
[61.780180] (-) TimerEvent: {}
[61.880412] (-) TimerEvent: {}
[61.980710] (-) TimerEvent: {}
[62.080936] (-) TimerEvent: {}
[62.181162] (-) TimerEvent: {}
[62.281359] (-) TimerEvent: {}
[62.381596] (-) TimerEvent: {}
[62.481838] (-) TimerEvent: {}
[62.582116] (-) TimerEvent: {}
[62.682362] (-) TimerEvent: {}
[62.782598] (-) TimerEvent: {}
[62.882850] (-) TimerEvent: {}
[62.983039] (-) TimerEvent: {}
[63.083278] (-) TimerEvent: {}
[63.183509] (-) TimerEvent: {}
[63.283727] (-) TimerEvent: {}
[63.383960] (-) TimerEvent: {}
[63.484197] (-) TimerEvent: {}
[63.584441] (-) TimerEvent: {}
[63.684682] (-) TimerEvent: {}
[63.784910] (-) TimerEvent: {}
[63.885177] (-) TimerEvent: {}
[63.985570] (-) TimerEvent: {}
[64.085795] (-) TimerEvent: {}
[64.135794] (mission_layer_mvibot) StderrLine: {'line': b'\x1b[01m\x1b[K/home/mvibot/floorCleaningRobot_ws/src/mission_layer_mvibot/src/../include/mission_layer_mvibot/mvibot_mission/manage_mission.h:\x1b[m\x1b[K In member function \xe2\x80\x98\x1b[01m\x1b[Kdouble* manage_mission::\x1b[01;32m\x1b[Kget_position_tf\x1b[m\x1b[K(std::string, std::string)\x1b[m\x1b[K\xe2\x80\x99:\n'}
[64.136500] (mission_layer_mvibot) StderrLine: {'line': b'\x1b[01m\x1b[K/home/mvibot/floorCleaningRobot_ws/src/mission_layer_mvibot/src/../include/mission_layer_mvibot/mvibot_mission/manage_mission.h:644:33:\x1b[m\x1b[K \x1b[01;35m\x1b[Kwarning: \x1b[m\x1b[Karray subscript 2 is above array bounds of \xe2\x80\x98\x1b[01m\x1b[Kdouble [2]\x1b[m\x1b[K\xe2\x80\x99 [\x1b[01;35m\x1b[K\x1b]8;;https://gcc.gnu.org/onlinedocs/gcc/Warning-Options.html#index-Warray-bounds=\x07-Warray-bounds=\x1b]8;;\x07\x1b[m\x1b[K]\n'}
[64.136634] (mission_layer_mvibot) StderrLine: {'line': b'  644 |     data[0]=x; data[1]=y; \x1b[01;35m\x1b[Kdata[2]\x1b[m\x1b[K=thz; data[3]=thw;\n'}
[64.136745] (mission_layer_mvibot) StderrLine: {'line': b'      |                           \x1b[01;35m\x1b[K~~~~~~^\x1b[m\x1b[K\n'}
[64.136852] (mission_layer_mvibot) StderrLine: {'line': b'\x1b[01m\x1b[K/home/mvibot/floorCleaningRobot_ws/src/mission_layer_mvibot/src/../include/mission_layer_mvibot/mvibot_mission/manage_mission.h:628:19:\x1b[m\x1b[K \x1b[01;36m\x1b[Knote: \x1b[m\x1b[Kwhile referencing \xe2\x80\x98\x1b[01m\x1b[Kdata\x1b[m\x1b[K\xe2\x80\x99\n'}
[64.136983] (mission_layer_mvibot) StderrLine: {'line': b'  628 |     static double \x1b[01;36m\x1b[Kdata\x1b[m\x1b[K[2];\n'}
[64.137092] (mission_layer_mvibot) StderrLine: {'line': b'      |                   \x1b[01;36m\x1b[K^~~~\x1b[m\x1b[K\n'}
[64.137198] (mission_layer_mvibot) StderrLine: {'line': b'\x1b[01m\x1b[K/home/mvibot/floorCleaningRobot_ws/src/mission_layer_mvibot/src/../include/mission_layer_mvibot/mvibot_mission/manage_mission.h:644:46:\x1b[m\x1b[K \x1b[01;35m\x1b[Kwarning: \x1b[m\x1b[Karray subscript 3 is above array bounds of \xe2\x80\x98\x1b[01m\x1b[Kdouble [2]\x1b[m\x1b[K\xe2\x80\x99 [\x1b[01;35m\x1b[K\x1b]8;;https://gcc.gnu.org/onlinedocs/gcc/Warning-Options.html#index-Warray-bounds=\x07-Warray-bounds=\x1b]8;;\x07\x1b[m\x1b[K]\n'}
[64.137314] (mission_layer_mvibot) StderrLine: {'line': b'  644 |     data[0]=x; data[1]=y; data[2]=thz; \x1b[01;35m\x1b[Kdata[3]\x1b[m\x1b[K=thw;\n'}
[64.137403] (mission_layer_mvibot) StderrLine: {'line': b'      |                                        \x1b[01;35m\x1b[K~~~~~~^\x1b[m\x1b[K\n'}
[64.137493] (mission_layer_mvibot) StderrLine: {'line': b'\x1b[01m\x1b[K/home/mvibot/floorCleaningRobot_ws/src/mission_layer_mvibot/src/../include/mission_layer_mvibot/mvibot_mission/manage_mission.h:628:19:\x1b[m\x1b[K \x1b[01;36m\x1b[Knote: \x1b[m\x1b[Kwhile referencing \xe2\x80\x98\x1b[01m\x1b[Kdata\x1b[m\x1b[K\xe2\x80\x99\n'}
[64.137631] (mission_layer_mvibot) StderrLine: {'line': b'  628 |     static double \x1b[01;36m\x1b[Kdata\x1b[m\x1b[K[2];\n'}
[64.137728] (mission_layer_mvibot) StderrLine: {'line': b'      |                   \x1b[01;36m\x1b[K^~~~\x1b[m\x1b[K\n'}
[64.185874] (-) TimerEvent: {}
[64.286086] (-) TimerEvent: {}
[64.386324] (-) TimerEvent: {}
[64.486594] (-) TimerEvent: {}
[64.586816] (-) TimerEvent: {}
[64.687065] (-) TimerEvent: {}
[64.787270] (-) TimerEvent: {}
[64.887528] (-) TimerEvent: {}
[64.987800] (-) TimerEvent: {}
[65.088065] (-) TimerEvent: {}
[65.188250] (-) TimerEvent: {}
[65.288508] (-) TimerEvent: {}
[65.388854] (-) TimerEvent: {}
[65.489151] (-) TimerEvent: {}
[65.589445] (-) TimerEvent: {}
[65.689758] (-) TimerEvent: {}
[65.790018] (-) TimerEvent: {}
[65.890308] (-) TimerEvent: {}
[65.990546] (-) TimerEvent: {}
[66.090787] (-) TimerEvent: {}
[66.191022] (-) TimerEvent: {}
[66.291286] (-) TimerEvent: {}
[66.391549] (-) TimerEvent: {}
[66.491786] (-) TimerEvent: {}
[66.592046] (-) TimerEvent: {}
[66.692263] (-) TimerEvent: {}
[66.792596] (-) TimerEvent: {}
[66.892846] (-) TimerEvent: {}
[66.993204] (-) TimerEvent: {}
[67.093498] (-) TimerEvent: {}
[67.193772] (-) TimerEvent: {}
[67.294045] (-) TimerEvent: {}
[67.394572] (-) TimerEvent: {}
[67.494870] (-) TimerEvent: {}
[67.596124] (-) TimerEvent: {}
[67.696379] (-) TimerEvent: {}
[67.796595] (-) TimerEvent: {}
[67.896853] (-) TimerEvent: {}
[67.997284] (-) TimerEvent: {}
[68.097565] (-) TimerEvent: {}
[68.197883] (-) TimerEvent: {}
[68.298140] (-) TimerEvent: {}
[68.398411] (-) TimerEvent: {}
[68.498650] (-) TimerEvent: {}
[68.598901] (-) TimerEvent: {}
[68.699175] (-) TimerEvent: {}
[68.799543] (-) TimerEvent: {}
[68.899758] (-) TimerEvent: {}
[69.000042] (-) TimerEvent: {}
[69.100376] (-) TimerEvent: {}
[69.200585] (-) TimerEvent: {}
[69.300760] (-) TimerEvent: {}
[69.400970] (-) TimerEvent: {}
[69.501197] (-) TimerEvent: {}
[69.601431] (-) TimerEvent: {}
[69.701703] (-) TimerEvent: {}
[69.801949] (-) TimerEvent: {}
[69.902220] (-) TimerEvent: {}
[70.002453] (-) TimerEvent: {}
[70.102727] (-) TimerEvent: {}
[70.203388] (-) TimerEvent: {}
[70.303683] (-) TimerEvent: {}
[70.403984] (-) TimerEvent: {}
[70.504436] (-) TimerEvent: {}
[70.604909] (-) TimerEvent: {}
[70.705253] (-) TimerEvent: {}
[70.805607] (-) TimerEvent: {}
[70.905965] (-) TimerEvent: {}
[71.006340] (-) TimerEvent: {}
[71.106745] (-) TimerEvent: {}
[71.207037] (-) TimerEvent: {}
[71.307284] (-) TimerEvent: {}
[71.407526] (-) TimerEvent: {}
[71.507797] (-) TimerEvent: {}
[71.608130] (-) TimerEvent: {}
[71.708598] (-) TimerEvent: {}
[71.808881] (-) TimerEvent: {}
[71.909152] (-) TimerEvent: {}
[72.009393] (-) TimerEvent: {}
[72.109689] (-) TimerEvent: {}
[72.209947] (-) TimerEvent: {}
[72.310204] (-) TimerEvent: {}
[72.410554] (-) TimerEvent: {}
[72.510892] (-) TimerEvent: {}
[72.611207] (-) TimerEvent: {}
[72.711495] (-) TimerEvent: {}
[72.811767] (-) TimerEvent: {}
[72.912002] (-) TimerEvent: {}
[73.012205] (-) TimerEvent: {}
[73.112452] (-) TimerEvent: {}
[73.212688] (-) TimerEvent: {}
[73.312938] (-) TimerEvent: {}
[73.413203] (-) TimerEvent: {}
[73.513466] (-) TimerEvent: {}
[73.613661] (-) TimerEvent: {}
[73.713875] (-) TimerEvent: {}
[73.814099] (-) TimerEvent: {}
[73.914315] (-) TimerEvent: {}
[74.014571] (-) TimerEvent: {}
[74.114815] (-) TimerEvent: {}
[74.215037] (-) TimerEvent: {}
[74.315246] (-) TimerEvent: {}
[74.415499] (-) TimerEvent: {}
[74.515750] (-) TimerEvent: {}
[74.615992] (-) TimerEvent: {}
[74.716243] (-) TimerEvent: {}
[74.816483] (-) TimerEvent: {}
[74.916820] (-) TimerEvent: {}
[75.017113] (-) TimerEvent: {}
[75.118031] (-) TimerEvent: {}
[75.218347] (-) TimerEvent: {}
[75.318588] (-) TimerEvent: {}
[75.418912] (-) TimerEvent: {}
[75.519175] (-) TimerEvent: {}
[75.619443] (-) TimerEvent: {}
[75.719663] (-) TimerEvent: {}
[75.819932] (-) TimerEvent: {}
[75.920227] (-) TimerEvent: {}
[76.020498] (-) TimerEvent: {}
[76.120740] (-) TimerEvent: {}
[76.220975] (-) TimerEvent: {}
[76.321381] (-) TimerEvent: {}
[76.421727] (-) TimerEvent: {}
[76.521936] (-) TimerEvent: {}
[76.622180] (-) TimerEvent: {}
[76.722408] (-) TimerEvent: {}
[76.822643] (-) TimerEvent: {}
[76.922852] (-) TimerEvent: {}
[77.023098] (-) TimerEvent: {}
[77.123330] (-) TimerEvent: {}
[77.223600] (-) TimerEvent: {}
[77.323862] (-) TimerEvent: {}
[77.424112] (-) TimerEvent: {}
[77.524358] (-) TimerEvent: {}
[77.624729] (-) TimerEvent: {}
[77.725015] (-) TimerEvent: {}
[77.825343] (-) TimerEvent: {}
[77.925684] (-) TimerEvent: {}
[78.026051] (-) TimerEvent: {}
[78.126433] (-) TimerEvent: {}
[78.226744] (-) TimerEvent: {}
[78.326968] (-) TimerEvent: {}
[78.427231] (-) TimerEvent: {}
[78.527556] (-) TimerEvent: {}
[78.627911] (-) TimerEvent: {}
[78.728225] (-) TimerEvent: {}
[78.828514] (-) TimerEvent: {}
[78.928804] (-) TimerEvent: {}
[79.029149] (-) TimerEvent: {}
[79.129459] (-) TimerEvent: {}
[79.229700] (-) TimerEvent: {}
[79.329932] (-) TimerEvent: {}
[79.430202] (-) TimerEvent: {}
[79.530558] (-) TimerEvent: {}
[79.630960] (-) TimerEvent: {}
[79.731199] (-) TimerEvent: {}
[79.831535] (-) TimerEvent: {}
[79.931881] (-) TimerEvent: {}
[80.032135] (-) TimerEvent: {}
[80.132371] (-) TimerEvent: {}
[80.232591] (-) TimerEvent: {}
[80.332802] (-) TimerEvent: {}
[80.433050] (-) TimerEvent: {}
[80.533258] (-) TimerEvent: {}
[80.633495] (-) TimerEvent: {}
[80.733723] (-) TimerEvent: {}
[80.833914] (-) TimerEvent: {}
[80.934108] (-) TimerEvent: {}
[81.034329] (-) TimerEvent: {}
[81.134605] (-) TimerEvent: {}
[81.234852] (-) TimerEvent: {}
[81.335140] (-) TimerEvent: {}
[81.435375] (-) TimerEvent: {}
[81.535589] (-) TimerEvent: {}
[81.635838] (-) TimerEvent: {}
[81.736148] (-) TimerEvent: {}
[81.836441] (-) TimerEvent: {}
[81.936755] (-) TimerEvent: {}
[82.037471] (-) TimerEvent: {}
[82.137757] (-) TimerEvent: {}
[82.237999] (-) TimerEvent: {}
[82.338300] (-) TimerEvent: {}
[82.438526] (-) TimerEvent: {}
[82.538835] (-) TimerEvent: {}
[82.639113] (-) TimerEvent: {}
[82.739396] (-) TimerEvent: {}
[82.839651] (-) TimerEvent: {}
[82.939855] (-) TimerEvent: {}
[83.040170] (-) TimerEvent: {}
[83.140413] (-) TimerEvent: {}
[83.240720] (-) TimerEvent: {}
[83.340961] (-) TimerEvent: {}
[83.441211] (-) TimerEvent: {}
[83.541459] (-) TimerEvent: {}
[83.641738] (-) TimerEvent: {}
[83.741921] (-) TimerEvent: {}
[83.842130] (-) TimerEvent: {}
[83.942362] (-) TimerEvent: {}
[84.042587] (-) TimerEvent: {}
[84.142813] (-) TimerEvent: {}
[84.243043] (-) TimerEvent: {}
[84.343284] (-) TimerEvent: {}
[84.443534] (-) TimerEvent: {}
[84.543818] (-) TimerEvent: {}
[84.644342] (-) TimerEvent: {}
[84.744625] (-) TimerEvent: {}
[84.844973] (-) TimerEvent: {}
[84.945219] (-) TimerEvent: {}
[85.045526] (-) TimerEvent: {}
[85.145871] (-) TimerEvent: {}
[85.246110] (-) TimerEvent: {}
[85.346378] (-) TimerEvent: {}
[85.446688] (-) TimerEvent: {}
[85.546987] (-) TimerEvent: {}
[85.647369] (-) TimerEvent: {}
[85.748009] (-) TimerEvent: {}
[85.848248] (-) TimerEvent: {}
[85.948504] (-) TimerEvent: {}
[86.049036] (-) TimerEvent: {}
[86.149592] (-) TimerEvent: {}
[86.249883] (-) TimerEvent: {}
[86.350119] (-) TimerEvent: {}
[86.450367] (-) TimerEvent: {}
[86.550685] (-) TimerEvent: {}
[86.651042] (-) TimerEvent: {}
[86.751470] (-) TimerEvent: {}
[86.851762] (-) TimerEvent: {}
[86.951978] (-) TimerEvent: {}
[87.052180] (-) TimerEvent: {}
[87.152405] (-) TimerEvent: {}
[87.252685] (-) TimerEvent: {}
[87.353101] (-) TimerEvent: {}
[87.453419] (-) TimerEvent: {}
[87.512869] (mission_layer_mvibot) StderrLine: {'line': b'\x1b[01m\x1b[K/home/mvibot/floorCleaningRobot_ws/src/mission_layer_mvibot/src/../include/mission_layer_mvibot/mvibot_mission/navigation_function.h:\x1b[m\x1b[K In member function \xe2\x80\x98\x1b[01m\x1b[Kvoid navigation_function::\x1b[01;32m\x1b[Kset_initial_robot\x1b[m\x1b[K(const std::string&)\x1b[m\x1b[K\xe2\x80\x99:\n'}
[87.513114] (mission_layer_mvibot) StderrLine: {'line': b'\x1b[01m\x1b[K/home/mvibot/floorCleaningRobot_ws/src/mission_layer_mvibot/src/../include/mission_layer_mvibot/mvibot_mission/navigation_function.h:260:13:\x1b[m\x1b[K \x1b[01;35m\x1b[Kwarning: \x1b[m\x1b[K\xe2\x80\x98\x1b[01m\x1b[Kx\x1b[m\x1b[K\xe2\x80\x99 may be used uninitialized [\x1b[01;35m\x1b[K\x1b]8;;https://gcc.gnu.org/onlinedocs/gcc/Warning-Options.html#index-Wmaybe-uninitialized\x07-Wmaybe-uninitialized\x1b]8;;\x07\x1b[m\x1b[K]\n'}
[87.513210] (mission_layer_mvibot) StderrLine: {'line': b'  260 |     \x1b[01;35m\x1b[Kpub_amcl(x,y,thz,thw)\x1b[m\x1b[K;\n'}
[87.513284] (mission_layer_mvibot) StderrLine: {'line': b'      |     \x1b[01;35m\x1b[K~~~~~~~~^~~~~~~~~~~~~\x1b[m\x1b[K\n'}
[87.513360] (mission_layer_mvibot) StderrLine: {'line': b'\x1b[01m\x1b[K/home/mvibot/floorCleaningRobot_ws/src/mission_layer_mvibot/src/../include/mission_layer_mvibot/mvibot_mission/navigation_function.h:252:18:\x1b[m\x1b[K \x1b[01;36m\x1b[Knote: \x1b[m\x1b[K\xe2\x80\x98\x1b[01m\x1b[Kx\x1b[m\x1b[K\xe2\x80\x99 was declared here\n'}
[87.513436] (mission_layer_mvibot) StderrLine: {'line': b'  252 |     double value,\x1b[01;36m\x1b[Kx\x1b[m\x1b[K,y,thz,thw;\n'}
[87.513504] (mission_layer_mvibot) StderrLine: {'line': b'      |                  \x1b[01;36m\x1b[K^\x1b[m\x1b[K\n'}
[87.513585] (mission_layer_mvibot) StderrLine: {'line': b'\x1b[01m\x1b[K/home/mvibot/floorCleaningRobot_ws/src/mission_layer_mvibot/src/../include/mission_layer_mvibot/mvibot_mission/navigation_function.h:260:13:\x1b[m\x1b[K \x1b[01;35m\x1b[Kwarning: \x1b[m\x1b[K\xe2\x80\x98\x1b[01m\x1b[Ky\x1b[m\x1b[K\xe2\x80\x99 may be used uninitialized [\x1b[01;35m\x1b[K\x1b]8;;https://gcc.gnu.org/onlinedocs/gcc/Warning-Options.html#index-Wmaybe-uninitialized\x07-Wmaybe-uninitialized\x1b]8;;\x07\x1b[m\x1b[K]\n'}
[87.513664] (mission_layer_mvibot) StderrLine: {'line': b'  260 |     \x1b[01;35m\x1b[Kpub_amcl(x,y,thz,thw)\x1b[m\x1b[K;\n'}
[87.513738] (mission_layer_mvibot) StderrLine: {'line': b'      |     \x1b[01;35m\x1b[K~~~~~~~~^~~~~~~~~~~~~\x1b[m\x1b[K\n'}
[87.513808] (mission_layer_mvibot) StderrLine: {'line': b'\x1b[01m\x1b[K/home/mvibot/floorCleaningRobot_ws/src/mission_layer_mvibot/src/../include/mission_layer_mvibot/mvibot_mission/navigation_function.h:252:20:\x1b[m\x1b[K \x1b[01;36m\x1b[Knote: \x1b[m\x1b[K\xe2\x80\x98\x1b[01m\x1b[Ky\x1b[m\x1b[K\xe2\x80\x99 was declared here\n'}
[87.513877] (mission_layer_mvibot) StderrLine: {'line': b'  252 |     double value,x,\x1b[01;36m\x1b[Ky\x1b[m\x1b[K,thz,thw;\n'}
[87.513956] (mission_layer_mvibot) StderrLine: {'line': b'      |                    \x1b[01;36m\x1b[K^\x1b[m\x1b[K\n'}
[87.514040] (mission_layer_mvibot) StderrLine: {'line': b'\x1b[01m\x1b[K/home/mvibot/floorCleaningRobot_ws/src/mission_layer_mvibot/src/../include/mission_layer_mvibot/mvibot_mission/navigation_function.h:260:13:\x1b[m\x1b[K \x1b[01;35m\x1b[Kwarning: \x1b[m\x1b[K\xe2\x80\x98\x1b[01m\x1b[Kthz\x1b[m\x1b[K\xe2\x80\x99 may be used uninitialized [\x1b[01;35m\x1b[K\x1b]8;;https://gcc.gnu.org/onlinedocs/gcc/Warning-Options.html#index-Wmaybe-uninitialized\x07-Wmaybe-uninitialized\x1b]8;;\x07\x1b[m\x1b[K]\n'}
[87.514113] (mission_layer_mvibot) StderrLine: {'line': b'  260 |     \x1b[01;35m\x1b[Kpub_amcl(x,y,thz,thw)\x1b[m\x1b[K;\n'}
[87.514185] (mission_layer_mvibot) StderrLine: {'line': b'      |     \x1b[01;35m\x1b[K~~~~~~~~^~~~~~~~~~~~~\x1b[m\x1b[K\n'}
[87.514249] (mission_layer_mvibot) StderrLine: {'line': b'\x1b[01m\x1b[K/home/mvibot/floorCleaningRobot_ws/src/mission_layer_mvibot/src/../include/mission_layer_mvibot/mvibot_mission/navigation_function.h:252:22:\x1b[m\x1b[K \x1b[01;36m\x1b[Knote: \x1b[m\x1b[K\xe2\x80\x98\x1b[01m\x1b[Kthz\x1b[m\x1b[K\xe2\x80\x99 was declared here\n'}
[87.514314] (mission_layer_mvibot) StderrLine: {'line': b'  252 |     double value,x,y,\x1b[01;36m\x1b[Kthz\x1b[m\x1b[K,thw;\n'}
[87.514382] (mission_layer_mvibot) StderrLine: {'line': b'      |                      \x1b[01;36m\x1b[K^~~\x1b[m\x1b[K\n'}
[87.514444] (mission_layer_mvibot) StderrLine: {'line': b'\x1b[01m\x1b[K/home/mvibot/floorCleaningRobot_ws/src/mission_layer_mvibot/src/../include/mission_layer_mvibot/mvibot_mission/navigation_function.h:260:13:\x1b[m\x1b[K \x1b[01;35m\x1b[Kwarning: \x1b[m\x1b[K\xe2\x80\x98\x1b[01m\x1b[Kthw\x1b[m\x1b[K\xe2\x80\x99 may be used uninitialized [\x1b[01;35m\x1b[K\x1b]8;;https://gcc.gnu.org/onlinedocs/gcc/Warning-Options.html#index-Wmaybe-uninitialized\x07-Wmaybe-uninitialized\x1b]8;;\x07\x1b[m\x1b[K]\n'}
[87.514509] (mission_layer_mvibot) StderrLine: {'line': b'  260 |     \x1b[01;35m\x1b[Kpub_amcl(x,y,thz,thw)\x1b[m\x1b[K;\n'}
[87.514581] (mission_layer_mvibot) StderrLine: {'line': b'      |     \x1b[01;35m\x1b[K~~~~~~~~^~~~~~~~~~~~~\x1b[m\x1b[K\n'}
[87.514661] (mission_layer_mvibot) StderrLine: {'line': b'\x1b[01m\x1b[K/home/mvibot/floorCleaningRobot_ws/src/mission_layer_mvibot/src/../include/mission_layer_mvibot/mvibot_mission/navigation_function.h:252:26:\x1b[m\x1b[K \x1b[01;36m\x1b[Knote: \x1b[m\x1b[K\xe2\x80\x98\x1b[01m\x1b[Kthw\x1b[m\x1b[K\xe2\x80\x99 was declared here\n'}
[87.514736] (mission_layer_mvibot) StderrLine: {'line': b'  252 |     double value,x,y,thz,\x1b[01;36m\x1b[Kthw\x1b[m\x1b[K;\n'}
[87.514808] (mission_layer_mvibot) StderrLine: {'line': b'      |                          \x1b[01;36m\x1b[K^~~\x1b[m\x1b[K\n'}
[87.553532] (-) TimerEvent: {}
[87.654109] (-) TimerEvent: {}
[87.754804] (-) TimerEvent: {}
[87.855602] (-) TimerEvent: {}
[87.957834] (-) TimerEvent: {}
[88.058079] (-) TimerEvent: {}
[88.158429] (-) TimerEvent: {}
[88.258921] (-) TimerEvent: {}
[88.359146] (-) TimerEvent: {}
[88.459345] (-) TimerEvent: {}
[88.559589] (-) TimerEvent: {}
[88.659822] (-) TimerEvent: {}
[88.760055] (-) TimerEvent: {}
[88.860277] (-) TimerEvent: {}
[88.960705] (-) TimerEvent: {}
[89.061060] (-) TimerEvent: {}
[89.161364] (-) TimerEvent: {}
[89.261603] (-) TimerEvent: {}
[89.361875] (-) TimerEvent: {}
[89.462100] (-) TimerEvent: {}
[89.543893] (mission_layer_mvibot) StderrLine: {'line': b'\x1b[01m\x1b[K/home/mvibot/floorCleaningRobot_ws/src/mission_layer_mvibot/src/../include/mission_layer_mvibot/mvibot_mission/manage_mission.h:\x1b[m\x1b[K In member function \xe2\x80\x98\x1b[01m\x1b[Kint manage_mission::\x1b[01;32m\x1b[Kexecute_content\x1b[m\x1b[K(mission&, std::vector<std::__cxx11::basic_string<char>, std::allocator<std::__cxx11::basic_string<char> > >&, std::string&, int&)\x1b[m\x1b[K\xe2\x80\x99:\n'}
[89.544150] (mission_layer_mvibot) StderrLine: {'line': b'\x1b[01m\x1b[K/home/mvibot/floorCleaningRobot_ws/src/mission_layer_mvibot/src/../include/mission_layer_mvibot/mvibot_mission/manage_mission.h:1062:9:\x1b[m\x1b[K \x1b[01;35m\x1b[Kwarning: \x1b[m\x1b[K\xe2\x80\x98\x1b[01m\x1b[Kres\x1b[m\x1b[K\xe2\x80\x99 may be used uninitialized [\x1b[01;35m\x1b[K\x1b]8;;https://gcc.gnu.org/onlinedocs/gcc/Warning-Options.html#index-Wmaybe-uninitialized\x07-Wmaybe-uninitialized\x1b]8;;\x07\x1b[m\x1b[K]\n'}
[89.544295] (mission_layer_mvibot) StderrLine: {'line': b' 1062 |         \x1b[01;35m\x1b[Kif\x1b[m\x1b[K(res == Finish_) queue_content.erase(queue_content.begin());\n'}
[89.544404] (mission_layer_mvibot) StderrLine: {'line': b'      |         \x1b[01;35m\x1b[K^~\x1b[m\x1b[K\n'}
[89.544512] (mission_layer_mvibot) StderrLine: {'line': b'\x1b[01m\x1b[K/home/mvibot/floorCleaningRobot_ws/src/mission_layer_mvibot/src/../include/mission_layer_mvibot/mvibot_mission/manage_mission.h:1048:13:\x1b[m\x1b[K \x1b[01;36m\x1b[Knote: \x1b[m\x1b[K\xe2\x80\x98\x1b[01m\x1b[Kres\x1b[m\x1b[K\xe2\x80\x99 was declared here\n'}
[89.544649] (mission_layer_mvibot) StderrLine: {'line': b' 1048 |         int \x1b[01;36m\x1b[Kres\x1b[m\x1b[K;\n'}
[89.544736] (mission_layer_mvibot) StderrLine: {'line': b'      |             \x1b[01;36m\x1b[K^~~\x1b[m\x1b[K\n'}
[89.562193] (-) TimerEvent: {}
[89.662431] (-) TimerEvent: {}
[89.762668] (-) TimerEvent: {}
[89.863096] (-) TimerEvent: {}
[89.963616] (-) TimerEvent: {}
[90.063879] (-) TimerEvent: {}
[90.164099] (-) TimerEvent: {}
[90.264342] (-) TimerEvent: {}
[90.364601] (-) TimerEvent: {}
[90.465556] (-) TimerEvent: {}
[90.565800] (-) TimerEvent: {}
[90.666040] (-) TimerEvent: {}
[90.766309] (-) TimerEvent: {}
[90.866604] (-) TimerEvent: {}
[90.967148] (-) TimerEvent: {}
[91.067404] (-) TimerEvent: {}
[91.167596] (-) TimerEvent: {}
[91.267841] (-) TimerEvent: {}
[91.368084] (-) TimerEvent: {}
[91.468388] (-) TimerEvent: {}
[91.568705] (-) TimerEvent: {}
[91.669215] (-) TimerEvent: {}
[91.769598] (-) TimerEvent: {}
[91.869863] (-) TimerEvent: {}
[91.970526] (-) TimerEvent: {}
[92.070801] (-) TimerEvent: {}
[92.171075] (-) TimerEvent: {}
[92.271289] (-) TimerEvent: {}
[92.371492] (-) TimerEvent: {}
[92.471725] (-) TimerEvent: {}
[92.571948] (-) TimerEvent: {}
[92.672182] (-) TimerEvent: {}
[92.772400] (-) TimerEvent: {}
[92.872688] (-) TimerEvent: {}
[92.972954] (-) TimerEvent: {}
[93.073184] (-) TimerEvent: {}
[93.173403] (-) TimerEvent: {}
[93.273652] (-) TimerEvent: {}
[93.373873] (-) TimerEvent: {}
[93.474113] (-) TimerEvent: {}
[93.574359] (-) TimerEvent: {}
[93.674712] (-) TimerEvent: {}
[93.774962] (-) TimerEvent: {}
[93.875207] (-) TimerEvent: {}
[93.975442] (-) TimerEvent: {}
[94.075664] (-) TimerEvent: {}
[94.175923] (-) TimerEvent: {}
[94.276176] (-) TimerEvent: {}
[94.377226] (-) TimerEvent: {}
[94.477483] (-) TimerEvent: {}
[94.577741] (-) TimerEvent: {}
[94.678125] (-) TimerEvent: {}
[94.778506] (-) TimerEvent: {}
[94.878905] (-) TimerEvent: {}
[94.979220] (-) TimerEvent: {}
[95.079570] (-) TimerEvent: {}
[95.179800] (-) TimerEvent: {}
[95.280047] (-) TimerEvent: {}
[95.380284] (-) TimerEvent: {}
[95.480660] (-) TimerEvent: {}
[95.581055] (-) TimerEvent: {}
[95.681437] (-) TimerEvent: {}
[95.781777] (-) TimerEvent: {}
[95.881986] (-) TimerEvent: {}
[95.982243] (-) TimerEvent: {}
[96.082496] (-) TimerEvent: {}
[96.182788] (-) TimerEvent: {}
[96.283030] (-) TimerEvent: {}
[96.383246] (-) TimerEvent: {}
[96.483453] (-) TimerEvent: {}
[96.583717] (-) TimerEvent: {}
[96.683958] (-) TimerEvent: {}
[96.784137] (-) TimerEvent: {}
[96.884357] (-) TimerEvent: {}
[96.984589] (-) TimerEvent: {}
[97.084835] (-) TimerEvent: {}
[97.185069] (-) TimerEvent: {}
[97.285296] (-) TimerEvent: {}
[97.385509] (-) TimerEvent: {}
[97.485732] (-) TimerEvent: {}
[97.585964] (-) TimerEvent: {}
[97.686164] (-) TimerEvent: {}
[97.786418] (-) TimerEvent: {}
[97.886698] (-) TimerEvent: {}
[97.986996] (-) TimerEvent: {}
[98.087244] (-) TimerEvent: {}
[98.187510] (-) TimerEvent: {}
[98.287850] (-) TimerEvent: {}
[98.388148] (-) TimerEvent: {}
[98.488385] (-) TimerEvent: {}
[98.588665] (-) TimerEvent: {}
[98.689009] (-) TimerEvent: {}
[98.789561] (-) TimerEvent: {}
[98.889845] (-) TimerEvent: {}
[98.990152] (-) TimerEvent: {}
[99.090630] (-) TimerEvent: {}
[99.190886] (-) TimerEvent: {}
[99.291169] (-) TimerEvent: {}
[99.391433] (-) TimerEvent: {}
[99.491683] (-) TimerEvent: {}
[99.591878] (-) TimerEvent: {}
[99.692063] (-) TimerEvent: {}
[99.792247] (-) TimerEvent: {}
[99.892477] (-) TimerEvent: {}
[99.992709] (-) TimerEvent: {}
[100.092937] (-) TimerEvent: {}
[100.193124] (-) TimerEvent: {}
[100.293346] (-) TimerEvent: {}
[100.393580] (-) TimerEvent: {}
[100.493835] (-) TimerEvent: {}
[100.594179] (-) TimerEvent: {}
[100.694558] (-) TimerEvent: {}
[100.794842] (-) TimerEvent: {}
[100.895944] (-) TimerEvent: {}
[100.996318] (-) TimerEvent: {}
[101.096877] (-) TimerEvent: {}
[101.197157] (-) TimerEvent: {}
[101.297423] (-) TimerEvent: {}
[101.397646] (-) TimerEvent: {}
[101.497890] (-) TimerEvent: {}
[101.598158] (-) TimerEvent: {}
[101.698402] (-) TimerEvent: {}
[101.798650] (-) TimerEvent: {}
[101.898889] (-) TimerEvent: {}
[101.999145] (-) TimerEvent: {}
[102.099372] (-) TimerEvent: {}
[102.199599] (-) TimerEvent: {}
[102.299823] (-) TimerEvent: {}
[102.400086] (-) TimerEvent: {}
[102.500303] (-) TimerEvent: {}
[102.600531] (-) TimerEvent: {}
[102.700749] (-) TimerEvent: {}
[102.800967] (-) TimerEvent: {}
[102.901212] (-) TimerEvent: {}
[103.001468] (-) TimerEvent: {}
[103.101734] (-) TimerEvent: {}
[103.201923] (-) TimerEvent: {}
[103.302170] (-) TimerEvent: {}
[103.402405] (-) TimerEvent: {}
[103.502658] (-) TimerEvent: {}
[103.602863] (-) TimerEvent: {}
[103.703092] (-) TimerEvent: {}
[103.803367] (-) TimerEvent: {}
[103.903585] (-) TimerEvent: {}
[104.003818] (-) TimerEvent: {}
[104.104129] (-) TimerEvent: {}
[104.204435] (-) TimerEvent: {}
[104.304768] (-) TimerEvent: {}
[104.405095] (-) TimerEvent: {}
[104.505383] (-) TimerEvent: {}
[104.606316] (-) TimerEvent: {}
[104.706588] (-) TimerEvent: {}
[104.806798] (-) TimerEvent: {}
[104.907014] (-) TimerEvent: {}
[105.007256] (-) TimerEvent: {}
[105.107487] (-) TimerEvent: {}
[105.207733] (-) TimerEvent: {}
[105.308000] (-) TimerEvent: {}
[105.408290] (-) TimerEvent: {}
[105.508578] (-) TimerEvent: {}
[105.608799] (-) TimerEvent: {}
[105.709023] (-) TimerEvent: {}
[105.809273] (-) TimerEvent: {}
[105.909516] (-) TimerEvent: {}
[106.009765] (-) TimerEvent: {}
[106.109977] (-) TimerEvent: {}
[106.210203] (-) TimerEvent: {}
[106.310446] (-) TimerEvent: {}
[106.410707] (-) TimerEvent: {}
[106.510988] (-) TimerEvent: {}
[106.611264] (-) TimerEvent: {}
[106.711507] (-) TimerEvent: {}
[106.811777] (-) TimerEvent: {}
[106.912142] (-) TimerEvent: {}
[107.012434] (-) TimerEvent: {}
[107.112743] (-) TimerEvent: {}
[107.212999] (-) TimerEvent: {}
[107.313268] (-) TimerEvent: {}
[107.413517] (-) TimerEvent: {}
[107.513791] (-) TimerEvent: {}
[107.592796] (mission_layer_mvibot) StdoutLine: {'line': b'[100%] \x1b[32m\x1b[1mLinking CXX executable mvibot_mission\x1b[0m\n'}
[107.613912] (-) TimerEvent: {}
[107.714233] (-) TimerEvent: {}
[107.814521] (-) TimerEvent: {}
[107.914844] (-) TimerEvent: {}
[108.015091] (-) TimerEvent: {}
[108.115439] (-) TimerEvent: {}
[108.215922] (-) TimerEvent: {}
[108.316219] (-) TimerEvent: {}
[108.416679] (-) TimerEvent: {}
[108.517279] (-) TimerEvent: {}
[108.567857] (mission_layer_mvibot) StdoutLine: {'line': b'[100%] Built target mvibot_mission\n'}
[108.585533] (mission_layer_mvibot) CommandEnded: {'returncode': 0}
[108.587346] (mission_layer_mvibot) JobProgress: {'identifier': 'mission_layer_mvibot', 'progress': 'install'}
[108.600361] (mission_layer_mvibot) Command: {'cmd': ['/usr/bin/cmake', '--install', '/home/mvibot/floorCleaningRobot_ws/build/mission_layer_mvibot'], 'cwd': '/home/mvibot/floorCleaningRobot_ws/build/mission_layer_mvibot', 'env': OrderedDict({'LESSOPEN': '| /usr/bin/lesspipe %s', 'USER': 'mvibot', 'SSH_CLIENT': '10.0.60.48 40340 22', 'GZ_CONFIG_PATH': '/opt/ros/jazzy/opt/gz_sim_vendor/share/gz:/opt/ros/jazzy/opt/sdformat_vendor/share/gz:/opt/ros/jazzy/opt/gz_gui_vendor/share/gz:/opt/ros/jazzy/opt/gz_transport_vendor/share/gz:/opt/ros/jazzy/opt/gz_rendering_vendor/share/gz:/opt/ros/jazzy/opt/gz_plugin_vendor/share/gz:/opt/ros/jazzy/opt/gz_fuel_tools_vendor/share/gz:/opt/ros/jazzy/opt/gz_msgs_vendor/share/gz:/opt/ros/jazzy/opt/gz_common_vendor/share/gz', 'XDG_SESSION_TYPE': 'tty', 'SHLVL': '1', 'LD_LIBRARY_PATH': '/home/mvibot/floorCleaningRobot_ws/install/opennav_coverage_msgs/lib:/home/mvibot/floorCleaningRobot_ws/install/tf2_web_republisher/lib:/home/mvibot/floorCleaningRobot_ws/install/tf2_web_republisher_interfaces/lib:/home/mvibot/floorCleaningRobot_ws/install/realsense2_camera/lib:/home/mvibot/floorCleaningRobot_ws/install/realsense2_camera_msgs/lib:/home/mvibot/floorCleaningRobot_ws/install/pointcloud_to_laserscan/lib:/home/mvibot/floorCleaningRobot_ws/install/opennav_row_coverage/lib:/home/mvibot/floorCleaningRobot_ws/install/opennav_coverage_navigator/lib:/home/mvibot/floorCleaningRobot_ws/install/opennav_coverage_bt/lib:/home/mvibot/floorCleaningRobot_ws/install/opennav_coverage/lib:/home/mvibot/floorCleaningRobot_ws/install/fields2cover/lib:/opt/ros/jazzy/opt/gz_sim_vendor/lib:/opt/ros/jazzy/opt/gz_sensors_vendor/lib:/opt/ros/jazzy/opt/gz_physics_vendor/lib:/opt/ros/jazzy/opt/sdformat_vendor/lib:/opt/ros/jazzy/opt/rviz_ogre_vendor/lib:/opt/ros/jazzy/lib/x86_64-linux-gnu:/opt/ros/jazzy/opt/gz_gui_vendor/lib:/opt/ros/jazzy/opt/gz_transport_vendor/lib:/opt/ros/jazzy/opt/gz_rendering_vendor/lib:/opt/ros/jazzy/opt/gz_plugin_vendor/lib:/opt/ros/jazzy/opt/gz_fuel_tools_vendor/lib:/opt/ros/jazzy/opt/gz_msgs_vendor/lib:/opt/ros/jazzy/opt/gz_common_vendor/lib:/opt/ros/jazzy/opt/gz_math_vendor/lib:/opt/ros/jazzy/opt/gz_utils_vendor/lib:/opt/ros/jazzy/opt/gz_tools_vendor/lib:/opt/ros/jazzy/opt/gz_ogre_next_vendor/lib:/opt/ros/jazzy/opt/gz_dartsim_vendor/lib:/opt/ros/jazzy/opt/gz_cmake_vendor/lib:/opt/ros/jazzy/lib', 'HOME': '/home/mvibot', 'OLDPWD': '/home/mvibot', 'NVM_BIN': '/home/mvibot/.nvm/versions/node/v24.12.0/bin', 'SSH_TTY': '/dev/pts/2', 'NVM_INC': '/home/mvibot/.nvm/versions/node/v24.12.0/include/node', 'ROS_PYTHON_VERSION': '3', 'DBUS_SESSION_BUS_ADDRESS': 'unix:path=/run/user/1000/bus', 'NVM_DIR': '/home/mvibot/.nvm', 'DEBUGINFOD_URLS': 'https://debuginfod.ubuntu.com', 'COLCON_PREFIX_PATH': '/home/mvibot/floorCleaningRobot_ws/install', 'ROS_DISTRO': 'jazzy', 'LOGNAME': 'mvibot', '_': '/usr/bin/colcon', 'ROS_VERSION': '2', 'PKG_CONFIG_PATH': '/home/mvibot/floorCleaningRobot_ws/install/fields2cover/lib/x86_64-linux-gnu/pkgconfig:/home/mvibot/floorCleaningRobot_ws/install/fields2cover/lib/pkgconfig', 'XDG_SESSION_CLASS': 'user', 'TERM': 'xterm-256color', 'XDG_SESSION_ID': '10', 'PATH': '/home/mvibot/.nvm/versions/node/v24.12.0/bin:/opt/ros/jazzy/opt/gz_msgs_vendor/bin:/opt/ros/jazzy/opt/gz_tools_vendor/bin:/opt/ros/jazzy/opt/gz_ogre_next_vendor/bin:/opt/ros/jazzy/bin:/usr/local/sbin:/usr/local/bin:/usr/sbin:/usr/bin:/sbin:/bin:/usr/games:/usr/local/games:/snap/bin', 'XDG_RUNTIME_DIR': '/run/user/1000', 'LANG': 'en_US.UTF-8', 'RMW_IMPLEMENTATION': 'rmw_fastrtps_cpp', 'LS_COLORS': 'rs=0:di=01;34:ln=01;36:mh=00:pi=40;33:so=01;35:do=01;35:bd=40;33;01:cd=40;33;01:or=40;31;01:mi=00:su=37;41:sg=30;43:ca=00:tw=30;42:ow=34;42:st=37;44:ex=01;32:*.tar=01;31:*.tgz=01;31:*.arc=01;31:*.arj=01;31:*.taz=01;31:*.lha=01;31:*.lz4=01;31:*.lzh=01;31:*.lzma=01;31:*.tlz=01;31:*.txz=01;31:*.tzo=01;31:*.t7z=01;31:*.zip=01;31:*.z=01;31:*.dz=01;31:*.gz=01;31:*.lrz=01;31:*.lz=01;31:*.lzo=01;31:*.xz=01;31:*.zst=01;31:*.tzst=01;31:*.bz2=01;31:*.bz=01;31:*.tbz=01;31:*.tbz2=01;31:*.tz=01;31:*.deb=01;31:*.rpm=01;31:*.jar=01;31:*.war=01;31:*.ear=01;31:*.sar=01;31:*.rar=01;31:*.alz=01;31:*.ace=01;31:*.zoo=01;31:*.cpio=01;31:*.7z=01;31:*.rz=01;31:*.cab=01;31:*.wim=01;31:*.swm=01;31:*.dwm=01;31:*.esd=01;31:*.avif=01;35:*.jpg=01;35:*.jpeg=01;35:*.mjpg=01;35:*.mjpeg=01;35:*.gif=01;35:*.bmp=01;35:*.pbm=01;35:*.pgm=01;35:*.ppm=01;35:*.tga=01;35:*.xbm=01;35:*.xpm=01;35:*.tif=01;35:*.tiff=01;35:*.png=01;35:*.svg=01;35:*.svgz=01;35:*.mng=01;35:*.pcx=01;35:*.mov=01;35:*.mpg=01;35:*.mpeg=01;35:*.m2v=01;35:*.mkv=01;35:*.webm=01;35:*.webp=01;35:*.ogm=01;35:*.mp4=01;35:*.m4v=01;35:*.mp4v=01;35:*.vob=01;35:*.qt=01;35:*.nuv=01;35:*.wmv=01;35:*.asf=01;35:*.rm=01;35:*.rmvb=01;35:*.flc=01;35:*.avi=01;35:*.fli=01;35:*.flv=01;35:*.gl=01;35:*.dl=01;35:*.xcf=01;35:*.xwd=01;35:*.yuv=01;35:*.cgm=01;35:*.emf=01;35:*.ogv=01;35:*.ogx=01;35:*.aac=00;36:*.au=00;36:*.flac=00;36:*.m4a=00;36:*.mid=00;36:*.midi=00;36:*.mka=00;36:*.mp3=00;36:*.mpc=00;36:*.ogg=00;36:*.ra=00;36:*.wav=00;36:*.oga=00;36:*.opus=00;36:*.spx=00;36:*.xspf=00;36:*~=00;90:*#=00;90:*.bak=00;90:*.crdownload=00;90:*.dpkg-dist=00;90:*.dpkg-new=00;90:*.dpkg-old=00;90:*.dpkg-tmp=00;90:*.old=00;90:*.orig=00;90:*.part=00;90:*.rej=00;90:*.rpmnew=00;90:*.rpmorig=00;90:*.rpmsave=00;90:*.swp=00;90:*.tmp=00;90:*.ucf-dist=00;90:*.ucf-new=00;90:*.ucf-old=00;90:', 'ROS_DOMAIN_ID': '10', 'AMENT_PREFIX_PATH': '/home/mvibot/floorCleaningRobot_ws/install/tf2_web_republisher:/home/mvibot/floorCleaningRobot_ws/install/tf2_web_republisher_interfaces:/home/mvibot/floorCleaningRobot_ws/install/sllidar_ros2:/home/mvibot/floorCleaningRobot_ws/install/realsense2_description:/home/mvibot/floorCleaningRobot_ws/install/realsense2_camera:/home/mvibot/floorCleaningRobot_ws/install/realsense2_camera_msgs:/home/mvibot/floorCleaningRobot_ws/install/pointcloud_to_laserscan:/home/mvibot/floorCleaningRobot_ws/install/opennav_coverage_demo:/home/mvibot/floorCleaningRobot_ws/install/opennav_row_coverage:/home/mvibot/floorCleaningRobot_ws/install/opennav_coverage_navigator:/home/mvibot/floorCleaningRobot_ws/install/opennav_coverage_bt:/home/mvibot/floorCleaningRobot_ws/install/opennav_coverage:/home/mvibot/floorCleaningRobot_ws/install/mission_layer_mvibot:/home/mvibot/floorCleaningRobot_ws/install/opennav_coverage_msgs:/home/mvibot/floorCleaningRobot_ws/install/lower_layer_mvibot:/home/mvibot/floorCleaningRobot_ws/install/ira_laser_tools:/home/mvibot/floorCleaningRobot_ws/install/higher_layer_mvibot:/opt/ros/jazzy', 'SHELL': '/bin/bash', 'LESSCLOSE': '/usr/bin/lesspipe %s %s', 'ROS_AUTOMATIC_DISCOVERY_RANGE': 'SUBNET', 'PWD': '/home/mvibot/floorCleaningRobot_ws/build/mission_layer_mvibot', 'LC_ALL': 'en_US.UTF-8', 'SSH_CONNECTION': '10.0.60.48 40340 10.0.70.69 22', 'NVM_CD_FLAGS': '', 'XDG_DATA_DIRS': '/usr/share/gnome:/usr/local/share:/usr/share:/var/lib/snapd/desktop', 'PYTHONPATH': '/home/mvibot/floorCleaningRobot_ws/install/opennav_coverage_msgs/lib/python3.12/site-packages:/home/mvibot/floorCleaningRobot_ws/install/tf2_web_republisher_interfaces/lib/python3.12/site-packages:/home/mvibot/floorCleaningRobot_ws/install/realsense2_camera_msgs/lib/python3.12/site-packages:/home/mvibot/floorCleaningRobot_ws/build/opennav_coverage_demo:/home/mvibot/floorCleaningRobot_ws/install/opennav_coverage_demo/lib/python3.12/site-packages:/opt/ros/jazzy/lib/python3.12/site-packages', 'COLCON': '1', 'CMAKE_PREFIX_PATH': '/home/mvibot/floorCleaningRobot_ws/install/opennav_coverage_msgs:/home/mvibot/floorCleaningRobot_ws/install/tf2_web_republisher:/home/mvibot/floorCleaningRobot_ws/install/tf2_web_republisher_interfaces:/home/mvibot/floorCleaningRobot_ws/install/sllidar_ros2:/home/mvibot/floorCleaningRobot_ws/install/realsense2_description:/home/mvibot/floorCleaningRobot_ws/install/realsense2_camera:/home/mvibot/floorCleaningRobot_ws/install/realsense2_camera_msgs:/home/mvibot/floorCleaningRobot_ws/install/pointcloud_to_laserscan:/home/mvibot/floorCleaningRobot_ws/install/opennav_row_coverage:/home/mvibot/floorCleaningRobot_ws/install/opennav_coverage_navigator:/home/mvibot/floorCleaningRobot_ws/install/opennav_coverage_bt:/home/mvibot/floorCleaningRobot_ws/install/opennav_coverage:/home/mvibot/floorCleaningRobot_ws/install/mission_layer_mvibot:/home/mvibot/floorCleaningRobot_ws/install/lower_layer_mvibot:/home/mvibot/floorCleaningRobot_ws/install/ira_laser_tools:/home/mvibot/floorCleaningRobot_ws/install/higher_layer_mvibot:/home/mvibot/floorCleaningRobot_ws/install/fields2cover:/opt/ros/jazzy/opt/gz_sim_vendor:/opt/ros/jazzy/opt/gz_sensors_vendor:/opt/ros/jazzy/opt/gz_physics_vendor:/opt/ros/jazzy/opt/sdformat_vendor:/opt/ros/jazzy/opt/gz_gui_vendor:/opt/ros/jazzy/opt/gz_transport_vendor:/opt/ros/jazzy/opt/gz_rendering_vendor:/opt/ros/jazzy/opt/gz_plugin_vendor:/opt/ros/jazzy/opt/gz_fuel_tools_vendor:/opt/ros/jazzy/opt/gz_msgs_vendor:/opt/ros/jazzy/opt/gz_common_vendor:/opt/ros/jazzy/opt/gz_math_vendor:/opt/ros/jazzy/opt/gz_utils_vendor:/opt/ros/jazzy/opt/gz_tools_vendor:/opt/ros/jazzy/opt/gz_ogre_next_vendor:/opt/ros/jazzy/opt/gz_dartsim_vendor:/opt/ros/jazzy/opt/gz_cmake_vendor:/home/mvibot/floorCleaningRobot_ws/install/opennav_coverage_demo:/opt/ros/jazzy'}), 'shell': False}
[108.611485] (mission_layer_mvibot) StdoutLine: {'line': b'-- Install configuration: "Release"\n'}
[108.612800] (mission_layer_mvibot) StdoutLine: {'line': b'-- Execute custom install script\n'}
[108.614294] (mission_layer_mvibot) StdoutLine: {'line': b'-- Up-to-date symlink: /home/mvibot/floorCleaningRobot_ws/install/mission_layer_mvibot/share/mission_layer_mvibot//launch/mvibot_amcl_launch.py\n'}
[108.614406] (mission_layer_mvibot) StdoutLine: {'line': b'-- Up-to-date symlink: /home/mvibot/floorCleaningRobot_ws/install/mission_layer_mvibot/share/mission_layer_mvibot//launch/mvibot_behavior_launch.py\n'}
[108.614496] (mission_layer_mvibot) StdoutLine: {'line': b'-- Up-to-date symlink: /home/mvibot/floorCleaningRobot_ws/install/mission_layer_mvibot/share/mission_layer_mvibot//launch/mvibot_bt_navigator_launch.py\n'}
[108.614939] (mission_layer_mvibot) StdoutLine: {'line': b'-- Up-to-date symlink: /home/mvibot/floorCleaningRobot_ws/install/mission_layer_mvibot/share/mission_layer_mvibot//launch/mvibot_collision_monitor_launch.py\n'}
[108.615078] (mission_layer_mvibot) StdoutLine: {'line': b'-- Up-to-date symlink: /home/mvibot/floorCleaningRobot_ws/install/mission_layer_mvibot/share/mission_layer_mvibot//launch/mvibot_controller_launch.py\n'}
[108.615228] (mission_layer_mvibot) StdoutLine: {'line': b'-- Up-to-date symlink: /home/mvibot/floorCleaningRobot_ws/install/mission_layer_mvibot/share/mission_layer_mvibot//launch/mvibot_lifecycle_manager_navigation_launch.py\n'}
[108.615470] (mission_layer_mvibot) StdoutLine: {'line': b'-- Up-to-date symlink: /home/mvibot/floorCleaningRobot_ws/install/mission_layer_mvibot/share/mission_layer_mvibot//launch/mvibot_manage_mission_launch.py\n'}
[108.615610] (mission_layer_mvibot) StdoutLine: {'line': b'-- Up-to-date symlink: /home/mvibot/floorCleaningRobot_ws/install/mission_layer_mvibot/share/mission_layer_mvibot//launch/mvibot_mission_launch.py\n'}
[108.615913] (mission_layer_mvibot) StdoutLine: {'line': b'-- Up-to-date symlink: /home/mvibot/floorCleaningRobot_ws/install/mission_layer_mvibot/share/mission_layer_mvibot//launch/mvibot_navigation_launch.py\n'}
[108.616052] (mission_layer_mvibot) StdoutLine: {'line': b'-- Up-to-date symlink: /home/mvibot/floorCleaningRobot_ws/install/mission_layer_mvibot/share/mission_layer_mvibot//launch/mvibot_opennav_coverage_launch.py\n'}
[108.616220] (mission_layer_mvibot) StdoutLine: {'line': b'-- Up-to-date symlink: /home/mvibot/floorCleaningRobot_ws/install/mission_layer_mvibot/share/mission_layer_mvibot//launch/mvibot_planner_launch.py\n'}
[108.616394] (mission_layer_mvibot) StdoutLine: {'line': b'-- Up-to-date symlink: /home/mvibot/floorCleaningRobot_ws/install/mission_layer_mvibot/share/mission_layer_mvibot//launch/mvibot_smoother_launch.py\n'}
[108.616757] (mission_layer_mvibot) StdoutLine: {'line': b'-- Up-to-date symlink: /home/mvibot/floorCleaningRobot_ws/install/mission_layer_mvibot/share/mission_layer_mvibot//launch/mvibot_velocity_smoother_launch.py\n'}
[108.617221] (mission_layer_mvibot) StdoutLine: {'line': b'-- Up-to-date symlink: /home/mvibot/floorCleaningRobot_ws/install/mission_layer_mvibot/share/mission_layer_mvibot//launch/mvibot_waypoint_follower_launch.py\n'}
[108.617422] (-) TimerEvent: {}
[108.618826] (mission_layer_mvibot) StdoutLine: {'line': b'-- Up-to-date symlink: /home/mvibot/floorCleaningRobot_ws/install/mission_layer_mvibot/lib/mission_layer_mvibot/mvibot_mission\n'}
[108.619363] (mission_layer_mvibot) StdoutLine: {'line': b'-- Up-to-date symlink: /home/mvibot/floorCleaningRobot_ws/install/mission_layer_mvibot/share/ament_index/resource_index/package_run_dependencies/mission_layer_mvibot\n'}
[108.620063] (mission_layer_mvibot) StdoutLine: {'line': b'-- Up-to-date symlink: /home/mvibot/floorCleaningRobot_ws/install/mission_layer_mvibot/share/ament_index/resource_index/parent_prefix_path/mission_layer_mvibot\n'}
[108.620491] (mission_layer_mvibot) StdoutLine: {'line': b'-- Up-to-date symlink: /home/mvibot/floorCleaningRobot_ws/install/mission_layer_mvibot/share/mission_layer_mvibot/environment/ament_prefix_path.sh\n'}
[108.620879] (mission_layer_mvibot) StdoutLine: {'line': b'-- Up-to-date symlink: /home/mvibot/floorCleaningRobot_ws/install/mission_layer_mvibot/share/mission_layer_mvibot/environment/ament_prefix_path.dsv\n'}
[108.621258] (mission_layer_mvibot) StdoutLine: {'line': b'-- Up-to-date symlink: /home/mvibot/floorCleaningRobot_ws/install/mission_layer_mvibot/share/mission_layer_mvibot/environment/path.sh\n'}
[108.621746] (mission_layer_mvibot) StdoutLine: {'line': b'-- Up-to-date symlink: /home/mvibot/floorCleaningRobot_ws/install/mission_layer_mvibot/share/mission_layer_mvibot/environment/path.dsv\n'}
[108.622186] (mission_layer_mvibot) StdoutLine: {'line': b'-- Up-to-date symlink: /home/mvibot/floorCleaningRobot_ws/install/mission_layer_mvibot/share/mission_layer_mvibot/local_setup.bash\n'}
[108.622659] (mission_layer_mvibot) StdoutLine: {'line': b'-- Up-to-date symlink: /home/mvibot/floorCleaningRobot_ws/install/mission_layer_mvibot/share/mission_layer_mvibot/local_setup.sh\n'}
[108.623100] (mission_layer_mvibot) StdoutLine: {'line': b'-- Up-to-date symlink: /home/mvibot/floorCleaningRobot_ws/install/mission_layer_mvibot/share/mission_layer_mvibot/local_setup.zsh\n'}
[108.623602] (mission_layer_mvibot) StdoutLine: {'line': b'-- Up-to-date symlink: /home/mvibot/floorCleaningRobot_ws/install/mission_layer_mvibot/share/mission_layer_mvibot/local_setup.dsv\n'}
[108.623770] (mission_layer_mvibot) StdoutLine: {'line': b'-- Symlinking: /home/mvibot/floorCleaningRobot_ws/install/mission_layer_mvibot/share/mission_layer_mvibot/package.dsv\n'}
[108.637382] (mission_layer_mvibot) StdoutLine: {'line': b'-- Up-to-date symlink: /home/mvibot/floorCleaningRobot_ws/install/mission_layer_mvibot/share/ament_index/resource_index/packages/mission_layer_mvibot\n'}
[108.638068] (mission_layer_mvibot) StdoutLine: {'line': b'-- Up-to-date symlink: /home/mvibot/floorCleaningRobot_ws/install/mission_layer_mvibot/share/mission_layer_mvibot/cmake/mission_layer_mvibotConfig.cmake\n'}
[108.638439] (mission_layer_mvibot) StdoutLine: {'line': b'-- Up-to-date symlink: /home/mvibot/floorCleaningRobot_ws/install/mission_layer_mvibot/share/mission_layer_mvibot/cmake/mission_layer_mvibotConfig-version.cmake\n'}
[108.638906] (mission_layer_mvibot) StdoutLine: {'line': b'-- Up-to-date symlink: /home/mvibot/floorCleaningRobot_ws/install/mission_layer_mvibot/share/mission_layer_mvibot/package.xml\n'}
[108.640848] (mission_layer_mvibot) CommandEnded: {'returncode': 0}
[108.677955] (mission_layer_mvibot) JobEnded: {'identifier': 'mission_layer_mvibot', 'rc': 0}
[108.680282] (-) EventReactorShutdown: {}
