[0.000000] (-) TimerEvent: {}
[0.000348] (-) JobUnselected: {'identifier': 'fields2cover'}
[0.000394] (-) JobUnselected: {'identifier': 'higher_layer_mvibot'}
[0.000419] (-) JobUnselected: {'identifier': 'ira_laser_tools'}
[0.000445] (-) JobUnselected: {'identifier': 'lower_layer_mvibot'}
[0.000470] (-) JobUnselected: {'identifier': 'opennav_coverage'}
[0.000492] (-) JobUnselected: {'identifier': 'opennav_coverage_bt'}
[0.000521] (-) JobUnselected: {'identifier': 'opennav_coverage_demo'}
[0.000545] (-) JobUnselected: {'identifier': 'opennav_coverage_msgs'}
[0.000561] (-) JobUnselected: {'identifier': 'opennav_coverage_navigator'}
[0.000578] (-) JobUnselected: {'identifier': 'opennav_row_coverage'}
[0.000593] (-) JobUnselected: {'identifier': 'pointcloud_to_laserscan'}
[0.000608] (-) JobUnselected: {'identifier': 'realsense2_camera'}
[0.000621] (-) JobUnselected: {'identifier': 'realsense2_camera_msgs'}
[0.000635] (-) JobUnselected: {'identifier': 'realsense2_description'}
[0.000654] (-) JobUnselected: {'identifier': 'sllidar_ros2'}
[0.000676] (-) JobUnselected: {'identifier': 'tf2_web_republisher'}
[0.000695] (-) JobUnselected: {'identifier': 'tf2_web_republisher_interfaces'}
[0.000730] (mission_layer_mvibot) JobQueued: {'identifier': 'mission_layer_mvibot', 'dependencies': OrderedDict({'opennav_coverage_msgs': '/home/mvibot/floorCleaningRobot_ws/install/opennav_coverage_msgs'})}
[0.001157] (mission_layer_mvibot) JobStarted: {'identifier': 'mission_layer_mvibot'}
[0.033034] (mission_layer_mvibot) JobProgress: {'identifier': 'mission_layer_mvibot', 'progress': 'cmake'}
[0.037443] (mission_layer_mvibot) JobProgress: {'identifier': 'mission_layer_mvibot', 'progress': 'build'}
[0.037525] (mission_layer_mvibot) Command: {'cmd': ['/usr/bin/cmake', '--build', '/home/mvibot/floorCleaningRobot_ws/build/mission_layer_mvibot', '--', '-j8', '-l8'], 'cwd': '/home/mvibot/floorCleaningRobot_ws/build/mission_layer_mvibot', 'env': OrderedDict({'LESSOPEN': '| /usr/bin/lesspipe %s', 'USER': 'mvibot', 'SSH_CLIENT': '10.0.60.48 53064 22', 'GZ_CONFIG_PATH': '/opt/ros/jazzy/opt/gz_sim_vendor/share/gz:/opt/ros/jazzy/opt/sdformat_vendor/share/gz:/opt/ros/jazzy/opt/gz_gui_vendor/share/gz:/opt/ros/jazzy/opt/gz_transport_vendor/share/gz:/opt/ros/jazzy/opt/gz_rendering_vendor/share/gz:/opt/ros/jazzy/opt/gz_plugin_vendor/share/gz:/opt/ros/jazzy/opt/gz_fuel_tools_vendor/share/gz:/opt/ros/jazzy/opt/gz_msgs_vendor/share/gz:/opt/ros/jazzy/opt/gz_common_vendor/share/gz', 'XDG_SESSION_TYPE': 'tty', 'SHLVL': '1', 'LD_LIBRARY_PATH': '/home/mvibot/floorCleaningRobot_ws/install/opennav_coverage_msgs/lib:/home/mvibot/floorCleaningRobot_ws/install/tf2_web_republisher/lib:/home/mvibot/floorCleaningRobot_ws/install/tf2_web_republisher_interfaces/lib:/home/mvibot/floorCleaningRobot_ws/install/realsense2_camera/lib:/home/mvibot/floorCleaningRobot_ws/install/realsense2_camera_msgs/lib:/home/mvibot/floorCleaningRobot_ws/install/pointcloud_to_laserscan/lib:/home/mvibot/floorCleaningRobot_ws/install/opennav_row_coverage/lib:/home/mvibot/floorCleaningRobot_ws/install/opennav_coverage_navigator/lib:/home/mvibot/floorCleaningRobot_ws/install/opennav_coverage_bt/lib:/home/mvibot/floorCleaningRobot_ws/install/opennav_coverage/lib:/home/mvibot/floorCleaningRobot_ws/install/fields2cover/lib:/opt/ros/jazzy/opt/gz_sim_vendor/lib:/opt/ros/jazzy/opt/gz_sensors_vendor/lib:/opt/ros/jazzy/opt/gz_physics_vendor/lib:/opt/ros/jazzy/opt/sdformat_vendor/lib:/opt/ros/jazzy/opt/rviz_ogre_vendor/lib:/opt/ros/jazzy/lib/x86_64-linux-gnu:/opt/ros/jazzy/opt/gz_gui_vendor/lib:/opt/ros/jazzy/opt/gz_transport_vendor/lib:/opt/ros/jazzy/opt/gz_rendering_vendor/lib:/opt/ros/jazzy/opt/gz_plugin_vendor/lib:/opt/ros/jazzy/opt/gz_fuel_tools_vendor/lib:/opt/ros/jazzy/opt/gz_msgs_vendor/lib:/opt/ros/jazzy/opt/gz_common_vendor/lib:/opt/ros/jazzy/opt/gz_math_vendor/lib:/opt/ros/jazzy/opt/gz_utils_vendor/lib:/opt/ros/jazzy/opt/gz_tools_vendor/lib:/opt/ros/jazzy/opt/gz_ogre_next_vendor/lib:/opt/ros/jazzy/opt/gz_dartsim_vendor/lib:/opt/ros/jazzy/opt/gz_cmake_vendor/lib:/opt/ros/jazzy/lib', 'HOME': '/home/mvibot', 'OLDPWD': '/home/mvibot', 'NVM_BIN': '/home/mvibot/.nvm/versions/node/v24.12.0/bin', 'SSH_TTY': '/dev/pts/2', 'NVM_INC': '/home/mvibot/.nvm/versions/node/v24.12.0/include/node', 'ROS_PYTHON_VERSION': '3', 'DBUS_SESSION_BUS_ADDRESS': 'unix:path=/run/user/1000/bus', 'NVM_DIR': '/home/mvibot/.nvm', 'DEBUGINFOD_URLS': 'https://debuginfod.ubuntu.com', 'COLCON_PREFIX_PATH': '/home/mvibot/floorCleaningRobot_ws/install', 'ROS_DISTRO': 'jazzy', 'LOGNAME': 'mvibot', '_': '/usr/bin/colcon', 'ROS_VERSION': '2', 'PKG_CONFIG_PATH': '/home/mvibot/floorCleaningRobot_ws/install/fields2cover/lib/x86_64-linux-gnu/pkgconfig:/home/mvibot/floorCleaningRobot_ws/install/fields2cover/lib/pkgconfig', 'XDG_SESSION_CLASS': 'user', 'TERM': 'xterm-256color', 'XDG_SESSION_ID': '30', 'PATH': '/home/mvibot/.nvm/versions/node/v24.12.0/bin:/opt/ros/jazzy/opt/gz_msgs_vendor/bin:/opt/ros/jazzy/opt/gz_tools_vendor/bin:/opt/ros/jazzy/opt/gz_ogre_next_vendor/bin:/opt/ros/jazzy/bin:/usr/local/sbin:/usr/local/bin:/usr/sbin:/usr/bin:/sbin:/bin:/usr/games:/usr/local/games:/snap/bin', 'XDG_RUNTIME_DIR': '/run/user/1000', 'LANG': 'en_US.UTF-8', 'RMW_IMPLEMENTATION': 'rmw_fastrtps_cpp', 'LS_COLORS': 'rs=0:di=01;34:ln=01;36:mh=00:pi=40;33:so=01;35:do=01;35:bd=40;33;01:cd=40;33;01:or=40;31;01:mi=00:su=37;41:sg=30;43:ca=00:tw=30;42:ow=34;42:st=37;44:ex=01;32:*.tar=01;31:*.tgz=01;31:*.arc=01;31:*.arj=01;31:*.taz=01;31:*.lha=01;31:*.lz4=01;31:*.lzh=01;31:*.lzma=01;31:*.tlz=01;31:*.txz=01;31:*.tzo=01;31:*.t7z=01;31:*.zip=01;31:*.z=01;31:*.dz=01;31:*.gz=01;31:*.lrz=01;31:*.lz=01;31:*.lzo=01;31:*.xz=01;31:*.zst=01;31:*.tzst=01;31:*.bz2=01;31:*.bz=01;31:*.tbz=01;31:*.tbz2=01;31:*.tz=01;31:*.deb=01;31:*.rpm=01;31:*.jar=01;31:*.war=01;31:*.ear=01;31:*.sar=01;31:*.rar=01;31:*.alz=01;31:*.ace=01;31:*.zoo=01;31:*.cpio=01;31:*.7z=01;31:*.rz=01;31:*.cab=01;31:*.wim=01;31:*.swm=01;31:*.dwm=01;31:*.esd=01;31:*.avif=01;35:*.jpg=01;35:*.jpeg=01;35:*.mjpg=01;35:*.mjpeg=01;35:*.gif=01;35:*.bmp=01;35:*.pbm=01;35:*.pgm=01;35:*.ppm=01;35:*.tga=01;35:*.xbm=01;35:*.xpm=01;35:*.tif=01;35:*.tiff=01;35:*.png=01;35:*.svg=01;35:*.svgz=01;35:*.mng=01;35:*.pcx=01;35:*.mov=01;35:*.mpg=01;35:*.mpeg=01;35:*.m2v=01;35:*.mkv=01;35:*.webm=01;35:*.webp=01;35:*.ogm=01;35:*.mp4=01;35:*.m4v=01;35:*.mp4v=01;35:*.vob=01;35:*.qt=01;35:*.nuv=01;35:*.wmv=01;35:*.asf=01;35:*.rm=01;35:*.rmvb=01;35:*.flc=01;35:*.avi=01;35:*.fli=01;35:*.flv=01;35:*.gl=01;35:*.dl=01;35:*.xcf=01;35:*.xwd=01;35:*.yuv=01;35:*.cgm=01;35:*.emf=01;35:*.ogv=01;35:*.ogx=01;35:*.aac=00;36:*.au=00;36:*.flac=00;36:*.m4a=00;36:*.mid=00;36:*.midi=00;36:*.mka=00;36:*.mp3=00;36:*.mpc=00;36:*.ogg=00;36:*.ra=00;36:*.wav=00;36:*.oga=00;36:*.opus=00;36:*.spx=00;36:*.xspf=00;36:*~=00;90:*#=00;90:*.bak=00;90:*.crdownload=00;90:*.dpkg-dist=00;90:*.dpkg-new=00;90:*.dpkg-old=00;90:*.dpkg-tmp=00;90:*.old=00;90:*.orig=00;90:*.part=00;90:*.rej=00;90:*.rpmnew=00;90:*.rpmorig=00;90:*.rpmsave=00;90:*.swp=00;90:*.tmp=00;90:*.ucf-dist=00;90:*.ucf-new=00;90:*.ucf-old=00;90:', 'ROS_DOMAIN_ID': '10', 'AMENT_PREFIX_PATH': '/home/mvibot/floorCleaningRobot_ws/install/tf2_web_republisher:/home/mvibot/floorCleaningRobot_ws/install/tf2_web_republisher_interfaces:/home/mvibot/floorCleaningRobot_ws/install/sllidar_ros2:/home/mvibot/floorCleaningRobot_ws/install/realsense2_description:/home/mvibot/floorCleaningRobot_ws/install/realsense2_camera:/home/mvibot/floorCleaningRobot_ws/install/realsense2_camera_msgs:/home/mvibot/floorCleaningRobot_ws/install/pointcloud_to_laserscan:/home/mvibot/floorCleaningRobot_ws/install/opennav_coverage_demo:/home/mvibot/floorCleaningRobot_ws/install/opennav_row_coverage:/home/mvibot/floorCleaningRobot_ws/install/opennav_coverage_navigator:/home/mvibot/floorCleaningRobot_ws/install/opennav_coverage_bt:/home/mvibot/floorCleaningRobot_ws/install/opennav_coverage:/home/mvibot/floorCleaningRobot_ws/install/mission_layer_mvibot:/home/mvibot/floorCleaningRobot_ws/install/opennav_coverage_msgs:/home/mvibot/floorCleaningRobot_ws/install/lower_layer_mvibot:/home/mvibot/floorCleaningRobot_ws/install/ira_laser_tools:/home/mvibot/floorCleaningRobot_ws/install/higher_layer_mvibot:/opt/ros/jazzy', 'SHELL': '/bin/bash', 'LESSCLOSE': '/usr/bin/lesspipe %s %s', 'ROS_AUTOMATIC_DISCOVERY_RANGE': 'SUBNET', 'PWD': '/home/mvibot/floorCleaningRobot_ws/build/mission_layer_mvibot', 'LC_ALL': 'en_US.UTF-8', 'SSH_CONNECTION': '10.0.60.48 53064 10.0.70.69 22', 'NVM_CD_FLAGS': '', 'XDG_DATA_DIRS': '/usr/share/gnome:/usr/local/share:/usr/share:/var/lib/snapd/desktop', 'PYTHONPATH': '/home/mvibot/floorCleaningRobot_ws/install/opennav_coverage_msgs/lib/python3.12/site-packages:/home/mvibot/floorCleaningRobot_ws/install/tf2_web_republisher_interfaces/lib/python3.12/site-packages:/home/mvibot/floorCleaningRobot_ws/install/realsense2_camera_msgs/lib/python3.12/site-packages:/home/mvibot/floorCleaningRobot_ws/build/opennav_coverage_demo:/home/mvibot/floorCleaningRobot_ws/install/opennav_coverage_demo/lib/python3.12/site-packages:/opt/ros/jazzy/lib/python3.12/site-packages', 'COLCON': '1', 'CMAKE_PREFIX_PATH': '/home/mvibot/floorCleaningRobot_ws/install/opennav_coverage_msgs:/home/mvibot/floorCleaningRobot_ws/install/tf2_web_republisher:/home/mvibot/floorCleaningRobot_ws/install/tf2_web_republisher_interfaces:/home/mvibot/floorCleaningRobot_ws/install/sllidar_ros2:/home/mvibot/floorCleaningRobot_ws/install/realsense2_description:/home/mvibot/floorCleaningRobot_ws/install/realsense2_camera:/home/mvibot/floorCleaningRobot_ws/install/realsense2_camera_msgs:/home/mvibot/floorCleaningRobot_ws/install/pointcloud_to_laserscan:/home/mvibot/floorCleaningRobot_ws/install/opennav_row_coverage:/home/mvibot/floorCleaningRobot_ws/install/opennav_coverage_navigator:/home/mvibot/floorCleaningRobot_ws/install/opennav_coverage_bt:/home/mvibot/floorCleaningRobot_ws/install/opennav_coverage:/home/mvibot/floorCleaningRobot_ws/install/mission_layer_mvibot:/home/mvibot/floorCleaningRobot_ws/install/lower_layer_mvibot:/home/mvibot/floorCleaningRobot_ws/install/ira_laser_tools:/home/mvibot/floorCleaningRobot_ws/install/higher_layer_mvibot:/home/mvibot/floorCleaningRobot_ws/install/fields2cover:/opt/ros/jazzy/opt/gz_sim_vendor:/opt/ros/jazzy/opt/gz_sensors_vendor:/opt/ros/jazzy/opt/gz_physics_vendor:/opt/ros/jazzy/opt/sdformat_vendor:/opt/ros/jazzy/opt/gz_gui_vendor:/opt/ros/jazzy/opt/gz_transport_vendor:/opt/ros/jazzy/opt/gz_rendering_vendor:/opt/ros/jazzy/opt/gz_plugin_vendor:/opt/ros/jazzy/opt/gz_fuel_tools_vendor:/opt/ros/jazzy/opt/gz_msgs_vendor:/opt/ros/jazzy/opt/gz_common_vendor:/opt/ros/jazzy/opt/gz_math_vendor:/opt/ros/jazzy/opt/gz_utils_vendor:/opt/ros/jazzy/opt/gz_tools_vendor:/opt/ros/jazzy/opt/gz_ogre_next_vendor:/opt/ros/jazzy/opt/gz_dartsim_vendor:/opt/ros/jazzy/opt/gz_cmake_vendor:/home/mvibot/floorCleaningRobot_ws/install/opennav_coverage_demo:/opt/ros/jazzy'}), 'shell': False}
[0.099619] (-) TimerEvent: {}
[0.199897] (-) TimerEvent: {}
[0.300201] (-) TimerEvent: {}
[0.400549] (-) TimerEvent: {}
[0.413125] (mission_layer_mvibot) StdoutLine: {'line': b'[ 50%] \x1b[32mBuilding CXX object CMakeFiles/mvibot_mission.dir/src/mvibot_mission.cpp.o\x1b[0m\n'}
[0.500652] (-) TimerEvent: {}
[0.600962] (-) TimerEvent: {}
[0.701250] (-) TimerEvent: {}
[0.801562] (-) TimerEvent: {}
[0.901975] (-) TimerEvent: {}
[1.002343] (-) TimerEvent: {}
[1.102676] (-) TimerEvent: {}
[1.202970] (-) TimerEvent: {}
[1.303246] (-) TimerEvent: {}
[1.403617] (-) TimerEvent: {}
[1.503902] (-) TimerEvent: {}
[1.604156] (-) TimerEvent: {}
[1.704412] (-) TimerEvent: {}
[1.804694] (-) TimerEvent: {}
[1.905034] (-) TimerEvent: {}
[2.005337] (-) TimerEvent: {}
[2.105609] (-) TimerEvent: {}
[2.205942] (-) TimerEvent: {}
[2.306269] (-) TimerEvent: {}
[2.406598] (-) TimerEvent: {}
[2.506917] (-) TimerEvent: {}
[2.607268] (-) TimerEvent: {}
[2.707558] (-) TimerEvent: {}
[2.808134] (-) TimerEvent: {}
[2.908511] (-) TimerEvent: {}
[3.008864] (-) TimerEvent: {}
[3.109314] (-) TimerEvent: {}
[3.210829] (-) TimerEvent: {}
[3.312462] (-) TimerEvent: {}
[3.412742] (-) TimerEvent: {}
[3.513035] (-) TimerEvent: {}
[3.614174] (-) TimerEvent: {}
[3.714688] (-) TimerEvent: {}
[3.814966] (-) TimerEvent: {}
[3.915274] (-) TimerEvent: {}
[4.015690] (-) TimerEvent: {}
[4.116021] (-) TimerEvent: {}
[4.216337] (-) TimerEvent: {}
[4.316643] (-) TimerEvent: {}
[4.416976] (-) TimerEvent: {}
[4.517265] (-) TimerEvent: {}
[4.617551] (-) TimerEvent: {}
[4.717932] (-) TimerEvent: {}
[4.818214] (-) TimerEvent: {}
[4.918443] (-) TimerEvent: {}
[5.018742] (-) TimerEvent: {}
[5.119027] (-) TimerEvent: {}
[5.219739] (-) TimerEvent: {}
[5.320019] (-) TimerEvent: {}
[5.420465] (-) TimerEvent: {}
[5.520870] (-) TimerEvent: {}
[5.621348] (-) TimerEvent: {}
[5.721616] (-) TimerEvent: {}
[5.821881] (-) TimerEvent: {}
[5.922125] (-) TimerEvent: {}
[6.022400] (-) TimerEvent: {}
[6.122680] (-) TimerEvent: {}
[6.222956] (-) TimerEvent: {}
[6.323251] (-) TimerEvent: {}
[6.423534] (-) TimerEvent: {}
[6.523853] (-) TimerEvent: {}
[6.624301] (-) TimerEvent: {}
[6.724712] (-) TimerEvent: {}
[6.825014] (-) TimerEvent: {}
[6.925338] (-) TimerEvent: {}
[7.026016] (-) TimerEvent: {}
[7.126326] (-) TimerEvent: {}
[7.226644] (-) TimerEvent: {}
[7.327056] (-) TimerEvent: {}
[7.427376] (-) TimerEvent: {}
[7.527685] (-) TimerEvent: {}
[7.628054] (-) TimerEvent: {}
[7.728422] (-) TimerEvent: {}
[7.828710] (-) TimerEvent: {}
[7.929254] (-) TimerEvent: {}
[8.029497] (-) TimerEvent: {}
[8.129830] (-) TimerEvent: {}
[8.230173] (-) TimerEvent: {}
[8.330550] (-) TimerEvent: {}
[8.431254] (-) TimerEvent: {}
[8.531704] (-) TimerEvent: {}
[8.633839] (-) TimerEvent: {}
[8.734233] (-) TimerEvent: {}
[8.834516] (-) TimerEvent: {}
[8.935683] (-) TimerEvent: {}
[9.036844] (-) TimerEvent: {}
[9.082221] (mission_layer_mvibot) StderrLine: {'line': b'In file included from \x1b[01m\x1b[K/home/mvibot/floorCleaningRobot_ws/src/mission_layer_mvibot/src/mvibot_mission.cpp:3\x1b[m\x1b[K:\n'}
[9.082546] (mission_layer_mvibot) StderrLine: {'line': b'\x1b[01m\x1b[K/home/mvibot/floorCleaningRobot_ws/src/mission_layer_mvibot/src/../include/mission_layer_mvibot/mvibot_mission/manage_mission.h:\x1b[m\x1b[K In lambda function:\n'}
[9.082711] (mission_layer_mvibot) StderrLine: {'line': b'\x1b[01m\x1b[K/home/mvibot/floorCleaningRobot_ws/src/mission_layer_mvibot/src/../include/mission_layer_mvibot/mvibot_mission/manage_mission.h:254:34:\x1b[m\x1b[K \x1b[01;35m\x1b[Kwarning: \x1b[m\x1b[Kcomparison of integer expressions of different signedness: \xe2\x80\x98\x1b[01m\x1b[Kint\x1b[m\x1b[K\xe2\x80\x99 and \xe2\x80\x98\x1b[01m\x1b[Kstd::vector<std::__cxx11::basic_string<char>, std::allocator<std::__cxx11::basic_string<char> > >::size_type\x1b[m\x1b[K\xe2\x80\x99 {aka \xe2\x80\x98\x1b[01m\x1b[Klong unsigned int\x1b[m\x1b[K\xe2\x80\x99} [\x1b[01;35m\x1b[K\x1b]8;;https://gcc.gnu.org/onlinedocs/gcc/Warning-Options.html#index-Wsign-compare\x07-Wsign-compare\x1b]8;;\x07\x1b[m\x1b[K]\n'}
[9.082875] (mission_layer_mvibot) StderrLine: {'line': b'  254 |                     for(int i=1;\x1b[01;35m\x1b[Ki<data.data1.size()\x1b[m\x1b[K;i++){\n'}
[9.083014] (mission_layer_mvibot) StderrLine: {'line': b'      |                                 \x1b[01;35m\x1b[K~^~~~~~~~~~~~~~~~~~\x1b[m\x1b[K\n'}
[9.112311] (mission_layer_mvibot) StderrLine: {'line': b'\x1b[01m\x1b[K/home/mvibot/floorCleaningRobot_ws/src/mission_layer_mvibot/src/../include/mission_layer_mvibot/mvibot_mission/manage_mission.h:\x1b[m\x1b[K In lambda function:\n'}
[9.112591] (mission_layer_mvibot) StderrLine: {'line': b'\x1b[01m\x1b[K/home/mvibot/floorCleaningRobot_ws/src/mission_layer_mvibot/src/../include/mission_layer_mvibot/mvibot_mission/manage_mission.h:292:72:\x1b[m\x1b[K \x1b[01;35m\x1b[Kwarning: \x1b[m\x1b[Kunused parameter \xe2\x80\x98\x1b[01m\x1b[Kmsg\x1b[m\x1b[K\xe2\x80\x99 [\x1b[01;35m\x1b[K\x1b]8;;https://gcc.gnu.org/onlinedocs/gcc/Warning-Options.html#index-Wunused-parameter\x07-Wunused-parameter\x1b]8;;\x07\x1b[m\x1b[K]\n'}
[9.112797] (mission_layer_mvibot) StderrLine: {'line': b'  292 |             auto reset_mission_callback = [this](\x1b[01;35m\x1b[Kstd_msgs::msg::String msg\x1b[m\x1b[K)->void{\n'}
[9.113003] (mission_layer_mvibot) StderrLine: {'line': b'      |                                                  \x1b[01;35m\x1b[K~~~~~~~~~~~~~~~~~~~~~~^~~\x1b[m\x1b[K\n'}
[9.113647] (mission_layer_mvibot) StderrLine: {'line': b'\x1b[01m\x1b[K/home/mvibot/floorCleaningRobot_ws/src/mission_layer_mvibot/src/../include/mission_layer_mvibot/mvibot_mission/manage_mission.h:\x1b[m\x1b[K In lambda function:\n'}
[9.114006] (mission_layer_mvibot) StderrLine: {'line': b'\x1b[01m\x1b[K/home/mvibot/floorCleaningRobot_ws/src/mission_layer_mvibot/src/../include/mission_layer_mvibot/mvibot_mission/manage_mission.h:314:30:\x1b[m\x1b[K \x1b[01;35m\x1b[Kwarning: \x1b[m\x1b[Kcomparison of integer expressions of different signedness: \xe2\x80\x98\x1b[01m\x1b[Kint\x1b[m\x1b[K\xe2\x80\x99 and \xe2\x80\x98\x1b[01m\x1b[Kstd::vector<std::__cxx11::basic_string<char>, std::allocator<std::__cxx11::basic_string<char> > >::size_type\x1b[m\x1b[K\xe2\x80\x99 {aka \xe2\x80\x98\x1b[01m\x1b[Klong unsigned int\x1b[m\x1b[K\xe2\x80\x99} [\x1b[01;35m\x1b[K\x1b]8;;https://gcc.gnu.org/onlinedocs/gcc/Warning-Options.html#index-Wsign-compare\x07-Wsign-compare\x1b]8;;\x07\x1b[m\x1b[K]\n'}
[9.114205] (mission_layer_mvibot) StderrLine: {'line': b'  314 |                 for(int i=0;\x1b[01;35m\x1b[Ki<data.data1.size()\x1b[m\x1b[K;i++){\n'}
[9.114425] (mission_layer_mvibot) StderrLine: {'line': b'      |                             \x1b[01;35m\x1b[K~^~~~~~~~~~~~~~~~~~\x1b[m\x1b[K\n'}
[9.115733] (mission_layer_mvibot) StderrLine: {'line': b'\x1b[01m\x1b[K/home/mvibot/floorCleaningRobot_ws/src/mission_layer_mvibot/src/../include/mission_layer_mvibot/mvibot_mission/manage_mission.h:311:36:\x1b[m\x1b[K \x1b[01;35m\x1b[Kwarning: \x1b[m\x1b[Kunused variable \xe2\x80\x98\x1b[01m\x1b[Klive_f\x1b[m\x1b[K\xe2\x80\x99 [\x1b[01;35m\x1b[K\x1b]8;;https://gcc.gnu.org/onlinedocs/gcc/Warning-Options.html#index-Wunused-variable\x07-Wunused-variable\x1b]8;;\x07\x1b[m\x1b[K]\n'}
[9.116297] (mission_layer_mvibot) StderrLine: {'line': b'  311 |                 static int live=-1,\x1b[01;35m\x1b[Klive_f\x1b[m\x1b[K=-1,brake=-1,brake_f=-1,enable=-1,enable_f=-1,error=-1,error_f=-1;\n'}
[9.116917] (mission_layer_mvibot) StderrLine: {'line': b'      |                                    \x1b[01;35m\x1b[K^~~~~~\x1b[m\x1b[K\n'}
[9.117620] (mission_layer_mvibot) StderrLine: {'line': b'\x1b[01m\x1b[K/home/mvibot/floorCleaningRobot_ws/src/mission_layer_mvibot/src/../include/mission_layer_mvibot/mvibot_mission/manage_mission.h:311:55:\x1b[m\x1b[K \x1b[01;35m\x1b[Kwarning: \x1b[m\x1b[Kunused variable \xe2\x80\x98\x1b[01m\x1b[Kbrake_f\x1b[m\x1b[K\xe2\x80\x99 [\x1b[01;35m\x1b[K\x1b]8;;https://gcc.gnu.org/onlinedocs/gcc/Warning-Options.html#index-Wunused-variable\x07-Wunused-variable\x1b]8;;\x07\x1b[m\x1b[K]\n'}
[9.117821] (mission_layer_mvibot) StderrLine: {'line': b'  311 |                 static int live=-1,live_f=-1,brake=-1,\x1b[01;35m\x1b[Kbrake_f\x1b[m\x1b[K=-1,enable=-1,enable_f=-1,error=-1,error_f=-1;\n'}
[9.118020] (mission_layer_mvibot) StderrLine: {'line': b'      |                                                       \x1b[01;35m\x1b[K^~~~~~~\x1b[m\x1b[K\n'}
[9.118182] (mission_layer_mvibot) StderrLine: {'line': b'\x1b[01m\x1b[K/home/mvibot/floorCleaningRobot_ws/src/mission_layer_mvibot/src/../include/mission_layer_mvibot/mvibot_mission/manage_mission.h:311:76:\x1b[m\x1b[K \x1b[01;35m\x1b[Kwarning: \x1b[m\x1b[Kunused variable \xe2\x80\x98\x1b[01m\x1b[Kenable_f\x1b[m\x1b[K\xe2\x80\x99 [\x1b[01;35m\x1b[K\x1b]8;;https://gcc.gnu.org/onlinedocs/gcc/Warning-Options.html#index-Wunused-variable\x07-Wunused-variable\x1b]8;;\x07\x1b[m\x1b[K]\n'}
[9.118406] (mission_layer_mvibot) StderrLine: {'line': b'  311 |                 static int live=-1,live_f=-1,brake=-1,brake_f=-1,enable=-1,\x1b[01;35m\x1b[Kenable_f\x1b[m\x1b[K=-1,error=-1,error_f=-1;\n'}
[9.118600] (mission_layer_mvibot) StderrLine: {'line': b'      |                                                                            \x1b[01;35m\x1b[K^~~~~~~~\x1b[m\x1b[K\n'}
[9.118892] (mission_layer_mvibot) StderrLine: {'line': b'\x1b[01m\x1b[K/home/mvibot/floorCleaningRobot_ws/src/mission_layer_mvibot/src/../include/mission_layer_mvibot/mvibot_mission/manage_mission.h:311:88:\x1b[m\x1b[K \x1b[01;35m\x1b[Kwarning: \x1b[m\x1b[Kvariable \xe2\x80\x98\x1b[01m\x1b[Kerror\x1b[m\x1b[K\xe2\x80\x99 set but not used [\x1b[01;35m\x1b[K\x1b]8;;https://gcc.gnu.org/onlinedocs/gcc/Warning-Options.html#index-Wunused-but-set-variable\x07-Wunused-but-set-variable\x1b]8;;\x07\x1b[m\x1b[K]\n'}
[9.119061] (mission_layer_mvibot) StderrLine: {'line': b'  311 |                 static int live=-1,live_f=-1,brake=-1,brake_f=-1,enable=-1,enable_f=-1,\x1b[01;35m\x1b[Kerror\x1b[m\x1b[K=-1,error_f=-1;\n'}
[9.119242] (mission_layer_mvibot) StderrLine: {'line': b'      |                                                                                        \x1b[01;35m\x1b[K^~~~~\x1b[m\x1b[K\n'}
[9.119850] (mission_layer_mvibot) StderrLine: {'line': b'\x1b[01m\x1b[K/home/mvibot/floorCleaningRobot_ws/src/mission_layer_mvibot/src/../include/mission_layer_mvibot/mvibot_mission/manage_mission.h:311:97:\x1b[m\x1b[K \x1b[01;35m\x1b[Kwarning: \x1b[m\x1b[Kunused variable \xe2\x80\x98\x1b[01m\x1b[Kerror_f\x1b[m\x1b[K\xe2\x80\x99 [\x1b[01;35m\x1b[K\x1b]8;;https://gcc.gnu.org/onlinedocs/gcc/Warning-Options.html#index-Wunused-variable\x07-Wunused-variable\x1b]8;;\x07\x1b[m\x1b[K]\n'}
[9.120149] (mission_layer_mvibot) StderrLine: {'line': b'  311 |                 static int live=-1,live_f=-1,brake=-1,brake_f=-1,enable=-1,enable_f=-1,error=-1,\x1b[01;35m\x1b[Kerror_f\x1b[m\x1b[K=-1;\n'}
[9.120321] (mission_layer_mvibot) StderrLine: {'line': b'      |                                                                                                 \x1b[01;35m\x1b[K^~~~~~~\x1b[m\x1b[K\n'}
[9.120484] (mission_layer_mvibot) StderrLine: {'line': b'\x1b[01m\x1b[K/home/mvibot/floorCleaningRobot_ws/src/mission_layer_mvibot/src/../include/mission_layer_mvibot/mvibot_mission/manage_mission.h:\x1b[m\x1b[K In lambda function:\n'}
[9.120611] (mission_layer_mvibot) StderrLine: {'line': b'\x1b[01m\x1b[K/home/mvibot/floorCleaningRobot_ws/src/mission_layer_mvibot/src/../include/mission_layer_mvibot/mvibot_mission/manage_mission.h:343:30:\x1b[m\x1b[K \x1b[01;35m\x1b[Kwarning: \x1b[m\x1b[Kcomparison of integer expressions of different signedness: \xe2\x80\x98\x1b[01m\x1b[Kint\x1b[m\x1b[K\xe2\x80\x99 and \xe2\x80\x98\x1b[01m\x1b[Kstd::vector<std::__cxx11::basic_string<char>, std::allocator<std::__cxx11::basic_string<char> > >::size_type\x1b[m\x1b[K\xe2\x80\x99 {aka \xe2\x80\x98\x1b[01m\x1b[Klong unsigned int\x1b[m\x1b[K\xe2\x80\x99} [\x1b[01;35m\x1b[K\x1b]8;;https://gcc.gnu.org/onlinedocs/gcc/Warning-Options.html#index-Wsign-compare\x07-Wsign-compare\x1b]8;;\x07\x1b[m\x1b[K]\n'}
[9.120763] (mission_layer_mvibot) StderrLine: {'line': b'  343 |                 for(int i=0;\x1b[01;35m\x1b[Ki<data.data1.size()\x1b[m\x1b[K;i++){\n'}
[9.120961] (mission_layer_mvibot) StderrLine: {'line': b'      |                             \x1b[01;35m\x1b[K~^~~~~~~~~~~~~~~~~~\x1b[m\x1b[K\n'}
[9.121127] (mission_layer_mvibot) StderrLine: {'line': b'\x1b[01m\x1b[K/home/mvibot/floorCleaningRobot_ws/src/mission_layer_mvibot/src/../include/mission_layer_mvibot/mvibot_mission/manage_mission.h:339:36:\x1b[m\x1b[K \x1b[01;35m\x1b[Kwarning: \x1b[m\x1b[Kunused variable \xe2\x80\x98\x1b[01m\x1b[Klive_f\x1b[m\x1b[K\xe2\x80\x99 [\x1b[01;35m\x1b[K\x1b]8;;https://gcc.gnu.org/onlinedocs/gcc/Warning-Options.html#index-Wunused-variable\x07-Wunused-variable\x1b]8;;\x07\x1b[m\x1b[K]\n'}
[9.121270] (mission_layer_mvibot) StderrLine: {'line': b'  339 |                 static int live=-1,\x1b[01;35m\x1b[Klive_f\x1b[m\x1b[K=-1,brake=-1,brake_f=-1,enable=-1,enable_f=-1,error=-1,error_f=-1;\n'}
[9.121414] (mission_layer_mvibot) StderrLine: {'line': b'      |                                    \x1b[01;35m\x1b[K^~~~~~\x1b[m\x1b[K\n'}
[9.121522] (mission_layer_mvibot) StderrLine: {'line': b'\x1b[01m\x1b[K/home/mvibot/floorCleaningRobot_ws/src/mission_layer_mvibot/src/../include/mission_layer_mvibot/mvibot_mission/manage_mission.h:339:55:\x1b[m\x1b[K \x1b[01;35m\x1b[Kwarning: \x1b[m\x1b[Kunused variable \xe2\x80\x98\x1b[01m\x1b[Kbrake_f\x1b[m\x1b[K\xe2\x80\x99 [\x1b[01;35m\x1b[K\x1b]8;;https://gcc.gnu.org/onlinedocs/gcc/Warning-Options.html#index-Wunused-variable\x07-Wunused-variable\x1b]8;;\x07\x1b[m\x1b[K]\n'}
[9.121729] (mission_layer_mvibot) StderrLine: {'line': b'  339 |                 static int live=-1,live_f=-1,brake=-1,\x1b[01;35m\x1b[Kbrake_f\x1b[m\x1b[K=-1,enable=-1,enable_f=-1,error=-1,error_f=-1;\n'}
[9.122036] (mission_layer_mvibot) StderrLine: {'line': b'      |                                                       \x1b[01;35m\x1b[K^~~~~~~\x1b[m\x1b[K\n'}
[9.122194] (mission_layer_mvibot) StderrLine: {'line': b'\x1b[01m\x1b[K/home/mvibot/floorCleaningRobot_ws/src/mission_layer_mvibot/src/../include/mission_layer_mvibot/mvibot_mission/manage_mission.h:339:76:\x1b[m\x1b[K \x1b[01;35m\x1b[Kwarning: \x1b[m\x1b[Kunused variable \xe2\x80\x98\x1b[01m\x1b[Kenable_f\x1b[m\x1b[K\xe2\x80\x99 [\x1b[01;35m\x1b[K\x1b]8;;https://gcc.gnu.org/onlinedocs/gcc/Warning-Options.html#index-Wunused-variable\x07-Wunused-variable\x1b]8;;\x07\x1b[m\x1b[K]\n'}
[9.122345] (mission_layer_mvibot) StderrLine: {'line': b'  339 |                 static int live=-1,live_f=-1,brake=-1,brake_f=-1,enable=-1,\x1b[01;35m\x1b[Kenable_f\x1b[m\x1b[K=-1,error=-1,error_f=-1;\n'}
[9.122453] (mission_layer_mvibot) StderrLine: {'line': b'      |                                                                            \x1b[01;35m\x1b[K^~~~~~~~\x1b[m\x1b[K\n'}
[9.122567] (mission_layer_mvibot) StderrLine: {'line': b'\x1b[01m\x1b[K/home/mvibot/floorCleaningRobot_ws/src/mission_layer_mvibot/src/../include/mission_layer_mvibot/mvibot_mission/manage_mission.h:339:88:\x1b[m\x1b[K \x1b[01;35m\x1b[Kwarning: \x1b[m\x1b[Kvariable \xe2\x80\x98\x1b[01m\x1b[Kerror\x1b[m\x1b[K\xe2\x80\x99 set but not used [\x1b[01;35m\x1b[K\x1b]8;;https://gcc.gnu.org/onlinedocs/gcc/Warning-Options.html#index-Wunused-but-set-variable\x07-Wunused-but-set-variable\x1b]8;;\x07\x1b[m\x1b[K]\n'}
[9.122667] (mission_layer_mvibot) StderrLine: {'line': b'  339 |                 static int live=-1,live_f=-1,brake=-1,brake_f=-1,enable=-1,enable_f=-1,\x1b[01;35m\x1b[Kerror\x1b[m\x1b[K=-1,error_f=-1;\n'}
[9.122784] (mission_layer_mvibot) StderrLine: {'line': b'      |                                                                                        \x1b[01;35m\x1b[K^~~~~\x1b[m\x1b[K\n'}
[9.122929] (mission_layer_mvibot) StderrLine: {'line': b'\x1b[01m\x1b[K/home/mvibot/floorCleaningRobot_ws/src/mission_layer_mvibot/src/../include/mission_layer_mvibot/mvibot_mission/manage_mission.h:339:97:\x1b[m\x1b[K \x1b[01;35m\x1b[Kwarning: \x1b[m\x1b[Kunused variable \xe2\x80\x98\x1b[01m\x1b[Kerror_f\x1b[m\x1b[K\xe2\x80\x99 [\x1b[01;35m\x1b[K\x1b]8;;https://gcc.gnu.org/onlinedocs/gcc/Warning-Options.html#index-Wunused-variable\x07-Wunused-variable\x1b]8;;\x07\x1b[m\x1b[K]\n'}
[9.123075] (mission_layer_mvibot) StderrLine: {'line': b'  339 |                 static int live=-1,live_f=-1,brake=-1,brake_f=-1,enable=-1,enable_f=-1,error=-1,\x1b[01;35m\x1b[Kerror_f\x1b[m\x1b[K=-1;\n'}
[9.123248] (mission_layer_mvibot) StderrLine: {'line': b'      |                                                                                                 \x1b[01;35m\x1b[K^~~~~~~\x1b[m\x1b[K\n'}
[9.137003] (-) TimerEvent: {}
[9.193749] (mission_layer_mvibot) StderrLine: {'line': b'\x1b[01m\x1b[K/home/mvibot/floorCleaningRobot_ws/src/mission_layer_mvibot/src/../include/mission_layer_mvibot/mvibot_mission/manage_mission.h:\x1b[m\x1b[K In member function \xe2\x80\x98\x1b[01m\x1b[Kdouble* manage_mission::\x1b[01;32m\x1b[Kget_position_tf\x1b[m\x1b[K(std::string, std::string)\x1b[m\x1b[K\xe2\x80\x99:\n'}
[9.193996] (mission_layer_mvibot) StderrLine: {'line': b'\x1b[01m\x1b[K/home/mvibot/floorCleaningRobot_ws/src/mission_layer_mvibot/src/../include/mission_layer_mvibot/mvibot_mission/manage_mission.h:682:23:\x1b[m\x1b[K \x1b[01;35m\x1b[Kwarning: \x1b[m\x1b[Kvariable \xe2\x80\x98\x1b[01m\x1b[Kz\x1b[m\x1b[K\xe2\x80\x99 set but not used [\x1b[01;35m\x1b[K\x1b]8;;https://gcc.gnu.org/onlinedocs/gcc/Warning-Options.html#index-Wunused-but-set-variable\x07-Wunused-but-set-variable\x1b]8;;\x07\x1b[m\x1b[K]\n'}
[9.194102] (mission_layer_mvibot) StderrLine: {'line': b'  682 |     static double x,y,\x1b[01;35m\x1b[Kz\x1b[m\x1b[K,thz,thw;\n'}
[9.194208] (mission_layer_mvibot) StderrLine: {'line': b'      |                       \x1b[01;35m\x1b[K^\x1b[m\x1b[K\n'}
[9.237103] (-) TimerEvent: {}
[9.297494] (mission_layer_mvibot) StderrLine: {'line': b'\x1b[01m\x1b[K/home/mvibot/floorCleaningRobot_ws/src/mission_layer_mvibot/src/../include/mission_layer_mvibot/mvibot_mission/manage_mission.h:\x1b[m\x1b[K In member function \xe2\x80\x98\x1b[01m\x1b[Kint manage_mission::\x1b[01;32m\x1b[Kexecute_content\x1b[m\x1b[K(mission&, std::vector<std::__cxx11::basic_string<char>, std::allocator<std::__cxx11::basic_string<char> > >&, std::string&, int&)\x1b[m\x1b[K\xe2\x80\x99:\n'}
[9.297743] (mission_layer_mvibot) StderrLine: {'line': b'\x1b[01m\x1b[K/home/mvibot/floorCleaningRobot_ws/src/mission_layer_mvibot/src/../include/mission_layer_mvibot/mvibot_mission/manage_mission.h:1069:14:\x1b[m\x1b[K \x1b[01;35m\x1b[Kwarning: \x1b[m\x1b[Kcomparison of integer expressions of different signedness: \xe2\x80\x98\x1b[01m\x1b[Kint\x1b[m\x1b[K\xe2\x80\x99 and \xe2\x80\x98\x1b[01m\x1b[Kstd::vector<std::__cxx11::basic_string<char>, std::allocator<std::__cxx11::basic_string<char> > >::size_type\x1b[m\x1b[K\xe2\x80\x99 {aka \xe2\x80\x98\x1b[01m\x1b[Klong unsigned int\x1b[m\x1b[K\xe2\x80\x99} [\x1b[01;35m\x1b[K\x1b]8;;https://gcc.gnu.org/onlinedocs/gcc/Warning-Options.html#index-Wsign-compare\x07-Wsign-compare\x1b]8;;\x07\x1b[m\x1b[K]\n'}
[9.297920] (mission_layer_mvibot) StderrLine: {'line': b' 1069 |         if(\x1b[01;35m\x1b[Ki == and_contents_list.size()\x1b[m\x1b[K){\n'}
[9.298058] (mission_layer_mvibot) StderrLine: {'line': b'      |            \x1b[01;35m\x1b[K~~^~~~~~~~~~~~~~~~~~~~~~~~~~~\x1b[m\x1b[K\n'}
[9.298893] (mission_layer_mvibot) StderrLine: {'line': b'\x1b[01m\x1b[K/home/mvibot/floorCleaningRobot_ws/src/mission_layer_mvibot/src/../include/mission_layer_mvibot/mvibot_mission/manage_mission.h:1092:14:\x1b[m\x1b[K \x1b[01;35m\x1b[Kwarning: \x1b[m\x1b[Kcomparison of integer expressions of different signedness: \xe2\x80\x98\x1b[01m\x1b[Kint\x1b[m\x1b[K\xe2\x80\x99 and \xe2\x80\x98\x1b[01m\x1b[Kstd::vector<std::__cxx11::basic_string<char>, std::allocator<std::__cxx11::basic_string<char> > >::size_type\x1b[m\x1b[K\xe2\x80\x99 {aka \xe2\x80\x98\x1b[01m\x1b[Klong unsigned int\x1b[m\x1b[K\xe2\x80\x99} [\x1b[01;35m\x1b[K\x1b]8;;https://gcc.gnu.org/onlinedocs/gcc/Warning-Options.html#index-Wsign-compare\x07-Wsign-compare\x1b]8;;\x07\x1b[m\x1b[K]\n'}
[9.299148] (mission_layer_mvibot) StderrLine: {'line': b' 1092 |         if(\x1b[01;35m\x1b[Ki == or_contents_list.size()\x1b[m\x1b[K){\n'}
[9.299312] (mission_layer_mvibot) StderrLine: {'line': b'      |            \x1b[01;35m\x1b[K~~^~~~~~~~~~~~~~~~~~~~~~~~~~\x1b[m\x1b[K\n'}
[9.337836] (-) TimerEvent: {}
[9.438200] (-) TimerEvent: {}
[9.539189] (-) TimerEvent: {}
[9.639461] (-) TimerEvent: {}
[9.739834] (-) TimerEvent: {}
[9.771244] (mission_layer_mvibot) StderrLine: {'line': b'In file included from \x1b[01m\x1b[K/home/mvibot/floorCleaningRobot_ws/src/mission_layer_mvibot/src/mvibot_mission.cpp:4\x1b[m\x1b[K:\n'}
[9.771459] (mission_layer_mvibot) StderrLine: {'line': b'\x1b[01m\x1b[K/home/mvibot/floorCleaningRobot_ws/src/mission_layer_mvibot/src/../include/mission_layer_mvibot/mvibot_mission/navigation_function.h:\x1b[m\x1b[K In lambda function:\n'}
[9.771561] (mission_layer_mvibot) StderrLine: {'line': b'\x1b[01m\x1b[K/home/mvibot/floorCleaningRobot_ws/src/mission_layer_mvibot/src/../include/mission_layer_mvibot/mvibot_mission/navigation_function.h:307:120:\x1b[m\x1b[K \x1b[01;35m\x1b[Kwarning: \x1b[m\x1b[Kunused parameter \xe2\x80\x98\x1b[01m\x1b[Kfeedback\x1b[m\x1b[K\xe2\x80\x99 [\x1b[01;35m\x1b[K\x1b]8;;https://gcc.gnu.org/onlinedocs/gcc/Warning-Options.html#index-Wunused-parameter\x07-Wunused-parameter\x1b]8;;\x07\x1b[m\x1b[K]\n'}
[9.771706] (mission_layer_mvibot) StderrLine: {'line': b'  307 |                         \x1b[01;35m\x1b[Kconst std::shared_ptr<const opennav_coverage_msgs::action::NavigateCompleteCoverage::Feedback> feedback\x1b[m\x1b[K) {\n'}
[9.771829] (mission_layer_mvibot) StderrLine: {'line': b'      |                         \x1b[01;35m\x1b[K~~~~~~~~~~~~~~~~~~~~~~~~~~~~~~~~~~~~~~~~~~~~~~~~~~~~~~~~~~~~~~~~~~~~~~~~~~~~~~~~~~~~~~~~~~~~~~~^~~~~~~~\x1b[m\x1b[K\n'}
[9.797061] (mission_layer_mvibot) StderrLine: {'line': b'\x1b[01m\x1b[K/home/mvibot/floorCleaningRobot_ws/src/mission_layer_mvibot/src/../include/mission_layer_mvibot/mvibot_mission/navigation_function.h:\x1b[m\x1b[K In lambda function:\n'}
[9.797281] (mission_layer_mvibot) StderrLine: {'line': b'\x1b[01m\x1b[K/home/mvibot/floorCleaningRobot_ws/src/mission_layer_mvibot/src/../include/mission_layer_mvibot/mvibot_mission/navigation_function.h:363:98:\x1b[m\x1b[K \x1b[01;35m\x1b[Kwarning: \x1b[m\x1b[Kunused parameter \xe2\x80\x98\x1b[01m\x1b[Kfeedback\x1b[m\x1b[K\xe2\x80\x99 [\x1b[01;35m\x1b[K\x1b]8;;https://gcc.gnu.org/onlinedocs/gcc/Warning-Options.html#index-Wunused-parameter\x07-Wunused-parameter\x1b]8;;\x07\x1b[m\x1b[K]\n'}
[9.797378] (mission_layer_mvibot) StderrLine: {'line': b'  363 |                         \x1b[01;35m\x1b[Kconst std::shared_ptr<const nav2_msgs::action::NavigateToPose::Feedback> feedback\x1b[m\x1b[K) {\n'}
[9.797476] (mission_layer_mvibot) StderrLine: {'line': b'      |                         \x1b[01;35m\x1b[K~~~~~~~~~~~~~~~~~~~~~~~~~~~~~~~~~~~~~~~~~~~~~~~~~~~~~~~~~~~~~~~~~~~~~~~~~^~~~~~~~\x1b[m\x1b[K\n'}
[9.839943] (-) TimerEvent: {}
[9.943466] (-) TimerEvent: {}
[9.957665] (mission_layer_mvibot) StderrLine: {'line': b'\x1b[01m\x1b[K/home/mvibot/floorCleaningRobot_ws/src/mission_layer_mvibot/src/../include/mission_layer_mvibot/mvibot_mission/navigation_function.h:\x1b[m\x1b[K In member function \xe2\x80\x98\x1b[01m\x1b[Kint navigation_function::\x1b[01;32m\x1b[Kaction\x1b[m\x1b[K()\x1b[m\x1b[K\xe2\x80\x99:\n'}
[9.957919] (mission_layer_mvibot) StderrLine: {'line': b'\x1b[01m\x1b[K/home/mvibot/floorCleaningRobot_ws/src/mission_layer_mvibot/src/../include/mission_layer_mvibot/mvibot_mission/navigation_function.h:700:16:\x1b[m\x1b[K \x1b[01;35m\x1b[Kwarning: \x1b[m\x1b[Kunused variable \xe2\x80\x98\x1b[01m\x1b[Kt\x1b[m\x1b[K\xe2\x80\x99 [\x1b[01;35m\x1b[K\x1b]8;;https://gcc.gnu.org/onlinedocs/gcc/Warning-Options.html#index-Wunused-variable\x07-Wunused-variable\x1b]8;;\x07\x1b[m\x1b[K]\n'}
[9.958037] (mission_layer_mvibot) StderrLine: {'line': b'  700 |     static int \x1b[01;35m\x1b[Kt\x1b[m\x1b[K = 0;\n'}
[9.958123] (mission_layer_mvibot) StderrLine: {'line': b'      |                \x1b[01;35m\x1b[K^\x1b[m\x1b[K\n'}
[10.044135] (-) TimerEvent: {}
[10.144426] (-) TimerEvent: {}
[10.244655] (-) TimerEvent: {}
[10.269080] (mission_layer_mvibot) StderrLine: {'line': b'In file included from \x1b[01m\x1b[K/home/mvibot/floorCleaningRobot_ws/src/mission_layer_mvibot/src/mvibot_mission.cpp:6\x1b[m\x1b[K:\n'}
[10.269426] (mission_layer_mvibot) StderrLine: {'line': b'\x1b[01m\x1b[K/home/mvibot/floorCleaningRobot_ws/src/mission_layer_mvibot/src/../include/mission_layer_mvibot/mvibot_mission/marker_function.h:\x1b[m\x1b[K In member function \xe2\x80\x98\x1b[01m\x1b[Kdouble* marker_function::\x1b[01;32m\x1b[Kget_position\x1b[m\x1b[K(std::string, std::string)\x1b[m\x1b[K\xe2\x80\x99:\n'}
[10.269595] (mission_layer_mvibot) StderrLine: {'line': b'\x1b[01m\x1b[K/home/mvibot/floorCleaningRobot_ws/src/mission_layer_mvibot/src/../include/mission_layer_mvibot/mvibot_mission/marker_function.h:206:23:\x1b[m\x1b[K \x1b[01;35m\x1b[Kwarning: \x1b[m\x1b[Kvariable \xe2\x80\x98\x1b[01m\x1b[Kz\x1b[m\x1b[K\xe2\x80\x99 set but not used [\x1b[01;35m\x1b[K\x1b]8;;https://gcc.gnu.org/onlinedocs/gcc/Warning-Options.html#index-Wunused-but-set-variable\x07-Wunused-but-set-variable\x1b]8;;\x07\x1b[m\x1b[K]\n'}
[10.269751] (mission_layer_mvibot) StderrLine: {'line': b'  206 |     static double x,y,\x1b[01;35m\x1b[Kz\x1b[m\x1b[K,thz,thw;\n'}
[10.269899] (mission_layer_mvibot) StderrLine: {'line': b'      |                       \x1b[01;35m\x1b[K^\x1b[m\x1b[K\n'}
[10.272337] (mission_layer_mvibot) StderrLine: {'line': b'\x1b[01m\x1b[K/home/mvibot/floorCleaningRobot_ws/src/mission_layer_mvibot/src/../include/mission_layer_mvibot/mvibot_mission/marker_function.h:\x1b[m\x1b[K In member function \xe2\x80\x98\x1b[01m\x1b[Kint marker_function::\x1b[01;32m\x1b[Kcaculate_transforms_ofset\x1b[m\x1b[K()\x1b[m\x1b[K\xe2\x80\x99:\n'}
[10.272750] (mission_layer_mvibot) StderrLine: {'line': b'\x1b[01m\x1b[K/home/mvibot/floorCleaningRobot_ws/src/mission_layer_mvibot/src/../include/mission_layer_mvibot/mvibot_mission/marker_function.h:254:19:\x1b[m\x1b[K \x1b[01;35m\x1b[Kwarning: \x1b[m\x1b[Kvariable \xe2\x80\x98\x1b[01m\x1b[Ktheta\x1b[m\x1b[K\xe2\x80\x99 set but not used [\x1b[01;35m\x1b[K\x1b]8;;https://gcc.gnu.org/onlinedocs/gcc/Warning-Options.html#index-Wunused-but-set-variable\x07-Wunused-but-set-variable\x1b]8;;\x07\x1b[m\x1b[K]\n'}
[10.273006] (mission_layer_mvibot) StderrLine: {'line': b'  254 |     static double \x1b[01;35m\x1b[Ktheta\x1b[m\x1b[K;\n'}
[10.273168] (mission_layer_mvibot) StderrLine: {'line': b'      |                   \x1b[01;35m\x1b[K^~~~~\x1b[m\x1b[K\n'}
[10.301213] (mission_layer_mvibot) StderrLine: {'line': b'\x1b[01m\x1b[K/home/mvibot/floorCleaningRobot_ws/src/mission_layer_mvibot/src/../include/mission_layer_mvibot/mvibot_mission/marker_function.h:\x1b[m\x1b[K In member function \xe2\x80\x98\x1b[01m\x1b[Kint marker_function::\x1b[01;32m\x1b[Kmove_to_goal\x1b[m\x1b[K()\x1b[m\x1b[K\xe2\x80\x99:\n'}
[10.301567] (mission_layer_mvibot) StderrLine: {'line': b'\x1b[01m\x1b[K/home/mvibot/floorCleaningRobot_ws/src/mission_layer_mvibot/src/../include/mission_layer_mvibot/mvibot_mission/marker_function.h:442:21:\x1b[m\x1b[K \x1b[01;35m\x1b[Kwarning: \x1b[m\x1b[Kvariable \xe2\x80\x98\x1b[01m\x1b[Ky\x1b[m\x1b[K\xe2\x80\x99 set but not used [\x1b[01;35m\x1b[K\x1b]8;;https://gcc.gnu.org/onlinedocs/gcc/Warning-Options.html#index-Wunused-but-set-variable\x07-Wunused-but-set-variable\x1b]8;;\x07\x1b[m\x1b[K]\n'}
[10.302019] (mission_layer_mvibot) StderrLine: {'line': b'  442 |     static double x,\x1b[01;35m\x1b[Ky\x1b[m\x1b[K;\n'}
[10.302517] (mission_layer_mvibot) StderrLine: {'line': b'      |                     \x1b[01;35m\x1b[K^\x1b[m\x1b[K\n'}
[10.345011] (-) TimerEvent: {}
[10.347669] (mission_layer_mvibot) StderrLine: {'line': b'In file included from \x1b[01m\x1b[K/home/mvibot/floorCleaningRobot_ws/src/mission_layer_mvibot/src/mvibot_mission.cpp:7\x1b[m\x1b[K:\n'}
[10.348114] (mission_layer_mvibot) StderrLine: {'line': b'\x1b[01m\x1b[K/home/mvibot/floorCleaningRobot_ws/src/mission_layer_mvibot/src/../include/mission_layer_mvibot/mvibot_mission/variable_function.h:\x1b[m\x1b[K In member function \xe2\x80\x98\x1b[01m\x1b[Kvoid multiple_variable_local::\x1b[01;32m\x1b[Kadd_var\x1b[m\x1b[K(variable_local)\x1b[m\x1b[K\xe2\x80\x99:\n'}
[10.348361] (mission_layer_mvibot) StderrLine: {'line': b'\x1b[01m\x1b[K/home/mvibot/floorCleaningRobot_ws/src/mission_layer_mvibot/src/../include/mission_layer_mvibot/mvibot_mission/variable_function.h:31:18:\x1b[m\x1b[K \x1b[01;35m\x1b[Kwarning: \x1b[m\x1b[Kcomparison of integer expressions of different signedness: \xe2\x80\x98\x1b[01m\x1b[Kint\x1b[m\x1b[K\xe2\x80\x99 and \xe2\x80\x98\x1b[01m\x1b[Kstd::vector<variable_local>::size_type\x1b[m\x1b[K\xe2\x80\x99 {aka \xe2\x80\x98\x1b[01m\x1b[Klong unsigned int\x1b[m\x1b[K\xe2\x80\x99} [\x1b[01;35m\x1b[K\x1b]8;;https://gcc.gnu.org/onlinedocs/gcc/Warning-Options.html#index-Wsign-compare\x07-Wsign-compare\x1b]8;;\x07\x1b[m\x1b[K]\n'}
[10.348620] (mission_layer_mvibot) StderrLine: {'line': b'   31 |     for(int i=0;\x1b[01;35m\x1b[Ki<var.size()\x1b[m\x1b[K;i++){\n'}
[10.349048] (mission_layer_mvibot) StderrLine: {'line': b'      |                 \x1b[01;35m\x1b[K~^~~~~~~~~~~\x1b[m\x1b[K\n'}
[10.349568] (mission_layer_mvibot) StderrLine: {'line': b'\x1b[01m\x1b[K/home/mvibot/floorCleaningRobot_ws/src/mission_layer_mvibot/src/../include/mission_layer_mvibot/mvibot_mission/variable_function.h:\x1b[m\x1b[K In member function \xe2\x80\x98\x1b[01m\x1b[Kvoid multiple_variable_local::\x1b[01;32m\x1b[Kupdate_var\x1b[m\x1b[K(variable_local)\x1b[m\x1b[K\xe2\x80\x99:\n'}
[10.349754] (mission_layer_mvibot) StderrLine: {'line': b'\x1b[01m\x1b[K/home/mvibot/floorCleaningRobot_ws/src/mission_layer_mvibot/src/../include/mission_layer_mvibot/mvibot_mission/variable_function.h:45:18:\x1b[m\x1b[K \x1b[01;35m\x1b[Kwarning: \x1b[m\x1b[Kcomparison of integer expressions of different signedness: \xe2\x80\x98\x1b[01m\x1b[Kint\x1b[m\x1b[K\xe2\x80\x99 and \xe2\x80\x98\x1b[01m\x1b[Kstd::vector<variable_local>::size_type\x1b[m\x1b[K\xe2\x80\x99 {aka \xe2\x80\x98\x1b[01m\x1b[Klong unsigned int\x1b[m\x1b[K\xe2\x80\x99} [\x1b[01;35m\x1b[K\x1b]8;;https://gcc.gnu.org/onlinedocs/gcc/Warning-Options.html#index-Wsign-compare\x07-Wsign-compare\x1b]8;;\x07\x1b[m\x1b[K]\n'}
[10.350693] (mission_layer_mvibot) StderrLine: {'line': b'   45 |     for(int i=0;\x1b[01;35m\x1b[Ki<var.size()\x1b[m\x1b[K;i++){\n'}
[10.351129] (mission_layer_mvibot) StderrLine: {'line': b'      |                 \x1b[01;35m\x1b[K~^~~~~~~~~~~\x1b[m\x1b[K\n'}
[10.351419] (mission_layer_mvibot) StderrLine: {'line': b'\x1b[01m\x1b[K/home/mvibot/floorCleaningRobot_ws/src/mission_layer_mvibot/src/../include/mission_layer_mvibot/mvibot_mission/variable_function.h:\x1b[m\x1b[K In member function \xe2\x80\x98\x1b[01m\x1b[Kvoid multiple_variable_local::\x1b[01;32m\x1b[Kreset_all\x1b[m\x1b[K()\x1b[m\x1b[K\xe2\x80\x99:\n'}
[10.351718] (mission_layer_mvibot) StderrLine: {'line': b'\x1b[01m\x1b[K/home/mvibot/floorCleaningRobot_ws/src/mission_layer_mvibot/src/../include/mission_layer_mvibot/mvibot_mission/variable_function.h:58:18:\x1b[m\x1b[K \x1b[01;35m\x1b[Kwarning: \x1b[m\x1b[Kcomparison of integer expressions of different signedness: \xe2\x80\x98\x1b[01m\x1b[Kint\x1b[m\x1b[K\xe2\x80\x99 and \xe2\x80\x98\x1b[01m\x1b[Kstd::vector<variable_local>::size_type\x1b[m\x1b[K\xe2\x80\x99 {aka \xe2\x80\x98\x1b[01m\x1b[Klong unsigned int\x1b[m\x1b[K\xe2\x80\x99} [\x1b[01;35m\x1b[K\x1b]8;;https://gcc.gnu.org/onlinedocs/gcc/Warning-Options.html#index-Wsign-compare\x07-Wsign-compare\x1b]8;;\x07\x1b[m\x1b[K]\n'}
[10.351957] (mission_layer_mvibot) StderrLine: {'line': b'   58 |     for(int i=0;\x1b[01;35m\x1b[Ki<var.size()\x1b[m\x1b[K;i++){\n'}
[10.352245] (mission_layer_mvibot) StderrLine: {'line': b'      |                 \x1b[01;35m\x1b[K~^~~~~~~~~~~\x1b[m\x1b[K\n'}
[10.352480] (mission_layer_mvibot) StderrLine: {'line': b'\x1b[01m\x1b[K/home/mvibot/floorCleaningRobot_ws/src/mission_layer_mvibot/src/../include/mission_layer_mvibot/mvibot_mission/variable_function.h:\x1b[m\x1b[K In member function \xe2\x80\x98\x1b[01m\x1b[Kvoid multiple_variable_local::\x1b[01;32m\x1b[Kprint\x1b[m\x1b[K()\x1b[m\x1b[K\xe2\x80\x99:\n'}
[10.352675] (mission_layer_mvibot) StderrLine: {'line': b'\x1b[01m\x1b[K/home/mvibot/floorCleaningRobot_ws/src/mission_layer_mvibot/src/../include/mission_layer_mvibot/mvibot_mission/variable_function.h:68:18:\x1b[m\x1b[K \x1b[01;35m\x1b[Kwarning: \x1b[m\x1b[Kcomparison of integer expressions of different signedness: \xe2\x80\x98\x1b[01m\x1b[Kint\x1b[m\x1b[K\xe2\x80\x99 and \xe2\x80\x98\x1b[01m\x1b[Kstd::vector<variable_local>::size_type\x1b[m\x1b[K\xe2\x80\x99 {aka \xe2\x80\x98\x1b[01m\x1b[Klong unsigned int\x1b[m\x1b[K\xe2\x80\x99} [\x1b[01;35m\x1b[K\x1b]8;;https://gcc.gnu.org/onlinedocs/gcc/Warning-Options.html#index-Wsign-compare\x07-Wsign-compare\x1b]8;;\x07\x1b[m\x1b[K]\n'}
[10.352890] (mission_layer_mvibot) StderrLine: {'line': b'   68 |     for(int i=0;\x1b[01;35m\x1b[Ki<var.size()\x1b[m\x1b[K;i++){\n'}
[10.353084] (mission_layer_mvibot) StderrLine: {'line': b'      |                 \x1b[01;35m\x1b[K~^~~~~~~~~~~\x1b[m\x1b[K\n'}
[10.376163] (mission_layer_mvibot) StderrLine: {'line': b'\x1b[01m\x1b[K/home/mvibot/floorCleaningRobot_ws/src/mission_layer_mvibot/src/../include/mission_layer_mvibot/mvibot_mission/variable_function.h:\x1b[m\x1b[K In member function \xe2\x80\x98\x1b[01m\x1b[Kint variable_function::\x1b[01;32m\x1b[Kaction\x1b[m\x1b[K()\x1b[m\x1b[K\xe2\x80\x99:\n'}
[10.376530] (mission_layer_mvibot) StderrLine: {'line': b'\x1b[01m\x1b[K/home/mvibot/floorCleaningRobot_ws/src/mission_layer_mvibot/src/../include/mission_layer_mvibot/mvibot_mission/variable_function.h:195:26:\x1b[m\x1b[K \x1b[01;35m\x1b[Kwarning: \x1b[m\x1b[Kcomparison of integer expressions of different signedness: \xe2\x80\x98\x1b[01m\x1b[Kint\x1b[m\x1b[K\xe2\x80\x99 and \xe2\x80\x98\x1b[01m\x1b[Kstd::vector<variable_local>::size_type\x1b[m\x1b[K\xe2\x80\x99 {aka \xe2\x80\x98\x1b[01m\x1b[Klong unsigned int\x1b[m\x1b[K\xe2\x80\x99} [\x1b[01;35m\x1b[K\x1b]8;;https://gcc.gnu.org/onlinedocs/gcc/Warning-Options.html#index-Wsign-compare\x07-Wsign-compare\x1b]8;;\x07\x1b[m\x1b[K]\n'}
[10.376718] (mission_layer_mvibot) StderrLine: {'line': b'  195 |             for(int i=0;\x1b[01;35m\x1b[Ki<my_vars_local.var.size()\x1b[m\x1b[K;i++){\n'}
[10.376855] (mission_layer_mvibot) StderrLine: {'line': b'      |                         \x1b[01;35m\x1b[K~^~~~~~~~~~~~~~~~~~~~~~~~~\x1b[m\x1b[K\n'}
[10.445437] (-) TimerEvent: {}
[10.510043] (mission_layer_mvibot) StderrLine: {'line': b'In file included from \x1b[01m\x1b[K/home/mvibot/floorCleaningRobot_ws/src/mission_layer_mvibot/src/mvibot_mission.cpp:8\x1b[m\x1b[K:\n'}
[10.510670] (mission_layer_mvibot) StderrLine: {'line': b'\x1b[01m\x1b[K/home/mvibot/floorCleaningRobot_ws/src/mission_layer_mvibot/src/../include/mission_layer_mvibot/mvibot_mission/gpio_function.h:\x1b[m\x1b[K In member function \xe2\x80\x98\x1b[01m\x1b[Kint gpio_function::\x1b[01;32m\x1b[Kaction\x1b[m\x1b[K()\x1b[m\x1b[K\xe2\x80\x99:\n'}
[10.510855] (mission_layer_mvibot) StderrLine: {'line': b'\x1b[01m\x1b[K/home/mvibot/floorCleaningRobot_ws/src/mission_layer_mvibot/src/../include/mission_layer_mvibot/mvibot_mission/gpio_function.h:143:16:\x1b[m\x1b[K \x1b[01;35m\x1b[Kwarning: \x1b[m\x1b[Kunused variable \xe2\x80\x98\x1b[01m\x1b[Kvalue_return\x1b[m\x1b[K\xe2\x80\x99 [\x1b[01;35m\x1b[K\x1b]8;;https://gcc.gnu.org/onlinedocs/gcc/Warning-Options.html#index-Wunused-variable\x07-Wunused-variable\x1b]8;;\x07\x1b[m\x1b[K]\n'}
[10.511000] (mission_layer_mvibot) StderrLine: {'line': b'  143 |     static int \x1b[01;35m\x1b[Kvalue_return\x1b[m\x1b[K;\n'}
[10.511139] (mission_layer_mvibot) StderrLine: {'line': b'      |                \x1b[01;35m\x1b[K^~~~~~~~~~~~\x1b[m\x1b[K\n'}
[10.545559] (-) TimerEvent: {}
[10.645822] (-) TimerEvent: {}
[10.746074] (-) TimerEvent: {}
[10.846332] (-) TimerEvent: {}
[10.946585] (-) TimerEvent: {}
[11.046832] (-) TimerEvent: {}
[11.147099] (-) TimerEvent: {}
[11.247373] (-) TimerEvent: {}
[11.347645] (-) TimerEvent: {}
[11.448110] (-) TimerEvent: {}
[11.548499] (-) TimerEvent: {}
[11.648836] (-) TimerEvent: {}
[11.749166] (-) TimerEvent: {}
[11.849518] (-) TimerEvent: {}
[11.949804] (-) TimerEvent: {}
[12.050123] (-) TimerEvent: {}
[12.150495] (-) TimerEvent: {}
[12.251041] (-) TimerEvent: {}
[12.351337] (-) TimerEvent: {}
[12.451655] (-) TimerEvent: {}
[12.552049] (-) TimerEvent: {}
[12.652303] (-) TimerEvent: {}
[12.752616] (-) TimerEvent: {}
[12.853084] (-) TimerEvent: {}
[12.953529] (-) TimerEvent: {}
[13.053920] (-) TimerEvent: {}
[13.154251] (-) TimerEvent: {}
[13.254597] (-) TimerEvent: {}
[13.354998] (-) TimerEvent: {}
[13.455338] (-) TimerEvent: {}
[13.555633] (-) TimerEvent: {}
[13.655883] (-) TimerEvent: {}
[13.756130] (-) TimerEvent: {}
[13.856472] (-) TimerEvent: {}
[13.956850] (-) TimerEvent: {}
[14.057167] (-) TimerEvent: {}
[14.157533] (-) TimerEvent: {}
[14.258299] (-) TimerEvent: {}
[14.358801] (-) TimerEvent: {}
[14.459264] (-) TimerEvent: {}
[14.559828] (-) TimerEvent: {}
[14.660077] (-) TimerEvent: {}
[14.760606] (-) TimerEvent: {}
[14.861229] (-) TimerEvent: {}
[14.961540] (-) TimerEvent: {}
[15.061983] (-) TimerEvent: {}
[15.162317] (-) TimerEvent: {}
[15.263316] (-) TimerEvent: {}
[15.363659] (-) TimerEvent: {}
[15.464493] (-) TimerEvent: {}
[15.565934] (-) TimerEvent: {}
[15.666210] (-) TimerEvent: {}
[15.766578] (-) TimerEvent: {}
[15.866846] (-) TimerEvent: {}
[15.967252] (-) TimerEvent: {}
[16.067598] (-) TimerEvent: {}
[16.167935] (-) TimerEvent: {}
[16.268229] (-) TimerEvent: {}
[16.368515] (-) TimerEvent: {}
[16.468843] (-) TimerEvent: {}
[16.569159] (-) TimerEvent: {}
[16.669425] (-) TimerEvent: {}
[16.769704] (-) TimerEvent: {}
[16.869986] (-) TimerEvent: {}
[16.970249] (-) TimerEvent: {}
[17.070578] (-) TimerEvent: {}
[17.170871] (-) TimerEvent: {}
[17.271149] (-) TimerEvent: {}
[17.371474] (-) TimerEvent: {}
[17.471756] (-) TimerEvent: {}
[17.572014] (-) TimerEvent: {}
[17.672817] (-) TimerEvent: {}
[17.773067] (-) TimerEvent: {}
[17.873341] (-) TimerEvent: {}
[17.973677] (-) TimerEvent: {}
[18.074232] (-) TimerEvent: {}
[18.174627] (-) TimerEvent: {}
[18.275394] (-) TimerEvent: {}
[18.376039] (-) TimerEvent: {}
[18.476356] (-) TimerEvent: {}
[18.576690] (-) TimerEvent: {}
[18.677075] (-) TimerEvent: {}
[18.777487] (-) TimerEvent: {}
[18.877768] (-) TimerEvent: {}
[18.978130] (-) TimerEvent: {}
[19.078457] (-) TimerEvent: {}
[19.178797] (-) TimerEvent: {}
[19.279078] (-) TimerEvent: {}
[19.379337] (-) TimerEvent: {}
[19.480003] (-) TimerEvent: {}
[19.580536] (-) TimerEvent: {}
[19.681139] (-) TimerEvent: {}
[19.781586] (-) TimerEvent: {}
[19.882089] (-) TimerEvent: {}
[19.982556] (-) TimerEvent: {}
[20.083365] (-) TimerEvent: {}
[20.183833] (-) TimerEvent: {}
[20.284843] (-) TimerEvent: {}
[20.385168] (-) TimerEvent: {}
[20.485478] (-) TimerEvent: {}
[20.585830] (-) TimerEvent: {}
[20.686278] (-) TimerEvent: {}
[20.786561] (-) TimerEvent: {}
[20.887186] (-) TimerEvent: {}
[20.988778] (-) TimerEvent: {}
[21.089129] (-) TimerEvent: {}
[21.189496] (-) TimerEvent: {}
[21.289828] (-) TimerEvent: {}
[21.390231] (-) TimerEvent: {}
[21.490591] (-) TimerEvent: {}
[21.590926] (-) TimerEvent: {}
[21.691186] (-) TimerEvent: {}
[21.791471] (-) TimerEvent: {}
[21.891757] (-) TimerEvent: {}
[21.992091] (-) TimerEvent: {}
[22.092396] (-) TimerEvent: {}
[22.192698] (-) TimerEvent: {}
[22.293172] (-) TimerEvent: {}
[22.393655] (-) TimerEvent: {}
[22.494058] (-) TimerEvent: {}
[22.594368] (-) TimerEvent: {}
[22.694668] (-) TimerEvent: {}
[22.794918] (-) TimerEvent: {}
[22.895176] (-) TimerEvent: {}
[22.995443] (-) TimerEvent: {}
[23.095732] (-) TimerEvent: {}
[23.196045] (-) TimerEvent: {}
[23.296305] (-) TimerEvent: {}
[23.396609] (-) TimerEvent: {}
[23.497144] (-) TimerEvent: {}
[23.597451] (-) TimerEvent: {}
[23.697678] (-) TimerEvent: {}
[23.797969] (-) TimerEvent: {}
[23.898239] (-) TimerEvent: {}
[23.998527] (-) TimerEvent: {}
[24.098811] (-) TimerEvent: {}
[24.199170] (-) TimerEvent: {}
[24.299512] (-) TimerEvent: {}
[24.399880] (-) TimerEvent: {}
[24.500255] (-) TimerEvent: {}
[24.600593] (-) TimerEvent: {}
[24.701262] (-) TimerEvent: {}
[24.801546] (-) TimerEvent: {}
[24.901838] (-) TimerEvent: {}
[25.002284] (-) TimerEvent: {}
[25.102606] (-) TimerEvent: {}
[25.202891] (-) TimerEvent: {}
[25.303175] (-) TimerEvent: {}
[25.403476] (-) TimerEvent: {}
[25.503736] (-) TimerEvent: {}
[25.604089] (-) TimerEvent: {}
[25.704557] (-) TimerEvent: {}
[25.804930] (-) TimerEvent: {}
[25.905250] (-) TimerEvent: {}
[26.005503] (-) TimerEvent: {}
[26.105736] (-) TimerEvent: {}
[26.206071] (-) TimerEvent: {}
[26.306381] (-) TimerEvent: {}
[26.406932] (-) TimerEvent: {}
[26.507275] (-) TimerEvent: {}
[26.607567] (-) TimerEvent: {}
[26.707870] (-) TimerEvent: {}
[26.808518] (-) TimerEvent: {}
[26.908970] (-) TimerEvent: {}
[27.009724] (-) TimerEvent: {}
[27.110043] (-) TimerEvent: {}
[27.210366] (-) TimerEvent: {}
[27.310745] (-) TimerEvent: {}
[27.411056] (-) TimerEvent: {}
[27.511942] (-) TimerEvent: {}
[27.612215] (-) TimerEvent: {}
[27.712516] (-) TimerEvent: {}
[27.812836] (-) TimerEvent: {}
[27.913123] (-) TimerEvent: {}
[28.013583] (-) TimerEvent: {}
[28.113854] (-) TimerEvent: {}
[28.214088] (-) TimerEvent: {}
[28.314358] (-) TimerEvent: {}
[28.414668] (-) TimerEvent: {}
[28.514977] (-) TimerEvent: {}
[28.615220] (-) TimerEvent: {}
[28.715527] (-) TimerEvent: {}
[28.815796] (-) TimerEvent: {}
[28.916038] (-) TimerEvent: {}
[29.016250] (-) TimerEvent: {}
[29.116545] (-) TimerEvent: {}
[29.216838] (-) TimerEvent: {}
[29.317826] (-) TimerEvent: {}
[29.418119] (-) TimerEvent: {}
[29.518403] (-) TimerEvent: {}
[29.618767] (-) TimerEvent: {}
[29.719088] (-) TimerEvent: {}
[29.819381] (-) TimerEvent: {}
[29.919666] (-) TimerEvent: {}
[30.020494] (-) TimerEvent: {}
[30.120795] (-) TimerEvent: {}
[30.221067] (-) TimerEvent: {}
[30.321310] (-) TimerEvent: {}
[30.421581] (-) TimerEvent: {}
[30.522276] (-) TimerEvent: {}
[30.622743] (-) TimerEvent: {}
[30.723087] (-) TimerEvent: {}
[30.823371] (-) TimerEvent: {}
[30.923639] (-) TimerEvent: {}
[31.023921] (-) TimerEvent: {}
[31.124120] (-) TimerEvent: {}
[31.224356] (-) TimerEvent: {}
[31.325583] (-) TimerEvent: {}
[31.425866] (-) TimerEvent: {}
[31.526222] (-) TimerEvent: {}
[31.626627] (-) TimerEvent: {}
[31.727004] (-) TimerEvent: {}
[31.827339] (-) TimerEvent: {}
[31.927628] (-) TimerEvent: {}
[32.027974] (-) TimerEvent: {}
[32.128335] (-) TimerEvent: {}
[32.228733] (-) TimerEvent: {}
[32.329196] (-) TimerEvent: {}
[32.429484] (-) TimerEvent: {}
[32.529805] (-) TimerEvent: {}
[32.630139] (-) TimerEvent: {}
[32.730527] (-) TimerEvent: {}
[32.787304] (mission_layer_mvibot) StderrLine: {'line': b'\x1b[01m\x1b[K/home/mvibot/floorCleaningRobot_ws/src/mission_layer_mvibot/src/../include/mission_layer_mvibot/mvibot_mission/manage_mission.h:\x1b[m\x1b[K In member function \xe2\x80\x98\x1b[01m\x1b[Kint manage_mission::\x1b[01;32m\x1b[Khandle_content\x1b[m\x1b[K(const json&, const double&, double&, int&, rclcpp::Publisher<std_msgs::msg::String_<std::allocator<void> > >::SharedPtr, rclcpp::Publisher<std_msgs::msg::String_<std::allocator<void> > >::SharedPtr)\x1b[m\x1b[K\xe2\x80\x99:\n'}
[32.787593] (mission_layer_mvibot) StderrLine: {'line': b'\x1b[01m\x1b[K/home/mvibot/floorCleaningRobot_ws/src/mission_layer_mvibot/src/../include/mission_layer_mvibot/mvibot_mission/manage_mission.h:931:1:\x1b[m\x1b[K \x1b[01;35m\x1b[Kwarning: \x1b[m\x1b[Kcontrol reaches end of non-void function [\x1b[01;35m\x1b[K\x1b]8;;https://gcc.gnu.org/onlinedocs/gcc/Warning-Options.html#index-Wreturn-type\x07-Wreturn-type\x1b]8;;\x07\x1b[m\x1b[K]\n'}
[32.787748] (mission_layer_mvibot) StderrLine: {'line': b'  931 | \x1b[01;35m\x1b[K}\x1b[m\x1b[K\n'}
[32.787906] (mission_layer_mvibot) StderrLine: {'line': b'      | \x1b[01;35m\x1b[K^\x1b[m\x1b[K\n'}
[32.830596] (-) TimerEvent: {}
[32.932926] (-) TimerEvent: {}
[33.023531] (mission_layer_mvibot) StderrLine: {'line': b'\x1b[01m\x1b[K/home/mvibot/floorCleaningRobot_ws/src/mission_layer_mvibot/src/../include/mission_layer_mvibot/mvibot_mission/navigation_function.h:\x1b[m\x1b[K In member function \xe2\x80\x98\x1b[01m\x1b[Kint navigation_function::\x1b[01;32m\x1b[Kaction\x1b[m\x1b[K()\x1b[m\x1b[K\xe2\x80\x99:\n'}
[33.023736] (mission_layer_mvibot) StderrLine: {'line': b'\x1b[01m\x1b[K/home/mvibot/floorCleaningRobot_ws/src/mission_layer_mvibot/src/../include/mission_layer_mvibot/mvibot_mission/navigation_function.h:966:1:\x1b[m\x1b[K \x1b[01;35m\x1b[Kwarning: \x1b[m\x1b[Kcontrol reaches end of non-void function [\x1b[01;35m\x1b[K\x1b]8;;https://gcc.gnu.org/onlinedocs/gcc/Warning-Options.html#index-Wreturn-type\x07-Wreturn-type\x1b]8;;\x07\x1b[m\x1b[K]\n'}
[33.023847] (mission_layer_mvibot) StderrLine: {'line': b'  966 | \x1b[01;35m\x1b[K}\x1b[m\x1b[K\n'}
[33.023928] (mission_layer_mvibot) StderrLine: {'line': b'      | \x1b[01;35m\x1b[K^\x1b[m\x1b[K\n'}
[33.033019] (-) TimerEvent: {}
[33.122244] (mission_layer_mvibot) StderrLine: {'line': b'\x1b[01m\x1b[K/home/mvibot/floorCleaningRobot_ws/src/mission_layer_mvibot/src/../include/mission_layer_mvibot/mvibot_mission/marker_function.h:\x1b[m\x1b[K In member function \xe2\x80\x98\x1b[01m\x1b[Kint marker_function::\x1b[01;32m\x1b[Kaction\x1b[m\x1b[K()\x1b[m\x1b[K\xe2\x80\x99:\n'}
[33.122578] (mission_layer_mvibot) StderrLine: {'line': b'\x1b[01m\x1b[K/home/mvibot/floorCleaningRobot_ws/src/mission_layer_mvibot/src/../include/mission_layer_mvibot/mvibot_mission/marker_function.h:906:1:\x1b[m\x1b[K \x1b[01;35m\x1b[Kwarning: \x1b[m\x1b[Kcontrol reaches end of non-void function [\x1b[01;35m\x1b[K\x1b]8;;https://gcc.gnu.org/onlinedocs/gcc/Warning-Options.html#index-Wreturn-type\x07-Wreturn-type\x1b]8;;\x07\x1b[m\x1b[K]\n'}
[33.122727] (mission_layer_mvibot) StderrLine: {'line': b'  906 | \x1b[01;35m\x1b[K}\x1b[m\x1b[K\n'}
[33.122911] (mission_layer_mvibot) StderrLine: {'line': b'      | \x1b[01;35m\x1b[K^\x1b[m\x1b[K\n'}
[33.133120] (-) TimerEvent: {}
[33.142254] (mission_layer_mvibot) StderrLine: {'line': b'In file included from \x1b[01m\x1b[K/home/mvibot/floorCleaningRobot_ws/src/mission_layer_mvibot/src/mvibot_mission.cpp:13\x1b[m\x1b[K:\n'}
[33.142641] (mission_layer_mvibot) StderrLine: {'line': b'\x1b[01m\x1b[K/home/mvibot/floorCleaningRobot_ws/src/mission_layer_mvibot/src/../include/mission_layer_mvibot/mvibot_mission/lift_function.h:\x1b[m\x1b[K In member function \xe2\x80\x98\x1b[01m\x1b[Kint lift_function::\x1b[01;32m\x1b[Kaction\x1b[m\x1b[K()\x1b[m\x1b[K\xe2\x80\x99:\n'}
[33.144058] (mission_layer_mvibot) StderrLine: {'line': b'\x1b[01m\x1b[K/home/mvibot/floorCleaningRobot_ws/src/mission_layer_mvibot/src/../include/mission_layer_mvibot/mvibot_mission/lift_function.h:203:1:\x1b[m\x1b[K \x1b[01;35m\x1b[Kwarning: \x1b[m\x1b[Kcontrol reaches end of non-void function [\x1b[01;35m\x1b[K\x1b]8;;https://gcc.gnu.org/onlinedocs/gcc/Warning-Options.html#index-Wreturn-type\x07-Wreturn-type\x1b]8;;\x07\x1b[m\x1b[K]\n'}
[33.144343] (mission_layer_mvibot) StderrLine: {'line': b'  203 | \x1b[01;35m\x1b[K}\x1b[m\x1b[K\n'}
[33.144480] (mission_layer_mvibot) StderrLine: {'line': b'      | \x1b[01;35m\x1b[K^\x1b[m\x1b[K\n'}
[33.151269] (mission_layer_mvibot) StderrLine: {'line': b'In file included from \x1b[01m\x1b[K/home/mvibot/floorCleaningRobot_ws/src/mission_layer_mvibot/src/mvibot_mission.cpp:14\x1b[m\x1b[K:\n'}
[33.151554] (mission_layer_mvibot) StderrLine: {'line': b'\x1b[01m\x1b[K/home/mvibot/floorCleaningRobot_ws/src/mission_layer_mvibot/src/../include/mission_layer_mvibot/mvibot_mission/map_function.h:\x1b[m\x1b[K In member function \xe2\x80\x98\x1b[01m\x1b[Kint loadmap_function::\x1b[01;32m\x1b[Kaction\x1b[m\x1b[K()\x1b[m\x1b[K\xe2\x80\x99:\n'}
[33.151693] (mission_layer_mvibot) StderrLine: {'line': b'\x1b[01m\x1b[K/home/mvibot/floorCleaningRobot_ws/src/mission_layer_mvibot/src/../include/mission_layer_mvibot/mvibot_mission/map_function.h:160:1:\x1b[m\x1b[K \x1b[01;35m\x1b[Kwarning: \x1b[m\x1b[Kcontrol reaches end of non-void function [\x1b[01;35m\x1b[K\x1b]8;;https://gcc.gnu.org/onlinedocs/gcc/Warning-Options.html#index-Wreturn-type\x07-Wreturn-type\x1b]8;;\x07\x1b[m\x1b[K]\n'}
[33.152066] (mission_layer_mvibot) StderrLine: {'line': b'  160 | \x1b[01;35m\x1b[K}\x1b[m\x1b[K\n'}
[33.152191] (mission_layer_mvibot) StderrLine: {'line': b'      | \x1b[01;35m\x1b[K^\x1b[m\x1b[K\n'}
[33.233255] (-) TimerEvent: {}
[33.333572] (-) TimerEvent: {}
[33.433833] (-) TimerEvent: {}
[33.534129] (-) TimerEvent: {}
[33.634473] (-) TimerEvent: {}
[33.734938] (-) TimerEvent: {}
[33.835276] (-) TimerEvent: {}
[33.937500] (-) TimerEvent: {}
[34.037981] (-) TimerEvent: {}
[34.138639] (-) TimerEvent: {}
[34.239168] (-) TimerEvent: {}
[34.339602] (-) TimerEvent: {}
[34.440713] (-) TimerEvent: {}
[34.541011] (-) TimerEvent: {}
[34.641295] (-) TimerEvent: {}
[34.741879] (-) TimerEvent: {}
[34.842156] (-) TimerEvent: {}
[34.942535] (-) TimerEvent: {}
[35.044346] (-) TimerEvent: {}
[35.144628] (-) TimerEvent: {}
[35.244927] (-) TimerEvent: {}
[35.345213] (-) TimerEvent: {}
[35.445505] (-) TimerEvent: {}
[35.545830] (-) TimerEvent: {}
[35.646604] (-) TimerEvent: {}
[35.746942] (-) TimerEvent: {}
[35.847267] (-) TimerEvent: {}
[35.947564] (-) TimerEvent: {}
[36.047827] (-) TimerEvent: {}
[36.148044] (-) TimerEvent: {}
[36.248312] (-) TimerEvent: {}
[36.348632] (-) TimerEvent: {}
[36.448956] (-) TimerEvent: {}
[36.549244] (-) TimerEvent: {}
[36.649500] (-) TimerEvent: {}
[36.749762] (-) TimerEvent: {}
[36.850061] (-) TimerEvent: {}
[36.950551] (-) TimerEvent: {}
[37.050870] (-) TimerEvent: {}
[37.151125] (-) TimerEvent: {}
[37.251449] (-) TimerEvent: {}
[37.351768] (-) TimerEvent: {}
[37.452194] (-) TimerEvent: {}
[37.552584] (-) TimerEvent: {}
[37.652948] (-) TimerEvent: {}
[37.753283] (-) TimerEvent: {}
[37.853628] (-) TimerEvent: {}
[37.953898] (-) TimerEvent: {}
[38.054232] (-) TimerEvent: {}
[38.154624] (-) TimerEvent: {}
[38.254891] (-) TimerEvent: {}
[38.355155] (-) TimerEvent: {}
[38.455507] (-) TimerEvent: {}
[38.555994] (-) TimerEvent: {}
[38.656392] (-) TimerEvent: {}
[38.756696] (-) TimerEvent: {}
[38.857124] (-) TimerEvent: {}
[38.957492] (-) TimerEvent: {}
[39.057968] (-) TimerEvent: {}
[39.158297] (-) TimerEvent: {}
[39.258988] (-) TimerEvent: {}
[39.359341] (-) TimerEvent: {}
[39.459758] (-) TimerEvent: {}
[39.560335] (-) TimerEvent: {}
[39.660839] (-) TimerEvent: {}
[39.761182] (-) TimerEvent: {}
[39.861479] (-) TimerEvent: {}
[39.961871] (-) TimerEvent: {}
[40.062195] (-) TimerEvent: {}
[40.162485] (-) TimerEvent: {}
[40.262822] (-) TimerEvent: {}
[40.363265] (-) TimerEvent: {}
[40.463764] (-) TimerEvent: {}
[40.564289] (-) TimerEvent: {}
[40.665143] (-) TimerEvent: {}
[40.765448] (-) TimerEvent: {}
[40.865813] (-) TimerEvent: {}
[40.966145] (-) TimerEvent: {}
[41.066599] (-) TimerEvent: {}
[41.166888] (-) TimerEvent: {}
[41.267164] (-) TimerEvent: {}
[41.367497] (-) TimerEvent: {}
[41.467809] (-) TimerEvent: {}
[41.568101] (-) TimerEvent: {}
[41.668403] (-) TimerEvent: {}
[41.768670] (-) TimerEvent: {}
[41.868889] (-) TimerEvent: {}
[41.969143] (-) TimerEvent: {}
[42.069494] (-) TimerEvent: {}
[42.169914] (-) TimerEvent: {}
[42.270208] (-) TimerEvent: {}
[42.370583] (-) TimerEvent: {}
[42.471081] (-) TimerEvent: {}
[42.571432] (-) TimerEvent: {}
[42.671714] (-) TimerEvent: {}
[42.771954] (-) TimerEvent: {}
[42.872201] (-) TimerEvent: {}
[42.972500] (-) TimerEvent: {}
[43.072766] (-) TimerEvent: {}
[43.173033] (-) TimerEvent: {}
[43.273315] (-) TimerEvent: {}
[43.373631] (-) TimerEvent: {}
[43.473984] (-) TimerEvent: {}
[43.574252] (-) TimerEvent: {}
[43.674561] (-) TimerEvent: {}
[43.774945] (-) TimerEvent: {}
[43.875547] (-) TimerEvent: {}
[43.976233] (-) TimerEvent: {}
[44.076550] (-) TimerEvent: {}
[44.177239] (-) TimerEvent: {}
[44.277765] (-) TimerEvent: {}
[44.378159] (-) TimerEvent: {}
[44.478481] (-) TimerEvent: {}
[44.578823] (-) TimerEvent: {}
[44.679329] (-) TimerEvent: {}
[44.779597] (-) TimerEvent: {}
[44.880063] (-) TimerEvent: {}
[44.980318] (-) TimerEvent: {}
[45.080627] (-) TimerEvent: {}
[45.180954] (-) TimerEvent: {}
[45.281192] (-) TimerEvent: {}
[45.381488] (-) TimerEvent: {}
[45.481798] (-) TimerEvent: {}
[45.582131] (-) TimerEvent: {}
[45.682536] (-) TimerEvent: {}
[45.782836] (-) TimerEvent: {}
[45.883107] (-) TimerEvent: {}
[45.984131] (-) TimerEvent: {}
[46.084389] (-) TimerEvent: {}
[46.184869] (-) TimerEvent: {}
[46.285151] (-) TimerEvent: {}
[46.385436] (-) TimerEvent: {}
[46.485825] (-) TimerEvent: {}
[46.586109] (-) TimerEvent: {}
[46.686509] (-) TimerEvent: {}
[46.786834] (-) TimerEvent: {}
[46.887366] (-) TimerEvent: {}
[46.987672] (-) TimerEvent: {}
[47.088113] (-) TimerEvent: {}
[47.188406] (-) TimerEvent: {}
[47.288690] (-) TimerEvent: {}
[47.389186] (-) TimerEvent: {}
[47.489706] (-) TimerEvent: {}
[47.589973] (-) TimerEvent: {}
[47.690327] (-) TimerEvent: {}
[47.790555] (-) TimerEvent: {}
[47.890800] (-) TimerEvent: {}
[47.991108] (-) TimerEvent: {}
[48.091620] (-) TimerEvent: {}
[48.191954] (-) TimerEvent: {}
[48.292247] (-) TimerEvent: {}
[48.392568] (-) TimerEvent: {}
[48.493124] (-) TimerEvent: {}
[48.593605] (-) TimerEvent: {}
[48.694008] (-) TimerEvent: {}
[48.794409] (-) TimerEvent: {}
[48.894699] (-) TimerEvent: {}
[48.995035] (-) TimerEvent: {}
[49.095566] (-) TimerEvent: {}
[49.195835] (-) TimerEvent: {}
[49.296152] (-) TimerEvent: {}
[49.396624] (-) TimerEvent: {}
[49.497119] (-) TimerEvent: {}
[49.597447] (-) TimerEvent: {}
[49.697691] (-) TimerEvent: {}
[49.797969] (-) TimerEvent: {}
[49.898269] (-) TimerEvent: {}
[49.998562] (-) TimerEvent: {}
[50.098817] (-) TimerEvent: {}
[50.199054] (-) TimerEvent: {}
[50.299445] (-) TimerEvent: {}
[50.399708] (-) TimerEvent: {}
[50.500002] (-) TimerEvent: {}
[50.600261] (-) TimerEvent: {}
[50.700534] (-) TimerEvent: {}
[50.800793] (-) TimerEvent: {}
[50.901036] (-) TimerEvent: {}
[51.001301] (-) TimerEvent: {}
[51.101592] (-) TimerEvent: {}
[51.202141] (-) TimerEvent: {}
[51.302460] (-) TimerEvent: {}
[51.402757] (-) TimerEvent: {}
[51.503073] (-) TimerEvent: {}
[51.603389] (-) TimerEvent: {}
[51.704174] (-) TimerEvent: {}
[51.804425] (-) TimerEvent: {}
[51.904669] (-) TimerEvent: {}
[52.004884] (-) TimerEvent: {}
[52.105114] (-) TimerEvent: {}
[52.205312] (-) TimerEvent: {}
[52.305541] (-) TimerEvent: {}
[52.405922] (-) TimerEvent: {}
[52.506190] (-) TimerEvent: {}
[52.606478] (-) TimerEvent: {}
[52.706725] (-) TimerEvent: {}
[52.807030] (-) TimerEvent: {}
[52.907416] (-) TimerEvent: {}
[53.007840] (-) TimerEvent: {}
[53.108197] (-) TimerEvent: {}
[53.208562] (-) TimerEvent: {}
[53.308836] (-) TimerEvent: {}
[53.409284] (-) TimerEvent: {}
[53.510829] (-) TimerEvent: {}
[53.611118] (-) TimerEvent: {}
[53.711433] (-) TimerEvent: {}
[53.811824] (-) TimerEvent: {}
[53.912107] (-) TimerEvent: {}
[54.012602] (-) TimerEvent: {}
[54.112953] (-) TimerEvent: {}
[54.213308] (-) TimerEvent: {}
[54.313663] (-) TimerEvent: {}
[54.413986] (-) TimerEvent: {}
[54.514968] (-) TimerEvent: {}
[54.615281] (-) TimerEvent: {}
[54.715629] (-) TimerEvent: {}
[54.815890] (-) TimerEvent: {}
[54.916172] (-) TimerEvent: {}
[55.016427] (-) TimerEvent: {}
[55.117112] (-) TimerEvent: {}
[55.217402] (-) TimerEvent: {}
[55.317690] (-) TimerEvent: {}
[55.418587] (-) TimerEvent: {}
[55.518830] (-) TimerEvent: {}
[55.619167] (-) TimerEvent: {}
[55.719527] (-) TimerEvent: {}
[55.820219] (-) TimerEvent: {}
[55.920697] (-) TimerEvent: {}
[56.021213] (-) TimerEvent: {}
[56.121553] (-) TimerEvent: {}
[56.221839] (-) TimerEvent: {}
[56.322358] (-) TimerEvent: {}
[56.423221] (-) TimerEvent: {}
[56.523497] (-) TimerEvent: {}
[56.623835] (-) TimerEvent: {}
[56.724115] (-) TimerEvent: {}
[56.824381] (-) TimerEvent: {}
[56.924665] (-) TimerEvent: {}
[57.024970] (-) TimerEvent: {}
[57.125232] (-) TimerEvent: {}
[57.225761] (-) TimerEvent: {}
[57.326210] (-) TimerEvent: {}
[57.426543] (-) TimerEvent: {}
[57.526857] (-) TimerEvent: {}
[57.627179] (-) TimerEvent: {}
[57.727510] (-) TimerEvent: {}
[57.827983] (-) TimerEvent: {}
[57.928273] (-) TimerEvent: {}
[58.028596] (-) TimerEvent: {}
[58.128979] (-) TimerEvent: {}
[58.229749] (-) TimerEvent: {}
[58.330052] (-) TimerEvent: {}
[58.430576] (-) TimerEvent: {}
[58.530910] (-) TimerEvent: {}
[58.631678] (-) TimerEvent: {}
[58.732433] (-) TimerEvent: {}
[58.832698] (-) TimerEvent: {}
[58.933058] (-) TimerEvent: {}
[59.033349] (-) TimerEvent: {}
[59.133642] (-) TimerEvent: {}
[59.234006] (-) TimerEvent: {}
[59.335127] (-) TimerEvent: {}
[59.436384] (-) TimerEvent: {}
[59.536727] (-) TimerEvent: {}
[59.637846] (-) TimerEvent: {}
[59.738165] (-) TimerEvent: {}
[59.838468] (-) TimerEvent: {}
[59.938942] (-) TimerEvent: {}
[60.039338] (-) TimerEvent: {}
[60.139657] (-) TimerEvent: {}
[60.239995] (-) TimerEvent: {}
[60.340322] (-) TimerEvent: {}
[60.440655] (-) TimerEvent: {}
[60.541025] (-) TimerEvent: {}
[60.641691] (-) TimerEvent: {}
[60.742630] (-) TimerEvent: {}
[60.842958] (-) TimerEvent: {}
[60.943283] (-) TimerEvent: {}
[61.043577] (-) TimerEvent: {}
[61.144168] (-) TimerEvent: {}
[61.244524] (-) TimerEvent: {}
[61.344974] (-) TimerEvent: {}
[61.445790] (-) TimerEvent: {}
[61.546101] (-) TimerEvent: {}
[61.646553] (-) TimerEvent: {}
[61.747243] (-) TimerEvent: {}
[61.847543] (-) TimerEvent: {}
[61.947811] (-) TimerEvent: {}
[62.048116] (-) TimerEvent: {}
[62.148344] (-) TimerEvent: {}
[62.248617] (-) TimerEvent: {}
[62.348916] (-) TimerEvent: {}
[62.449289] (-) TimerEvent: {}
[62.549735] (-) TimerEvent: {}
[62.650149] (-) TimerEvent: {}
[62.750461] (-) TimerEvent: {}
[62.850803] (-) TimerEvent: {}
[62.951104] (-) TimerEvent: {}
[63.051594] (-) TimerEvent: {}
[63.152263] (-) TimerEvent: {}
[63.252555] (-) TimerEvent: {}
[63.352832] (-) TimerEvent: {}
[63.453477] (-) TimerEvent: {}
[63.553843] (-) TimerEvent: {}
[63.654432] (-) TimerEvent: {}
[63.755161] (-) TimerEvent: {}
[63.855538] (-) TimerEvent: {}
[63.956148] (-) TimerEvent: {}
[64.056424] (-) TimerEvent: {}
[64.156916] (-) TimerEvent: {}
[64.257762] (-) TimerEvent: {}
[64.358328] (-) TimerEvent: {}
[64.458627] (-) TimerEvent: {}
[64.558958] (-) TimerEvent: {}
[64.659409] (-) TimerEvent: {}
[64.760750] (-) TimerEvent: {}
[64.861063] (-) TimerEvent: {}
[64.961368] (-) TimerEvent: {}
[65.061708] (-) TimerEvent: {}
[65.162052] (-) TimerEvent: {}
[65.262363] (-) TimerEvent: {}
[65.362933] (-) TimerEvent: {}
[65.463328] (-) TimerEvent: {}
[65.563635] (-) TimerEvent: {}
[65.664358] (-) TimerEvent: {}
[65.765327] (-) TimerEvent: {}
[65.866008] (-) TimerEvent: {}
[65.966336] (-) TimerEvent: {}
[66.066908] (-) TimerEvent: {}
[66.167167] (-) TimerEvent: {}
[66.267447] (-) TimerEvent: {}
[66.367747] (-) TimerEvent: {}
[66.468094] (-) TimerEvent: {}
[66.568413] (-) TimerEvent: {}
[66.668710] (-) TimerEvent: {}
[66.769229] (-) TimerEvent: {}
[66.869766] (-) TimerEvent: {}
[66.970179] (-) TimerEvent: {}
[67.070610] (-) TimerEvent: {}
[67.170891] (-) TimerEvent: {}
[67.271180] (-) TimerEvent: {}
[67.371406] (-) TimerEvent: {}
[67.471688] (-) TimerEvent: {}
[67.571968] (-) TimerEvent: {}
[67.672290] (-) TimerEvent: {}
[67.772641] (-) TimerEvent: {}
[67.873060] (-) TimerEvent: {}
[67.973331] (-) TimerEvent: {}
[68.074016] (-) TimerEvent: {}
[68.174458] (-) TimerEvent: {}
[68.274743] (-) TimerEvent: {}
[68.375034] (-) TimerEvent: {}
[68.475462] (-) TimerEvent: {}
[68.575821] (-) TimerEvent: {}
[68.676263] (-) TimerEvent: {}
[68.776682] (-) TimerEvent: {}
[68.877089] (-) TimerEvent: {}
[68.977394] (-) TimerEvent: {}
[69.077709] (-) TimerEvent: {}
[69.178012] (-) TimerEvent: {}
[69.278889] (-) TimerEvent: {}
[69.379326] (-) TimerEvent: {}
[69.479629] (-) TimerEvent: {}
[69.580213] (-) TimerEvent: {}
[69.680576] (-) TimerEvent: {}
[69.780943] (-) TimerEvent: {}
[69.881595] (-) TimerEvent: {}
[69.981927] (-) TimerEvent: {}
[70.082158] (-) TimerEvent: {}
[70.182439] (-) TimerEvent: {}
[70.282747] (-) TimerEvent: {}
[70.383241] (-) TimerEvent: {}
[70.483708] (-) TimerEvent: {}
[70.584079] (-) TimerEvent: {}
[70.684942] (-) TimerEvent: {}
[70.785348] (-) TimerEvent: {}
[70.885619] (-) TimerEvent: {}
[70.985965] (-) TimerEvent: {}
[71.086242] (-) TimerEvent: {}
[71.186575] (-) TimerEvent: {}
[71.286903] (-) TimerEvent: {}
[71.387176] (-) TimerEvent: {}
[71.487510] (-) TimerEvent: {}
[71.587965] (-) TimerEvent: {}
[71.688370] (-) TimerEvent: {}
[71.788692] (-) TimerEvent: {}
[71.888976] (-) TimerEvent: {}
[71.989195] (-) TimerEvent: {}
[72.089505] (-) TimerEvent: {}
[72.189997] (-) TimerEvent: {}
[72.290331] (-) TimerEvent: {}
[72.390680] (-) TimerEvent: {}
[72.491109] (-) TimerEvent: {}
[72.591564] (-) TimerEvent: {}
[72.691835] (-) TimerEvent: {}
[72.792202] (-) TimerEvent: {}
[72.892534] (-) TimerEvent: {}
[72.992864] (-) TimerEvent: {}
[73.093191] (-) TimerEvent: {}
[73.193620] (-) TimerEvent: {}
[73.294239] (-) TimerEvent: {}
[73.394613] (-) TimerEvent: {}
[73.494894] (-) TimerEvent: {}
[73.595240] (-) TimerEvent: {}
[73.695663] (-) TimerEvent: {}
[73.796043] (-) TimerEvent: {}
[73.896289] (-) TimerEvent: {}
[73.996569] (-) TimerEvent: {}
[74.096894] (-) TimerEvent: {}
[74.197165] (-) TimerEvent: {}
[74.297408] (-) TimerEvent: {}
[74.397719] (-) TimerEvent: {}
[74.498071] (-) TimerEvent: {}
[74.598406] (-) TimerEvent: {}
[74.698825] (-) TimerEvent: {}
[74.799190] (-) TimerEvent: {}
[74.899456] (-) TimerEvent: {}
[74.999824] (-) TimerEvent: {}
[75.100128] (-) TimerEvent: {}
[75.200417] (-) TimerEvent: {}
[75.300746] (-) TimerEvent: {}
[75.401120] (-) TimerEvent: {}
[75.501367] (-) TimerEvent: {}
[75.601596] (-) TimerEvent: {}
[75.703289] (-) TimerEvent: {}
[75.803559] (-) TimerEvent: {}
[75.903826] (-) TimerEvent: {}
[76.004068] (-) TimerEvent: {}
[76.104312] (-) TimerEvent: {}
[76.204565] (-) TimerEvent: {}
[76.304828] (-) TimerEvent: {}
[76.405296] (-) TimerEvent: {}
[76.505619] (-) TimerEvent: {}
[76.605983] (-) TimerEvent: {}
[76.706412] (-) TimerEvent: {}
[76.806695] (-) TimerEvent: {}
[76.907006] (-) TimerEvent: {}
[77.007354] (-) TimerEvent: {}
[77.107618] (-) TimerEvent: {}
[77.207917] (-) TimerEvent: {}
[77.308190] (-) TimerEvent: {}
[77.408452] (-) TimerEvent: {}
[77.508817] (-) TimerEvent: {}
[77.609830] (-) TimerEvent: {}
[77.710206] (-) TimerEvent: {}
[77.811554] (-) TimerEvent: {}
[77.817646] (mission_layer_mvibot) StderrLine: {'line': b'\x1b[01m\x1b[K/home/mvibot/floorCleaningRobot_ws/src/mission_layer_mvibot/src/../include/mission_layer_mvibot/mvibot_mission/manage_mission.h:\x1b[m\x1b[K In member function \xe2\x80\x98\x1b[01m\x1b[Kdouble* manage_mission::\x1b[01;32m\x1b[Kget_position_tf\x1b[m\x1b[K(std::string, std::string)\x1b[m\x1b[K\xe2\x80\x99:\n'}
[77.818084] (mission_layer_mvibot) StderrLine: {'line': b'\x1b[01m\x1b[K/home/mvibot/floorCleaningRobot_ws/src/mission_layer_mvibot/src/../include/mission_layer_mvibot/mvibot_mission/manage_mission.h:696:33:\x1b[m\x1b[K \x1b[01;35m\x1b[Kwarning: \x1b[m\x1b[Karray subscript 2 is above array bounds of \xe2\x80\x98\x1b[01m\x1b[Kdouble [2]\x1b[m\x1b[K\xe2\x80\x99 [\x1b[01;35m\x1b[K\x1b]8;;https://gcc.gnu.org/onlinedocs/gcc/Warning-Options.html#index-Warray-bounds=\x07-Warray-bounds=\x1b]8;;\x07\x1b[m\x1b[K]\n'}
[77.818251] (mission_layer_mvibot) StderrLine: {'line': b'  696 |     data[0]=x; data[1]=y; \x1b[01;35m\x1b[Kdata[2]\x1b[m\x1b[K=thz; data[3]=thw;\n'}
[77.818390] (mission_layer_mvibot) StderrLine: {'line': b'      |                           \x1b[01;35m\x1b[K~~~~~~^\x1b[m\x1b[K\n'}
[77.818527] (mission_layer_mvibot) StderrLine: {'line': b'\x1b[01m\x1b[K/home/mvibot/floorCleaningRobot_ws/src/mission_layer_mvibot/src/../include/mission_layer_mvibot/mvibot_mission/manage_mission.h:680:19:\x1b[m\x1b[K \x1b[01;36m\x1b[Knote: \x1b[m\x1b[Kwhile referencing \xe2\x80\x98\x1b[01m\x1b[Kdata\x1b[m\x1b[K\xe2\x80\x99\n'}
[77.818673] (mission_layer_mvibot) StderrLine: {'line': b'  680 |     static double \x1b[01;36m\x1b[Kdata\x1b[m\x1b[K[2];\n'}
[77.818849] (mission_layer_mvibot) StderrLine: {'line': b'      |                   \x1b[01;36m\x1b[K^~~~\x1b[m\x1b[K\n'}
[77.819694] (mission_layer_mvibot) StderrLine: {'line': b'\x1b[01m\x1b[K/home/mvibot/floorCleaningRobot_ws/src/mission_layer_mvibot/src/../include/mission_layer_mvibot/mvibot_mission/manage_mission.h:696:46:\x1b[m\x1b[K \x1b[01;35m\x1b[Kwarning: \x1b[m\x1b[Karray subscript 3 is above array bounds of \xe2\x80\x98\x1b[01m\x1b[Kdouble [2]\x1b[m\x1b[K\xe2\x80\x99 [\x1b[01;35m\x1b[K\x1b]8;;https://gcc.gnu.org/onlinedocs/gcc/Warning-Options.html#index-Warray-bounds=\x07-Warray-bounds=\x1b]8;;\x07\x1b[m\x1b[K]\n'}
[77.819928] (mission_layer_mvibot) StderrLine: {'line': b'  696 |     data[0]=x; data[1]=y; data[2]=thz; \x1b[01;35m\x1b[Kdata[3]\x1b[m\x1b[K=thw;\n'}
[77.820046] (mission_layer_mvibot) StderrLine: {'line': b'      |                                        \x1b[01;35m\x1b[K~~~~~~^\x1b[m\x1b[K\n'}
[77.820151] (mission_layer_mvibot) StderrLine: {'line': b'\x1b[01m\x1b[K/home/mvibot/floorCleaningRobot_ws/src/mission_layer_mvibot/src/../include/mission_layer_mvibot/mvibot_mission/manage_mission.h:680:19:\x1b[m\x1b[K \x1b[01;36m\x1b[Knote: \x1b[m\x1b[Kwhile referencing \xe2\x80\x98\x1b[01m\x1b[Kdata\x1b[m\x1b[K\xe2\x80\x99\n'}
[77.820261] (mission_layer_mvibot) StderrLine: {'line': b'  680 |     static double \x1b[01;36m\x1b[Kdata\x1b[m\x1b[K[2];\n'}
[77.820377] (mission_layer_mvibot) StderrLine: {'line': b'      |                   \x1b[01;36m\x1b[K^~~~\x1b[m\x1b[K\n'}
[77.911801] (-) TimerEvent: {}
[78.012080] (-) TimerEvent: {}
[78.112831] (-) TimerEvent: {}
[78.213140] (-) TimerEvent: {}
[78.313439] (-) TimerEvent: {}
[78.413783] (-) TimerEvent: {}
[78.514125] (-) TimerEvent: {}
[78.614398] (-) TimerEvent: {}
[78.715060] (-) TimerEvent: {}
[78.815376] (-) TimerEvent: {}
[78.915660] (-) TimerEvent: {}
[79.015953] (-) TimerEvent: {}
[79.116212] (-) TimerEvent: {}
[79.216578] (-) TimerEvent: {}
[79.317717] (-) TimerEvent: {}
[79.418018] (-) TimerEvent: {}
[79.518297] (-) TimerEvent: {}
[79.618539] (-) TimerEvent: {}
[79.718905] (-) TimerEvent: {}
[79.819280] (-) TimerEvent: {}
[79.920675] (-) TimerEvent: {}
[80.021013] (-) TimerEvent: {}
[80.121291] (-) TimerEvent: {}
[80.221591] (-) TimerEvent: {}
[80.321952] (-) TimerEvent: {}
[80.422311] (-) TimerEvent: {}
[80.522603] (-) TimerEvent: {}
[80.622925] (-) TimerEvent: {}
[80.724754] (-) TimerEvent: {}
[80.825030] (-) TimerEvent: {}
[80.925327] (-) TimerEvent: {}
[81.025672] (-) TimerEvent: {}
[81.125981] (-) TimerEvent: {}
[81.226298] (-) TimerEvent: {}
[81.326632] (-) TimerEvent: {}
[81.426994] (-) TimerEvent: {}
[81.527319] (-) TimerEvent: {}
[81.627654] (-) TimerEvent: {}
[81.728175] (-) TimerEvent: {}
[81.828555] (-) TimerEvent: {}
[81.928905] (-) TimerEvent: {}
[82.029485] (-) TimerEvent: {}
[82.129751] (-) TimerEvent: {}
[82.230062] (-) TimerEvent: {}
[82.331008] (-) TimerEvent: {}
[82.431295] (-) TimerEvent: {}
[82.531607] (-) TimerEvent: {}
[82.631937] (-) TimerEvent: {}
[82.732218] (-) TimerEvent: {}
[82.832476] (-) TimerEvent: {}
[82.932824] (-) TimerEvent: {}
[83.033161] (-) TimerEvent: {}
[83.134077] (-) TimerEvent: {}
[83.234708] (-) TimerEvent: {}
[83.336138] (-) TimerEvent: {}
[83.436536] (-) TimerEvent: {}
[83.536873] (-) TimerEvent: {}
[83.637191] (-) TimerEvent: {}
[83.737749] (-) TimerEvent: {}
[83.838056] (-) TimerEvent: {}
[83.938540] (-) TimerEvent: {}
[84.038954] (-) TimerEvent: {}
[84.139308] (-) TimerEvent: {}
[84.239663] (-) TimerEvent: {}
[84.340003] (-) TimerEvent: {}
[84.440317] (-) TimerEvent: {}
[84.541254] (-) TimerEvent: {}
[84.641543] (-) TimerEvent: {}
[84.741911] (-) TimerEvent: {}
[84.842281] (-) TimerEvent: {}
[84.943576] (-) TimerEvent: {}
[85.044103] (-) TimerEvent: {}
[85.144590] (-) TimerEvent: {}
[85.244930] (-) TimerEvent: {}
[85.345240] (-) TimerEvent: {}
[85.445625] (-) TimerEvent: {}
[85.546081] (-) TimerEvent: {}
[85.646390] (-) TimerEvent: {}
[85.746663] (-) TimerEvent: {}
[85.846973] (-) TimerEvent: {}
[85.947244] (-) TimerEvent: {}
[86.047514] (-) TimerEvent: {}
[86.147805] (-) TimerEvent: {}
[86.248185] (-) TimerEvent: {}
[86.348528] (-) TimerEvent: {}
[86.448793] (-) TimerEvent: {}
[86.549082] (-) TimerEvent: {}
[86.649554] (-) TimerEvent: {}
[86.750192] (-) TimerEvent: {}
[86.850541] (-) TimerEvent: {}
[86.950927] (-) TimerEvent: {}
[87.051241] (-) TimerEvent: {}
[87.151574] (-) TimerEvent: {}
[87.252191] (-) TimerEvent: {}
[87.353591] (-) TimerEvent: {}
[87.453934] (-) TimerEvent: {}
[87.554266] (-) TimerEvent: {}
[87.654556] (-) TimerEvent: {}
[87.754828] (-) TimerEvent: {}
[87.855097] (-) TimerEvent: {}
[87.955344] (-) TimerEvent: {}
[88.055574] (-) TimerEvent: {}
[88.155832] (-) TimerEvent: {}
[88.256100] (-) TimerEvent: {}
[88.356828] (-) TimerEvent: {}
[88.457112] (-) TimerEvent: {}
[88.557400] (-) TimerEvent: {}
[88.657684] (-) TimerEvent: {}
[88.758074] (-) TimerEvent: {}
[88.858465] (-) TimerEvent: {}
[88.958998] (-) TimerEvent: {}
[89.059717] (-) TimerEvent: {}
[89.160901] (-) TimerEvent: {}
[89.261261] (-) TimerEvent: {}
[89.362241] (-) TimerEvent: {}
[89.462733] (-) TimerEvent: {}
[89.563186] (-) TimerEvent: {}
[89.663502] (-) TimerEvent: {}
[89.763855] (-) TimerEvent: {}
[89.865184] (-) TimerEvent: {}
[89.965496] (-) TimerEvent: {}
[90.065798] (-) TimerEvent: {}
[90.166198] (-) TimerEvent: {}
[90.266552] (-) TimerEvent: {}
[90.366849] (-) TimerEvent: {}
[90.467124] (-) TimerEvent: {}
[90.567356] (-) TimerEvent: {}
[90.667632] (-) TimerEvent: {}
[90.767931] (-) TimerEvent: {}
[90.868238] (-) TimerEvent: {}
[90.968519] (-) TimerEvent: {}
[91.068937] (-) TimerEvent: {}
[91.169187] (-) TimerEvent: {}
[91.269469] (-) TimerEvent: {}
[91.369755] (-) TimerEvent: {}
[91.470056] (-) TimerEvent: {}
[91.570363] (-) TimerEvent: {}
[91.670658] (-) TimerEvent: {}
[91.771087] (-) TimerEvent: {}
[91.871366] (-) TimerEvent: {}
[91.971608] (-) TimerEvent: {}
[92.072085] (-) TimerEvent: {}
[92.172366] (-) TimerEvent: {}
[92.272648] (-) TimerEvent: {}
[92.372954] (-) TimerEvent: {}
[92.473314] (-) TimerEvent: {}
[92.573629] (-) TimerEvent: {}
[92.673971] (-) TimerEvent: {}
[92.774291] (-) TimerEvent: {}
[92.874561] (-) TimerEvent: {}
[92.974833] (-) TimerEvent: {}
[93.075122] (-) TimerEvent: {}
[93.175647] (-) TimerEvent: {}
[93.275959] (-) TimerEvent: {}
[93.376310] (-) TimerEvent: {}
[93.476840] (-) TimerEvent: {}
[93.577276] (-) TimerEvent: {}
[93.677633] (-) TimerEvent: {}
[93.777971] (-) TimerEvent: {}
[93.878269] (-) TimerEvent: {}
[93.978693] (-) TimerEvent: {}
[94.078988] (-) TimerEvent: {}
[94.179314] (-) TimerEvent: {}
[94.279593] (-) TimerEvent: {}
[94.379897] (-) TimerEvent: {}
[94.480223] (-) TimerEvent: {}
[94.580748] (-) TimerEvent: {}
[94.681075] (-) TimerEvent: {}
[94.782110] (-) TimerEvent: {}
[94.882443] (-) TimerEvent: {}
[94.982833] (-) TimerEvent: {}
[95.083438] (-) TimerEvent: {}
[95.184094] (-) TimerEvent: {}
[95.284437] (-) TimerEvent: {}
[95.384742] (-) TimerEvent: {}
[95.485511] (-) TimerEvent: {}
[95.585897] (-) TimerEvent: {}
[95.686285] (-) TimerEvent: {}
[95.786562] (-) TimerEvent: {}
[95.886827] (-) TimerEvent: {}
[95.987144] (-) TimerEvent: {}
[96.087829] (-) TimerEvent: {}
[96.188153] (-) TimerEvent: {}
[96.288403] (-) TimerEvent: {}
[96.388695] (-) TimerEvent: {}
[96.489076] (-) TimerEvent: {}
[96.589374] (-) TimerEvent: {}
[96.689669] (-) TimerEvent: {}
[96.789969] (-) TimerEvent: {}
[96.890271] (-) TimerEvent: {}
[96.990647] (-) TimerEvent: {}
[97.090901] (-) TimerEvent: {}
[97.191348] (-) TimerEvent: {}
[97.291768] (-) TimerEvent: {}
[97.392056] (-) TimerEvent: {}
[97.492655] (-) TimerEvent: {}
[97.592981] (-) TimerEvent: {}
[97.693322] (-) TimerEvent: {}
[97.793671] (-) TimerEvent: {}
[97.894009] (-) TimerEvent: {}
[97.994526] (-) TimerEvent: {}
[98.094841] (-) TimerEvent: {}
[98.195172] (-) TimerEvent: {}
[98.295493] (-) TimerEvent: {}
[98.395997] (-) TimerEvent: {}
[98.496674] (-) TimerEvent: {}
[98.597103] (-) TimerEvent: {}
[98.697470] (-) TimerEvent: {}
[98.797825] (-) TimerEvent: {}
[98.898126] (-) TimerEvent: {}
[98.998438] (-) TimerEvent: {}
[99.098762] (-) TimerEvent: {}
[99.199098] (-) TimerEvent: {}
[99.299410] (-) TimerEvent: {}
[99.399915] (-) TimerEvent: {}
[99.500238] (-) TimerEvent: {}
[99.600552] (-) TimerEvent: {}
[99.700825] (-) TimerEvent: {}
[99.801084] (-) TimerEvent: {}
[99.901312] (-) TimerEvent: {}
[100.001649] (-) TimerEvent: {}
[100.103391] (-) TimerEvent: {}
[100.203637] (-) TimerEvent: {}
[100.303970] (-) TimerEvent: {}
[100.404327] (-) TimerEvent: {}
[100.504606] (-) TimerEvent: {}
[100.604905] (-) TimerEvent: {}
[100.705273] (-) TimerEvent: {}
[100.805589] (-) TimerEvent: {}
[100.905825] (-) TimerEvent: {}
[101.006215] (-) TimerEvent: {}
[101.106502] (-) TimerEvent: {}
[101.206983] (-) TimerEvent: {}
[101.307899] (-) TimerEvent: {}
[101.408193] (-) TimerEvent: {}
[101.508554] (-) TimerEvent: {}
[101.608956] (-) TimerEvent: {}
[101.709830] (-) TimerEvent: {}
[101.810174] (-) TimerEvent: {}
[101.910524] (-) TimerEvent: {}
[102.011006] (-) TimerEvent: {}
[102.111796] (-) TimerEvent: {}
[102.212763] (-) TimerEvent: {}
[102.313174] (-) TimerEvent: {}
[102.413467] (-) TimerEvent: {}
[102.513785] (-) TimerEvent: {}
[102.614281] (-) TimerEvent: {}
[102.714797] (-) TimerEvent: {}
[102.815110] (-) TimerEvent: {}
[102.915427] (-) TimerEvent: {}
[103.015764] (-) TimerEvent: {}
[103.116283] (-) TimerEvent: {}
[103.216716] (-) TimerEvent: {}
[103.317367] (-) TimerEvent: {}
[103.417688] (-) TimerEvent: {}
[103.518053] (-) TimerEvent: {}
[103.618297] (-) TimerEvent: {}
[103.718550] (-) TimerEvent: {}
[103.818813] (-) TimerEvent: {}
[103.919110] (-) TimerEvent: {}
[104.019500] (-) TimerEvent: {}
[104.119754] (-) TimerEvent: {}
[104.220074] (-) TimerEvent: {}
[104.320635] (-) TimerEvent: {}
[104.421021] (-) TimerEvent: {}
[104.521292] (-) TimerEvent: {}
[104.621573] (-) TimerEvent: {}
[104.721826] (-) TimerEvent: {}
[104.822086] (-) TimerEvent: {}
[104.922345] (-) TimerEvent: {}
[105.022588] (-) TimerEvent: {}
[105.122827] (-) TimerEvent: {}
[105.223103] (-) TimerEvent: {}
[105.323524] (-) TimerEvent: {}
[105.423825] (-) TimerEvent: {}
[105.524066] (-) TimerEvent: {}
[105.624329] (-) TimerEvent: {}
[105.724735] (-) TimerEvent: {}
[105.825141] (-) TimerEvent: {}
[105.925419] (-) TimerEvent: {}
[106.025679] (-) TimerEvent: {}
[106.126075] (-) TimerEvent: {}
[106.226417] (-) TimerEvent: {}
[106.326734] (-) TimerEvent: {}
[106.427178] (-) TimerEvent: {}
[106.527834] (-) TimerEvent: {}
[106.628127] (-) TimerEvent: {}
[106.728404] (-) TimerEvent: {}
[106.828709] (-) TimerEvent: {}
[106.929473] (-) TimerEvent: {}
[107.029949] (-) TimerEvent: {}
[107.130253] (-) TimerEvent: {}
[107.231159] (-) TimerEvent: {}
[107.331660] (-) TimerEvent: {}
[107.433231] (-) TimerEvent: {}
[107.533515] (-) TimerEvent: {}
[107.633907] (-) TimerEvent: {}
[107.734290] (-) TimerEvent: {}
[107.835433] (-) TimerEvent: {}
[107.939267] (-) TimerEvent: {}
[108.039737] (-) TimerEvent: {}
[108.140121] (-) TimerEvent: {}
[108.240822] (-) TimerEvent: {}
[108.341209] (-) TimerEvent: {}
[108.441508] (-) TimerEvent: {}
[108.479043] (mission_layer_mvibot) StderrLine: {'line': b'\x1b[01m\x1b[K/home/mvibot/floorCleaningRobot_ws/src/mission_layer_mvibot/src/../include/mission_layer_mvibot/mvibot_mission/navigation_function.h:\x1b[m\x1b[K In member function \xe2\x80\x98\x1b[01m\x1b[Kvoid navigation_function::\x1b[01;32m\x1b[Kset_initial_robot\x1b[m\x1b[K(const std::string&)\x1b[m\x1b[K\xe2\x80\x99:\n'}
[108.479330] (mission_layer_mvibot) StderrLine: {'line': b'\x1b[01m\x1b[K/home/mvibot/floorCleaningRobot_ws/src/mission_layer_mvibot/src/../include/mission_layer_mvibot/mvibot_mission/navigation_function.h:260:13:\x1b[m\x1b[K \x1b[01;35m\x1b[Kwarning: \x1b[m\x1b[K\xe2\x80\x98\x1b[01m\x1b[Kx\x1b[m\x1b[K\xe2\x80\x99 may be used uninitialized [\x1b[01;35m\x1b[K\x1b]8;;https://gcc.gnu.org/onlinedocs/gcc/Warning-Options.html#index-Wmaybe-uninitialized\x07-Wmaybe-uninitialized\x1b]8;;\x07\x1b[m\x1b[K]\n'}
[108.479484] (mission_layer_mvibot) StderrLine: {'line': b'  260 |     \x1b[01;35m\x1b[Kpub_amcl(x,y,thz,thw)\x1b[m\x1b[K;\n'}
[108.479625] (mission_layer_mvibot) StderrLine: {'line': b'      |     \x1b[01;35m\x1b[K~~~~~~~~^~~~~~~~~~~~~\x1b[m\x1b[K\n'}
[108.479768] (mission_layer_mvibot) StderrLine: {'line': b'\x1b[01m\x1b[K/home/mvibot/floorCleaningRobot_ws/src/mission_layer_mvibot/src/../include/mission_layer_mvibot/mvibot_mission/navigation_function.h:252:18:\x1b[m\x1b[K \x1b[01;36m\x1b[Knote: \x1b[m\x1b[K\xe2\x80\x98\x1b[01m\x1b[Kx\x1b[m\x1b[K\xe2\x80\x99 was declared here\n'}
[108.480412] (mission_layer_mvibot) StderrLine: {'line': b'  252 |     double value,\x1b[01;36m\x1b[Kx\x1b[m\x1b[K,y,thz,thw;\n'}
[108.480549] (mission_layer_mvibot) StderrLine: {'line': b'      |                  \x1b[01;36m\x1b[K^\x1b[m\x1b[K\n'}
[108.480681] (mission_layer_mvibot) StderrLine: {'line': b'\x1b[01m\x1b[K/home/mvibot/floorCleaningRobot_ws/src/mission_layer_mvibot/src/../include/mission_layer_mvibot/mvibot_mission/navigation_function.h:260:13:\x1b[m\x1b[K \x1b[01;35m\x1b[Kwarning: \x1b[m\x1b[K\xe2\x80\x98\x1b[01m\x1b[Ky\x1b[m\x1b[K\xe2\x80\x99 may be used uninitialized [\x1b[01;35m\x1b[K\x1b]8;;https://gcc.gnu.org/onlinedocs/gcc/Warning-Options.html#index-Wmaybe-uninitialized\x07-Wmaybe-uninitialized\x1b]8;;\x07\x1b[m\x1b[K]\n'}
[108.480848] (mission_layer_mvibot) StderrLine: {'line': b'  260 |     \x1b[01;35m\x1b[Kpub_amcl(x,y,thz,thw)\x1b[m\x1b[K;\n'}
[108.480988] (mission_layer_mvibot) StderrLine: {'line': b'      |     \x1b[01;35m\x1b[K~~~~~~~~^~~~~~~~~~~~~\x1b[m\x1b[K\n'}
[108.481117] (mission_layer_mvibot) StderrLine: {'line': b'\x1b[01m\x1b[K/home/mvibot/floorCleaningRobot_ws/src/mission_layer_mvibot/src/../include/mission_layer_mvibot/mvibot_mission/navigation_function.h:252:20:\x1b[m\x1b[K \x1b[01;36m\x1b[Knote: \x1b[m\x1b[K\xe2\x80\x98\x1b[01m\x1b[Ky\x1b[m\x1b[K\xe2\x80\x99 was declared here\n'}
[108.481244] (mission_layer_mvibot) StderrLine: {'line': b'  252 |     double value,x,\x1b[01;36m\x1b[Ky\x1b[m\x1b[K,thz,thw;\n'}
[108.481364] (mission_layer_mvibot) StderrLine: {'line': b'      |                    \x1b[01;36m\x1b[K^\x1b[m\x1b[K\n'}
[108.481490] (mission_layer_mvibot) StderrLine: {'line': b'\x1b[01m\x1b[K/home/mvibot/floorCleaningRobot_ws/src/mission_layer_mvibot/src/../include/mission_layer_mvibot/mvibot_mission/navigation_function.h:260:13:\x1b[m\x1b[K \x1b[01;35m\x1b[Kwarning: \x1b[m\x1b[K\xe2\x80\x98\x1b[01m\x1b[Kthz\x1b[m\x1b[K\xe2\x80\x99 may be used uninitialized [\x1b[01;35m\x1b[K\x1b]8;;https://gcc.gnu.org/onlinedocs/gcc/Warning-Options.html#index-Wmaybe-uninitialized\x07-Wmaybe-uninitialized\x1b]8;;\x07\x1b[m\x1b[K]\n'}
[108.482284] (mission_layer_mvibot) StderrLine: {'line': b'  260 |     \x1b[01;35m\x1b[Kpub_amcl(x,y,thz,thw)\x1b[m\x1b[K;\n'}
[108.482427] (mission_layer_mvibot) StderrLine: {'line': b'      |     \x1b[01;35m\x1b[K~~~~~~~~^~~~~~~~~~~~~\x1b[m\x1b[K\n'}
[108.482556] (mission_layer_mvibot) StderrLine: {'line': b'\x1b[01m\x1b[K/home/mvibot/floorCleaningRobot_ws/src/mission_layer_mvibot/src/../include/mission_layer_mvibot/mvibot_mission/navigation_function.h:252:22:\x1b[m\x1b[K \x1b[01;36m\x1b[Knote: \x1b[m\x1b[K\xe2\x80\x98\x1b[01m\x1b[Kthz\x1b[m\x1b[K\xe2\x80\x99 was declared here\n'}
[108.482697] (mission_layer_mvibot) StderrLine: {'line': b'  252 |     double value,x,y,\x1b[01;36m\x1b[Kthz\x1b[m\x1b[K,thw;\n'}
[108.482837] (mission_layer_mvibot) StderrLine: {'line': b'      |                      \x1b[01;36m\x1b[K^~~\x1b[m\x1b[K\n'}
[108.482965] (mission_layer_mvibot) StderrLine: {'line': b'\x1b[01m\x1b[K/home/mvibot/floorCleaningRobot_ws/src/mission_layer_mvibot/src/../include/mission_layer_mvibot/mvibot_mission/navigation_function.h:260:13:\x1b[m\x1b[K \x1b[01;35m\x1b[Kwarning: \x1b[m\x1b[K\xe2\x80\x98\x1b[01m\x1b[Kthw\x1b[m\x1b[K\xe2\x80\x99 may be used uninitialized [\x1b[01;35m\x1b[K\x1b]8;;https://gcc.gnu.org/onlinedocs/gcc/Warning-Options.html#index-Wmaybe-uninitialized\x07-Wmaybe-uninitialized\x1b]8;;\x07\x1b[m\x1b[K]\n'}
[108.483096] (mission_layer_mvibot) StderrLine: {'line': b'  260 |     \x1b[01;35m\x1b[Kpub_amcl(x,y,thz,thw)\x1b[m\x1b[K;\n'}
[108.485113] (mission_layer_mvibot) StderrLine: {'line': b'      |     \x1b[01;35m\x1b[K~~~~~~~~^~~~~~~~~~~~~\x1b[m\x1b[K\n'}
[108.485256] (mission_layer_mvibot) StderrLine: {'line': b'\x1b[01m\x1b[K/home/mvibot/floorCleaningRobot_ws/src/mission_layer_mvibot/src/../include/mission_layer_mvibot/mvibot_mission/navigation_function.h:252:26:\x1b[m\x1b[K \x1b[01;36m\x1b[Knote: \x1b[m\x1b[K\xe2\x80\x98\x1b[01m\x1b[Kthw\x1b[m\x1b[K\xe2\x80\x99 was declared here\n'}
[108.485385] (mission_layer_mvibot) StderrLine: {'line': b'  252 |     double value,x,y,thz,\x1b[01;36m\x1b[Kthw\x1b[m\x1b[K;\n'}
[108.485509] (mission_layer_mvibot) StderrLine: {'line': b'      |                          \x1b[01;36m\x1b[K^~~\x1b[m\x1b[K\n'}
[108.541611] (-) TimerEvent: {}
[108.642832] (-) TimerEvent: {}
[108.743134] (-) TimerEvent: {}
[108.843489] (-) TimerEvent: {}
[108.943947] (-) TimerEvent: {}
[109.044295] (-) TimerEvent: {}
[109.144556] (-) TimerEvent: {}
[109.244830] (-) TimerEvent: {}
[109.345127] (-) TimerEvent: {}
[109.445441] (-) TimerEvent: {}
[109.545724] (-) TimerEvent: {}
[109.646030] (-) TimerEvent: {}
[109.746314] (-) TimerEvent: {}
[109.846591] (-) TimerEvent: {}
[109.946902] (-) TimerEvent: {}
[110.048216] (-) TimerEvent: {}
[110.148468] (-) TimerEvent: {}
[110.248713] (-) TimerEvent: {}
[110.349002] (-) TimerEvent: {}
[110.449336] (-) TimerEvent: {}
[110.549749] (-) TimerEvent: {}
[110.650090] (-) TimerEvent: {}
[110.750390] (-) TimerEvent: {}
[110.850645] (-) TimerEvent: {}
[110.950937] (-) TimerEvent: {}
[111.033394] (mission_layer_mvibot) StderrLine: {'line': b'\x1b[01m\x1b[K/home/mvibot/floorCleaningRobot_ws/src/mission_layer_mvibot/src/../include/mission_layer_mvibot/mvibot_mission/manage_mission.h:\x1b[m\x1b[K In member function \xe2\x80\x98\x1b[01m\x1b[Kint manage_mission::\x1b[01;32m\x1b[Kexecute_content\x1b[m\x1b[K(mission&, std::vector<std::__cxx11::basic_string<char>, std::allocator<std::__cxx11::basic_string<char> > >&, std::string&, int&)\x1b[m\x1b[K\xe2\x80\x99:\n'}
[111.033800] (mission_layer_mvibot) StderrLine: {'line': b'\x1b[01m\x1b[K/home/mvibot/floorCleaningRobot_ws/src/mission_layer_mvibot/src/../include/mission_layer_mvibot/mvibot_mission/manage_mission.h:1114:9:\x1b[m\x1b[K \x1b[01;35m\x1b[Kwarning: \x1b[m\x1b[K\xe2\x80\x98\x1b[01m\x1b[Kres\x1b[m\x1b[K\xe2\x80\x99 may be used uninitialized [\x1b[01;35m\x1b[K\x1b]8;;https://gcc.gnu.org/onlinedocs/gcc/Warning-Options.html#index-Wmaybe-uninitialized\x07-Wmaybe-uninitialized\x1b]8;;\x07\x1b[m\x1b[K]\n'}
[111.033964] (mission_layer_mvibot) StderrLine: {'line': b' 1114 |         \x1b[01;35m\x1b[Kif\x1b[m\x1b[K(res == Finish_) queue_content.erase(queue_content.begin());\n'}
[111.034092] (mission_layer_mvibot) StderrLine: {'line': b'      |         \x1b[01;35m\x1b[K^~\x1b[m\x1b[K\n'}
[111.034210] (mission_layer_mvibot) StderrLine: {'line': b'\x1b[01m\x1b[K/home/mvibot/floorCleaningRobot_ws/src/mission_layer_mvibot/src/../include/mission_layer_mvibot/mvibot_mission/manage_mission.h:1100:13:\x1b[m\x1b[K \x1b[01;36m\x1b[Knote: \x1b[m\x1b[K\xe2\x80\x98\x1b[01m\x1b[Kres\x1b[m\x1b[K\xe2\x80\x99 was declared here\n'}
[111.034408] (mission_layer_mvibot) StderrLine: {'line': b' 1100 |         int \x1b[01;36m\x1b[Kres\x1b[m\x1b[K;\n'}
[111.034531] (mission_layer_mvibot) StderrLine: {'line': b'      |             \x1b[01;36m\x1b[K^~~\x1b[m\x1b[K\n'}
[111.051027] (-) TimerEvent: {}
[111.151294] (-) TimerEvent: {}
[111.251587] (-) TimerEvent: {}
[111.351832] (-) TimerEvent: {}
[111.452287] (-) TimerEvent: {}
[111.552754] (-) TimerEvent: {}
[111.653059] (-) TimerEvent: {}
[111.753298] (-) TimerEvent: {}
[111.853584] (-) TimerEvent: {}
[111.953832] (-) TimerEvent: {}
[112.054274] (-) TimerEvent: {}
[112.154518] (-) TimerEvent: {}
[112.254765] (-) TimerEvent: {}
[112.354967] (-) TimerEvent: {}
[112.455215] (-) TimerEvent: {}
[112.555472] (-) TimerEvent: {}
[112.655745] (-) TimerEvent: {}
[112.756014] (-) TimerEvent: {}
[112.856313] (-) TimerEvent: {}
[112.957069] (-) TimerEvent: {}
[113.057484] (-) TimerEvent: {}
[113.157743] (-) TimerEvent: {}
[113.258458] (-) TimerEvent: {}
[113.358860] (-) TimerEvent: {}
[113.460157] (-) TimerEvent: {}
[113.561293] (-) TimerEvent: {}
[113.661587] (-) TimerEvent: {}
[113.761856] (-) TimerEvent: {}
[113.862214] (-) TimerEvent: {}
[113.962571] (-) TimerEvent: {}
[114.062950] (-) TimerEvent: {}
[114.163526] (-) TimerEvent: {}
[114.263851] (-) TimerEvent: {}
[114.364429] (-) TimerEvent: {}
[114.465272] (-) TimerEvent: {}
[114.565601] (-) TimerEvent: {}
[114.665902] (-) TimerEvent: {}
[114.766181] (-) TimerEvent: {}
[114.866533] (-) TimerEvent: {}
[114.966840] (-) TimerEvent: {}
[115.067185] (-) TimerEvent: {}
[115.167465] (-) TimerEvent: {}
[115.267794] (-) TimerEvent: {}
[115.368142] (-) TimerEvent: {}
[115.468411] (-) TimerEvent: {}
[115.568664] (-) TimerEvent: {}
[115.668929] (-) TimerEvent: {}
[115.769282] (-) TimerEvent: {}
[115.869512] (-) TimerEvent: {}
[115.969751] (-) TimerEvent: {}
[116.070062] (-) TimerEvent: {}
[116.170338] (-) TimerEvent: {}
[116.270631] (-) TimerEvent: {}
[116.370928] (-) TimerEvent: {}
[116.471222] (-) TimerEvent: {}
[116.571500] (-) TimerEvent: {}
[116.671797] (-) TimerEvent: {}
[116.772091] (-) TimerEvent: {}
[116.872334] (-) TimerEvent: {}
[116.972594] (-) TimerEvent: {}
[117.072910] (-) TimerEvent: {}
[117.173151] (-) TimerEvent: {}
[117.273448] (-) TimerEvent: {}
[117.373847] (-) TimerEvent: {}
[117.474105] (-) TimerEvent: {}
[117.574393] (-) TimerEvent: {}
[117.674688] (-) TimerEvent: {}
[117.775157] (-) TimerEvent: {}
[117.875806] (-) TimerEvent: {}
[117.976253] (-) TimerEvent: {}
[118.076563] (-) TimerEvent: {}
[118.176889] (-) TimerEvent: {}
[118.277210] (-) TimerEvent: {}
[118.377563] (-) TimerEvent: {}
[118.478206] (-) TimerEvent: {}
[118.578461] (-) TimerEvent: {}
[118.678744] (-) TimerEvent: {}
[118.779077] (-) TimerEvent: {}
[118.879493] (-) TimerEvent: {}
[118.980045] (-) TimerEvent: {}
[119.080342] (-) TimerEvent: {}
[119.180812] (-) TimerEvent: {}
[119.281111] (-) TimerEvent: {}
[119.381673] (-) TimerEvent: {}
[119.481974] (-) TimerEvent: {}
[119.582318] (-) TimerEvent: {}
[119.683726] (-) TimerEvent: {}
[119.784831] (-) TimerEvent: {}
[119.885125] (-) TimerEvent: {}
[119.985951] (-) TimerEvent: {}
[120.086239] (-) TimerEvent: {}
[120.186520] (-) TimerEvent: {}
[120.286818] (-) TimerEvent: {}
[120.387136] (-) TimerEvent: {}
[120.487670] (-) TimerEvent: {}
[120.587963] (-) TimerEvent: {}
[120.688247] (-) TimerEvent: {}
[120.788504] (-) TimerEvent: {}
[120.888749] (-) TimerEvent: {}
[120.989057] (-) TimerEvent: {}
[121.089346] (-) TimerEvent: {}
[121.189606] (-) TimerEvent: {}
[121.289913] (-) TimerEvent: {}
[121.390185] (-) TimerEvent: {}
[121.490485] (-) TimerEvent: {}
[121.590783] (-) TimerEvent: {}
[121.691027] (-) TimerEvent: {}
[121.791265] (-) TimerEvent: {}
[121.891628] (-) TimerEvent: {}
[121.991924] (-) TimerEvent: {}
[122.092224] (-) TimerEvent: {}
[122.192508] (-) TimerEvent: {}
[122.292759] (-) TimerEvent: {}
[122.393054] (-) TimerEvent: {}
[122.493447] (-) TimerEvent: {}
[122.593779] (-) TimerEvent: {}
[122.694477] (-) TimerEvent: {}
[122.794817] (-) TimerEvent: {}
[122.895135] (-) TimerEvent: {}
[122.995498] (-) TimerEvent: {}
[123.096041] (-) TimerEvent: {}
[123.196368] (-) TimerEvent: {}
[123.296790] (-) TimerEvent: {}
[123.397163] (-) TimerEvent: {}
[123.497708] (-) TimerEvent: {}
[123.598380] (-) TimerEvent: {}
[123.700798] (-) TimerEvent: {}
[123.801287] (-) TimerEvent: {}
[123.901597] (-) TimerEvent: {}
[124.002086] (-) TimerEvent: {}
[124.102657] (-) TimerEvent: {}
[124.202989] (-) TimerEvent: {}
[124.303331] (-) TimerEvent: {}
[124.403978] (-) TimerEvent: {}
[124.504222] (-) TimerEvent: {}
[124.604461] (-) TimerEvent: {}
[124.704660] (-) TimerEvent: {}
[124.804890] (-) TimerEvent: {}
[124.905115] (-) TimerEvent: {}
[125.005410] (-) TimerEvent: {}
[125.105629] (-) TimerEvent: {}
[125.205899] (-) TimerEvent: {}
[125.306317] (-) TimerEvent: {}
[125.406763] (-) TimerEvent: {}
[125.507211] (-) TimerEvent: {}
[125.607617] (-) TimerEvent: {}
[125.707895] (-) TimerEvent: {}
[125.808151] (-) TimerEvent: {}
[125.908569] (-) TimerEvent: {}
[126.009173] (-) TimerEvent: {}
[126.109573] (-) TimerEvent: {}
[126.210005] (-) TimerEvent: {}
[126.310433] (-) TimerEvent: {}
[126.410800] (-) TimerEvent: {}
[126.511105] (-) TimerEvent: {}
[126.611386] (-) TimerEvent: {}
[126.712060] (-) TimerEvent: {}
[126.812478] (-) TimerEvent: {}
[126.912750] (-) TimerEvent: {}
[127.013359] (-) TimerEvent: {}
[127.113699] (-) TimerEvent: {}
[127.214272] (-) TimerEvent: {}
[127.314573] (-) TimerEvent: {}
[127.414954] (-) TimerEvent: {}
[127.515268] (-) TimerEvent: {}
[127.615564] (-) TimerEvent: {}
[127.715820] (-) TimerEvent: {}
[127.816084] (-) TimerEvent: {}
[127.916349] (-) TimerEvent: {}
[128.016976] (-) TimerEvent: {}
[128.117340] (-) TimerEvent: {}
[128.217662] (-) TimerEvent: {}
[128.318556] (-) TimerEvent: {}
[128.418835] (-) TimerEvent: {}
[128.519193] (-) TimerEvent: {}
[128.619576] (-) TimerEvent: {}
[128.719917] (-) TimerEvent: {}
[128.820231] (-) TimerEvent: {}
[128.920481] (-) TimerEvent: {}
[129.020805] (-) TimerEvent: {}
[129.121150] (-) TimerEvent: {}
[129.221409] (-) TimerEvent: {}
[129.321739] (-) TimerEvent: {}
[129.422200] (-) TimerEvent: {}
[129.522573] (-) TimerEvent: {}
[129.622839] (-) TimerEvent: {}
[129.723122] (-) TimerEvent: {}
[129.823389] (-) TimerEvent: {}
[129.923664] (-) TimerEvent: {}
[130.023955] (-) TimerEvent: {}
[130.124237] (-) TimerEvent: {}
[130.224721] (-) TimerEvent: {}
[130.325057] (-) TimerEvent: {}
[130.425397] (-) TimerEvent: {}
[130.525723] (-) TimerEvent: {}
[130.626003] (-) TimerEvent: {}
[130.726291] (-) TimerEvent: {}
[130.826560] (-) TimerEvent: {}
[130.927110] (-) TimerEvent: {}
[131.027467] (-) TimerEvent: {}
[131.127952] (-) TimerEvent: {}
[131.228473] (-) TimerEvent: {}
[131.328779] (-) TimerEvent: {}
[131.429756] (-) TimerEvent: {}
[131.530539] (-) TimerEvent: {}
[131.632496] (-) TimerEvent: {}
[131.732914] (-) TimerEvent: {}
[131.833369] (-) TimerEvent: {}
[131.933673] (-) TimerEvent: {}
[132.033963] (-) TimerEvent: {}
[132.134245] (-) TimerEvent: {}
[132.234510] (-) TimerEvent: {}
[132.334800] (-) TimerEvent: {}
[132.435366] (-) TimerEvent: {}
[132.535820] (-) TimerEvent: {}
[132.636108] (-) TimerEvent: {}
[132.736566] (-) TimerEvent: {}
[132.837380] (-) TimerEvent: {}
[132.937722] (-) TimerEvent: {}
[133.038055] (-) TimerEvent: {}
[133.138342] (-) TimerEvent: {}
[133.238801] (-) TimerEvent: {}
[133.339087] (-) TimerEvent: {}
[133.439394] (-) TimerEvent: {}
[133.539690] (-) TimerEvent: {}
[133.640566] (-) TimerEvent: {}
[133.740838] (-) TimerEvent: {}
[133.841129] (-) TimerEvent: {}
[133.941378] (-) TimerEvent: {}
[134.041682] (-) TimerEvent: {}
[134.142829] (-) TimerEvent: {}
[134.243130] (-) TimerEvent: {}
[134.343427] (-) TimerEvent: {}
[134.443785] (-) TimerEvent: {}
[134.544334] (-) TimerEvent: {}
[134.644273] (mission_layer_mvibot) StdoutLine: {'line': b'[100%] \x1b[32m\x1b[1mLinking CXX executable mvibot_mission\x1b[0m\n'}
[134.645010] (-) TimerEvent: {}
[134.745560] (-) TimerEvent: {}
[134.845987] (-) TimerEvent: {}
[134.946337] (-) TimerEvent: {}
[135.046650] (-) TimerEvent: {}
[135.147019] (-) TimerEvent: {}
[135.247395] (-) TimerEvent: {}
[135.347836] (-) TimerEvent: {}
[135.448203] (-) TimerEvent: {}
[135.548537] (-) TimerEvent: {}
[135.648818] (-) TimerEvent: {}
[135.749108] (-) TimerEvent: {}
[135.849377] (-) TimerEvent: {}
[135.929855] (mission_layer_mvibot) StdoutLine: {'line': b'[100%] Built target mvibot_mission\n'}
[135.949497] (-) TimerEvent: {}
[135.953504] (mission_layer_mvibot) CommandEnded: {'returncode': 0}
[135.956017] (mission_layer_mvibot) JobProgress: {'identifier': 'mission_layer_mvibot', 'progress': 'install'}
[135.973444] (mission_layer_mvibot) Command: {'cmd': ['/usr/bin/cmake', '--install', '/home/mvibot/floorCleaningRobot_ws/build/mission_layer_mvibot'], 'cwd': '/home/mvibot/floorCleaningRobot_ws/build/mission_layer_mvibot', 'env': OrderedDict({'LESSOPEN': '| /usr/bin/lesspipe %s', 'USER': 'mvibot', 'SSH_CLIENT': '10.0.60.48 53064 22', 'GZ_CONFIG_PATH': '/opt/ros/jazzy/opt/gz_sim_vendor/share/gz:/opt/ros/jazzy/opt/sdformat_vendor/share/gz:/opt/ros/jazzy/opt/gz_gui_vendor/share/gz:/opt/ros/jazzy/opt/gz_transport_vendor/share/gz:/opt/ros/jazzy/opt/gz_rendering_vendor/share/gz:/opt/ros/jazzy/opt/gz_plugin_vendor/share/gz:/opt/ros/jazzy/opt/gz_fuel_tools_vendor/share/gz:/opt/ros/jazzy/opt/gz_msgs_vendor/share/gz:/opt/ros/jazzy/opt/gz_common_vendor/share/gz', 'XDG_SESSION_TYPE': 'tty', 'SHLVL': '1', 'LD_LIBRARY_PATH': '/home/mvibot/floorCleaningRobot_ws/install/opennav_coverage_msgs/lib:/home/mvibot/floorCleaningRobot_ws/install/tf2_web_republisher/lib:/home/mvibot/floorCleaningRobot_ws/install/tf2_web_republisher_interfaces/lib:/home/mvibot/floorCleaningRobot_ws/install/realsense2_camera/lib:/home/mvibot/floorCleaningRobot_ws/install/realsense2_camera_msgs/lib:/home/mvibot/floorCleaningRobot_ws/install/pointcloud_to_laserscan/lib:/home/mvibot/floorCleaningRobot_ws/install/opennav_row_coverage/lib:/home/mvibot/floorCleaningRobot_ws/install/opennav_coverage_navigator/lib:/home/mvibot/floorCleaningRobot_ws/install/opennav_coverage_bt/lib:/home/mvibot/floorCleaningRobot_ws/install/opennav_coverage/lib:/home/mvibot/floorCleaningRobot_ws/install/fields2cover/lib:/opt/ros/jazzy/opt/gz_sim_vendor/lib:/opt/ros/jazzy/opt/gz_sensors_vendor/lib:/opt/ros/jazzy/opt/gz_physics_vendor/lib:/opt/ros/jazzy/opt/sdformat_vendor/lib:/opt/ros/jazzy/opt/rviz_ogre_vendor/lib:/opt/ros/jazzy/lib/x86_64-linux-gnu:/opt/ros/jazzy/opt/gz_gui_vendor/lib:/opt/ros/jazzy/opt/gz_transport_vendor/lib:/opt/ros/jazzy/opt/gz_rendering_vendor/lib:/opt/ros/jazzy/opt/gz_plugin_vendor/lib:/opt/ros/jazzy/opt/gz_fuel_tools_vendor/lib:/opt/ros/jazzy/opt/gz_msgs_vendor/lib:/opt/ros/jazzy/opt/gz_common_vendor/lib:/opt/ros/jazzy/opt/gz_math_vendor/lib:/opt/ros/jazzy/opt/gz_utils_vendor/lib:/opt/ros/jazzy/opt/gz_tools_vendor/lib:/opt/ros/jazzy/opt/gz_ogre_next_vendor/lib:/opt/ros/jazzy/opt/gz_dartsim_vendor/lib:/opt/ros/jazzy/opt/gz_cmake_vendor/lib:/opt/ros/jazzy/lib', 'HOME': '/home/mvibot', 'OLDPWD': '/home/mvibot', 'NVM_BIN': '/home/mvibot/.nvm/versions/node/v24.12.0/bin', 'SSH_TTY': '/dev/pts/2', 'NVM_INC': '/home/mvibot/.nvm/versions/node/v24.12.0/include/node', 'ROS_PYTHON_VERSION': '3', 'DBUS_SESSION_BUS_ADDRESS': 'unix:path=/run/user/1000/bus', 'NVM_DIR': '/home/mvibot/.nvm', 'DEBUGINFOD_URLS': 'https://debuginfod.ubuntu.com', 'COLCON_PREFIX_PATH': '/home/mvibot/floorCleaningRobot_ws/install', 'ROS_DISTRO': 'jazzy', 'LOGNAME': 'mvibot', '_': '/usr/bin/colcon', 'ROS_VERSION': '2', 'PKG_CONFIG_PATH': '/home/mvibot/floorCleaningRobot_ws/install/fields2cover/lib/x86_64-linux-gnu/pkgconfig:/home/mvibot/floorCleaningRobot_ws/install/fields2cover/lib/pkgconfig', 'XDG_SESSION_CLASS': 'user', 'TERM': 'xterm-256color', 'XDG_SESSION_ID': '30', 'PATH': '/home/mvibot/.nvm/versions/node/v24.12.0/bin:/opt/ros/jazzy/opt/gz_msgs_vendor/bin:/opt/ros/jazzy/opt/gz_tools_vendor/bin:/opt/ros/jazzy/opt/gz_ogre_next_vendor/bin:/opt/ros/jazzy/bin:/usr/local/sbin:/usr/local/bin:/usr/sbin:/usr/bin:/sbin:/bin:/usr/games:/usr/local/games:/snap/bin', 'XDG_RUNTIME_DIR': '/run/user/1000', 'LANG': 'en_US.UTF-8', 'RMW_IMPLEMENTATION': 'rmw_fastrtps_cpp', 'LS_COLORS': 'rs=0:di=01;34:ln=01;36:mh=00:pi=40;33:so=01;35:do=01;35:bd=40;33;01:cd=40;33;01:or=40;31;01:mi=00:su=37;41:sg=30;43:ca=00:tw=30;42:ow=34;42:st=37;44:ex=01;32:*.tar=01;31:*.tgz=01;31:*.arc=01;31:*.arj=01;31:*.taz=01;31:*.lha=01;31:*.lz4=01;31:*.lzh=01;31:*.lzma=01;31:*.tlz=01;31:*.txz=01;31:*.tzo=01;31:*.t7z=01;31:*.zip=01;31:*.z=01;31:*.dz=01;31:*.gz=01;31:*.lrz=01;31:*.lz=01;31:*.lzo=01;31:*.xz=01;31:*.zst=01;31:*.tzst=01;31:*.bz2=01;31:*.bz=01;31:*.tbz=01;31:*.tbz2=01;31:*.tz=01;31:*.deb=01;31:*.rpm=01;31:*.jar=01;31:*.war=01;31:*.ear=01;31:*.sar=01;31:*.rar=01;31:*.alz=01;31:*.ace=01;31:*.zoo=01;31:*.cpio=01;31:*.7z=01;31:*.rz=01;31:*.cab=01;31:*.wim=01;31:*.swm=01;31:*.dwm=01;31:*.esd=01;31:*.avif=01;35:*.jpg=01;35:*.jpeg=01;35:*.mjpg=01;35:*.mjpeg=01;35:*.gif=01;35:*.bmp=01;35:*.pbm=01;35:*.pgm=01;35:*.ppm=01;35:*.tga=01;35:*.xbm=01;35:*.xpm=01;35:*.tif=01;35:*.tiff=01;35:*.png=01;35:*.svg=01;35:*.svgz=01;35:*.mng=01;35:*.pcx=01;35:*.mov=01;35:*.mpg=01;35:*.mpeg=01;35:*.m2v=01;35:*.mkv=01;35:*.webm=01;35:*.webp=01;35:*.ogm=01;35:*.mp4=01;35:*.m4v=01;35:*.mp4v=01;35:*.vob=01;35:*.qt=01;35:*.nuv=01;35:*.wmv=01;35:*.asf=01;35:*.rm=01;35:*.rmvb=01;35:*.flc=01;35:*.avi=01;35:*.fli=01;35:*.flv=01;35:*.gl=01;35:*.dl=01;35:*.xcf=01;35:*.xwd=01;35:*.yuv=01;35:*.cgm=01;35:*.emf=01;35:*.ogv=01;35:*.ogx=01;35:*.aac=00;36:*.au=00;36:*.flac=00;36:*.m4a=00;36:*.mid=00;36:*.midi=00;36:*.mka=00;36:*.mp3=00;36:*.mpc=00;36:*.ogg=00;36:*.ra=00;36:*.wav=00;36:*.oga=00;36:*.opus=00;36:*.spx=00;36:*.xspf=00;36:*~=00;90:*#=00;90:*.bak=00;90:*.crdownload=00;90:*.dpkg-dist=00;90:*.dpkg-new=00;90:*.dpkg-old=00;90:*.dpkg-tmp=00;90:*.old=00;90:*.orig=00;90:*.part=00;90:*.rej=00;90:*.rpmnew=00;90:*.rpmorig=00;90:*.rpmsave=00;90:*.swp=00;90:*.tmp=00;90:*.ucf-dist=00;90:*.ucf-new=00;90:*.ucf-old=00;90:', 'ROS_DOMAIN_ID': '10', 'AMENT_PREFIX_PATH': '/home/mvibot/floorCleaningRobot_ws/install/tf2_web_republisher:/home/mvibot/floorCleaningRobot_ws/install/tf2_web_republisher_interfaces:/home/mvibot/floorCleaningRobot_ws/install/sllidar_ros2:/home/mvibot/floorCleaningRobot_ws/install/realsense2_description:/home/mvibot/floorCleaningRobot_ws/install/realsense2_camera:/home/mvibot/floorCleaningRobot_ws/install/realsense2_camera_msgs:/home/mvibot/floorCleaningRobot_ws/install/pointcloud_to_laserscan:/home/mvibot/floorCleaningRobot_ws/install/opennav_coverage_demo:/home/mvibot/floorCleaningRobot_ws/install/opennav_row_coverage:/home/mvibot/floorCleaningRobot_ws/install/opennav_coverage_navigator:/home/mvibot/floorCleaningRobot_ws/install/opennav_coverage_bt:/home/mvibot/floorCleaningRobot_ws/install/opennav_coverage:/home/mvibot/floorCleaningRobot_ws/install/mission_layer_mvibot:/home/mvibot/floorCleaningRobot_ws/install/opennav_coverage_msgs:/home/mvibot/floorCleaningRobot_ws/install/lower_layer_mvibot:/home/mvibot/floorCleaningRobot_ws/install/ira_laser_tools:/home/mvibot/floorCleaningRobot_ws/install/higher_layer_mvibot:/opt/ros/jazzy', 'SHELL': '/bin/bash', 'LESSCLOSE': '/usr/bin/lesspipe %s %s', 'ROS_AUTOMATIC_DISCOVERY_RANGE': 'SUBNET', 'PWD': '/home/mvibot/floorCleaningRobot_ws/build/mission_layer_mvibot', 'LC_ALL': 'en_US.UTF-8', 'SSH_CONNECTION': '10.0.60.48 53064 10.0.70.69 22', 'NVM_CD_FLAGS': '', 'XDG_DATA_DIRS': '/usr/share/gnome:/usr/local/share:/usr/share:/var/lib/snapd/desktop', 'PYTHONPATH': '/home/mvibot/floorCleaningRobot_ws/install/opennav_coverage_msgs/lib/python3.12/site-packages:/home/mvibot/floorCleaningRobot_ws/install/tf2_web_republisher_interfaces/lib/python3.12/site-packages:/home/mvibot/floorCleaningRobot_ws/install/realsense2_camera_msgs/lib/python3.12/site-packages:/home/mvibot/floorCleaningRobot_ws/build/opennav_coverage_demo:/home/mvibot/floorCleaningRobot_ws/install/opennav_coverage_demo/lib/python3.12/site-packages:/opt/ros/jazzy/lib/python3.12/site-packages', 'COLCON': '1', 'CMAKE_PREFIX_PATH': '/home/mvibot/floorCleaningRobot_ws/install/opennav_coverage_msgs:/home/mvibot/floorCleaningRobot_ws/install/tf2_web_republisher:/home/mvibot/floorCleaningRobot_ws/install/tf2_web_republisher_interfaces:/home/mvibot/floorCleaningRobot_ws/install/sllidar_ros2:/home/mvibot/floorCleaningRobot_ws/install/realsense2_description:/home/mvibot/floorCleaningRobot_ws/install/realsense2_camera:/home/mvibot/floorCleaningRobot_ws/install/realsense2_camera_msgs:/home/mvibot/floorCleaningRobot_ws/install/pointcloud_to_laserscan:/home/mvibot/floorCleaningRobot_ws/install/opennav_row_coverage:/home/mvibot/floorCleaningRobot_ws/install/opennav_coverage_navigator:/home/mvibot/floorCleaningRobot_ws/install/opennav_coverage_bt:/home/mvibot/floorCleaningRobot_ws/install/opennav_coverage:/home/mvibot/floorCleaningRobot_ws/install/mission_layer_mvibot:/home/mvibot/floorCleaningRobot_ws/install/lower_layer_mvibot:/home/mvibot/floorCleaningRobot_ws/install/ira_laser_tools:/home/mvibot/floorCleaningRobot_ws/install/higher_layer_mvibot:/home/mvibot/floorCleaningRobot_ws/install/fields2cover:/opt/ros/jazzy/opt/gz_sim_vendor:/opt/ros/jazzy/opt/gz_sensors_vendor:/opt/ros/jazzy/opt/gz_physics_vendor:/opt/ros/jazzy/opt/sdformat_vendor:/opt/ros/jazzy/opt/gz_gui_vendor:/opt/ros/jazzy/opt/gz_transport_vendor:/opt/ros/jazzy/opt/gz_rendering_vendor:/opt/ros/jazzy/opt/gz_plugin_vendor:/opt/ros/jazzy/opt/gz_fuel_tools_vendor:/opt/ros/jazzy/opt/gz_msgs_vendor:/opt/ros/jazzy/opt/gz_common_vendor:/opt/ros/jazzy/opt/gz_math_vendor:/opt/ros/jazzy/opt/gz_utils_vendor:/opt/ros/jazzy/opt/gz_tools_vendor:/opt/ros/jazzy/opt/gz_ogre_next_vendor:/opt/ros/jazzy/opt/gz_dartsim_vendor:/opt/ros/jazzy/opt/gz_cmake_vendor:/home/mvibot/floorCleaningRobot_ws/install/opennav_coverage_demo:/opt/ros/jazzy'}), 'shell': False}
[135.990081] (mission_layer_mvibot) StdoutLine: {'line': b'-- Install configuration: "Release"\n'}
[135.992091] (mission_layer_mvibot) StdoutLine: {'line': b'-- Execute custom install script\n'}
[135.996521] (mission_layer_mvibot) StdoutLine: {'line': b'-- Up-to-date symlink: /home/mvibot/floorCleaningRobot_ws/install/mission_layer_mvibot/share/mission_layer_mvibot//launch/mvibot_amcl_launch.py\n'}
[135.997180] (mission_layer_mvibot) StdoutLine: {'line': b'-- Up-to-date symlink: /home/mvibot/floorCleaningRobot_ws/install/mission_layer_mvibot/share/mission_layer_mvibot//launch/mvibot_behavior_launch.py\n'}
[135.997767] (mission_layer_mvibot) StdoutLine: {'line': b'-- Up-to-date symlink: /home/mvibot/floorCleaningRobot_ws/install/mission_layer_mvibot/share/mission_layer_mvibot//launch/mvibot_bt_navigator_launch.py\n'}
[135.998036] (mission_layer_mvibot) StdoutLine: {'line': b'-- Up-to-date symlink: /home/mvibot/floorCleaningRobot_ws/install/mission_layer_mvibot/share/mission_layer_mvibot//launch/mvibot_collision_monitor_launch.py\n'}
[135.998593] (mission_layer_mvibot) StdoutLine: {'line': b'-- Up-to-date symlink: /home/mvibot/floorCleaningRobot_ws/install/mission_layer_mvibot/share/mission_layer_mvibot//launch/mvibot_controller_launch.py\n'}
[135.999114] (mission_layer_mvibot) StdoutLine: {'line': b'-- Up-to-date symlink: /home/mvibot/floorCleaningRobot_ws/install/mission_layer_mvibot/share/mission_layer_mvibot//launch/mvibot_lifecycle_manager_navigation_launch.py\n'}
[135.999566] (mission_layer_mvibot) StdoutLine: {'line': b'-- Up-to-date symlink: /home/mvibot/floorCleaningRobot_ws/install/mission_layer_mvibot/share/mission_layer_mvibot//launch/mvibot_manage_mission_launch.py\n'}
[136.000000] (mission_layer_mvibot) StdoutLine: {'line': b'-- Up-to-date symlink: /home/mvibot/floorCleaningRobot_ws/install/mission_layer_mvibot/share/mission_layer_mvibot//launch/mvibot_mission_launch.py\n'}
[136.000419] (mission_layer_mvibot) StdoutLine: {'line': b'-- Up-to-date symlink: /home/mvibot/floorCleaningRobot_ws/install/mission_layer_mvibot/share/mission_layer_mvibot//launch/mvibot_navigation_launch.py\n'}
[136.000873] (mission_layer_mvibot) StdoutLine: {'line': b'-- Up-to-date symlink: /home/mvibot/floorCleaningRobot_ws/install/mission_layer_mvibot/share/mission_layer_mvibot//launch/mvibot_opennav_coverage_launch.py\n'}
[136.001136] (mission_layer_mvibot) StdoutLine: {'line': b'-- Up-to-date symlink: /home/mvibot/floorCleaningRobot_ws/install/mission_layer_mvibot/share/mission_layer_mvibot//launch/mvibot_planner_launch.py\n'}
[136.001390] (mission_layer_mvibot) StdoutLine: {'line': b'-- Up-to-date symlink: /home/mvibot/floorCleaningRobot_ws/install/mission_layer_mvibot/share/mission_layer_mvibot//launch/mvibot_smoother_launch.py\n'}
[136.001695] (mission_layer_mvibot) StdoutLine: {'line': b'-- Up-to-date symlink: /home/mvibot/floorCleaningRobot_ws/install/mission_layer_mvibot/share/mission_layer_mvibot//launch/mvibot_velocity_smoother_launch.py\n'}
[136.001927] (mission_layer_mvibot) StdoutLine: {'line': b'-- Up-to-date symlink: /home/mvibot/floorCleaningRobot_ws/install/mission_layer_mvibot/share/mission_layer_mvibot//launch/mvibot_waypoint_follower_launch.py\n'}
[136.003426] (mission_layer_mvibot) StdoutLine: {'line': b'-- Up-to-date symlink: /home/mvibot/floorCleaningRobot_ws/install/mission_layer_mvibot/lib/mission_layer_mvibot/mvibot_mission\n'}
[136.003801] (mission_layer_mvibot) StdoutLine: {'line': b'-- Up-to-date symlink: /home/mvibot/floorCleaningRobot_ws/install/mission_layer_mvibot/share/ament_index/resource_index/package_run_dependencies/mission_layer_mvibot\n'}
[136.004258] (mission_layer_mvibot) StdoutLine: {'line': b'-- Up-to-date symlink: /home/mvibot/floorCleaningRobot_ws/install/mission_layer_mvibot/share/ament_index/resource_index/parent_prefix_path/mission_layer_mvibot\n'}
[136.004769] (mission_layer_mvibot) StdoutLine: {'line': b'-- Up-to-date symlink: /home/mvibot/floorCleaningRobot_ws/install/mission_layer_mvibot/share/mission_layer_mvibot/environment/ament_prefix_path.sh\n'}
[136.005056] (mission_layer_mvibot) StdoutLine: {'line': b'-- Up-to-date symlink: /home/mvibot/floorCleaningRobot_ws/install/mission_layer_mvibot/share/mission_layer_mvibot/environment/ament_prefix_path.dsv\n'}
[136.005339] (mission_layer_mvibot) StdoutLine: {'line': b'-- Up-to-date symlink: /home/mvibot/floorCleaningRobot_ws/install/mission_layer_mvibot/share/mission_layer_mvibot/environment/path.sh\n'}
[136.005624] (mission_layer_mvibot) StdoutLine: {'line': b'-- Up-to-date symlink: /home/mvibot/floorCleaningRobot_ws/install/mission_layer_mvibot/share/mission_layer_mvibot/environment/path.dsv\n'}
[136.006100] (mission_layer_mvibot) StdoutLine: {'line': b'-- Up-to-date symlink: /home/mvibot/floorCleaningRobot_ws/install/mission_layer_mvibot/share/mission_layer_mvibot/local_setup.bash\n'}
[136.006411] (mission_layer_mvibot) StdoutLine: {'line': b'-- Up-to-date symlink: /home/mvibot/floorCleaningRobot_ws/install/mission_layer_mvibot/share/mission_layer_mvibot/local_setup.sh\n'}
[136.006719] (mission_layer_mvibot) StdoutLine: {'line': b'-- Up-to-date symlink: /home/mvibot/floorCleaningRobot_ws/install/mission_layer_mvibot/share/mission_layer_mvibot/local_setup.zsh\n'}
[136.007322] (mission_layer_mvibot) StdoutLine: {'line': b'-- Up-to-date symlink: /home/mvibot/floorCleaningRobot_ws/install/mission_layer_mvibot/share/mission_layer_mvibot/local_setup.dsv\n'}
[136.007592] (mission_layer_mvibot) StdoutLine: {'line': b'-- Symlinking: /home/mvibot/floorCleaningRobot_ws/install/mission_layer_mvibot/share/mission_layer_mvibot/package.dsv\n'}
[136.029640] (mission_layer_mvibot) StdoutLine: {'line': b'-- Up-to-date symlink: /home/mvibot/floorCleaningRobot_ws/install/mission_layer_mvibot/share/ament_index/resource_index/packages/mission_layer_mvibot\n'}
[136.030497] (mission_layer_mvibot) StdoutLine: {'line': b'-- Up-to-date symlink: /home/mvibot/floorCleaningRobot_ws/install/mission_layer_mvibot/share/mission_layer_mvibot/cmake/mission_layer_mvibotConfig.cmake\n'}
[136.031333] (mission_layer_mvibot) StdoutLine: {'line': b'-- Up-to-date symlink: /home/mvibot/floorCleaningRobot_ws/install/mission_layer_mvibot/share/mission_layer_mvibot/cmake/mission_layer_mvibotConfig-version.cmake\n'}
[136.032856] (mission_layer_mvibot) StdoutLine: {'line': b'-- Up-to-date symlink: /home/mvibot/floorCleaningRobot_ws/install/mission_layer_mvibot/share/mission_layer_mvibot/package.xml\n'}
[136.035992] (mission_layer_mvibot) CommandEnded: {'returncode': 0}
[136.049531] (-) TimerEvent: {}
[136.079865] (mission_layer_mvibot) JobEnded: {'identifier': 'mission_layer_mvibot', 'rc': 0}
[136.083499] (-) EventReactorShutdown: {}
