[0.000000] (-) TimerEvent: {}
[0.000688] (-) JobUnselected: {'identifier': 'fields2cover'}
[0.000752] (-) JobUnselected: {'identifier': 'higher_layer_mvibot'}
[0.000785] (-) JobUnselected: {'identifier': 'ira_laser_tools'}
[0.000810] (-) JobUnselected: {'identifier': 'lower_layer_mvibot'}
[0.000865] (-) JobUnselected: {'identifier': 'opennav_coverage'}
[0.000897] (-) JobUnselected: {'identifier': 'opennav_coverage_bt'}
[0.000920] (-) JobUnselected: {'identifier': 'opennav_coverage_demo'}
[0.000946] (-) JobUnselected: {'identifier': 'opennav_coverage_msgs'}
[0.000966] (-) JobUnselected: {'identifier': 'opennav_coverage_navigator'}
[0.000986] (-) JobUnselected: {'identifier': 'opennav_row_coverage'}
[0.001004] (-) JobUnselected: {'identifier': 'pointcloud_to_laserscan'}
[0.001022] (-) JobUnselected: {'identifier': 'realsense2_camera'}
[0.001039] (-) JobUnselected: {'identifier': 'realsense2_camera_msgs'}
[0.001056] (-) JobUnselected: {'identifier': 'realsense2_description'}
[0.001074] (-) JobUnselected: {'identifier': 'sllidar_ros2'}
[0.001095] (-) JobUnselected: {'identifier': 'tf2_web_republisher'}
[0.001114] (-) JobUnselected: {'identifier': 'tf2_web_republisher_interfaces'}
[0.001135] (mission_layer_mvibot) JobQueued: {'identifier': 'mission_layer_mvibot', 'dependencies': OrderedDict({'opennav_coverage_msgs': '/home/mvibot/floorCleaningRobot_ws/install/opennav_coverage_msgs'})}
[0.001167] (mission_layer_mvibot) JobStarted: {'identifier': 'mission_layer_mvibot'}
[0.034189] (mission_layer_mvibot) JobProgress: {'identifier': 'mission_layer_mvibot', 'progress': 'cmake'}
[0.036617] (mission_layer_mvibot) JobProgress: {'identifier': 'mission_layer_mvibot', 'progress': 'build'}
[0.040419] (mission_layer_mvibot) Command: {'cmd': ['/usr/bin/cmake', '--build', '/home/mvibot/floorCleaningRobot_ws/build/mission_layer_mvibot', '--', '-j8', '-l8'], 'cwd': '/home/mvibot/floorCleaningRobot_ws/build/mission_layer_mvibot', 'env': OrderedDict({'LESSOPEN': '| /usr/bin/lesspipe %s', 'USER': 'mvibot', 'SSH_CLIENT': '10.0.60.48 47086 22', 'GZ_CONFIG_PATH': '/opt/ros/jazzy/opt/gz_sim_vendor/share/gz:/opt/ros/jazzy/opt/sdformat_vendor/share/gz:/opt/ros/jazzy/opt/gz_gui_vendor/share/gz:/opt/ros/jazzy/opt/gz_transport_vendor/share/gz:/opt/ros/jazzy/opt/gz_rendering_vendor/share/gz:/opt/ros/jazzy/opt/gz_plugin_vendor/share/gz:/opt/ros/jazzy/opt/gz_fuel_tools_vendor/share/gz:/opt/ros/jazzy/opt/gz_msgs_vendor/share/gz:/opt/ros/jazzy/opt/gz_common_vendor/share/gz', 'XDG_SESSION_TYPE': 'tty', 'SHLVL': '1', 'LD_LIBRARY_PATH': '/home/mvibot/floorCleaningRobot_ws/install/opennav_coverage_msgs/lib:/home/mvibot/floorCleaningRobot_ws/install/tf2_web_republisher/lib:/home/mvibot/floorCleaningRobot_ws/install/tf2_web_republisher_interfaces/lib:/home/mvibot/floorCleaningRobot_ws/install/realsense2_camera/lib:/home/mvibot/floorCleaningRobot_ws/install/realsense2_camera_msgs/lib:/home/mvibot/floorCleaningRobot_ws/install/pointcloud_to_laserscan/lib:/home/mvibot/floorCleaningRobot_ws/install/opennav_row_coverage/lib:/home/mvibot/floorCleaningRobot_ws/install/opennav_coverage_navigator/lib:/home/mvibot/floorCleaningRobot_ws/install/opennav_coverage_bt/lib:/home/mvibot/floorCleaningRobot_ws/install/opennav_coverage/lib:/home/mvibot/floorCleaningRobot_ws/install/fields2cover/lib:/opt/ros/jazzy/opt/gz_sim_vendor/lib:/opt/ros/jazzy/opt/gz_sensors_vendor/lib:/opt/ros/jazzy/opt/gz_physics_vendor/lib:/opt/ros/jazzy/opt/sdformat_vendor/lib:/opt/ros/jazzy/opt/rviz_ogre_vendor/lib:/opt/ros/jazzy/lib/x86_64-linux-gnu:/opt/ros/jazzy/opt/gz_gui_vendor/lib:/opt/ros/jazzy/opt/gz_transport_vendor/lib:/opt/ros/jazzy/opt/gz_rendering_vendor/lib:/opt/ros/jazzy/opt/gz_plugin_vendor/lib:/opt/ros/jazzy/opt/gz_fuel_tools_vendor/lib:/opt/ros/jazzy/opt/gz_msgs_vendor/lib:/opt/ros/jazzy/opt/gz_common_vendor/lib:/opt/ros/jazzy/opt/gz_math_vendor/lib:/opt/ros/jazzy/opt/gz_utils_vendor/lib:/opt/ros/jazzy/opt/gz_tools_vendor/lib:/opt/ros/jazzy/opt/gz_ogre_next_vendor/lib:/opt/ros/jazzy/opt/gz_dartsim_vendor/lib:/opt/ros/jazzy/opt/gz_cmake_vendor/lib:/opt/ros/jazzy/lib', 'HOME': '/home/mvibot', 'OLDPWD': '/home/mvibot', 'NVM_BIN': '/home/mvibot/.nvm/versions/node/v24.12.0/bin', 'SSH_TTY': '/dev/pts/3', 'NVM_INC': '/home/mvibot/.nvm/versions/node/v24.12.0/include/node', 'ROS_PYTHON_VERSION': '3', 'DBUS_SESSION_BUS_ADDRESS': 'unix:path=/run/user/1000/bus', 'NVM_DIR': '/home/mvibot/.nvm', 'DEBUGINFOD_URLS': 'https://debuginfod.ubuntu.com', 'COLCON_PREFIX_PATH': '/home/mvibot/floorCleaningRobot_ws/install', 'ROS_DISTRO': 'jazzy', 'LOGNAME': 'mvibot', '_': '/usr/bin/colcon', 'ROS_VERSION': '2', 'PKG_CONFIG_PATH': '/home/mvibot/floorCleaningRobot_ws/install/fields2cover/lib/x86_64-linux-gnu/pkgconfig:/home/mvibot/floorCleaningRobot_ws/install/fields2cover/lib/pkgconfig', 'XDG_SESSION_CLASS': 'user', 'TERM': 'xterm-256color', 'XDG_SESSION_ID': '36', 'PATH': '/home/mvibot/.nvm/versions/node/v24.12.0/bin:/opt/ros/jazzy/opt/gz_msgs_vendor/bin:/opt/ros/jazzy/opt/gz_tools_vendor/bin:/opt/ros/jazzy/opt/gz_ogre_next_vendor/bin:/opt/ros/jazzy/bin:/usr/local/sbin:/usr/local/bin:/usr/sbin:/usr/bin:/sbin:/bin:/usr/games:/usr/local/games:/snap/bin', 'XDG_RUNTIME_DIR': '/run/user/1000', 'LANG': 'en_US.UTF-8', 'RMW_IMPLEMENTATION': 'rmw_fastrtps_cpp', 'LS_COLORS': 'rs=0:di=01;34:ln=01;36:mh=00:pi=40;33:so=01;35:do=01;35:bd=40;33;01:cd=40;33;01:or=40;31;01:mi=00:su=37;41:sg=30;43:ca=00:tw=30;42:ow=34;42:st=37;44:ex=01;32:*.tar=01;31:*.tgz=01;31:*.arc=01;31:*.arj=01;31:*.taz=01;31:*.lha=01;31:*.lz4=01;31:*.lzh=01;31:*.lzma=01;31:*.tlz=01;31:*.txz=01;31:*.tzo=01;31:*.t7z=01;31:*.zip=01;31:*.z=01;31:*.dz=01;31:*.gz=01;31:*.lrz=01;31:*.lz=01;31:*.lzo=01;31:*.xz=01;31:*.zst=01;31:*.tzst=01;31:*.bz2=01;31:*.bz=01;31:*.tbz=01;31:*.tbz2=01;31:*.tz=01;31:*.deb=01;31:*.rpm=01;31:*.jar=01;31:*.war=01;31:*.ear=01;31:*.sar=01;31:*.rar=01;31:*.alz=01;31:*.ace=01;31:*.zoo=01;31:*.cpio=01;31:*.7z=01;31:*.rz=01;31:*.cab=01;31:*.wim=01;31:*.swm=01;31:*.dwm=01;31:*.esd=01;31:*.avif=01;35:*.jpg=01;35:*.jpeg=01;35:*.mjpg=01;35:*.mjpeg=01;35:*.gif=01;35:*.bmp=01;35:*.pbm=01;35:*.pgm=01;35:*.ppm=01;35:*.tga=01;35:*.xbm=01;35:*.xpm=01;35:*.tif=01;35:*.tiff=01;35:*.png=01;35:*.svg=01;35:*.svgz=01;35:*.mng=01;35:*.pcx=01;35:*.mov=01;35:*.mpg=01;35:*.mpeg=01;35:*.m2v=01;35:*.mkv=01;35:*.webm=01;35:*.webp=01;35:*.ogm=01;35:*.mp4=01;35:*.m4v=01;35:*.mp4v=01;35:*.vob=01;35:*.qt=01;35:*.nuv=01;35:*.wmv=01;35:*.asf=01;35:*.rm=01;35:*.rmvb=01;35:*.flc=01;35:*.avi=01;35:*.fli=01;35:*.flv=01;35:*.gl=01;35:*.dl=01;35:*.xcf=01;35:*.xwd=01;35:*.yuv=01;35:*.cgm=01;35:*.emf=01;35:*.ogv=01;35:*.ogx=01;35:*.aac=00;36:*.au=00;36:*.flac=00;36:*.m4a=00;36:*.mid=00;36:*.midi=00;36:*.mka=00;36:*.mp3=00;36:*.mpc=00;36:*.ogg=00;36:*.ra=00;36:*.wav=00;36:*.oga=00;36:*.opus=00;36:*.spx=00;36:*.xspf=00;36:*~=00;90:*#=00;90:*.bak=00;90:*.crdownload=00;90:*.dpkg-dist=00;90:*.dpkg-new=00;90:*.dpkg-old=00;90:*.dpkg-tmp=00;90:*.old=00;90:*.orig=00;90:*.part=00;90:*.rej=00;90:*.rpmnew=00;90:*.rpmorig=00;90:*.rpmsave=00;90:*.swp=00;90:*.tmp=00;90:*.ucf-dist=00;90:*.ucf-new=00;90:*.ucf-old=00;90:', 'ROS_DOMAIN_ID': '10', 'AMENT_PREFIX_PATH': '/home/mvibot/floorCleaningRobot_ws/install/tf2_web_republisher:/home/mvibot/floorCleaningRobot_ws/install/tf2_web_republisher_interfaces:/home/mvibot/floorCleaningRobot_ws/install/sllidar_ros2:/home/mvibot/floorCleaningRobot_ws/install/realsense2_description:/home/mvibot/floorCleaningRobot_ws/install/realsense2_camera:/home/mvibot/floorCleaningRobot_ws/install/realsense2_camera_msgs:/home/mvibot/floorCleaningRobot_ws/install/pointcloud_to_laserscan:/home/mvibot/floorCleaningRobot_ws/install/opennav_coverage_demo:/home/mvibot/floorCleaningRobot_ws/install/opennav_row_coverage:/home/mvibot/floorCleaningRobot_ws/install/opennav_coverage_navigator:/home/mvibot/floorCleaningRobot_ws/install/opennav_coverage_bt:/home/mvibot/floorCleaningRobot_ws/install/opennav_coverage:/home/mvibot/floorCleaningRobot_ws/install/mission_layer_mvibot:/home/mvibot/floorCleaningRobot_ws/install/opennav_coverage_msgs:/home/mvibot/floorCleaningRobot_ws/install/lower_layer_mvibot:/home/mvibot/floorCleaningRobot_ws/install/ira_laser_tools:/home/mvibot/floorCleaningRobot_ws/install/higher_layer_mvibot:/opt/ros/jazzy', 'SHELL': '/bin/bash', 'LESSCLOSE': '/usr/bin/lesspipe %s %s', 'ROS_AUTOMATIC_DISCOVERY_RANGE': 'SUBNET', 'PWD': '/home/mvibot/floorCleaningRobot_ws/build/mission_layer_mvibot', 'LC_ALL': 'en_US.UTF-8', 'SSH_CONNECTION': '10.0.60.48 47086 10.0.70.69 22', 'NVM_CD_FLAGS': '', 'XDG_DATA_DIRS': '/usr/share/gnome:/usr/local/share:/usr/share:/var/lib/snapd/desktop', 'PYTHONPATH': '/home/mvibot/floorCleaningRobot_ws/install/opennav_coverage_msgs/lib/python3.12/site-packages:/home/mvibot/floorCleaningRobot_ws/install/tf2_web_republisher_interfaces/lib/python3.12/site-packages:/home/mvibot/floorCleaningRobot_ws/install/realsense2_camera_msgs/lib/python3.12/site-packages:/home/mvibot/floorCleaningRobot_ws/build/opennav_coverage_demo:/home/mvibot/floorCleaningRobot_ws/install/opennav_coverage_demo/lib/python3.12/site-packages:/opt/ros/jazzy/lib/python3.12/site-packages', 'COLCON': '1', 'CMAKE_PREFIX_PATH': '/home/mvibot/floorCleaningRobot_ws/install/opennav_coverage_msgs:/home/mvibot/floorCleaningRobot_ws/install/tf2_web_republisher:/home/mvibot/floorCleaningRobot_ws/install/tf2_web_republisher_interfaces:/home/mvibot/floorCleaningRobot_ws/install/sllidar_ros2:/home/mvibot/floorCleaningRobot_ws/install/realsense2_description:/home/mvibot/floorCleaningRobot_ws/install/realsense2_camera:/home/mvibot/floorCleaningRobot_ws/install/realsense2_camera_msgs:/home/mvibot/floorCleaningRobot_ws/install/pointcloud_to_laserscan:/home/mvibot/floorCleaningRobot_ws/install/opennav_row_coverage:/home/mvibot/floorCleaningRobot_ws/install/opennav_coverage_navigator:/home/mvibot/floorCleaningRobot_ws/install/opennav_coverage_bt:/home/mvibot/floorCleaningRobot_ws/install/opennav_coverage:/home/mvibot/floorCleaningRobot_ws/install/mission_layer_mvibot:/home/mvibot/floorCleaningRobot_ws/install/lower_layer_mvibot:/home/mvibot/floorCleaningRobot_ws/install/ira_laser_tools:/home/mvibot/floorCleaningRobot_ws/install/higher_layer_mvibot:/home/mvibot/floorCleaningRobot_ws/install/fields2cover:/opt/ros/jazzy/opt/gz_sim_vendor:/opt/ros/jazzy/opt/gz_sensors_vendor:/opt/ros/jazzy/opt/gz_physics_vendor:/opt/ros/jazzy/opt/sdformat_vendor:/opt/ros/jazzy/opt/gz_gui_vendor:/opt/ros/jazzy/opt/gz_transport_vendor:/opt/ros/jazzy/opt/gz_rendering_vendor:/opt/ros/jazzy/opt/gz_plugin_vendor:/opt/ros/jazzy/opt/gz_fuel_tools_vendor:/opt/ros/jazzy/opt/gz_msgs_vendor:/opt/ros/jazzy/opt/gz_common_vendor:/opt/ros/jazzy/opt/gz_math_vendor:/opt/ros/jazzy/opt/gz_utils_vendor:/opt/ros/jazzy/opt/gz_tools_vendor:/opt/ros/jazzy/opt/gz_ogre_next_vendor:/opt/ros/jazzy/opt/gz_dartsim_vendor:/opt/ros/jazzy/opt/gz_cmake_vendor:/home/mvibot/floorCleaningRobot_ws/install/opennav_coverage_demo:/opt/ros/jazzy'}), 'shell': False}
[0.098463] (-) TimerEvent: {}
[0.199220] (-) TimerEvent: {}
[0.299584] (-) TimerEvent: {}
[0.399878] (-) TimerEvent: {}
[0.426190] (mission_layer_mvibot) StdoutLine: {'line': b'[ 50%] \x1b[32mBuilding CXX object CMakeFiles/mvibot_mission.dir/src/mvibot_mission.cpp.o\x1b[0m\n'}
[0.500037] (-) TimerEvent: {}
[0.600335] (-) TimerEvent: {}
[0.700644] (-) TimerEvent: {}
[0.800937] (-) TimerEvent: {}
[0.901164] (-) TimerEvent: {}
[1.001434] (-) TimerEvent: {}
[1.101683] (-) TimerEvent: {}
[1.201948] (-) TimerEvent: {}
[1.302242] (-) TimerEvent: {}
[1.402553] (-) TimerEvent: {}
[1.502812] (-) TimerEvent: {}
[1.603132] (-) TimerEvent: {}
[1.703373] (-) TimerEvent: {}
[1.803678] (-) TimerEvent: {}
[1.904069] (-) TimerEvent: {}
[2.004345] (-) TimerEvent: {}
[2.104630] (-) TimerEvent: {}
[2.204883] (-) TimerEvent: {}
[2.305239] (-) TimerEvent: {}
[2.405556] (-) TimerEvent: {}
[2.506775] (-) TimerEvent: {}
[2.607197] (-) TimerEvent: {}
[2.707511] (-) TimerEvent: {}
[2.807935] (-) TimerEvent: {}
[2.908343] (-) TimerEvent: {}
[3.008609] (-) TimerEvent: {}
[3.109104] (-) TimerEvent: {}
[3.209370] (-) TimerEvent: {}
[3.309724] (-) TimerEvent: {}
[3.409980] (-) TimerEvent: {}
[3.510253] (-) TimerEvent: {}
[3.610574] (-) TimerEvent: {}
[3.710881] (-) TimerEvent: {}
[3.811150] (-) TimerEvent: {}
[3.912086] (-) TimerEvent: {}
[4.012385] (-) TimerEvent: {}
[4.112922] (-) TimerEvent: {}
[4.213225] (-) TimerEvent: {}
[4.313529] (-) TimerEvent: {}
[4.413875] (-) TimerEvent: {}
[4.514145] (-) TimerEvent: {}
[4.614441] (-) TimerEvent: {}
[4.714860] (-) TimerEvent: {}
[4.815340] (-) TimerEvent: {}
[4.915653] (-) TimerEvent: {}
[5.015967] (-) TimerEvent: {}
[5.116331] (-) TimerEvent: {}
[5.217088] (-) TimerEvent: {}
[5.317426] (-) TimerEvent: {}
[5.417828] (-) TimerEvent: {}
[5.518432] (-) TimerEvent: {}
[5.618742] (-) TimerEvent: {}
[5.719093] (-) TimerEvent: {}
[5.819428] (-) TimerEvent: {}
[5.919758] (-) TimerEvent: {}
[6.020135] (-) TimerEvent: {}
[6.120554] (-) TimerEvent: {}
[6.220877] (-) TimerEvent: {}
[6.321164] (-) TimerEvent: {}
[6.421402] (-) TimerEvent: {}
[6.521759] (-) TimerEvent: {}
[6.622208] (-) TimerEvent: {}
[6.722781] (-) TimerEvent: {}
[6.823096] (-) TimerEvent: {}
[6.923393] (-) TimerEvent: {}
[7.023652] (-) TimerEvent: {}
[7.123952] (-) TimerEvent: {}
[7.224243] (-) TimerEvent: {}
[7.324490] (-) TimerEvent: {}
[7.424759] (-) TimerEvent: {}
[7.525029] (-) TimerEvent: {}
[7.625277] (-) TimerEvent: {}
[7.725541] (-) TimerEvent: {}
[7.825766] (-) TimerEvent: {}
[7.926080] (-) TimerEvent: {}
[8.026416] (-) TimerEvent: {}
[8.126798] (-) TimerEvent: {}
[8.227888] (-) TimerEvent: {}
[8.328135] (-) TimerEvent: {}
[8.428452] (-) TimerEvent: {}
[8.528700] (-) TimerEvent: {}
[8.629016] (-) TimerEvent: {}
[8.643710] (mission_layer_mvibot) StderrLine: {'line': b'In file included from \x1b[01m\x1b[K/home/mvibot/floorCleaningRobot_ws/src/mission_layer_mvibot/src/mvibot_mission.cpp:3\x1b[m\x1b[K:\n'}
[8.644025] (mission_layer_mvibot) StderrLine: {'line': b'\x1b[01m\x1b[K/home/mvibot/floorCleaningRobot_ws/src/mission_layer_mvibot/src/../include/mission_layer_mvibot/mvibot_mission/manage_mission.h:\x1b[m\x1b[K In lambda function:\n'}
[8.644121] (mission_layer_mvibot) StderrLine: {'line': b'\x1b[01m\x1b[K/home/mvibot/floorCleaningRobot_ws/src/mission_layer_mvibot/src/../include/mission_layer_mvibot/mvibot_mission/manage_mission.h:254:34:\x1b[m\x1b[K \x1b[01;35m\x1b[Kwarning: \x1b[m\x1b[Kcomparison of integer expressions of different signedness: \xe2\x80\x98\x1b[01m\x1b[Kint\x1b[m\x1b[K\xe2\x80\x99 and \xe2\x80\x98\x1b[01m\x1b[Kstd::vector<std::__cxx11::basic_string<char>, std::allocator<std::__cxx11::basic_string<char> > >::size_type\x1b[m\x1b[K\xe2\x80\x99 {aka \xe2\x80\x98\x1b[01m\x1b[Klong unsigned int\x1b[m\x1b[K\xe2\x80\x99} [\x1b[01;35m\x1b[K\x1b]8;;https://gcc.gnu.org/onlinedocs/gcc/Warning-Options.html#index-Wsign-compare\x07-Wsign-compare\x1b]8;;\x07\x1b[m\x1b[K]\n'}
[8.644243] (mission_layer_mvibot) StderrLine: {'line': b'  254 |                     for(int i=1;\x1b[01;35m\x1b[Ki<data.data1.size()\x1b[m\x1b[K;i++){\n'}
[8.644349] (mission_layer_mvibot) StderrLine: {'line': b'      |                                 \x1b[01;35m\x1b[K~^~~~~~~~~~~~~~~~~~\x1b[m\x1b[K\n'}
[8.680849] (mission_layer_mvibot) StderrLine: {'line': b'\x1b[01m\x1b[K/home/mvibot/floorCleaningRobot_ws/src/mission_layer_mvibot/src/../include/mission_layer_mvibot/mvibot_mission/manage_mission.h:\x1b[m\x1b[K In lambda function:\n'}
[8.681104] (mission_layer_mvibot) StderrLine: {'line': b'\x1b[01m\x1b[K/home/mvibot/floorCleaningRobot_ws/src/mission_layer_mvibot/src/../include/mission_layer_mvibot/mvibot_mission/manage_mission.h:292:72:\x1b[m\x1b[K \x1b[01;35m\x1b[Kwarning: \x1b[m\x1b[Kunused parameter \xe2\x80\x98\x1b[01m\x1b[Kmsg\x1b[m\x1b[K\xe2\x80\x99 [\x1b[01;35m\x1b[K\x1b]8;;https://gcc.gnu.org/onlinedocs/gcc/Warning-Options.html#index-Wunused-parameter\x07-Wunused-parameter\x1b]8;;\x07\x1b[m\x1b[K]\n'}
[8.681232] (mission_layer_mvibot) StderrLine: {'line': b'  292 |             auto reset_mission_callback = [this](\x1b[01;35m\x1b[Kstd_msgs::msg::String msg\x1b[m\x1b[K)->void{\n'}
[8.681358] (mission_layer_mvibot) StderrLine: {'line': b'      |                                                  \x1b[01;35m\x1b[K~~~~~~~~~~~~~~~~~~~~~~^~~\x1b[m\x1b[K\n'}
[8.681877] (mission_layer_mvibot) StderrLine: {'line': b'\x1b[01m\x1b[K/home/mvibot/floorCleaningRobot_ws/src/mission_layer_mvibot/src/../include/mission_layer_mvibot/mvibot_mission/manage_mission.h:\x1b[m\x1b[K In lambda function:\n'}
[8.682112] (mission_layer_mvibot) StderrLine: {'line': b'\x1b[01m\x1b[K/home/mvibot/floorCleaningRobot_ws/src/mission_layer_mvibot/src/../include/mission_layer_mvibot/mvibot_mission/manage_mission.h:314:30:\x1b[m\x1b[K \x1b[01;35m\x1b[Kwarning: \x1b[m\x1b[Kcomparison of integer expressions of different signedness: \xe2\x80\x98\x1b[01m\x1b[Kint\x1b[m\x1b[K\xe2\x80\x99 and \xe2\x80\x98\x1b[01m\x1b[Kstd::vector<std::__cxx11::basic_string<char>, std::allocator<std::__cxx11::basic_string<char> > >::size_type\x1b[m\x1b[K\xe2\x80\x99 {aka \xe2\x80\x98\x1b[01m\x1b[Klong unsigned int\x1b[m\x1b[K\xe2\x80\x99} [\x1b[01;35m\x1b[K\x1b]8;;https://gcc.gnu.org/onlinedocs/gcc/Warning-Options.html#index-Wsign-compare\x07-Wsign-compare\x1b]8;;\x07\x1b[m\x1b[K]\n'}
[8.682251] (mission_layer_mvibot) StderrLine: {'line': b'  314 |                 for(int i=0;\x1b[01;35m\x1b[Ki<data.data1.size()\x1b[m\x1b[K;i++){\n'}
[8.682414] (mission_layer_mvibot) StderrLine: {'line': b'      |                             \x1b[01;35m\x1b[K~^~~~~~~~~~~~~~~~~~\x1b[m\x1b[K\n'}
[8.684255] (mission_layer_mvibot) StderrLine: {'line': b'\x1b[01m\x1b[K/home/mvibot/floorCleaningRobot_ws/src/mission_layer_mvibot/src/../include/mission_layer_mvibot/mvibot_mission/manage_mission.h:311:36:\x1b[m\x1b[K \x1b[01;35m\x1b[Kwarning: \x1b[m\x1b[Kunused variable \xe2\x80\x98\x1b[01m\x1b[Klive_f\x1b[m\x1b[K\xe2\x80\x99 [\x1b[01;35m\x1b[K\x1b]8;;https://gcc.gnu.org/onlinedocs/gcc/Warning-Options.html#index-Wunused-variable\x07-Wunused-variable\x1b]8;;\x07\x1b[m\x1b[K]\n'}
[8.684659] (mission_layer_mvibot) StderrLine: {'line': b'  311 |                 static int live=-1,\x1b[01;35m\x1b[Klive_f\x1b[m\x1b[K=-1,brake=-1,brake_f=-1,enable=-1,enable_f=-1,error=-1,error_f=-1;\n'}
[8.684796] (mission_layer_mvibot) StderrLine: {'line': b'      |                                    \x1b[01;35m\x1b[K^~~~~~\x1b[m\x1b[K\n'}
[8.684935] (mission_layer_mvibot) StderrLine: {'line': b'\x1b[01m\x1b[K/home/mvibot/floorCleaningRobot_ws/src/mission_layer_mvibot/src/../include/mission_layer_mvibot/mvibot_mission/manage_mission.h:311:55:\x1b[m\x1b[K \x1b[01;35m\x1b[Kwarning: \x1b[m\x1b[Kunused variable \xe2\x80\x98\x1b[01m\x1b[Kbrake_f\x1b[m\x1b[K\xe2\x80\x99 [\x1b[01;35m\x1b[K\x1b]8;;https://gcc.gnu.org/onlinedocs/gcc/Warning-Options.html#index-Wunused-variable\x07-Wunused-variable\x1b]8;;\x07\x1b[m\x1b[K]\n'}
[8.685064] (mission_layer_mvibot) StderrLine: {'line': b'  311 |                 static int live=-1,live_f=-1,brake=-1,\x1b[01;35m\x1b[Kbrake_f\x1b[m\x1b[K=-1,enable=-1,enable_f=-1,error=-1,error_f=-1;\n'}
[8.685185] (mission_layer_mvibot) StderrLine: {'line': b'      |                                                       \x1b[01;35m\x1b[K^~~~~~~\x1b[m\x1b[K\n'}
[8.685306] (mission_layer_mvibot) StderrLine: {'line': b'\x1b[01m\x1b[K/home/mvibot/floorCleaningRobot_ws/src/mission_layer_mvibot/src/../include/mission_layer_mvibot/mvibot_mission/manage_mission.h:311:76:\x1b[m\x1b[K \x1b[01;35m\x1b[Kwarning: \x1b[m\x1b[Kunused variable \xe2\x80\x98\x1b[01m\x1b[Kenable_f\x1b[m\x1b[K\xe2\x80\x99 [\x1b[01;35m\x1b[K\x1b]8;;https://gcc.gnu.org/onlinedocs/gcc/Warning-Options.html#index-Wunused-variable\x07-Wunused-variable\x1b]8;;\x07\x1b[m\x1b[K]\n'}
[8.685458] (mission_layer_mvibot) StderrLine: {'line': b'  311 |                 static int live=-1,live_f=-1,brake=-1,brake_f=-1,enable=-1,\x1b[01;35m\x1b[Kenable_f\x1b[m\x1b[K=-1,error=-1,error_f=-1;\n'}
[8.685570] (mission_layer_mvibot) StderrLine: {'line': b'      |                                                                            \x1b[01;35m\x1b[K^~~~~~~~\x1b[m\x1b[K\n'}
[8.685644] (mission_layer_mvibot) StderrLine: {'line': b'\x1b[01m\x1b[K/home/mvibot/floorCleaningRobot_ws/src/mission_layer_mvibot/src/../include/mission_layer_mvibot/mvibot_mission/manage_mission.h:311:88:\x1b[m\x1b[K \x1b[01;35m\x1b[Kwarning: \x1b[m\x1b[Kvariable \xe2\x80\x98\x1b[01m\x1b[Kerror\x1b[m\x1b[K\xe2\x80\x99 set but not used [\x1b[01;35m\x1b[K\x1b]8;;https://gcc.gnu.org/onlinedocs/gcc/Warning-Options.html#index-Wunused-but-set-variable\x07-Wunused-but-set-variable\x1b]8;;\x07\x1b[m\x1b[K]\n'}
[8.685772] (mission_layer_mvibot) StderrLine: {'line': b'  311 |                 static int live=-1,live_f=-1,brake=-1,brake_f=-1,enable=-1,enable_f=-1,\x1b[01;35m\x1b[Kerror\x1b[m\x1b[K=-1,error_f=-1;\n'}
[8.685908] (mission_layer_mvibot) StderrLine: {'line': b'      |                                                                                        \x1b[01;35m\x1b[K^~~~~\x1b[m\x1b[K\n'}
[8.686023] (mission_layer_mvibot) StderrLine: {'line': b'\x1b[01m\x1b[K/home/mvibot/floorCleaningRobot_ws/src/mission_layer_mvibot/src/../include/mission_layer_mvibot/mvibot_mission/manage_mission.h:311:97:\x1b[m\x1b[K \x1b[01;35m\x1b[Kwarning: \x1b[m\x1b[Kunused variable \xe2\x80\x98\x1b[01m\x1b[Kerror_f\x1b[m\x1b[K\xe2\x80\x99 [\x1b[01;35m\x1b[K\x1b]8;;https://gcc.gnu.org/onlinedocs/gcc/Warning-Options.html#index-Wunused-variable\x07-Wunused-variable\x1b]8;;\x07\x1b[m\x1b[K]\n'}
[8.686144] (mission_layer_mvibot) StderrLine: {'line': b'  311 |                 static int live=-1,live_f=-1,brake=-1,brake_f=-1,enable=-1,enable_f=-1,error=-1,\x1b[01;35m\x1b[Kerror_f\x1b[m\x1b[K=-1;\n'}
[8.686270] (mission_layer_mvibot) StderrLine: {'line': b'      |                                                                                                 \x1b[01;35m\x1b[K^~~~~~~\x1b[m\x1b[K\n'}
[8.686502] (mission_layer_mvibot) StderrLine: {'line': b'\x1b[01m\x1b[K/home/mvibot/floorCleaningRobot_ws/src/mission_layer_mvibot/src/../include/mission_layer_mvibot/mvibot_mission/manage_mission.h:\x1b[m\x1b[K In lambda function:\n'}
[8.686647] (mission_layer_mvibot) StderrLine: {'line': b'\x1b[01m\x1b[K/home/mvibot/floorCleaningRobot_ws/src/mission_layer_mvibot/src/../include/mission_layer_mvibot/mvibot_mission/manage_mission.h:343:30:\x1b[m\x1b[K \x1b[01;35m\x1b[Kwarning: \x1b[m\x1b[Kcomparison of integer expressions of different signedness: \xe2\x80\x98\x1b[01m\x1b[Kint\x1b[m\x1b[K\xe2\x80\x99 and \xe2\x80\x98\x1b[01m\x1b[Kstd::vector<std::__cxx11::basic_string<char>, std::allocator<std::__cxx11::basic_string<char> > >::size_type\x1b[m\x1b[K\xe2\x80\x99 {aka \xe2\x80\x98\x1b[01m\x1b[Klong unsigned int\x1b[m\x1b[K\xe2\x80\x99} [\x1b[01;35m\x1b[K\x1b]8;;https://gcc.gnu.org/onlinedocs/gcc/Warning-Options.html#index-Wsign-compare\x07-Wsign-compare\x1b]8;;\x07\x1b[m\x1b[K]\n'}
[8.686799] (mission_layer_mvibot) StderrLine: {'line': b'  343 |                 for(int i=0;\x1b[01;35m\x1b[Ki<data.data1.size()\x1b[m\x1b[K;i++){\n'}
[8.686961] (mission_layer_mvibot) StderrLine: {'line': b'      |                             \x1b[01;35m\x1b[K~^~~~~~~~~~~~~~~~~~\x1b[m\x1b[K\n'}
[8.688312] (mission_layer_mvibot) StderrLine: {'line': b'\x1b[01m\x1b[K/home/mvibot/floorCleaningRobot_ws/src/mission_layer_mvibot/src/../include/mission_layer_mvibot/mvibot_mission/manage_mission.h:339:36:\x1b[m\x1b[K \x1b[01;35m\x1b[Kwarning: \x1b[m\x1b[Kunused variable \xe2\x80\x98\x1b[01m\x1b[Klive_f\x1b[m\x1b[K\xe2\x80\x99 [\x1b[01;35m\x1b[K\x1b]8;;https://gcc.gnu.org/onlinedocs/gcc/Warning-Options.html#index-Wunused-variable\x07-Wunused-variable\x1b]8;;\x07\x1b[m\x1b[K]\n'}
[8.688571] (mission_layer_mvibot) StderrLine: {'line': b'  339 |                 static int live=-1,\x1b[01;35m\x1b[Klive_f\x1b[m\x1b[K=-1,brake=-1,brake_f=-1,enable=-1,enable_f=-1,error=-1,error_f=-1;\n'}
[8.688709] (mission_layer_mvibot) StderrLine: {'line': b'      |                                    \x1b[01;35m\x1b[K^~~~~~\x1b[m\x1b[K\n'}
[8.688845] (mission_layer_mvibot) StderrLine: {'line': b'\x1b[01m\x1b[K/home/mvibot/floorCleaningRobot_ws/src/mission_layer_mvibot/src/../include/mission_layer_mvibot/mvibot_mission/manage_mission.h:339:55:\x1b[m\x1b[K \x1b[01;35m\x1b[Kwarning: \x1b[m\x1b[Kunused variable \xe2\x80\x98\x1b[01m\x1b[Kbrake_f\x1b[m\x1b[K\xe2\x80\x99 [\x1b[01;35m\x1b[K\x1b]8;;https://gcc.gnu.org/onlinedocs/gcc/Warning-Options.html#index-Wunused-variable\x07-Wunused-variable\x1b]8;;\x07\x1b[m\x1b[K]\n'}
[8.688991] (mission_layer_mvibot) StderrLine: {'line': b'  339 |                 static int live=-1,live_f=-1,brake=-1,\x1b[01;35m\x1b[Kbrake_f\x1b[m\x1b[K=-1,enable=-1,enable_f=-1,error=-1,error_f=-1;\n'}
[8.689140] (mission_layer_mvibot) StderrLine: {'line': b'      |                                                       \x1b[01;35m\x1b[K^~~~~~~\x1b[m\x1b[K\n'}
[8.689269] (mission_layer_mvibot) StderrLine: {'line': b'\x1b[01m\x1b[K/home/mvibot/floorCleaningRobot_ws/src/mission_layer_mvibot/src/../include/mission_layer_mvibot/mvibot_mission/manage_mission.h:339:76:\x1b[m\x1b[K \x1b[01;35m\x1b[Kwarning: \x1b[m\x1b[Kunused variable \xe2\x80\x98\x1b[01m\x1b[Kenable_f\x1b[m\x1b[K\xe2\x80\x99 [\x1b[01;35m\x1b[K\x1b]8;;https://gcc.gnu.org/onlinedocs/gcc/Warning-Options.html#index-Wunused-variable\x07-Wunused-variable\x1b]8;;\x07\x1b[m\x1b[K]\n'}
[8.689430] (mission_layer_mvibot) StderrLine: {'line': b'  339 |                 static int live=-1,live_f=-1,brake=-1,brake_f=-1,enable=-1,\x1b[01;35m\x1b[Kenable_f\x1b[m\x1b[K=-1,error=-1,error_f=-1;\n'}
[8.689573] (mission_layer_mvibot) StderrLine: {'line': b'      |                                                                            \x1b[01;35m\x1b[K^~~~~~~~\x1b[m\x1b[K\n'}
[8.689715] (mission_layer_mvibot) StderrLine: {'line': b'\x1b[01m\x1b[K/home/mvibot/floorCleaningRobot_ws/src/mission_layer_mvibot/src/../include/mission_layer_mvibot/mvibot_mission/manage_mission.h:339:88:\x1b[m\x1b[K \x1b[01;35m\x1b[Kwarning: \x1b[m\x1b[Kvariable \xe2\x80\x98\x1b[01m\x1b[Kerror\x1b[m\x1b[K\xe2\x80\x99 set but not used [\x1b[01;35m\x1b[K\x1b]8;;https://gcc.gnu.org/onlinedocs/gcc/Warning-Options.html#index-Wunused-but-set-variable\x07-Wunused-but-set-variable\x1b]8;;\x07\x1b[m\x1b[K]\n'}
[8.689891] (mission_layer_mvibot) StderrLine: {'line': b'  339 |                 static int live=-1,live_f=-1,brake=-1,brake_f=-1,enable=-1,enable_f=-1,\x1b[01;35m\x1b[Kerror\x1b[m\x1b[K=-1,error_f=-1;\n'}
[8.690030] (mission_layer_mvibot) StderrLine: {'line': b'      |                                                                                        \x1b[01;35m\x1b[K^~~~~\x1b[m\x1b[K\n'}
[8.690162] (mission_layer_mvibot) StderrLine: {'line': b'\x1b[01m\x1b[K/home/mvibot/floorCleaningRobot_ws/src/mission_layer_mvibot/src/../include/mission_layer_mvibot/mvibot_mission/manage_mission.h:339:97:\x1b[m\x1b[K \x1b[01;35m\x1b[Kwarning: \x1b[m\x1b[Kunused variable \xe2\x80\x98\x1b[01m\x1b[Kerror_f\x1b[m\x1b[K\xe2\x80\x99 [\x1b[01;35m\x1b[K\x1b]8;;https://gcc.gnu.org/onlinedocs/gcc/Warning-Options.html#index-Wunused-variable\x07-Wunused-variable\x1b]8;;\x07\x1b[m\x1b[K]\n'}
[8.690297] (mission_layer_mvibot) StderrLine: {'line': b'  339 |                 static int live=-1,live_f=-1,brake=-1,brake_f=-1,enable=-1,enable_f=-1,error=-1,\x1b[01;35m\x1b[Kerror_f\x1b[m\x1b[K=-1;\n'}
[8.690426] (mission_layer_mvibot) StderrLine: {'line': b'      |                                                                                                 \x1b[01;35m\x1b[K^~~~~~~\x1b[m\x1b[K\n'}
[8.729153] (-) TimerEvent: {}
[8.769151] (mission_layer_mvibot) StderrLine: {'line': b'\x1b[01m\x1b[K/home/mvibot/floorCleaningRobot_ws/src/mission_layer_mvibot/src/../include/mission_layer_mvibot/mvibot_mission/manage_mission.h:\x1b[m\x1b[K In member function \xe2\x80\x98\x1b[01m\x1b[Kdouble* manage_mission::\x1b[01;32m\x1b[Kget_position_tf\x1b[m\x1b[K(std::string, std::string)\x1b[m\x1b[K\xe2\x80\x99:\n'}
[8.769360] (mission_layer_mvibot) StderrLine: {'line': b'\x1b[01m\x1b[K/home/mvibot/floorCleaningRobot_ws/src/mission_layer_mvibot/src/../include/mission_layer_mvibot/mvibot_mission/manage_mission.h:682:23:\x1b[m\x1b[K \x1b[01;35m\x1b[Kwarning: \x1b[m\x1b[Kvariable \xe2\x80\x98\x1b[01m\x1b[Kz\x1b[m\x1b[K\xe2\x80\x99 set but not used [\x1b[01;35m\x1b[K\x1b]8;;https://gcc.gnu.org/onlinedocs/gcc/Warning-Options.html#index-Wunused-but-set-variable\x07-Wunused-but-set-variable\x1b]8;;\x07\x1b[m\x1b[K]\n'}
[8.769456] (mission_layer_mvibot) StderrLine: {'line': b'  682 |     static double x,y,\x1b[01;35m\x1b[Kz\x1b[m\x1b[K,thz,thw;\n'}
[8.769546] (mission_layer_mvibot) StderrLine: {'line': b'      |                       \x1b[01;35m\x1b[K^\x1b[m\x1b[K\n'}
[8.829186] (-) TimerEvent: {}
[8.885652] (mission_layer_mvibot) StderrLine: {'line': b'\x1b[01m\x1b[K/home/mvibot/floorCleaningRobot_ws/src/mission_layer_mvibot/src/../include/mission_layer_mvibot/mvibot_mission/manage_mission.h:\x1b[m\x1b[K In member function \xe2\x80\x98\x1b[01m\x1b[Kint manage_mission::\x1b[01;32m\x1b[Kexecute_content\x1b[m\x1b[K(mission&, std::vector<std::__cxx11::basic_string<char>, std::allocator<std::__cxx11::basic_string<char> > >&, std::string&, int&)\x1b[m\x1b[K\xe2\x80\x99:\n'}
[8.886582] (mission_layer_mvibot) StderrLine: {'line': b'\x1b[01m\x1b[K/home/mvibot/floorCleaningRobot_ws/src/mission_layer_mvibot/src/../include/mission_layer_mvibot/mvibot_mission/manage_mission.h:1069:14:\x1b[m\x1b[K \x1b[01;35m\x1b[Kwarning: \x1b[m\x1b[Kcomparison of integer expressions of different signedness: \xe2\x80\x98\x1b[01m\x1b[Kint\x1b[m\x1b[K\xe2\x80\x99 and \xe2\x80\x98\x1b[01m\x1b[Kstd::vector<std::__cxx11::basic_string<char>, std::allocator<std::__cxx11::basic_string<char> > >::size_type\x1b[m\x1b[K\xe2\x80\x99 {aka \xe2\x80\x98\x1b[01m\x1b[Klong unsigned int\x1b[m\x1b[K\xe2\x80\x99} [\x1b[01;35m\x1b[K\x1b]8;;https://gcc.gnu.org/onlinedocs/gcc/Warning-Options.html#index-Wsign-compare\x07-Wsign-compare\x1b]8;;\x07\x1b[m\x1b[K]\n'}
[8.887154] (mission_layer_mvibot) StderrLine: {'line': b' 1069 |         if(\x1b[01;35m\x1b[Ki == and_contents_list.size()\x1b[m\x1b[K){\n'}
[8.887282] (mission_layer_mvibot) StderrLine: {'line': b'      |            \x1b[01;35m\x1b[K~~^~~~~~~~~~~~~~~~~~~~~~~~~~~\x1b[m\x1b[K\n'}
[8.887708] (mission_layer_mvibot) StderrLine: {'line': b'\x1b[01m\x1b[K/home/mvibot/floorCleaningRobot_ws/src/mission_layer_mvibot/src/../include/mission_layer_mvibot/mvibot_mission/manage_mission.h:1092:14:\x1b[m\x1b[K \x1b[01;35m\x1b[Kwarning: \x1b[m\x1b[Kcomparison of integer expressions of different signedness: \xe2\x80\x98\x1b[01m\x1b[Kint\x1b[m\x1b[K\xe2\x80\x99 and \xe2\x80\x98\x1b[01m\x1b[Kstd::vector<std::__cxx11::basic_string<char>, std::allocator<std::__cxx11::basic_string<char> > >::size_type\x1b[m\x1b[K\xe2\x80\x99 {aka \xe2\x80\x98\x1b[01m\x1b[Klong unsigned int\x1b[m\x1b[K\xe2\x80\x99} [\x1b[01;35m\x1b[K\x1b]8;;https://gcc.gnu.org/onlinedocs/gcc/Warning-Options.html#index-Wsign-compare\x07-Wsign-compare\x1b]8;;\x07\x1b[m\x1b[K]\n'}
[8.887895] (mission_layer_mvibot) StderrLine: {'line': b' 1092 |         if(\x1b[01;35m\x1b[Ki == or_contents_list.size()\x1b[m\x1b[K){\n'}
[8.887999] (mission_layer_mvibot) StderrLine: {'line': b'      |            \x1b[01;35m\x1b[K~~^~~~~~~~~~~~~~~~~~~~~~~~~~\x1b[m\x1b[K\n'}
[8.929251] (-) TimerEvent: {}
[9.029509] (-) TimerEvent: {}
[9.129706] (-) TimerEvent: {}
[9.229955] (-) TimerEvent: {}
[9.330185] (-) TimerEvent: {}
[9.415069] (mission_layer_mvibot) StderrLine: {'line': b'In file included from \x1b[01m\x1b[K/home/mvibot/floorCleaningRobot_ws/src/mission_layer_mvibot/src/mvibot_mission.cpp:4\x1b[m\x1b[K:\n'}
[9.416147] (mission_layer_mvibot) StderrLine: {'line': b'\x1b[01m\x1b[K/home/mvibot/floorCleaningRobot_ws/src/mission_layer_mvibot/src/../include/mission_layer_mvibot/mvibot_mission/navigation_function.h:\x1b[m\x1b[K In lambda function:\n'}
[9.418075] (mission_layer_mvibot) StderrLine: {'line': b'\x1b[01m\x1b[K/home/mvibot/floorCleaningRobot_ws/src/mission_layer_mvibot/src/../include/mission_layer_mvibot/mvibot_mission/navigation_function.h:307:120:\x1b[m\x1b[K \x1b[01;35m\x1b[Kwarning: \x1b[m\x1b[Kunused parameter \xe2\x80\x98\x1b[01m\x1b[Kfeedback\x1b[m\x1b[K\xe2\x80\x99 [\x1b[01;35m\x1b[K\x1b]8;;https://gcc.gnu.org/onlinedocs/gcc/Warning-Options.html#index-Wunused-parameter\x07-Wunused-parameter\x1b]8;;\x07\x1b[m\x1b[K]\n'}
[9.418461] (mission_layer_mvibot) StderrLine: {'line': b'  307 |                         \x1b[01;35m\x1b[Kconst std::shared_ptr<const opennav_coverage_msgs::action::NavigateCompleteCoverage::Feedback> feedback\x1b[m\x1b[K) {\n'}
[9.418670] (mission_layer_mvibot) StderrLine: {'line': b'      |                         \x1b[01;35m\x1b[K~~~~~~~~~~~~~~~~~~~~~~~~~~~~~~~~~~~~~~~~~~~~~~~~~~~~~~~~~~~~~~~~~~~~~~~~~~~~~~~~~~~~~~~~~~~~~~~^~~~~~~~\x1b[m\x1b[K\n'}
[9.430286] (-) TimerEvent: {}
[9.445720] (mission_layer_mvibot) StderrLine: {'line': b'\x1b[01m\x1b[K/home/mvibot/floorCleaningRobot_ws/src/mission_layer_mvibot/src/../include/mission_layer_mvibot/mvibot_mission/navigation_function.h:\x1b[m\x1b[K In lambda function:\n'}
[9.446029] (mission_layer_mvibot) StderrLine: {'line': b'\x1b[01m\x1b[K/home/mvibot/floorCleaningRobot_ws/src/mission_layer_mvibot/src/../include/mission_layer_mvibot/mvibot_mission/navigation_function.h:363:98:\x1b[m\x1b[K \x1b[01;35m\x1b[Kwarning: \x1b[m\x1b[Kunused parameter \xe2\x80\x98\x1b[01m\x1b[Kfeedback\x1b[m\x1b[K\xe2\x80\x99 [\x1b[01;35m\x1b[K\x1b]8;;https://gcc.gnu.org/onlinedocs/gcc/Warning-Options.html#index-Wunused-parameter\x07-Wunused-parameter\x1b]8;;\x07\x1b[m\x1b[K]\n'}
[9.447029] (mission_layer_mvibot) StderrLine: {'line': b'  363 |                         \x1b[01;35m\x1b[Kconst std::shared_ptr<const nav2_msgs::action::NavigateToPose::Feedback> feedback\x1b[m\x1b[K) {\n'}
[9.447177] (mission_layer_mvibot) StderrLine: {'line': b'      |                         \x1b[01;35m\x1b[K~~~~~~~~~~~~~~~~~~~~~~~~~~~~~~~~~~~~~~~~~~~~~~~~~~~~~~~~~~~~~~~~~~~~~~~~~^~~~~~~~\x1b[m\x1b[K\n'}
[9.530381] (-) TimerEvent: {}
[9.627487] (mission_layer_mvibot) StderrLine: {'line': b'\x1b[01m\x1b[K/home/mvibot/floorCleaningRobot_ws/src/mission_layer_mvibot/src/../include/mission_layer_mvibot/mvibot_mission/navigation_function.h:\x1b[m\x1b[K In member function \xe2\x80\x98\x1b[01m\x1b[Kint navigation_function::\x1b[01;32m\x1b[Kaction\x1b[m\x1b[K()\x1b[m\x1b[K\xe2\x80\x99:\n'}
[9.627749] (mission_layer_mvibot) StderrLine: {'line': b'\x1b[01m\x1b[K/home/mvibot/floorCleaningRobot_ws/src/mission_layer_mvibot/src/../include/mission_layer_mvibot/mvibot_mission/navigation_function.h:700:16:\x1b[m\x1b[K \x1b[01;35m\x1b[Kwarning: \x1b[m\x1b[Kunused variable \xe2\x80\x98\x1b[01m\x1b[Kt\x1b[m\x1b[K\xe2\x80\x99 [\x1b[01;35m\x1b[K\x1b]8;;https://gcc.gnu.org/onlinedocs/gcc/Warning-Options.html#index-Wunused-variable\x07-Wunused-variable\x1b]8;;\x07\x1b[m\x1b[K]\n'}
[9.627911] (mission_layer_mvibot) StderrLine: {'line': b'  700 |     static int \x1b[01;35m\x1b[Kt\x1b[m\x1b[K = 0;\n'}
[9.628044] (mission_layer_mvibot) StderrLine: {'line': b'      |                \x1b[01;35m\x1b[K^\x1b[m\x1b[K\n'}
[9.630425] (-) TimerEvent: {}
[9.730700] (-) TimerEvent: {}
[9.831235] (-) TimerEvent: {}
[9.931496] (-) TimerEvent: {}
[9.992334] (mission_layer_mvibot) StderrLine: {'line': b'In file included from \x1b[01m\x1b[K/home/mvibot/floorCleaningRobot_ws/src/mission_layer_mvibot/src/mvibot_mission.cpp:6\x1b[m\x1b[K:\n'}
[9.992591] (mission_layer_mvibot) StderrLine: {'line': b'\x1b[01m\x1b[K/home/mvibot/floorCleaningRobot_ws/src/mission_layer_mvibot/src/../include/mission_layer_mvibot/mvibot_mission/marker_function.h:\x1b[m\x1b[K In member function \xe2\x80\x98\x1b[01m\x1b[Kdouble* marker_function::\x1b[01;32m\x1b[Kget_position\x1b[m\x1b[K(std::string, std::string)\x1b[m\x1b[K\xe2\x80\x99:\n'}
[9.992696] (mission_layer_mvibot) StderrLine: {'line': b'\x1b[01m\x1b[K/home/mvibot/floorCleaningRobot_ws/src/mission_layer_mvibot/src/../include/mission_layer_mvibot/mvibot_mission/marker_function.h:206:23:\x1b[m\x1b[K \x1b[01;35m\x1b[Kwarning: \x1b[m\x1b[Kvariable \xe2\x80\x98\x1b[01m\x1b[Kz\x1b[m\x1b[K\xe2\x80\x99 set but not used [\x1b[01;35m\x1b[K\x1b]8;;https://gcc.gnu.org/onlinedocs/gcc/Warning-Options.html#index-Wunused-but-set-variable\x07-Wunused-but-set-variable\x1b]8;;\x07\x1b[m\x1b[K]\n'}
[9.992803] (mission_layer_mvibot) StderrLine: {'line': b'  206 |     static double x,y,\x1b[01;35m\x1b[Kz\x1b[m\x1b[K,thz,thw;\n'}
[9.992917] (mission_layer_mvibot) StderrLine: {'line': b'      |                       \x1b[01;35m\x1b[K^\x1b[m\x1b[K\n'}
[9.996217] (mission_layer_mvibot) StderrLine: {'line': b'\x1b[01m\x1b[K/home/mvibot/floorCleaningRobot_ws/src/mission_layer_mvibot/src/../include/mission_layer_mvibot/mvibot_mission/marker_function.h:\x1b[m\x1b[K In member function \xe2\x80\x98\x1b[01m\x1b[Kint marker_function::\x1b[01;32m\x1b[Kcaculate_transforms_ofset\x1b[m\x1b[K()\x1b[m\x1b[K\xe2\x80\x99:\n'}
[9.996503] (mission_layer_mvibot) StderrLine: {'line': b'\x1b[01m\x1b[K/home/mvibot/floorCleaningRobot_ws/src/mission_layer_mvibot/src/../include/mission_layer_mvibot/mvibot_mission/marker_function.h:254:19:\x1b[m\x1b[K \x1b[01;35m\x1b[Kwarning: \x1b[m\x1b[Kvariable \xe2\x80\x98\x1b[01m\x1b[Ktheta\x1b[m\x1b[K\xe2\x80\x99 set but not used [\x1b[01;35m\x1b[K\x1b]8;;https://gcc.gnu.org/onlinedocs/gcc/Warning-Options.html#index-Wunused-but-set-variable\x07-Wunused-but-set-variable\x1b]8;;\x07\x1b[m\x1b[K]\n'}
[9.996648] (mission_layer_mvibot) StderrLine: {'line': b'  254 |     static double \x1b[01;35m\x1b[Ktheta\x1b[m\x1b[K;\n'}
[9.996771] (mission_layer_mvibot) StderrLine: {'line': b'      |                   \x1b[01;35m\x1b[K^~~~~\x1b[m\x1b[K\n'}
[10.027365] (mission_layer_mvibot) StderrLine: {'line': b'\x1b[01m\x1b[K/home/mvibot/floorCleaningRobot_ws/src/mission_layer_mvibot/src/../include/mission_layer_mvibot/mvibot_mission/marker_function.h:\x1b[m\x1b[K In member function \xe2\x80\x98\x1b[01m\x1b[Kint marker_function::\x1b[01;32m\x1b[Kmove_to_goal\x1b[m\x1b[K()\x1b[m\x1b[K\xe2\x80\x99:\n'}
[10.027616] (mission_layer_mvibot) StderrLine: {'line': b'\x1b[01m\x1b[K/home/mvibot/floorCleaningRobot_ws/src/mission_layer_mvibot/src/../include/mission_layer_mvibot/mvibot_mission/marker_function.h:442:21:\x1b[m\x1b[K \x1b[01;35m\x1b[Kwarning: \x1b[m\x1b[Kvariable \xe2\x80\x98\x1b[01m\x1b[Ky\x1b[m\x1b[K\xe2\x80\x99 set but not used [\x1b[01;35m\x1b[K\x1b]8;;https://gcc.gnu.org/onlinedocs/gcc/Warning-Options.html#index-Wunused-but-set-variable\x07-Wunused-but-set-variable\x1b]8;;\x07\x1b[m\x1b[K]\n'}
[10.027742] (mission_layer_mvibot) StderrLine: {'line': b'  442 |     static double x,\x1b[01;35m\x1b[Ky\x1b[m\x1b[K;\n'}
[10.027857] (mission_layer_mvibot) StderrLine: {'line': b'      |                     \x1b[01;35m\x1b[K^\x1b[m\x1b[K\n'}
[10.031586] (-) TimerEvent: {}
[10.074839] (mission_layer_mvibot) StderrLine: {'line': b'In file included from \x1b[01m\x1b[K/home/mvibot/floorCleaningRobot_ws/src/mission_layer_mvibot/src/mvibot_mission.cpp:7\x1b[m\x1b[K:\n'}
[10.075054] (mission_layer_mvibot) StderrLine: {'line': b'\x1b[01m\x1b[K/home/mvibot/floorCleaningRobot_ws/src/mission_layer_mvibot/src/../include/mission_layer_mvibot/mvibot_mission/variable_function.h:\x1b[m\x1b[K In member function \xe2\x80\x98\x1b[01m\x1b[Kvoid multiple_variable_local::\x1b[01;32m\x1b[Kadd_var\x1b[m\x1b[K(variable_local)\x1b[m\x1b[K\xe2\x80\x99:\n'}
[10.075145] (mission_layer_mvibot) StderrLine: {'line': b'\x1b[01m\x1b[K/home/mvibot/floorCleaningRobot_ws/src/mission_layer_mvibot/src/../include/mission_layer_mvibot/mvibot_mission/variable_function.h:31:18:\x1b[m\x1b[K \x1b[01;35m\x1b[Kwarning: \x1b[m\x1b[Kcomparison of integer expressions of different signedness: \xe2\x80\x98\x1b[01m\x1b[Kint\x1b[m\x1b[K\xe2\x80\x99 and \xe2\x80\x98\x1b[01m\x1b[Kstd::vector<variable_local>::size_type\x1b[m\x1b[K\xe2\x80\x99 {aka \xe2\x80\x98\x1b[01m\x1b[Klong unsigned int\x1b[m\x1b[K\xe2\x80\x99} [\x1b[01;35m\x1b[K\x1b]8;;https://gcc.gnu.org/onlinedocs/gcc/Warning-Options.html#index-Wsign-compare\x07-Wsign-compare\x1b]8;;\x07\x1b[m\x1b[K]\n'}
[10.075234] (mission_layer_mvibot) StderrLine: {'line': b'   31 |     for(int i=0;\x1b[01;35m\x1b[Ki<var.size()\x1b[m\x1b[K;i++){\n'}
[10.075304] (mission_layer_mvibot) StderrLine: {'line': b'      |                 \x1b[01;35m\x1b[K~^~~~~~~~~~~\x1b[m\x1b[K\n'}
[10.075675] (mission_layer_mvibot) StderrLine: {'line': b'\x1b[01m\x1b[K/home/mvibot/floorCleaningRobot_ws/src/mission_layer_mvibot/src/../include/mission_layer_mvibot/mvibot_mission/variable_function.h:\x1b[m\x1b[K In member function \xe2\x80\x98\x1b[01m\x1b[Kvoid multiple_variable_local::\x1b[01;32m\x1b[Kupdate_var\x1b[m\x1b[K(variable_local)\x1b[m\x1b[K\xe2\x80\x99:\n'}
[10.075762] (mission_layer_mvibot) StderrLine: {'line': b'\x1b[01m\x1b[K/home/mvibot/floorCleaningRobot_ws/src/mission_layer_mvibot/src/../include/mission_layer_mvibot/mvibot_mission/variable_function.h:45:18:\x1b[m\x1b[K \x1b[01;35m\x1b[Kwarning: \x1b[m\x1b[Kcomparison of integer expressions of different signedness: \xe2\x80\x98\x1b[01m\x1b[Kint\x1b[m\x1b[K\xe2\x80\x99 and \xe2\x80\x98\x1b[01m\x1b[Kstd::vector<variable_local>::size_type\x1b[m\x1b[K\xe2\x80\x99 {aka \xe2\x80\x98\x1b[01m\x1b[Klong unsigned int\x1b[m\x1b[K\xe2\x80\x99} [\x1b[01;35m\x1b[K\x1b]8;;https://gcc.gnu.org/onlinedocs/gcc/Warning-Options.html#index-Wsign-compare\x07-Wsign-compare\x1b]8;;\x07\x1b[m\x1b[K]\n'}
[10.075880] (mission_layer_mvibot) StderrLine: {'line': b'   45 |     for(int i=0;\x1b[01;35m\x1b[Ki<var.size()\x1b[m\x1b[K;i++){\n'}
[10.075963] (mission_layer_mvibot) StderrLine: {'line': b'      |                 \x1b[01;35m\x1b[K~^~~~~~~~~~~\x1b[m\x1b[K\n'}
[10.076385] (mission_layer_mvibot) StderrLine: {'line': b'\x1b[01m\x1b[K/home/mvibot/floorCleaningRobot_ws/src/mission_layer_mvibot/src/../include/mission_layer_mvibot/mvibot_mission/variable_function.h:\x1b[m\x1b[K In member function \xe2\x80\x98\x1b[01m\x1b[Kvoid multiple_variable_local::\x1b[01;32m\x1b[Kreset_all\x1b[m\x1b[K()\x1b[m\x1b[K\xe2\x80\x99:\n'}
[10.076546] (mission_layer_mvibot) StderrLine: {'line': b'\x1b[01m\x1b[K/home/mvibot/floorCleaningRobot_ws/src/mission_layer_mvibot/src/../include/mission_layer_mvibot/mvibot_mission/variable_function.h:58:18:\x1b[m\x1b[K \x1b[01;35m\x1b[Kwarning: \x1b[m\x1b[Kcomparison of integer expressions of different signedness: \xe2\x80\x98\x1b[01m\x1b[Kint\x1b[m\x1b[K\xe2\x80\x99 and \xe2\x80\x98\x1b[01m\x1b[Kstd::vector<variable_local>::size_type\x1b[m\x1b[K\xe2\x80\x99 {aka \xe2\x80\x98\x1b[01m\x1b[Klong unsigned int\x1b[m\x1b[K\xe2\x80\x99} [\x1b[01;35m\x1b[K\x1b]8;;https://gcc.gnu.org/onlinedocs/gcc/Warning-Options.html#index-Wsign-compare\x07-Wsign-compare\x1b]8;;\x07\x1b[m\x1b[K]\n'}
[10.076655] (mission_layer_mvibot) StderrLine: {'line': b'   58 |     for(int i=0;\x1b[01;35m\x1b[Ki<var.size()\x1b[m\x1b[K;i++){\n'}
[10.076762] (mission_layer_mvibot) StderrLine: {'line': b'      |                 \x1b[01;35m\x1b[K~^~~~~~~~~~~\x1b[m\x1b[K\n'}
[10.077400] (mission_layer_mvibot) StderrLine: {'line': b'\x1b[01m\x1b[K/home/mvibot/floorCleaningRobot_ws/src/mission_layer_mvibot/src/../include/mission_layer_mvibot/mvibot_mission/variable_function.h:\x1b[m\x1b[K In member function \xe2\x80\x98\x1b[01m\x1b[Kvoid multiple_variable_local::\x1b[01;32m\x1b[Kprint\x1b[m\x1b[K()\x1b[m\x1b[K\xe2\x80\x99:\n'}
[10.077575] (mission_layer_mvibot) StderrLine: {'line': b'\x1b[01m\x1b[K/home/mvibot/floorCleaningRobot_ws/src/mission_layer_mvibot/src/../include/mission_layer_mvibot/mvibot_mission/variable_function.h:68:18:\x1b[m\x1b[K \x1b[01;35m\x1b[Kwarning: \x1b[m\x1b[Kcomparison of integer expressions of different signedness: \xe2\x80\x98\x1b[01m\x1b[Kint\x1b[m\x1b[K\xe2\x80\x99 and \xe2\x80\x98\x1b[01m\x1b[Kstd::vector<variable_local>::size_type\x1b[m\x1b[K\xe2\x80\x99 {aka \xe2\x80\x98\x1b[01m\x1b[Klong unsigned int\x1b[m\x1b[K\xe2\x80\x99} [\x1b[01;35m\x1b[K\x1b]8;;https://gcc.gnu.org/onlinedocs/gcc/Warning-Options.html#index-Wsign-compare\x07-Wsign-compare\x1b]8;;\x07\x1b[m\x1b[K]\n'}
[10.077682] (mission_layer_mvibot) StderrLine: {'line': b'   68 |     for(int i=0;\x1b[01;35m\x1b[Ki<var.size()\x1b[m\x1b[K;i++){\n'}
[10.077766] (mission_layer_mvibot) StderrLine: {'line': b'      |                 \x1b[01;35m\x1b[K~^~~~~~~~~~~\x1b[m\x1b[K\n'}
[10.103190] (mission_layer_mvibot) StderrLine: {'line': b'\x1b[01m\x1b[K/home/mvibot/floorCleaningRobot_ws/src/mission_layer_mvibot/src/../include/mission_layer_mvibot/mvibot_mission/variable_function.h:\x1b[m\x1b[K In member function \xe2\x80\x98\x1b[01m\x1b[Kint variable_function::\x1b[01;32m\x1b[Kaction\x1b[m\x1b[K()\x1b[m\x1b[K\xe2\x80\x99:\n'}
[10.103419] (mission_layer_mvibot) StderrLine: {'line': b'\x1b[01m\x1b[K/home/mvibot/floorCleaningRobot_ws/src/mission_layer_mvibot/src/../include/mission_layer_mvibot/mvibot_mission/variable_function.h:195:26:\x1b[m\x1b[K \x1b[01;35m\x1b[Kwarning: \x1b[m\x1b[Kcomparison of integer expressions of different signedness: \xe2\x80\x98\x1b[01m\x1b[Kint\x1b[m\x1b[K\xe2\x80\x99 and \xe2\x80\x98\x1b[01m\x1b[Kstd::vector<variable_local>::size_type\x1b[m\x1b[K\xe2\x80\x99 {aka \xe2\x80\x98\x1b[01m\x1b[Klong unsigned int\x1b[m\x1b[K\xe2\x80\x99} [\x1b[01;35m\x1b[K\x1b]8;;https://gcc.gnu.org/onlinedocs/gcc/Warning-Options.html#index-Wsign-compare\x07-Wsign-compare\x1b]8;;\x07\x1b[m\x1b[K]\n'}
[10.103547] (mission_layer_mvibot) StderrLine: {'line': b'  195 |             for(int i=0;\x1b[01;35m\x1b[Ki<my_vars_local.var.size()\x1b[m\x1b[K;i++){\n'}
[10.103629] (mission_layer_mvibot) StderrLine: {'line': b'      |                         \x1b[01;35m\x1b[K~^~~~~~~~~~~~~~~~~~~~~~~~~\x1b[m\x1b[K\n'}
[10.131687] (-) TimerEvent: {}
[10.231949] (-) TimerEvent: {}
[10.244593] (mission_layer_mvibot) StderrLine: {'line': b'In file included from \x1b[01m\x1b[K/home/mvibot/floorCleaningRobot_ws/src/mission_layer_mvibot/src/mvibot_mission.cpp:8\x1b[m\x1b[K:\n'}
[10.244865] (mission_layer_mvibot) StderrLine: {'line': b'\x1b[01m\x1b[K/home/mvibot/floorCleaningRobot_ws/src/mission_layer_mvibot/src/../include/mission_layer_mvibot/mvibot_mission/gpio_function.h:\x1b[m\x1b[K In member function \xe2\x80\x98\x1b[01m\x1b[Kint gpio_function::\x1b[01;32m\x1b[Kaction\x1b[m\x1b[K()\x1b[m\x1b[K\xe2\x80\x99:\n'}
[10.245000] (mission_layer_mvibot) StderrLine: {'line': b'\x1b[01m\x1b[K/home/mvibot/floorCleaningRobot_ws/src/mission_layer_mvibot/src/../include/mission_layer_mvibot/mvibot_mission/gpio_function.h:143:16:\x1b[m\x1b[K \x1b[01;35m\x1b[Kwarning: \x1b[m\x1b[Kunused variable \xe2\x80\x98\x1b[01m\x1b[Kvalue_return\x1b[m\x1b[K\xe2\x80\x99 [\x1b[01;35m\x1b[K\x1b]8;;https://gcc.gnu.org/onlinedocs/gcc/Warning-Options.html#index-Wunused-variable\x07-Wunused-variable\x1b]8;;\x07\x1b[m\x1b[K]\n'}
[10.245093] (mission_layer_mvibot) StderrLine: {'line': b'  143 |     static int \x1b[01;35m\x1b[Kvalue_return\x1b[m\x1b[K;\n'}
[10.245176] (mission_layer_mvibot) StderrLine: {'line': b'      |                \x1b[01;35m\x1b[K^~~~~~~~~~~~\x1b[m\x1b[K\n'}
[10.332045] (-) TimerEvent: {}
[10.432306] (-) TimerEvent: {}
[10.532606] (-) TimerEvent: {}
[10.632987] (-) TimerEvent: {}
[10.733626] (-) TimerEvent: {}
[10.834038] (-) TimerEvent: {}
[10.934376] (-) TimerEvent: {}
[11.034661] (-) TimerEvent: {}
[11.134988] (-) TimerEvent: {}
[11.235290] (-) TimerEvent: {}
[11.335562] (-) TimerEvent: {}
[11.436013] (-) TimerEvent: {}
[11.536314] (-) TimerEvent: {}
[11.636583] (-) TimerEvent: {}
[11.736879] (-) TimerEvent: {}
[11.837190] (-) TimerEvent: {}
[11.937433] (-) TimerEvent: {}
[12.037676] (-) TimerEvent: {}
[12.137881] (-) TimerEvent: {}
[12.238161] (-) TimerEvent: {}
[12.338401] (-) TimerEvent: {}
[12.438942] (-) TimerEvent: {}
[12.539256] (-) TimerEvent: {}
[12.639658] (-) TimerEvent: {}
[12.740025] (-) TimerEvent: {}
[12.840335] (-) TimerEvent: {}
[12.941105] (-) TimerEvent: {}
[13.041495] (-) TimerEvent: {}
[13.141759] (-) TimerEvent: {}
[13.242032] (-) TimerEvent: {}
[13.342304] (-) TimerEvent: {}
[13.442560] (-) TimerEvent: {}
[13.542843] (-) TimerEvent: {}
[13.643071] (-) TimerEvent: {}
[13.743367] (-) TimerEvent: {}
[13.843657] (-) TimerEvent: {}
[13.943927] (-) TimerEvent: {}
[14.044212] (-) TimerEvent: {}
[14.144715] (-) TimerEvent: {}
[14.245059] (-) TimerEvent: {}
[14.345354] (-) TimerEvent: {}
[14.445817] (-) TimerEvent: {}
[14.546321] (-) TimerEvent: {}
[14.647553] (-) TimerEvent: {}
[14.747961] (-) TimerEvent: {}
[14.848562] (-) TimerEvent: {}
[14.948849] (-) TimerEvent: {}
[15.049120] (-) TimerEvent: {}
[15.149692] (-) TimerEvent: {}
[15.249998] (-) TimerEvent: {}
[15.350305] (-) TimerEvent: {}
[15.450735] (-) TimerEvent: {}
[15.551019] (-) TimerEvent: {}
[15.651269] (-) TimerEvent: {}
[15.751513] (-) TimerEvent: {}
[15.851954] (-) TimerEvent: {}
[15.952249] (-) TimerEvent: {}
[16.052660] (-) TimerEvent: {}
[16.153276] (-) TimerEvent: {}
[16.253572] (-) TimerEvent: {}
[16.353847] (-) TimerEvent: {}
[16.454097] (-) TimerEvent: {}
[16.554380] (-) TimerEvent: {}
[16.655021] (-) TimerEvent: {}
[16.755320] (-) TimerEvent: {}
[16.855661] (-) TimerEvent: {}
[16.956122] (-) TimerEvent: {}
[17.056344] (-) TimerEvent: {}
[17.156685] (-) TimerEvent: {}
[17.257186] (-) TimerEvent: {}
[17.357761] (-) TimerEvent: {}
[17.458209] (-) TimerEvent: {}
[17.558654] (-) TimerEvent: {}
[17.659046] (-) TimerEvent: {}
[17.759347] (-) TimerEvent: {}
[17.859689] (-) TimerEvent: {}
[17.960014] (-) TimerEvent: {}
[18.060344] (-) TimerEvent: {}
[18.160794] (-) TimerEvent: {}
[18.261387] (-) TimerEvent: {}
[18.361677] (-) TimerEvent: {}
[18.462101] (-) TimerEvent: {}
[18.562538] (-) TimerEvent: {}
[18.663065] (-) TimerEvent: {}
[18.763341] (-) TimerEvent: {}
[18.863628] (-) TimerEvent: {}
[18.963868] (-) TimerEvent: {}
[19.064133] (-) TimerEvent: {}
[19.164432] (-) TimerEvent: {}
[19.264703] (-) TimerEvent: {}
[19.364998] (-) TimerEvent: {}
[19.465412] (-) TimerEvent: {}
[19.565672] (-) TimerEvent: {}
[19.665969] (-) TimerEvent: {}
[19.766250] (-) TimerEvent: {}
[19.866735] (-) TimerEvent: {}
[19.967508] (-) TimerEvent: {}
[20.067750] (-) TimerEvent: {}
[20.168010] (-) TimerEvent: {}
[20.268309] (-) TimerEvent: {}
[20.368571] (-) TimerEvent: {}
[20.468838] (-) TimerEvent: {}
[20.569070] (-) TimerEvent: {}
[20.669364] (-) TimerEvent: {}
[20.769611] (-) TimerEvent: {}
[20.869887] (-) TimerEvent: {}
[20.970251] (-) TimerEvent: {}
[21.071346] (-) TimerEvent: {}
[21.171596] (-) TimerEvent: {}
[21.271877] (-) TimerEvent: {}
[21.372188] (-) TimerEvent: {}
[21.472544] (-) TimerEvent: {}
[21.572899] (-) TimerEvent: {}
[21.673264] (-) TimerEvent: {}
[21.773805] (-) TimerEvent: {}
[21.874086] (-) TimerEvent: {}
[21.974387] (-) TimerEvent: {}
[22.074683] (-) TimerEvent: {}
[22.174968] (-) TimerEvent: {}
[22.275200] (-) TimerEvent: {}
[22.375490] (-) TimerEvent: {}
[22.475770] (-) TimerEvent: {}
[22.576039] (-) TimerEvent: {}
[22.676283] (-) TimerEvent: {}
[22.776519] (-) TimerEvent: {}
[22.876876] (-) TimerEvent: {}
[22.977190] (-) TimerEvent: {}
[23.077487] (-) TimerEvent: {}
[23.177733] (-) TimerEvent: {}
[23.278106] (-) TimerEvent: {}
[23.378475] (-) TimerEvent: {}
[23.478776] (-) TimerEvent: {}
[23.579116] (-) TimerEvent: {}
[23.679408] (-) TimerEvent: {}
[23.779687] (-) TimerEvent: {}
[23.879956] (-) TimerEvent: {}
[23.980185] (-) TimerEvent: {}
[24.080432] (-) TimerEvent: {}
[24.180701] (-) TimerEvent: {}
[24.280994] (-) TimerEvent: {}
[24.381240] (-) TimerEvent: {}
[24.481457] (-) TimerEvent: {}
[24.581719] (-) TimerEvent: {}
[24.681924] (-) TimerEvent: {}
[24.782245] (-) TimerEvent: {}
[24.882616] (-) TimerEvent: {}
[24.982897] (-) TimerEvent: {}
[25.083129] (-) TimerEvent: {}
[25.183402] (-) TimerEvent: {}
[25.283647] (-) TimerEvent: {}
[25.383893] (-) TimerEvent: {}
[25.484271] (-) TimerEvent: {}
[25.584597] (-) TimerEvent: {}
[25.685077] (-) TimerEvent: {}
[25.785632] (-) TimerEvent: {}
[25.886048] (-) TimerEvent: {}
[25.986503] (-) TimerEvent: {}
[26.086881] (-) TimerEvent: {}
[26.187162] (-) TimerEvent: {}
[26.287476] (-) TimerEvent: {}
[26.387725] (-) TimerEvent: {}
[26.488013] (-) TimerEvent: {}
[26.588209] (-) TimerEvent: {}
[26.688477] (-) TimerEvent: {}
[26.788777] (-) TimerEvent: {}
[26.889158] (-) TimerEvent: {}
[26.989475] (-) TimerEvent: {}
[27.089966] (-) TimerEvent: {}
[27.190367] (-) TimerEvent: {}
[27.290754] (-) TimerEvent: {}
[27.391078] (-) TimerEvent: {}
[27.491452] (-) TimerEvent: {}
[27.591737] (-) TimerEvent: {}
[27.692285] (-) TimerEvent: {}
[27.792634] (-) TimerEvent: {}
[27.892989] (-) TimerEvent: {}
[27.993760] (-) TimerEvent: {}
[28.094063] (-) TimerEvent: {}
[28.194458] (-) TimerEvent: {}
[28.294875] (-) TimerEvent: {}
[28.395141] (-) TimerEvent: {}
[28.495447] (-) TimerEvent: {}
[28.595728] (-) TimerEvent: {}
[28.696256] (-) TimerEvent: {}
[28.796500] (-) TimerEvent: {}
[28.896733] (-) TimerEvent: {}
[28.997042] (-) TimerEvent: {}
[29.097626] (-) TimerEvent: {}
[29.198614] (-) TimerEvent: {}
[29.298905] (-) TimerEvent: {}
[29.399180] (-) TimerEvent: {}
[29.499465] (-) TimerEvent: {}
[29.599989] (-) TimerEvent: {}
[29.700326] (-) TimerEvent: {}
[29.800612] (-) TimerEvent: {}
[29.900870] (-) TimerEvent: {}
[30.001123] (-) TimerEvent: {}
[30.101394] (-) TimerEvent: {}
[30.201625] (-) TimerEvent: {}
[30.301979] (-) TimerEvent: {}
[30.402211] (-) TimerEvent: {}
[30.502515] (-) TimerEvent: {}
[30.602874] (-) TimerEvent: {}
[30.703180] (-) TimerEvent: {}
[30.721941] (mission_layer_mvibot) StderrLine: {'line': b'\x1b[01m\x1b[K/home/mvibot/floorCleaningRobot_ws/src/mission_layer_mvibot/src/../include/mission_layer_mvibot/mvibot_mission/manage_mission.h:\x1b[m\x1b[K In member function \xe2\x80\x98\x1b[01m\x1b[Kint manage_mission::\x1b[01;32m\x1b[Khandle_content\x1b[m\x1b[K(const json&, const double&, double&, int&, rclcpp::Publisher<std_msgs::msg::String_<std::allocator<void> > >::SharedPtr, rclcpp::Publisher<std_msgs::msg::String_<std::allocator<void> > >::SharedPtr)\x1b[m\x1b[K\xe2\x80\x99:\n'}
[30.722396] (mission_layer_mvibot) StderrLine: {'line': b'\x1b[01m\x1b[K/home/mvibot/floorCleaningRobot_ws/src/mission_layer_mvibot/src/../include/mission_layer_mvibot/mvibot_mission/manage_mission.h:931:1:\x1b[m\x1b[K \x1b[01;35m\x1b[Kwarning: \x1b[m\x1b[Kcontrol reaches end of non-void function [\x1b[01;35m\x1b[K\x1b]8;;https://gcc.gnu.org/onlinedocs/gcc/Warning-Options.html#index-Wreturn-type\x07-Wreturn-type\x1b]8;;\x07\x1b[m\x1b[K]\n'}
[30.722614] (mission_layer_mvibot) StderrLine: {'line': b'  931 | \x1b[01;35m\x1b[K}\x1b[m\x1b[K\n'}
[30.723456] (mission_layer_mvibot) StderrLine: {'line': b'      | \x1b[01;35m\x1b[K^\x1b[m\x1b[K\n'}
[30.803278] (-) TimerEvent: {}
[30.903690] (-) TimerEvent: {}
[30.927976] (mission_layer_mvibot) StderrLine: {'line': b'\x1b[01m\x1b[K/home/mvibot/floorCleaningRobot_ws/src/mission_layer_mvibot/src/../include/mission_layer_mvibot/mvibot_mission/navigation_function.h:\x1b[m\x1b[K In member function \xe2\x80\x98\x1b[01m\x1b[Kint navigation_function::\x1b[01;32m\x1b[Kaction\x1b[m\x1b[K()\x1b[m\x1b[K\xe2\x80\x99:\n'}
[30.928199] (mission_layer_mvibot) StderrLine: {'line': b'\x1b[01m\x1b[K/home/mvibot/floorCleaningRobot_ws/src/mission_layer_mvibot/src/../include/mission_layer_mvibot/mvibot_mission/navigation_function.h:966:1:\x1b[m\x1b[K \x1b[01;35m\x1b[Kwarning: \x1b[m\x1b[Kcontrol reaches end of non-void function [\x1b[01;35m\x1b[K\x1b]8;;https://gcc.gnu.org/onlinedocs/gcc/Warning-Options.html#index-Wreturn-type\x07-Wreturn-type\x1b]8;;\x07\x1b[m\x1b[K]\n'}
[30.928292] (mission_layer_mvibot) StderrLine: {'line': b'  966 | \x1b[01;35m\x1b[K}\x1b[m\x1b[K\n'}
[30.928397] (mission_layer_mvibot) StderrLine: {'line': b'      | \x1b[01;35m\x1b[K^\x1b[m\x1b[K\n'}
[31.003750] (-) TimerEvent: {}
[31.014776] (mission_layer_mvibot) StderrLine: {'line': b'\x1b[01m\x1b[K/home/mvibot/floorCleaningRobot_ws/src/mission_layer_mvibot/src/../include/mission_layer_mvibot/mvibot_mission/marker_function.h:\x1b[m\x1b[K In member function \xe2\x80\x98\x1b[01m\x1b[Kint marker_function::\x1b[01;32m\x1b[Kaction\x1b[m\x1b[K()\x1b[m\x1b[K\xe2\x80\x99:\n'}
[31.015052] (mission_layer_mvibot) StderrLine: {'line': b'\x1b[01m\x1b[K/home/mvibot/floorCleaningRobot_ws/src/mission_layer_mvibot/src/../include/mission_layer_mvibot/mvibot_mission/marker_function.h:906:1:\x1b[m\x1b[K \x1b[01;35m\x1b[Kwarning: \x1b[m\x1b[Kcontrol reaches end of non-void function [\x1b[01;35m\x1b[K\x1b]8;;https://gcc.gnu.org/onlinedocs/gcc/Warning-Options.html#index-Wreturn-type\x07-Wreturn-type\x1b]8;;\x07\x1b[m\x1b[K]\n'}
[31.015199] (mission_layer_mvibot) StderrLine: {'line': b'  906 | \x1b[01;35m\x1b[K}\x1b[m\x1b[K\n'}
[31.015321] (mission_layer_mvibot) StderrLine: {'line': b'      | \x1b[01;35m\x1b[K^\x1b[m\x1b[K\n'}
[31.031180] (mission_layer_mvibot) StderrLine: {'line': b'In file included from \x1b[01m\x1b[K/home/mvibot/floorCleaningRobot_ws/src/mission_layer_mvibot/src/mvibot_mission.cpp:13\x1b[m\x1b[K:\n'}
[31.031465] (mission_layer_mvibot) StderrLine: {'line': b'\x1b[01m\x1b[K/home/mvibot/floorCleaningRobot_ws/src/mission_layer_mvibot/src/../include/mission_layer_mvibot/mvibot_mission/lift_function.h:\x1b[m\x1b[K In member function \xe2\x80\x98\x1b[01m\x1b[Kint lift_function::\x1b[01;32m\x1b[Kaction\x1b[m\x1b[K()\x1b[m\x1b[K\xe2\x80\x99:\n'}
[31.031609] (mission_layer_mvibot) StderrLine: {'line': b'\x1b[01m\x1b[K/home/mvibot/floorCleaningRobot_ws/src/mission_layer_mvibot/src/../include/mission_layer_mvibot/mvibot_mission/lift_function.h:203:1:\x1b[m\x1b[K \x1b[01;35m\x1b[Kwarning: \x1b[m\x1b[Kcontrol reaches end of non-void function [\x1b[01;35m\x1b[K\x1b]8;;https://gcc.gnu.org/onlinedocs/gcc/Warning-Options.html#index-Wreturn-type\x07-Wreturn-type\x1b]8;;\x07\x1b[m\x1b[K]\n'}
[31.031754] (mission_layer_mvibot) StderrLine: {'line': b'  203 | \x1b[01;35m\x1b[K}\x1b[m\x1b[K\n'}
[31.031881] (mission_layer_mvibot) StderrLine: {'line': b'      | \x1b[01;35m\x1b[K^\x1b[m\x1b[K\n'}
[31.039366] (mission_layer_mvibot) StderrLine: {'line': b'In file included from \x1b[01m\x1b[K/home/mvibot/floorCleaningRobot_ws/src/mission_layer_mvibot/src/mvibot_mission.cpp:14\x1b[m\x1b[K:\n'}
[31.039670] (mission_layer_mvibot) StderrLine: {'line': b'\x1b[01m\x1b[K/home/mvibot/floorCleaningRobot_ws/src/mission_layer_mvibot/src/../include/mission_layer_mvibot/mvibot_mission/map_function.h:\x1b[m\x1b[K In member function \xe2\x80\x98\x1b[01m\x1b[Kint loadmap_function::\x1b[01;32m\x1b[Kaction\x1b[m\x1b[K()\x1b[m\x1b[K\xe2\x80\x99:\n'}
[31.039911] (mission_layer_mvibot) StderrLine: {'line': b'\x1b[01m\x1b[K/home/mvibot/floorCleaningRobot_ws/src/mission_layer_mvibot/src/../include/mission_layer_mvibot/mvibot_mission/map_function.h:160:1:\x1b[m\x1b[K \x1b[01;35m\x1b[Kwarning: \x1b[m\x1b[Kcontrol reaches end of non-void function [\x1b[01;35m\x1b[K\x1b]8;;https://gcc.gnu.org/onlinedocs/gcc/Warning-Options.html#index-Wreturn-type\x07-Wreturn-type\x1b]8;;\x07\x1b[m\x1b[K]\n'}
[31.040091] (mission_layer_mvibot) StderrLine: {'line': b'  160 | \x1b[01;35m\x1b[K}\x1b[m\x1b[K\n'}
[31.040225] (mission_layer_mvibot) StderrLine: {'line': b'      | \x1b[01;35m\x1b[K^\x1b[m\x1b[K\n'}
[31.103865] (-) TimerEvent: {}
[31.204181] (-) TimerEvent: {}
[31.304569] (-) TimerEvent: {}
[31.404877] (-) TimerEvent: {}
[31.505140] (-) TimerEvent: {}
[31.605436] (-) TimerEvent: {}
[31.706033] (-) TimerEvent: {}
[31.806345] (-) TimerEvent: {}
[31.906659] (-) TimerEvent: {}
[32.007004] (-) TimerEvent: {}
[32.107346] (-) TimerEvent: {}
[32.207648] (-) TimerEvent: {}
[32.308105] (-) TimerEvent: {}
[32.408435] (-) TimerEvent: {}
[32.508727] (-) TimerEvent: {}
[32.609003] (-) TimerEvent: {}
[32.709280] (-) TimerEvent: {}
[32.809562] (-) TimerEvent: {}
[32.909817] (-) TimerEvent: {}
[33.010094] (-) TimerEvent: {}
[33.110336] (-) TimerEvent: {}
[33.210564] (-) TimerEvent: {}
[33.310799] (-) TimerEvent: {}
[33.411074] (-) TimerEvent: {}
[33.511363] (-) TimerEvent: {}
[33.611783] (-) TimerEvent: {}
[33.712057] (-) TimerEvent: {}
[33.812402] (-) TimerEvent: {}
[33.912695] (-) TimerEvent: {}
[34.013016] (-) TimerEvent: {}
[34.113254] (-) TimerEvent: {}
[34.213524] (-) TimerEvent: {}
[34.313788] (-) TimerEvent: {}
[34.414097] (-) TimerEvent: {}
[34.514459] (-) TimerEvent: {}
[34.614749] (-) TimerEvent: {}
[34.715085] (-) TimerEvent: {}
[34.815373] (-) TimerEvent: {}
[34.915663] (-) TimerEvent: {}
[35.016020] (-) TimerEvent: {}
[35.116454] (-) TimerEvent: {}
[35.216854] (-) TimerEvent: {}
[35.317426] (-) TimerEvent: {}
[35.417718] (-) TimerEvent: {}
[35.518018] (-) TimerEvent: {}
[35.618457] (-) TimerEvent: {}
[35.718662] (-) TimerEvent: {}
[35.818910] (-) TimerEvent: {}
[35.919190] (-) TimerEvent: {}
[36.019490] (-) TimerEvent: {}
[36.119788] (-) TimerEvent: {}
[36.220884] (-) TimerEvent: {}
[36.321221] (-) TimerEvent: {}
[36.421571] (-) TimerEvent: {}
[36.521950] (-) TimerEvent: {}
[36.622199] (-) TimerEvent: {}
[36.722525] (-) TimerEvent: {}
[36.822883] (-) TimerEvent: {}
[36.923185] (-) TimerEvent: {}
[37.023457] (-) TimerEvent: {}
[37.123815] (-) TimerEvent: {}
[37.224151] (-) TimerEvent: {}
[37.324438] (-) TimerEvent: {}
[37.424701] (-) TimerEvent: {}
[37.525000] (-) TimerEvent: {}
[37.625344] (-) TimerEvent: {}
[37.725639] (-) TimerEvent: {}
[37.825876] (-) TimerEvent: {}
[37.926133] (-) TimerEvent: {}
[38.026397] (-) TimerEvent: {}
[38.126656] (-) TimerEvent: {}
[38.226940] (-) TimerEvent: {}
[38.327196] (-) TimerEvent: {}
[38.427462] (-) TimerEvent: {}
[38.527751] (-) TimerEvent: {}
[38.628041] (-) TimerEvent: {}
[38.728280] (-) TimerEvent: {}
[38.828532] (-) TimerEvent: {}
[38.928792] (-) TimerEvent: {}
[39.029054] (-) TimerEvent: {}
[39.129363] (-) TimerEvent: {}
[39.229608] (-) TimerEvent: {}
[39.329962] (-) TimerEvent: {}
[39.430399] (-) TimerEvent: {}
[39.530663] (-) TimerEvent: {}
[39.630938] (-) TimerEvent: {}
[39.731197] (-) TimerEvent: {}
[39.831480] (-) TimerEvent: {}
[39.931734] (-) TimerEvent: {}
[40.031997] (-) TimerEvent: {}
[40.132236] (-) TimerEvent: {}
[40.232455] (-) TimerEvent: {}
[40.332658] (-) TimerEvent: {}
[40.432944] (-) TimerEvent: {}
[40.533209] (-) TimerEvent: {}
[40.633644] (-) TimerEvent: {}
[40.734211] (-) TimerEvent: {}
[40.834738] (-) TimerEvent: {}
[40.935112] (-) TimerEvent: {}
[41.035473] (-) TimerEvent: {}
[41.135740] (-) TimerEvent: {}
[41.236094] (-) TimerEvent: {}
[41.336321] (-) TimerEvent: {}
[41.436565] (-) TimerEvent: {}
[41.536775] (-) TimerEvent: {}
[41.637031] (-) TimerEvent: {}
[41.737315] (-) TimerEvent: {}
[41.837588] (-) TimerEvent: {}
[41.937814] (-) TimerEvent: {}
[42.038065] (-) TimerEvent: {}
[42.138360] (-) TimerEvent: {}
[42.238807] (-) TimerEvent: {}
[42.339374] (-) TimerEvent: {}
[42.440068] (-) TimerEvent: {}
[42.540598] (-) TimerEvent: {}
[42.641197] (-) TimerEvent: {}
[42.741490] (-) TimerEvent: {}
[42.841737] (-) TimerEvent: {}
[42.942531] (-) TimerEvent: {}
[43.042760] (-) TimerEvent: {}
[43.143033] (-) TimerEvent: {}
[43.243319] (-) TimerEvent: {}
[43.343761] (-) TimerEvent: {}
[43.444166] (-) TimerEvent: {}
[43.544534] (-) TimerEvent: {}
[43.644885] (-) TimerEvent: {}
[43.745155] (-) TimerEvent: {}
[43.845379] (-) TimerEvent: {}
[43.945660] (-) TimerEvent: {}
[44.046100] (-) TimerEvent: {}
[44.146419] (-) TimerEvent: {}
[44.246741] (-) TimerEvent: {}
[44.347090] (-) TimerEvent: {}
[44.447458] (-) TimerEvent: {}
[44.547921] (-) TimerEvent: {}
[44.648543] (-) TimerEvent: {}
[44.748890] (-) TimerEvent: {}
[44.849281] (-) TimerEvent: {}
[44.950199] (-) TimerEvent: {}
[45.050525] (-) TimerEvent: {}
[45.151113] (-) TimerEvent: {}
[45.251876] (-) TimerEvent: {}
[45.352340] (-) TimerEvent: {}
[45.453138] (-) TimerEvent: {}
[45.553496] (-) TimerEvent: {}
[45.653761] (-) TimerEvent: {}
[45.754269] (-) TimerEvent: {}
[45.854690] (-) TimerEvent: {}
[45.955150] (-) TimerEvent: {}
[46.055404] (-) TimerEvent: {}
[46.155641] (-) TimerEvent: {}
[46.255880] (-) TimerEvent: {}
[46.356152] (-) TimerEvent: {}
[46.456419] (-) TimerEvent: {}
[46.556774] (-) TimerEvent: {}
[46.657671] (-) TimerEvent: {}
[46.757990] (-) TimerEvent: {}
[46.858287] (-) TimerEvent: {}
[46.958535] (-) TimerEvent: {}
[47.058793] (-) TimerEvent: {}
[47.159064] (-) TimerEvent: {}
[47.259352] (-) TimerEvent: {}
[47.359595] (-) TimerEvent: {}
[47.459903] (-) TimerEvent: {}
[47.560176] (-) TimerEvent: {}
[47.660461] (-) TimerEvent: {}
[47.760769] (-) TimerEvent: {}
[47.861189] (-) TimerEvent: {}
[47.961563] (-) TimerEvent: {}
[48.061876] (-) TimerEvent: {}
[48.162208] (-) TimerEvent: {}
[48.262490] (-) TimerEvent: {}
[48.362795] (-) TimerEvent: {}
[48.463090] (-) TimerEvent: {}
[48.563354] (-) TimerEvent: {}
[48.663625] (-) TimerEvent: {}
[48.763881] (-) TimerEvent: {}
[48.864135] (-) TimerEvent: {}
[48.964424] (-) TimerEvent: {}
[49.064702] (-) TimerEvent: {}
[49.164983] (-) TimerEvent: {}
[49.265269] (-) TimerEvent: {}
[49.365514] (-) TimerEvent: {}
[49.465781] (-) TimerEvent: {}
[49.566116] (-) TimerEvent: {}
[49.666543] (-) TimerEvent: {}
[49.766943] (-) TimerEvent: {}
[49.867308] (-) TimerEvent: {}
[49.967643] (-) TimerEvent: {}
[50.067958] (-) TimerEvent: {}
[50.168251] (-) TimerEvent: {}
[50.268654] (-) TimerEvent: {}
[50.369002] (-) TimerEvent: {}
[50.469273] (-) TimerEvent: {}
[50.569525] (-) TimerEvent: {}
[50.669857] (-) TimerEvent: {}
[50.770156] (-) TimerEvent: {}
[50.870900] (-) TimerEvent: {}
[50.971165] (-) TimerEvent: {}
[51.071489] (-) TimerEvent: {}
[51.171739] (-) TimerEvent: {}
[51.272056] (-) TimerEvent: {}
[51.372398] (-) TimerEvent: {}
[51.472760] (-) TimerEvent: {}
[51.573089] (-) TimerEvent: {}
[51.673340] (-) TimerEvent: {}
[51.773617] (-) TimerEvent: {}
[51.873887] (-) TimerEvent: {}
[51.974156] (-) TimerEvent: {}
[52.074448] (-) TimerEvent: {}
[52.174725] (-) TimerEvent: {}
[52.275045] (-) TimerEvent: {}
[52.375317] (-) TimerEvent: {}
[52.475595] (-) TimerEvent: {}
[52.575860] (-) TimerEvent: {}
[52.676151] (-) TimerEvent: {}
[52.776439] (-) TimerEvent: {}
[52.876665] (-) TimerEvent: {}
[52.977273] (-) TimerEvent: {}
[53.077550] (-) TimerEvent: {}
[53.177830] (-) TimerEvent: {}
[53.278302] (-) TimerEvent: {}
[53.378565] (-) TimerEvent: {}
[53.478870] (-) TimerEvent: {}
[53.579198] (-) TimerEvent: {}
[53.679655] (-) TimerEvent: {}
[53.779952] (-) TimerEvent: {}
[53.880277] (-) TimerEvent: {}
[53.980637] (-) TimerEvent: {}
[54.080882] (-) TimerEvent: {}
[54.181126] (-) TimerEvent: {}
[54.281376] (-) TimerEvent: {}
[54.381658] (-) TimerEvent: {}
[54.481877] (-) TimerEvent: {}
[54.582116] (-) TimerEvent: {}
[54.682359] (-) TimerEvent: {}
[54.782612] (-) TimerEvent: {}
[54.882859] (-) TimerEvent: {}
[54.983121] (-) TimerEvent: {}
[55.083416] (-) TimerEvent: {}
[55.183673] (-) TimerEvent: {}
[55.283933] (-) TimerEvent: {}
[55.384177] (-) TimerEvent: {}
[55.484441] (-) TimerEvent: {}
[55.584702] (-) TimerEvent: {}
[55.685065] (-) TimerEvent: {}
[55.785364] (-) TimerEvent: {}
[55.885659] (-) TimerEvent: {}
[55.985951] (-) TimerEvent: {}
[56.086205] (-) TimerEvent: {}
[56.186462] (-) TimerEvent: {}
[56.286904] (-) TimerEvent: {}
[56.387390] (-) TimerEvent: {}
[56.487697] (-) TimerEvent: {}
[56.587942] (-) TimerEvent: {}
[56.688197] (-) TimerEvent: {}
[56.788437] (-) TimerEvent: {}
[56.888676] (-) TimerEvent: {}
[56.989041] (-) TimerEvent: {}
[57.089440] (-) TimerEvent: {}
[57.189752] (-) TimerEvent: {}
[57.290058] (-) TimerEvent: {}
[57.390419] (-) TimerEvent: {}
[57.490952] (-) TimerEvent: {}
[57.591847] (-) TimerEvent: {}
[57.692468] (-) TimerEvent: {}
[57.792721] (-) TimerEvent: {}
[57.893032] (-) TimerEvent: {}
[57.993426] (-) TimerEvent: {}
[58.093715] (-) TimerEvent: {}
[58.194122] (-) TimerEvent: {}
[58.294461] (-) TimerEvent: {}
[58.394889] (-) TimerEvent: {}
[58.495198] (-) TimerEvent: {}
[58.595488] (-) TimerEvent: {}
[58.695877] (-) TimerEvent: {}
[58.796182] (-) TimerEvent: {}
[58.896428] (-) TimerEvent: {}
[58.996772] (-) TimerEvent: {}
[59.097128] (-) TimerEvent: {}
[59.197411] (-) TimerEvent: {}
[59.297766] (-) TimerEvent: {}
[59.398874] (-) TimerEvent: {}
[59.499537] (-) TimerEvent: {}
[59.599847] (-) TimerEvent: {}
[59.700163] (-) TimerEvent: {}
[59.800484] (-) TimerEvent: {}
[59.900754] (-) TimerEvent: {}
[60.001014] (-) TimerEvent: {}
[60.101274] (-) TimerEvent: {}
[60.201532] (-) TimerEvent: {}
[60.301763] (-) TimerEvent: {}
[60.402047] (-) TimerEvent: {}
[60.502342] (-) TimerEvent: {}
[60.602600] (-) TimerEvent: {}
[60.702888] (-) TimerEvent: {}
[60.803172] (-) TimerEvent: {}
[60.903548] (-) TimerEvent: {}
[61.004635] (-) TimerEvent: {}
[61.104880] (-) TimerEvent: {}
[61.205190] (-) TimerEvent: {}
[61.305627] (-) TimerEvent: {}
[61.405900] (-) TimerEvent: {}
[61.506218] (-) TimerEvent: {}
[61.606640] (-) TimerEvent: {}
[61.707161] (-) TimerEvent: {}
[61.807737] (-) TimerEvent: {}
[61.908062] (-) TimerEvent: {}
[62.008340] (-) TimerEvent: {}
[62.108588] (-) TimerEvent: {}
[62.208840] (-) TimerEvent: {}
[62.309151] (-) TimerEvent: {}
[62.409435] (-) TimerEvent: {}
[62.509640] (-) TimerEvent: {}
[62.609932] (-) TimerEvent: {}
[62.710208] (-) TimerEvent: {}
[62.810449] (-) TimerEvent: {}
[62.910683] (-) TimerEvent: {}
[63.010940] (-) TimerEvent: {}
[63.111171] (-) TimerEvent: {}
[63.211543] (-) TimerEvent: {}
[63.311874] (-) TimerEvent: {}
[63.412193] (-) TimerEvent: {}
[63.512783] (-) TimerEvent: {}
[63.613399] (-) TimerEvent: {}
[63.713632] (-) TimerEvent: {}
[63.814228] (-) TimerEvent: {}
[63.914456] (-) TimerEvent: {}
[64.014727] (-) TimerEvent: {}
[64.115029] (-) TimerEvent: {}
[64.215339] (-) TimerEvent: {}
[64.315605] (-) TimerEvent: {}
[64.416449] (-) TimerEvent: {}
[64.516736] (-) TimerEvent: {}
[64.618451] (-) TimerEvent: {}
[64.718722] (-) TimerEvent: {}
[64.819042] (-) TimerEvent: {}
[64.919369] (-) TimerEvent: {}
[65.019629] (-) TimerEvent: {}
[65.119876] (-) TimerEvent: {}
[65.220273] (-) TimerEvent: {}
[65.320649] (-) TimerEvent: {}
[65.421269] (-) TimerEvent: {}
[65.521550] (-) TimerEvent: {}
[65.621836] (-) TimerEvent: {}
[65.722146] (-) TimerEvent: {}
[65.822430] (-) TimerEvent: {}
[65.922919] (-) TimerEvent: {}
[66.023212] (-) TimerEvent: {}
[66.123494] (-) TimerEvent: {}
[66.223764] (-) TimerEvent: {}
[66.324137] (-) TimerEvent: {}
[66.425012] (-) TimerEvent: {}
[66.525392] (-) TimerEvent: {}
[66.626175] (-) TimerEvent: {}
[66.726475] (-) TimerEvent: {}
[66.826772] (-) TimerEvent: {}
[66.927223] (-) TimerEvent: {}
[67.027522] (-) TimerEvent: {}
[67.127798] (-) TimerEvent: {}
[67.228149] (-) TimerEvent: {}
[67.328416] (-) TimerEvent: {}
[67.428735] (-) TimerEvent: {}
[67.529014] (-) TimerEvent: {}
[67.629279] (-) TimerEvent: {}
[67.729592] (-) TimerEvent: {}
[67.829876] (-) TimerEvent: {}
[67.930135] (-) TimerEvent: {}
[68.030394] (-) TimerEvent: {}
[68.130654] (-) TimerEvent: {}
[68.230944] (-) TimerEvent: {}
[68.331317] (-) TimerEvent: {}
[68.431711] (-) TimerEvent: {}
[68.532000] (-) TimerEvent: {}
[68.632258] (-) TimerEvent: {}
[68.732541] (-) TimerEvent: {}
[68.832832] (-) TimerEvent: {}
[68.933235] (-) TimerEvent: {}
[69.033629] (-) TimerEvent: {}
[69.133957] (-) TimerEvent: {}
[69.234399] (-) TimerEvent: {}
[69.334907] (-) TimerEvent: {}
[69.435359] (-) TimerEvent: {}
[69.535751] (-) TimerEvent: {}
[69.636159] (-) TimerEvent: {}
[69.736466] (-) TimerEvent: {}
[69.836744] (-) TimerEvent: {}
[69.937034] (-) TimerEvent: {}
[70.037310] (-) TimerEvent: {}
[70.137564] (-) TimerEvent: {}
[70.238029] (-) TimerEvent: {}
[70.338454] (-) TimerEvent: {}
[70.438768] (-) TimerEvent: {}
[70.539190] (-) TimerEvent: {}
[70.639627] (-) TimerEvent: {}
[70.740155] (-) TimerEvent: {}
[70.840425] (-) TimerEvent: {}
[70.940987] (-) TimerEvent: {}
[71.041653] (-) TimerEvent: {}
[71.142098] (-) TimerEvent: {}
[71.242570] (-) TimerEvent: {}
[71.342860] (-) TimerEvent: {}
[71.443208] (-) TimerEvent: {}
[71.544230] (-) TimerEvent: {}
[71.644576] (-) TimerEvent: {}
[71.744884] (-) TimerEvent: {}
[71.845201] (-) TimerEvent: {}
[71.945506] (-) TimerEvent: {}
[72.045791] (-) TimerEvent: {}
[72.146088] (-) TimerEvent: {}
[72.246357] (-) TimerEvent: {}
[72.347935] (-) TimerEvent: {}
[72.448403] (-) TimerEvent: {}
[72.548810] (-) TimerEvent: {}
[72.649125] (-) TimerEvent: {}
[72.749883] (-) TimerEvent: {}
[72.850136] (-) TimerEvent: {}
[72.950431] (-) TimerEvent: {}
[73.050749] (-) TimerEvent: {}
[73.151050] (-) TimerEvent: {}
[73.251339] (-) TimerEvent: {}
[73.351673] (-) TimerEvent: {}
[73.452083] (-) TimerEvent: {}
[73.532957] (mission_layer_mvibot) StderrLine: {'line': b'\x1b[01m\x1b[K/home/mvibot/floorCleaningRobot_ws/src/mission_layer_mvibot/src/../include/mission_layer_mvibot/mvibot_mission/manage_mission.h:\x1b[m\x1b[K In member function \xe2\x80\x98\x1b[01m\x1b[Kdouble* manage_mission::\x1b[01;32m\x1b[Kget_position_tf\x1b[m\x1b[K(std::string, std::string)\x1b[m\x1b[K\xe2\x80\x99:\n'}
[73.533409] (mission_layer_mvibot) StderrLine: {'line': b'\x1b[01m\x1b[K/home/mvibot/floorCleaningRobot_ws/src/mission_layer_mvibot/src/../include/mission_layer_mvibot/mvibot_mission/manage_mission.h:696:33:\x1b[m\x1b[K \x1b[01;35m\x1b[Kwarning: \x1b[m\x1b[Karray subscript 2 is above array bounds of \xe2\x80\x98\x1b[01m\x1b[Kdouble [2]\x1b[m\x1b[K\xe2\x80\x99 [\x1b[01;35m\x1b[K\x1b]8;;https://gcc.gnu.org/onlinedocs/gcc/Warning-Options.html#index-Warray-bounds=\x07-Warray-bounds=\x1b]8;;\x07\x1b[m\x1b[K]\n'}
[73.533651] (mission_layer_mvibot) StderrLine: {'line': b'  696 |     data[0]=x; data[1]=y; \x1b[01;35m\x1b[Kdata[2]\x1b[m\x1b[K=thz; data[3]=thw;\n'}
[73.533800] (mission_layer_mvibot) StderrLine: {'line': b'      |                           \x1b[01;35m\x1b[K~~~~~~^\x1b[m\x1b[K\n'}
[73.533965] (mission_layer_mvibot) StderrLine: {'line': b'\x1b[01m\x1b[K/home/mvibot/floorCleaningRobot_ws/src/mission_layer_mvibot/src/../include/mission_layer_mvibot/mvibot_mission/manage_mission.h:680:19:\x1b[m\x1b[K \x1b[01;36m\x1b[Knote: \x1b[m\x1b[Kwhile referencing \xe2\x80\x98\x1b[01m\x1b[Kdata\x1b[m\x1b[K\xe2\x80\x99\n'}
[73.534108] (mission_layer_mvibot) StderrLine: {'line': b'  680 |     static double \x1b[01;36m\x1b[Kdata\x1b[m\x1b[K[2];\n'}
[73.534223] (mission_layer_mvibot) StderrLine: {'line': b'      |                   \x1b[01;36m\x1b[K^~~~\x1b[m\x1b[K\n'}
[73.534325] (mission_layer_mvibot) StderrLine: {'line': b'\x1b[01m\x1b[K/home/mvibot/floorCleaningRobot_ws/src/mission_layer_mvibot/src/../include/mission_layer_mvibot/mvibot_mission/manage_mission.h:696:46:\x1b[m\x1b[K \x1b[01;35m\x1b[Kwarning: \x1b[m\x1b[Karray subscript 3 is above array bounds of \xe2\x80\x98\x1b[01m\x1b[Kdouble [2]\x1b[m\x1b[K\xe2\x80\x99 [\x1b[01;35m\x1b[K\x1b]8;;https://gcc.gnu.org/onlinedocs/gcc/Warning-Options.html#index-Warray-bounds=\x07-Warray-bounds=\x1b]8;;\x07\x1b[m\x1b[K]\n'}
[73.534458] (mission_layer_mvibot) StderrLine: {'line': b'  696 |     data[0]=x; data[1]=y; data[2]=thz; \x1b[01;35m\x1b[Kdata[3]\x1b[m\x1b[K=thw;\n'}
[73.534545] (mission_layer_mvibot) StderrLine: {'line': b'      |                                        \x1b[01;35m\x1b[K~~~~~~^\x1b[m\x1b[K\n'}
[73.534718] (mission_layer_mvibot) StderrLine: {'line': b'\x1b[01m\x1b[K/home/mvibot/floorCleaningRobot_ws/src/mission_layer_mvibot/src/../include/mission_layer_mvibot/mvibot_mission/manage_mission.h:680:19:\x1b[m\x1b[K \x1b[01;36m\x1b[Knote: \x1b[m\x1b[Kwhile referencing \xe2\x80\x98\x1b[01m\x1b[Kdata\x1b[m\x1b[K\xe2\x80\x99\n'}
[73.534918] (mission_layer_mvibot) StderrLine: {'line': b'  680 |     static double \x1b[01;36m\x1b[Kdata\x1b[m\x1b[K[2];\n'}
[73.535052] (mission_layer_mvibot) StderrLine: {'line': b'      |                   \x1b[01;36m\x1b[K^~~~\x1b[m\x1b[K\n'}
[73.552139] (-) TimerEvent: {}
[73.652471] (-) TimerEvent: {}
[73.752878] (-) TimerEvent: {}
[73.853138] (-) TimerEvent: {}
[73.953433] (-) TimerEvent: {}
[74.053682] (-) TimerEvent: {}
[74.153938] (-) TimerEvent: {}
[74.254181] (-) TimerEvent: {}
[74.354412] (-) TimerEvent: {}
[74.454782] (-) TimerEvent: {}
[74.555087] (-) TimerEvent: {}
[74.655324] (-) TimerEvent: {}
[74.755663] (-) TimerEvent: {}
[74.856110] (-) TimerEvent: {}
[74.956615] (-) TimerEvent: {}
[75.056918] (-) TimerEvent: {}
[75.157512] (-) TimerEvent: {}
[75.257866] (-) TimerEvent: {}
[75.358248] (-) TimerEvent: {}
[75.458521] (-) TimerEvent: {}
[75.558811] (-) TimerEvent: {}
[75.659451] (-) TimerEvent: {}
[75.759738] (-) TimerEvent: {}
[75.860568] (-) TimerEvent: {}
[75.961008] (-) TimerEvent: {}
[76.061313] (-) TimerEvent: {}
[76.161642] (-) TimerEvent: {}
[76.261959] (-) TimerEvent: {}
[76.362176] (-) TimerEvent: {}
[76.462470] (-) TimerEvent: {}
[76.563252] (-) TimerEvent: {}
[76.663510] (-) TimerEvent: {}
[76.763842] (-) TimerEvent: {}
[76.864080] (-) TimerEvent: {}
[76.964341] (-) TimerEvent: {}
[77.064593] (-) TimerEvent: {}
[77.164883] (-) TimerEvent: {}
[77.265313] (-) TimerEvent: {}
[77.365572] (-) TimerEvent: {}
[77.465877] (-) TimerEvent: {}
[77.566888] (-) TimerEvent: {}
[77.667230] (-) TimerEvent: {}
[77.767579] (-) TimerEvent: {}
[77.867872] (-) TimerEvent: {}
[77.968194] (-) TimerEvent: {}
[78.068550] (-) TimerEvent: {}
[78.168973] (-) TimerEvent: {}
[78.269342] (-) TimerEvent: {}
[78.369775] (-) TimerEvent: {}
[78.470040] (-) TimerEvent: {}
[78.570366] (-) TimerEvent: {}
[78.671015] (-) TimerEvent: {}
[78.771297] (-) TimerEvent: {}
[78.871647] (-) TimerEvent: {}
[78.971940] (-) TimerEvent: {}
[79.072252] (-) TimerEvent: {}
[79.172473] (-) TimerEvent: {}
[79.272702] (-) TimerEvent: {}
[79.372961] (-) TimerEvent: {}
[79.473178] (-) TimerEvent: {}
[79.573467] (-) TimerEvent: {}
[79.673749] (-) TimerEvent: {}
[79.774070] (-) TimerEvent: {}
[79.874372] (-) TimerEvent: {}
[79.974631] (-) TimerEvent: {}
[80.074960] (-) TimerEvent: {}
[80.175271] (-) TimerEvent: {}
[80.275534] (-) TimerEvent: {}
[80.375766] (-) TimerEvent: {}
[80.476083] (-) TimerEvent: {}
[80.576305] (-) TimerEvent: {}
[80.676620] (-) TimerEvent: {}
[80.777136] (-) TimerEvent: {}
[80.877669] (-) TimerEvent: {}
[80.978081] (-) TimerEvent: {}
[81.079006] (-) TimerEvent: {}
[81.179374] (-) TimerEvent: {}
[81.279682] (-) TimerEvent: {}
[81.380014] (-) TimerEvent: {}
[81.480348] (-) TimerEvent: {}
[81.580649] (-) TimerEvent: {}
[81.680967] (-) TimerEvent: {}
[81.781275] (-) TimerEvent: {}
[81.881679] (-) TimerEvent: {}
[81.981977] (-) TimerEvent: {}
[82.082345] (-) TimerEvent: {}
[82.182703] (-) TimerEvent: {}
[82.282968] (-) TimerEvent: {}
[82.383256] (-) TimerEvent: {}
[82.483530] (-) TimerEvent: {}
[82.583774] (-) TimerEvent: {}
[82.684093] (-) TimerEvent: {}
[82.784414] (-) TimerEvent: {}
[82.884700] (-) TimerEvent: {}
[82.985064] (-) TimerEvent: {}
[83.085592] (-) TimerEvent: {}
[83.187237] (-) TimerEvent: {}
[83.287616] (-) TimerEvent: {}
[83.387880] (-) TimerEvent: {}
[83.488156] (-) TimerEvent: {}
[83.588493] (-) TimerEvent: {}
[83.688743] (-) TimerEvent: {}
[83.788995] (-) TimerEvent: {}
[83.889324] (-) TimerEvent: {}
[83.989567] (-) TimerEvent: {}
[84.089859] (-) TimerEvent: {}
[84.190207] (-) TimerEvent: {}
[84.290740] (-) TimerEvent: {}
[84.391208] (-) TimerEvent: {}
[84.492134] (-) TimerEvent: {}
[84.593197] (-) TimerEvent: {}
[84.693462] (-) TimerEvent: {}
[84.793766] (-) TimerEvent: {}
[84.894059] (-) TimerEvent: {}
[84.994358] (-) TimerEvent: {}
[85.094878] (-) TimerEvent: {}
[85.195328] (-) TimerEvent: {}
[85.295630] (-) TimerEvent: {}
[85.396339] (-) TimerEvent: {}
[85.496639] (-) TimerEvent: {}
[85.596892] (-) TimerEvent: {}
[85.697372] (-) TimerEvent: {}
[85.797874] (-) TimerEvent: {}
[85.898953] (-) TimerEvent: {}
[85.999287] (-) TimerEvent: {}
[86.099560] (-) TimerEvent: {}
[86.199851] (-) TimerEvent: {}
[86.300133] (-) TimerEvent: {}
[86.400377] (-) TimerEvent: {}
[86.500696] (-) TimerEvent: {}
[86.601076] (-) TimerEvent: {}
[86.701382] (-) TimerEvent: {}
[86.801674] (-) TimerEvent: {}
[86.901890] (-) TimerEvent: {}
[87.002262] (-) TimerEvent: {}
[87.102568] (-) TimerEvent: {}
[87.202852] (-) TimerEvent: {}
[87.303094] (-) TimerEvent: {}
[87.403345] (-) TimerEvent: {}
[87.503627] (-) TimerEvent: {}
[87.605506] (-) TimerEvent: {}
[87.705751] (-) TimerEvent: {}
[87.806034] (-) TimerEvent: {}
[87.906246] (-) TimerEvent: {}
[88.006518] (-) TimerEvent: {}
[88.106860] (-) TimerEvent: {}
[88.207310] (-) TimerEvent: {}
[88.307637] (-) TimerEvent: {}
[88.408162] (-) TimerEvent: {}
[88.508482] (-) TimerEvent: {}
[88.608755] (-) TimerEvent: {}
[88.709035] (-) TimerEvent: {}
[88.809310] (-) TimerEvent: {}
[88.909582] (-) TimerEvent: {}
[89.009902] (-) TimerEvent: {}
[89.110292] (-) TimerEvent: {}
[89.210548] (-) TimerEvent: {}
[89.310811] (-) TimerEvent: {}
[89.411083] (-) TimerEvent: {}
[89.511383] (-) TimerEvent: {}
[89.611715] (-) TimerEvent: {}
[89.712046] (-) TimerEvent: {}
[89.812469] (-) TimerEvent: {}
[89.912878] (-) TimerEvent: {}
[90.013152] (-) TimerEvent: {}
[90.113448] (-) TimerEvent: {}
[90.213709] (-) TimerEvent: {}
[90.314389] (-) TimerEvent: {}
[90.414638] (-) TimerEvent: {}
[90.514990] (-) TimerEvent: {}
[90.615399] (-) TimerEvent: {}
[90.715714] (-) TimerEvent: {}
[90.816152] (-) TimerEvent: {}
[90.916548] (-) TimerEvent: {}
[91.017130] (-) TimerEvent: {}
[91.118004] (-) TimerEvent: {}
[91.218305] (-) TimerEvent: {}
[91.318753] (-) TimerEvent: {}
[91.419069] (-) TimerEvent: {}
[91.519317] (-) TimerEvent: {}
[91.619662] (-) TimerEvent: {}
[91.719972] (-) TimerEvent: {}
[91.820391] (-) TimerEvent: {}
[91.921469] (-) TimerEvent: {}
[92.021811] (-) TimerEvent: {}
[92.122011] (-) TimerEvent: {}
[92.222447] (-) TimerEvent: {}
[92.323725] (-) TimerEvent: {}
[92.424067] (-) TimerEvent: {}
[92.524399] (-) TimerEvent: {}
[92.624709] (-) TimerEvent: {}
[92.725099] (-) TimerEvent: {}
[92.825413] (-) TimerEvent: {}
[92.925728] (-) TimerEvent: {}
[93.025999] (-) TimerEvent: {}
[93.126234] (-) TimerEvent: {}
[93.226511] (-) TimerEvent: {}
[93.326771] (-) TimerEvent: {}
[93.427498] (-) TimerEvent: {}
[93.527879] (-) TimerEvent: {}
[93.628149] (-) TimerEvent: {}
[93.728407] (-) TimerEvent: {}
[93.828673] (-) TimerEvent: {}
[93.928964] (-) TimerEvent: {}
[94.029195] (-) TimerEvent: {}
[94.129453] (-) TimerEvent: {}
[94.229706] (-) TimerEvent: {}
[94.329940] (-) TimerEvent: {}
[94.430188] (-) TimerEvent: {}
[94.530439] (-) TimerEvent: {}
[94.630717] (-) TimerEvent: {}
[94.730941] (-) TimerEvent: {}
[94.831213] (-) TimerEvent: {}
[94.931524] (-) TimerEvent: {}
[95.031777] (-) TimerEvent: {}
[95.131991] (-) TimerEvent: {}
[95.232248] (-) TimerEvent: {}
[95.332514] (-) TimerEvent: {}
[95.432799] (-) TimerEvent: {}
[95.533331] (-) TimerEvent: {}
[95.633570] (-) TimerEvent: {}
[95.733829] (-) TimerEvent: {}
[95.834097] (-) TimerEvent: {}
[95.934339] (-) TimerEvent: {}
[96.034615] (-) TimerEvent: {}
[96.134878] (-) TimerEvent: {}
[96.235167] (-) TimerEvent: {}
[96.335440] (-) TimerEvent: {}
[96.435879] (-) TimerEvent: {}
[96.536877] (-) TimerEvent: {}
[96.637132] (-) TimerEvent: {}
[96.737413] (-) TimerEvent: {}
[96.837750] (-) TimerEvent: {}
[96.937994] (-) TimerEvent: {}
[97.038216] (-) TimerEvent: {}
[97.138463] (-) TimerEvent: {}
[97.238669] (-) TimerEvent: {}
[97.338950] (-) TimerEvent: {}
[97.439320] (-) TimerEvent: {}
[97.539765] (-) TimerEvent: {}
[97.640188] (-) TimerEvent: {}
[97.740474] (-) TimerEvent: {}
[97.840777] (-) TimerEvent: {}
[97.941073] (-) TimerEvent: {}
[98.041415] (-) TimerEvent: {}
[98.141744] (-) TimerEvent: {}
[98.242149] (-) TimerEvent: {}
[98.342454] (-) TimerEvent: {}
[98.442694] (-) TimerEvent: {}
[98.543020] (-) TimerEvent: {}
[98.643515] (-) TimerEvent: {}
[98.743900] (-) TimerEvent: {}
[98.844232] (-) TimerEvent: {}
[98.944505] (-) TimerEvent: {}
[99.044867] (-) TimerEvent: {}
[99.145266] (-) TimerEvent: {}
[99.245580] (-) TimerEvent: {}
[99.345877] (-) TimerEvent: {}
[99.446164] (-) TimerEvent: {}
[99.546442] (-) TimerEvent: {}
[99.646695] (-) TimerEvent: {}
[99.747885] (-) TimerEvent: {}
[99.848123] (-) TimerEvent: {}
[99.948954] (-) TimerEvent: {}
[100.049213] (-) TimerEvent: {}
[100.149870] (-) TimerEvent: {}
[100.250571] (-) TimerEvent: {}
[100.350878] (-) TimerEvent: {}
[100.451636] (-) TimerEvent: {}
[100.551954] (-) TimerEvent: {}
[100.644129] (mission_layer_mvibot) StderrLine: {'line': b'\x1b[01m\x1b[K/home/mvibot/floorCleaningRobot_ws/src/mission_layer_mvibot/src/../include/mission_layer_mvibot/mvibot_mission/navigation_function.h:\x1b[m\x1b[K In member function \xe2\x80\x98\x1b[01m\x1b[Kvoid navigation_function::\x1b[01;32m\x1b[Kset_initial_robot\x1b[m\x1b[K(const std::string&)\x1b[m\x1b[K\xe2\x80\x99:\n'}
[100.645044] (mission_layer_mvibot) StderrLine: {'line': b'\x1b[01m\x1b[K/home/mvibot/floorCleaningRobot_ws/src/mission_layer_mvibot/src/../include/mission_layer_mvibot/mvibot_mission/navigation_function.h:260:13:\x1b[m\x1b[K \x1b[01;35m\x1b[Kwarning: \x1b[m\x1b[K\xe2\x80\x98\x1b[01m\x1b[Kx\x1b[m\x1b[K\xe2\x80\x99 may be used uninitialized [\x1b[01;35m\x1b[K\x1b]8;;https://gcc.gnu.org/onlinedocs/gcc/Warning-Options.html#index-Wmaybe-uninitialized\x07-Wmaybe-uninitialized\x1b]8;;\x07\x1b[m\x1b[K]\n'}
[100.645179] (mission_layer_mvibot) StderrLine: {'line': b'  260 |     \x1b[01;35m\x1b[Kpub_amcl(x,y,thz,thw)\x1b[m\x1b[K;\n'}
[100.645271] (mission_layer_mvibot) StderrLine: {'line': b'      |     \x1b[01;35m\x1b[K~~~~~~~~^~~~~~~~~~~~~\x1b[m\x1b[K\n'}
[100.645368] (mission_layer_mvibot) StderrLine: {'line': b'\x1b[01m\x1b[K/home/mvibot/floorCleaningRobot_ws/src/mission_layer_mvibot/src/../include/mission_layer_mvibot/mvibot_mission/navigation_function.h:252:18:\x1b[m\x1b[K \x1b[01;36m\x1b[Knote: \x1b[m\x1b[K\xe2\x80\x98\x1b[01m\x1b[Kx\x1b[m\x1b[K\xe2\x80\x99 was declared here\n'}
[100.645479] (mission_layer_mvibot) StderrLine: {'line': b'  252 |     double value,\x1b[01;36m\x1b[Kx\x1b[m\x1b[K,y,thz,thw;\n'}
[100.645642] (mission_layer_mvibot) StderrLine: {'line': b'      |                  \x1b[01;36m\x1b[K^\x1b[m\x1b[K\n'}
[100.645762] (mission_layer_mvibot) StderrLine: {'line': b'\x1b[01m\x1b[K/home/mvibot/floorCleaningRobot_ws/src/mission_layer_mvibot/src/../include/mission_layer_mvibot/mvibot_mission/navigation_function.h:260:13:\x1b[m\x1b[K \x1b[01;35m\x1b[Kwarning: \x1b[m\x1b[K\xe2\x80\x98\x1b[01m\x1b[Ky\x1b[m\x1b[K\xe2\x80\x99 may be used uninitialized [\x1b[01;35m\x1b[K\x1b]8;;https://gcc.gnu.org/onlinedocs/gcc/Warning-Options.html#index-Wmaybe-uninitialized\x07-Wmaybe-uninitialized\x1b]8;;\x07\x1b[m\x1b[K]\n'}
[100.645861] (mission_layer_mvibot) StderrLine: {'line': b'  260 |     \x1b[01;35m\x1b[Kpub_amcl(x,y,thz,thw)\x1b[m\x1b[K;\n'}
[100.645958] (mission_layer_mvibot) StderrLine: {'line': b'      |     \x1b[01;35m\x1b[K~~~~~~~~^~~~~~~~~~~~~\x1b[m\x1b[K\n'}
[100.646050] (mission_layer_mvibot) StderrLine: {'line': b'\x1b[01m\x1b[K/home/mvibot/floorCleaningRobot_ws/src/mission_layer_mvibot/src/../include/mission_layer_mvibot/mvibot_mission/navigation_function.h:252:20:\x1b[m\x1b[K \x1b[01;36m\x1b[Knote: \x1b[m\x1b[K\xe2\x80\x98\x1b[01m\x1b[Ky\x1b[m\x1b[K\xe2\x80\x99 was declared here\n'}
[100.646136] (mission_layer_mvibot) StderrLine: {'line': b'  252 |     double value,x,\x1b[01;36m\x1b[Ky\x1b[m\x1b[K,thz,thw;\n'}
[100.646236] (mission_layer_mvibot) StderrLine: {'line': b'      |                    \x1b[01;36m\x1b[K^\x1b[m\x1b[K\n'}
[100.646328] (mission_layer_mvibot) StderrLine: {'line': b'\x1b[01m\x1b[K/home/mvibot/floorCleaningRobot_ws/src/mission_layer_mvibot/src/../include/mission_layer_mvibot/mvibot_mission/navigation_function.h:260:13:\x1b[m\x1b[K \x1b[01;35m\x1b[Kwarning: \x1b[m\x1b[K\xe2\x80\x98\x1b[01m\x1b[Kthz\x1b[m\x1b[K\xe2\x80\x99 may be used uninitialized [\x1b[01;35m\x1b[K\x1b]8;;https://gcc.gnu.org/onlinedocs/gcc/Warning-Options.html#index-Wmaybe-uninitialized\x07-Wmaybe-uninitialized\x1b]8;;\x07\x1b[m\x1b[K]\n'}
[100.646403] (mission_layer_mvibot) StderrLine: {'line': b'  260 |     \x1b[01;35m\x1b[Kpub_amcl(x,y,thz,thw)\x1b[m\x1b[K;\n'}
[100.646472] (mission_layer_mvibot) StderrLine: {'line': b'      |     \x1b[01;35m\x1b[K~~~~~~~~^~~~~~~~~~~~~\x1b[m\x1b[K\n'}
[100.646553] (mission_layer_mvibot) StderrLine: {'line': b'\x1b[01m\x1b[K/home/mvibot/floorCleaningRobot_ws/src/mission_layer_mvibot/src/../include/mission_layer_mvibot/mvibot_mission/navigation_function.h:252:22:\x1b[m\x1b[K \x1b[01;36m\x1b[Knote: \x1b[m\x1b[K\xe2\x80\x98\x1b[01m\x1b[Kthz\x1b[m\x1b[K\xe2\x80\x99 was declared here\n'}
[100.646632] (mission_layer_mvibot) StderrLine: {'line': b'  252 |     double value,x,y,\x1b[01;36m\x1b[Kthz\x1b[m\x1b[K,thw;\n'}
[100.646702] (mission_layer_mvibot) StderrLine: {'line': b'      |                      \x1b[01;36m\x1b[K^~~\x1b[m\x1b[K\n'}
[100.646785] (mission_layer_mvibot) StderrLine: {'line': b'\x1b[01m\x1b[K/home/mvibot/floorCleaningRobot_ws/src/mission_layer_mvibot/src/../include/mission_layer_mvibot/mvibot_mission/navigation_function.h:260:13:\x1b[m\x1b[K \x1b[01;35m\x1b[Kwarning: \x1b[m\x1b[K\xe2\x80\x98\x1b[01m\x1b[Kthw\x1b[m\x1b[K\xe2\x80\x99 may be used uninitialized [\x1b[01;35m\x1b[K\x1b]8;;https://gcc.gnu.org/onlinedocs/gcc/Warning-Options.html#index-Wmaybe-uninitialized\x07-Wmaybe-uninitialized\x1b]8;;\x07\x1b[m\x1b[K]\n'}
[100.646943] (mission_layer_mvibot) StderrLine: {'line': b'  260 |     \x1b[01;35m\x1b[Kpub_amcl(x,y,thz,thw)\x1b[m\x1b[K;\n'}
[100.647048] (mission_layer_mvibot) StderrLine: {'line': b'      |     \x1b[01;35m\x1b[K~~~~~~~~^~~~~~~~~~~~~\x1b[m\x1b[K\n'}
[100.647137] (mission_layer_mvibot) StderrLine: {'line': b'\x1b[01m\x1b[K/home/mvibot/floorCleaningRobot_ws/src/mission_layer_mvibot/src/../include/mission_layer_mvibot/mvibot_mission/navigation_function.h:252:26:\x1b[m\x1b[K \x1b[01;36m\x1b[Knote: \x1b[m\x1b[K\xe2\x80\x98\x1b[01m\x1b[Kthw\x1b[m\x1b[K\xe2\x80\x99 was declared here\n'}
[100.647301] (mission_layer_mvibot) StderrLine: {'line': b'  252 |     double value,x,y,thz,\x1b[01;36m\x1b[Kthw\x1b[m\x1b[K;\n'}
[100.647569] (mission_layer_mvibot) StderrLine: {'line': b'      |                          \x1b[01;36m\x1b[K^~~\x1b[m\x1b[K\n'}
[100.652087] (-) TimerEvent: {}
[100.752375] (-) TimerEvent: {}
[100.852685] (-) TimerEvent: {}
[100.953185] (-) TimerEvent: {}
[101.053526] (-) TimerEvent: {}
[101.153907] (-) TimerEvent: {}
[101.254238] (-) TimerEvent: {}
[101.354519] (-) TimerEvent: {}
[101.454829] (-) TimerEvent: {}
[101.555146] (-) TimerEvent: {}
[101.655392] (-) TimerEvent: {}
[101.755619] (-) TimerEvent: {}
[101.855941] (-) TimerEvent: {}
[101.956258] (-) TimerEvent: {}
[102.056532] (-) TimerEvent: {}
[102.157332] (-) TimerEvent: {}
[102.257616] (-) TimerEvent: {}
[102.357977] (-) TimerEvent: {}
[102.458640] (-) TimerEvent: {}
[102.558943] (-) TimerEvent: {}
[102.659268] (-) TimerEvent: {}
[102.718375] (mission_layer_mvibot) StderrLine: {'line': b'\x1b[01m\x1b[K/home/mvibot/floorCleaningRobot_ws/src/mission_layer_mvibot/src/../include/mission_layer_mvibot/mvibot_mission/manage_mission.h:\x1b[m\x1b[K In member function \xe2\x80\x98\x1b[01m\x1b[Kint manage_mission::\x1b[01;32m\x1b[Kexecute_content\x1b[m\x1b[K(mission&, std::vector<std::__cxx11::basic_string<char>, std::allocator<std::__cxx11::basic_string<char> > >&, std::string&, int&)\x1b[m\x1b[K\xe2\x80\x99:\n'}
[102.718663] (mission_layer_mvibot) StderrLine: {'line': b'\x1b[01m\x1b[K/home/mvibot/floorCleaningRobot_ws/src/mission_layer_mvibot/src/../include/mission_layer_mvibot/mvibot_mission/manage_mission.h:1114:9:\x1b[m\x1b[K \x1b[01;35m\x1b[Kwarning: \x1b[m\x1b[K\xe2\x80\x98\x1b[01m\x1b[Kres\x1b[m\x1b[K\xe2\x80\x99 may be used uninitialized [\x1b[01;35m\x1b[K\x1b]8;;https://gcc.gnu.org/onlinedocs/gcc/Warning-Options.html#index-Wmaybe-uninitialized\x07-Wmaybe-uninitialized\x1b]8;;\x07\x1b[m\x1b[K]\n'}
[102.718783] (mission_layer_mvibot) StderrLine: {'line': b' 1114 |         \x1b[01;35m\x1b[Kif\x1b[m\x1b[K(res == Finish_) queue_content.erase(queue_content.begin());\n'}
[102.718923] (mission_layer_mvibot) StderrLine: {'line': b'      |         \x1b[01;35m\x1b[K^~\x1b[m\x1b[K\n'}
[102.719018] (mission_layer_mvibot) StderrLine: {'line': b'\x1b[01m\x1b[K/home/mvibot/floorCleaningRobot_ws/src/mission_layer_mvibot/src/../include/mission_layer_mvibot/mvibot_mission/manage_mission.h:1100:13:\x1b[m\x1b[K \x1b[01;36m\x1b[Knote: \x1b[m\x1b[K\xe2\x80\x98\x1b[01m\x1b[Kres\x1b[m\x1b[K\xe2\x80\x99 was declared here\n'}
[102.719123] (mission_layer_mvibot) StderrLine: {'line': b' 1100 |         int \x1b[01;36m\x1b[Kres\x1b[m\x1b[K;\n'}
[102.719229] (mission_layer_mvibot) StderrLine: {'line': b'      |             \x1b[01;36m\x1b[K^~~\x1b[m\x1b[K\n'}
[102.759322] (-) TimerEvent: {}
[102.859590] (-) TimerEvent: {}
[102.959815] (-) TimerEvent: {}
[103.060107] (-) TimerEvent: {}
[103.160367] (-) TimerEvent: {}
[103.260762] (-) TimerEvent: {}
[103.361213] (-) TimerEvent: {}
[103.461493] (-) TimerEvent: {}
[103.561776] (-) TimerEvent: {}
[103.662037] (-) TimerEvent: {}
[103.762336] (-) TimerEvent: {}
[103.862665] (-) TimerEvent: {}
[103.963227] (-) TimerEvent: {}
[104.063509] (-) TimerEvent: {}
[104.163722] (-) TimerEvent: {}
[104.263988] (-) TimerEvent: {}
[104.364266] (-) TimerEvent: {}
[104.464525] (-) TimerEvent: {}
[104.564762] (-) TimerEvent: {}
[104.665262] (-) TimerEvent: {}
[104.765505] (-) TimerEvent: {}
[104.865742] (-) TimerEvent: {}
[104.966031] (-) TimerEvent: {}
[105.066583] (-) TimerEvent: {}
[105.167103] (-) TimerEvent: {}
[105.267453] (-) TimerEvent: {}
[105.367761] (-) TimerEvent: {}
[105.467997] (-) TimerEvent: {}
[105.568218] (-) TimerEvent: {}
[105.668444] (-) TimerEvent: {}
[105.768749] (-) TimerEvent: {}
[105.869011] (-) TimerEvent: {}
[105.969328] (-) TimerEvent: {}
[106.069580] (-) TimerEvent: {}
[106.169844] (-) TimerEvent: {}
[106.270112] (-) TimerEvent: {}
[106.370366] (-) TimerEvent: {}
[106.470649] (-) TimerEvent: {}
[106.571006] (-) TimerEvent: {}
[106.671284] (-) TimerEvent: {}
[106.771622] (-) TimerEvent: {}
[106.871913] (-) TimerEvent: {}
[106.972296] (-) TimerEvent: {}
[107.072805] (-) TimerEvent: {}
[107.173059] (-) TimerEvent: {}
[107.273291] (-) TimerEvent: {}
[107.373520] (-) TimerEvent: {}
[107.473831] (-) TimerEvent: {}
[107.574287] (-) TimerEvent: {}
[107.674651] (-) TimerEvent: {}
[107.775096] (-) TimerEvent: {}
[107.875446] (-) TimerEvent: {}
[107.975762] (-) TimerEvent: {}
[108.076027] (-) TimerEvent: {}
[108.176236] (-) TimerEvent: {}
[108.276467] (-) TimerEvent: {}
[108.376853] (-) TimerEvent: {}
[108.477192] (-) TimerEvent: {}
[108.577606] (-) TimerEvent: {}
[108.677888] (-) TimerEvent: {}
[108.778491] (-) TimerEvent: {}
[108.878741] (-) TimerEvent: {}
[108.979081] (-) TimerEvent: {}
[109.079479] (-) TimerEvent: {}
[109.179815] (-) TimerEvent: {}
[109.280137] (-) TimerEvent: {}
[109.380439] (-) TimerEvent: {}
[109.480726] (-) TimerEvent: {}
[109.581053] (-) TimerEvent: {}
[109.681400] (-) TimerEvent: {}
[109.781639] (-) TimerEvent: {}
[109.881871] (-) TimerEvent: {}
[109.982105] (-) TimerEvent: {}
[110.082383] (-) TimerEvent: {}
[110.182634] (-) TimerEvent: {}
[110.282876] (-) TimerEvent: {}
[110.383156] (-) TimerEvent: {}
[110.483453] (-) TimerEvent: {}
[110.583892] (-) TimerEvent: {}
[110.684190] (-) TimerEvent: {}
[110.784483] (-) TimerEvent: {}
[110.884760] (-) TimerEvent: {}
[110.985128] (-) TimerEvent: {}
[111.085449] (-) TimerEvent: {}
[111.185911] (-) TimerEvent: {}
[111.286265] (-) TimerEvent: {}
[111.387375] (-) TimerEvent: {}
[111.487806] (-) TimerEvent: {}
[111.588192] (-) TimerEvent: {}
[111.688606] (-) TimerEvent: {}
[111.788978] (-) TimerEvent: {}
[111.889291] (-) TimerEvent: {}
[111.989587] (-) TimerEvent: {}
[112.089814] (-) TimerEvent: {}
[112.190092] (-) TimerEvent: {}
[112.290386] (-) TimerEvent: {}
[112.390741] (-) TimerEvent: {}
[112.491081] (-) TimerEvent: {}
[112.591437] (-) TimerEvent: {}
[112.691861] (-) TimerEvent: {}
[112.792280] (-) TimerEvent: {}
[112.892863] (-) TimerEvent: {}
[112.993619] (-) TimerEvent: {}
[113.093950] (-) TimerEvent: {}
[113.194230] (-) TimerEvent: {}
[113.294551] (-) TimerEvent: {}
[113.394881] (-) TimerEvent: {}
[113.495125] (-) TimerEvent: {}
[113.595392] (-) TimerEvent: {}
[113.696221] (-) TimerEvent: {}
[113.796514] (-) TimerEvent: {}
[113.896805] (-) TimerEvent: {}
[113.997184] (-) TimerEvent: {}
[114.097512] (-) TimerEvent: {}
[114.197798] (-) TimerEvent: {}
[114.298883] (-) TimerEvent: {}
[114.399168] (-) TimerEvent: {}
[114.499438] (-) TimerEvent: {}
[114.599726] (-) TimerEvent: {}
[114.700235] (-) TimerEvent: {}
[114.800514] (-) TimerEvent: {}
[114.900792] (-) TimerEvent: {}
[115.001101] (-) TimerEvent: {}
[115.101341] (-) TimerEvent: {}
[115.201619] (-) TimerEvent: {}
[115.301881] (-) TimerEvent: {}
[115.402124] (-) TimerEvent: {}
[115.502376] (-) TimerEvent: {}
[115.602623] (-) TimerEvent: {}
[115.702873] (-) TimerEvent: {}
[115.803145] (-) TimerEvent: {}
[115.903429] (-) TimerEvent: {}
[116.003772] (-) TimerEvent: {}
[116.104151] (-) TimerEvent: {}
[116.205010] (-) TimerEvent: {}
[116.305383] (-) TimerEvent: {}
[116.405718] (-) TimerEvent: {}
[116.505978] (-) TimerEvent: {}
[116.606306] (-) TimerEvent: {}
[116.706598] (-) TimerEvent: {}
[116.806815] (-) TimerEvent: {}
[116.907085] (-) TimerEvent: {}
[117.007392] (-) TimerEvent: {}
[117.107728] (-) TimerEvent: {}
[117.208077] (-) TimerEvent: {}
[117.308375] (-) TimerEvent: {}
[117.408699] (-) TimerEvent: {}
[117.509095] (-) TimerEvent: {}
[117.609604] (-) TimerEvent: {}
[117.709887] (-) TimerEvent: {}
[117.810153] (-) TimerEvent: {}
[117.910408] (-) TimerEvent: {}
[118.010747] (-) TimerEvent: {}
[118.111175] (-) TimerEvent: {}
[118.211478] (-) TimerEvent: {}
[118.312006] (-) TimerEvent: {}
[118.412315] (-) TimerEvent: {}
[118.512595] (-) TimerEvent: {}
[118.613061] (-) TimerEvent: {}
[118.713344] (-) TimerEvent: {}
[118.813639] (-) TimerEvent: {}
[118.914038] (-) TimerEvent: {}
[119.014321] (-) TimerEvent: {}
[119.115079] (-) TimerEvent: {}
[119.215379] (-) TimerEvent: {}
[119.315672] (-) TimerEvent: {}
[119.416020] (-) TimerEvent: {}
[119.516911] (-) TimerEvent: {}
[119.617763] (-) TimerEvent: {}
[119.718154] (-) TimerEvent: {}
[119.818640] (-) TimerEvent: {}
[119.919138] (-) TimerEvent: {}
[120.019386] (-) TimerEvent: {}
[120.119654] (-) TimerEvent: {}
[120.220102] (-) TimerEvent: {}
[120.320412] (-) TimerEvent: {}
[120.420762] (-) TimerEvent: {}
[120.521156] (-) TimerEvent: {}
[120.621780] (-) TimerEvent: {}
[120.722030] (-) TimerEvent: {}
[120.822330] (-) TimerEvent: {}
[120.922764] (-) TimerEvent: {}
[121.023021] (-) TimerEvent: {}
[121.123277] (-) TimerEvent: {}
[121.223617] (-) TimerEvent: {}
[121.323935] (-) TimerEvent: {}
[121.424263] (-) TimerEvent: {}
[121.524566] (-) TimerEvent: {}
[121.624882] (-) TimerEvent: {}
[121.681359] (mission_layer_mvibot) StdoutLine: {'line': b'[100%] \x1b[32m\x1b[1mLinking CXX executable mvibot_mission\x1b[0m\n'}
[121.724988] (-) TimerEvent: {}
[121.825552] (-) TimerEvent: {}
[121.925881] (-) TimerEvent: {}
[122.026218] (-) TimerEvent: {}
[122.126527] (-) TimerEvent: {}
[122.226845] (-) TimerEvent: {}
[122.327157] (-) TimerEvent: {}
[122.427548] (-) TimerEvent: {}
[122.528010] (-) TimerEvent: {}
[122.628413] (-) TimerEvent: {}
[122.728693] (-) TimerEvent: {}
[122.768845] (mission_layer_mvibot) StdoutLine: {'line': b'[100%] Built target mvibot_mission\n'}
[122.831382] (-) TimerEvent: {}
[122.855467] (mission_layer_mvibot) CommandEnded: {'returncode': 0}
[122.898730] (mission_layer_mvibot) JobProgress: {'identifier': 'mission_layer_mvibot', 'progress': 'install'}
[122.935280] (mission_layer_mvibot) Command: {'cmd': ['/usr/bin/cmake', '--install', '/home/mvibot/floorCleaningRobot_ws/build/mission_layer_mvibot'], 'cwd': '/home/mvibot/floorCleaningRobot_ws/build/mission_layer_mvibot', 'env': OrderedDict({'LESSOPEN': '| /usr/bin/lesspipe %s', 'USER': 'mvibot', 'SSH_CLIENT': '10.0.60.48 47086 22', 'GZ_CONFIG_PATH': '/opt/ros/jazzy/opt/gz_sim_vendor/share/gz:/opt/ros/jazzy/opt/sdformat_vendor/share/gz:/opt/ros/jazzy/opt/gz_gui_vendor/share/gz:/opt/ros/jazzy/opt/gz_transport_vendor/share/gz:/opt/ros/jazzy/opt/gz_rendering_vendor/share/gz:/opt/ros/jazzy/opt/gz_plugin_vendor/share/gz:/opt/ros/jazzy/opt/gz_fuel_tools_vendor/share/gz:/opt/ros/jazzy/opt/gz_msgs_vendor/share/gz:/opt/ros/jazzy/opt/gz_common_vendor/share/gz', 'XDG_SESSION_TYPE': 'tty', 'SHLVL': '1', 'LD_LIBRARY_PATH': '/home/mvibot/floorCleaningRobot_ws/install/opennav_coverage_msgs/lib:/home/mvibot/floorCleaningRobot_ws/install/tf2_web_republisher/lib:/home/mvibot/floorCleaningRobot_ws/install/tf2_web_republisher_interfaces/lib:/home/mvibot/floorCleaningRobot_ws/install/realsense2_camera/lib:/home/mvibot/floorCleaningRobot_ws/install/realsense2_camera_msgs/lib:/home/mvibot/floorCleaningRobot_ws/install/pointcloud_to_laserscan/lib:/home/mvibot/floorCleaningRobot_ws/install/opennav_row_coverage/lib:/home/mvibot/floorCleaningRobot_ws/install/opennav_coverage_navigator/lib:/home/mvibot/floorCleaningRobot_ws/install/opennav_coverage_bt/lib:/home/mvibot/floorCleaningRobot_ws/install/opennav_coverage/lib:/home/mvibot/floorCleaningRobot_ws/install/fields2cover/lib:/opt/ros/jazzy/opt/gz_sim_vendor/lib:/opt/ros/jazzy/opt/gz_sensors_vendor/lib:/opt/ros/jazzy/opt/gz_physics_vendor/lib:/opt/ros/jazzy/opt/sdformat_vendor/lib:/opt/ros/jazzy/opt/rviz_ogre_vendor/lib:/opt/ros/jazzy/lib/x86_64-linux-gnu:/opt/ros/jazzy/opt/gz_gui_vendor/lib:/opt/ros/jazzy/opt/gz_transport_vendor/lib:/opt/ros/jazzy/opt/gz_rendering_vendor/lib:/opt/ros/jazzy/opt/gz_plugin_vendor/lib:/opt/ros/jazzy/opt/gz_fuel_tools_vendor/lib:/opt/ros/jazzy/opt/gz_msgs_vendor/lib:/opt/ros/jazzy/opt/gz_common_vendor/lib:/opt/ros/jazzy/opt/gz_math_vendor/lib:/opt/ros/jazzy/opt/gz_utils_vendor/lib:/opt/ros/jazzy/opt/gz_tools_vendor/lib:/opt/ros/jazzy/opt/gz_ogre_next_vendor/lib:/opt/ros/jazzy/opt/gz_dartsim_vendor/lib:/opt/ros/jazzy/opt/gz_cmake_vendor/lib:/opt/ros/jazzy/lib', 'HOME': '/home/mvibot', 'OLDPWD': '/home/mvibot', 'NVM_BIN': '/home/mvibot/.nvm/versions/node/v24.12.0/bin', 'SSH_TTY': '/dev/pts/3', 'NVM_INC': '/home/mvibot/.nvm/versions/node/v24.12.0/include/node', 'ROS_PYTHON_VERSION': '3', 'DBUS_SESSION_BUS_ADDRESS': 'unix:path=/run/user/1000/bus', 'NVM_DIR': '/home/mvibot/.nvm', 'DEBUGINFOD_URLS': 'https://debuginfod.ubuntu.com', 'COLCON_PREFIX_PATH': '/home/mvibot/floorCleaningRobot_ws/install', 'ROS_DISTRO': 'jazzy', 'LOGNAME': 'mvibot', '_': '/usr/bin/colcon', 'ROS_VERSION': '2', 'PKG_CONFIG_PATH': '/home/mvibot/floorCleaningRobot_ws/install/fields2cover/lib/x86_64-linux-gnu/pkgconfig:/home/mvibot/floorCleaningRobot_ws/install/fields2cover/lib/pkgconfig', 'XDG_SESSION_CLASS': 'user', 'TERM': 'xterm-256color', 'XDG_SESSION_ID': '36', 'PATH': '/home/mvibot/.nvm/versions/node/v24.12.0/bin:/opt/ros/jazzy/opt/gz_msgs_vendor/bin:/opt/ros/jazzy/opt/gz_tools_vendor/bin:/opt/ros/jazzy/opt/gz_ogre_next_vendor/bin:/opt/ros/jazzy/bin:/usr/local/sbin:/usr/local/bin:/usr/sbin:/usr/bin:/sbin:/bin:/usr/games:/usr/local/games:/snap/bin', 'XDG_RUNTIME_DIR': '/run/user/1000', 'LANG': 'en_US.UTF-8', 'RMW_IMPLEMENTATION': 'rmw_fastrtps_cpp', 'LS_COLORS': 'rs=0:di=01;34:ln=01;36:mh=00:pi=40;33:so=01;35:do=01;35:bd=40;33;01:cd=40;33;01:or=40;31;01:mi=00:su=37;41:sg=30;43:ca=00:tw=30;42:ow=34;42:st=37;44:ex=01;32:*.tar=01;31:*.tgz=01;31:*.arc=01;31:*.arj=01;31:*.taz=01;31:*.lha=01;31:*.lz4=01;31:*.lzh=01;31:*.lzma=01;31:*.tlz=01;31:*.txz=01;31:*.tzo=01;31:*.t7z=01;31:*.zip=01;31:*.z=01;31:*.dz=01;31:*.gz=01;31:*.lrz=01;31:*.lz=01;31:*.lzo=01;31:*.xz=01;31:*.zst=01;31:*.tzst=01;31:*.bz2=01;31:*.bz=01;31:*.tbz=01;31:*.tbz2=01;31:*.tz=01;31:*.deb=01;31:*.rpm=01;31:*.jar=01;31:*.war=01;31:*.ear=01;31:*.sar=01;31:*.rar=01;31:*.alz=01;31:*.ace=01;31:*.zoo=01;31:*.cpio=01;31:*.7z=01;31:*.rz=01;31:*.cab=01;31:*.wim=01;31:*.swm=01;31:*.dwm=01;31:*.esd=01;31:*.avif=01;35:*.jpg=01;35:*.jpeg=01;35:*.mjpg=01;35:*.mjpeg=01;35:*.gif=01;35:*.bmp=01;35:*.pbm=01;35:*.pgm=01;35:*.ppm=01;35:*.tga=01;35:*.xbm=01;35:*.xpm=01;35:*.tif=01;35:*.tiff=01;35:*.png=01;35:*.svg=01;35:*.svgz=01;35:*.mng=01;35:*.pcx=01;35:*.mov=01;35:*.mpg=01;35:*.mpeg=01;35:*.m2v=01;35:*.mkv=01;35:*.webm=01;35:*.webp=01;35:*.ogm=01;35:*.mp4=01;35:*.m4v=01;35:*.mp4v=01;35:*.vob=01;35:*.qt=01;35:*.nuv=01;35:*.wmv=01;35:*.asf=01;35:*.rm=01;35:*.rmvb=01;35:*.flc=01;35:*.avi=01;35:*.fli=01;35:*.flv=01;35:*.gl=01;35:*.dl=01;35:*.xcf=01;35:*.xwd=01;35:*.yuv=01;35:*.cgm=01;35:*.emf=01;35:*.ogv=01;35:*.ogx=01;35:*.aac=00;36:*.au=00;36:*.flac=00;36:*.m4a=00;36:*.mid=00;36:*.midi=00;36:*.mka=00;36:*.mp3=00;36:*.mpc=00;36:*.ogg=00;36:*.ra=00;36:*.wav=00;36:*.oga=00;36:*.opus=00;36:*.spx=00;36:*.xspf=00;36:*~=00;90:*#=00;90:*.bak=00;90:*.crdownload=00;90:*.dpkg-dist=00;90:*.dpkg-new=00;90:*.dpkg-old=00;90:*.dpkg-tmp=00;90:*.old=00;90:*.orig=00;90:*.part=00;90:*.rej=00;90:*.rpmnew=00;90:*.rpmorig=00;90:*.rpmsave=00;90:*.swp=00;90:*.tmp=00;90:*.ucf-dist=00;90:*.ucf-new=00;90:*.ucf-old=00;90:', 'ROS_DOMAIN_ID': '10', 'AMENT_PREFIX_PATH': '/home/mvibot/floorCleaningRobot_ws/install/tf2_web_republisher:/home/mvibot/floorCleaningRobot_ws/install/tf2_web_republisher_interfaces:/home/mvibot/floorCleaningRobot_ws/install/sllidar_ros2:/home/mvibot/floorCleaningRobot_ws/install/realsense2_description:/home/mvibot/floorCleaningRobot_ws/install/realsense2_camera:/home/mvibot/floorCleaningRobot_ws/install/realsense2_camera_msgs:/home/mvibot/floorCleaningRobot_ws/install/pointcloud_to_laserscan:/home/mvibot/floorCleaningRobot_ws/install/opennav_coverage_demo:/home/mvibot/floorCleaningRobot_ws/install/opennav_row_coverage:/home/mvibot/floorCleaningRobot_ws/install/opennav_coverage_navigator:/home/mvibot/floorCleaningRobot_ws/install/opennav_coverage_bt:/home/mvibot/floorCleaningRobot_ws/install/opennav_coverage:/home/mvibot/floorCleaningRobot_ws/install/mission_layer_mvibot:/home/mvibot/floorCleaningRobot_ws/install/opennav_coverage_msgs:/home/mvibot/floorCleaningRobot_ws/install/lower_layer_mvibot:/home/mvibot/floorCleaningRobot_ws/install/ira_laser_tools:/home/mvibot/floorCleaningRobot_ws/install/higher_layer_mvibot:/opt/ros/jazzy', 'SHELL': '/bin/bash', 'LESSCLOSE': '/usr/bin/lesspipe %s %s', 'ROS_AUTOMATIC_DISCOVERY_RANGE': 'SUBNET', 'PWD': '/home/mvibot/floorCleaningRobot_ws/build/mission_layer_mvibot', 'LC_ALL': 'en_US.UTF-8', 'SSH_CONNECTION': '10.0.60.48 47086 10.0.70.69 22', 'NVM_CD_FLAGS': '', 'XDG_DATA_DIRS': '/usr/share/gnome:/usr/local/share:/usr/share:/var/lib/snapd/desktop', 'PYTHONPATH': '/home/mvibot/floorCleaningRobot_ws/install/opennav_coverage_msgs/lib/python3.12/site-packages:/home/mvibot/floorCleaningRobot_ws/install/tf2_web_republisher_interfaces/lib/python3.12/site-packages:/home/mvibot/floorCleaningRobot_ws/install/realsense2_camera_msgs/lib/python3.12/site-packages:/home/mvibot/floorCleaningRobot_ws/build/opennav_coverage_demo:/home/mvibot/floorCleaningRobot_ws/install/opennav_coverage_demo/lib/python3.12/site-packages:/opt/ros/jazzy/lib/python3.12/site-packages', 'COLCON': '1', 'CMAKE_PREFIX_PATH': '/home/mvibot/floorCleaningRobot_ws/install/opennav_coverage_msgs:/home/mvibot/floorCleaningRobot_ws/install/tf2_web_republisher:/home/mvibot/floorCleaningRobot_ws/install/tf2_web_republisher_interfaces:/home/mvibot/floorCleaningRobot_ws/install/sllidar_ros2:/home/mvibot/floorCleaningRobot_ws/install/realsense2_description:/home/mvibot/floorCleaningRobot_ws/install/realsense2_camera:/home/mvibot/floorCleaningRobot_ws/install/realsense2_camera_msgs:/home/mvibot/floorCleaningRobot_ws/install/pointcloud_to_laserscan:/home/mvibot/floorCleaningRobot_ws/install/opennav_row_coverage:/home/mvibot/floorCleaningRobot_ws/install/opennav_coverage_navigator:/home/mvibot/floorCleaningRobot_ws/install/opennav_coverage_bt:/home/mvibot/floorCleaningRobot_ws/install/opennav_coverage:/home/mvibot/floorCleaningRobot_ws/install/mission_layer_mvibot:/home/mvibot/floorCleaningRobot_ws/install/lower_layer_mvibot:/home/mvibot/floorCleaningRobot_ws/install/ira_laser_tools:/home/mvibot/floorCleaningRobot_ws/install/higher_layer_mvibot:/home/mvibot/floorCleaningRobot_ws/install/fields2cover:/opt/ros/jazzy/opt/gz_sim_vendor:/opt/ros/jazzy/opt/gz_sensors_vendor:/opt/ros/jazzy/opt/gz_physics_vendor:/opt/ros/jazzy/opt/sdformat_vendor:/opt/ros/jazzy/opt/gz_gui_vendor:/opt/ros/jazzy/opt/gz_transport_vendor:/opt/ros/jazzy/opt/gz_rendering_vendor:/opt/ros/jazzy/opt/gz_plugin_vendor:/opt/ros/jazzy/opt/gz_fuel_tools_vendor:/opt/ros/jazzy/opt/gz_msgs_vendor:/opt/ros/jazzy/opt/gz_common_vendor:/opt/ros/jazzy/opt/gz_math_vendor:/opt/ros/jazzy/opt/gz_utils_vendor:/opt/ros/jazzy/opt/gz_tools_vendor:/opt/ros/jazzy/opt/gz_ogre_next_vendor:/opt/ros/jazzy/opt/gz_dartsim_vendor:/opt/ros/jazzy/opt/gz_cmake_vendor:/home/mvibot/floorCleaningRobot_ws/install/opennav_coverage_demo:/opt/ros/jazzy'}), 'shell': False}
[122.937159] (-) TimerEvent: {}
[122.952970] (mission_layer_mvibot) StdoutLine: {'line': b'-- Install configuration: "Release"\n'}
[122.954343] (mission_layer_mvibot) StdoutLine: {'line': b'-- Execute custom install script\n'}
[122.957522] (mission_layer_mvibot) StdoutLine: {'line': b'-- Up-to-date symlink: /home/mvibot/floorCleaningRobot_ws/install/mission_layer_mvibot/share/mission_layer_mvibot//launch/mvibot_amcl_launch.py\n'}
[122.957968] (mission_layer_mvibot) StdoutLine: {'line': b'-- Up-to-date symlink: /home/mvibot/floorCleaningRobot_ws/install/mission_layer_mvibot/share/mission_layer_mvibot//launch/mvibot_behavior_launch.py\n'}
[122.958356] (mission_layer_mvibot) StdoutLine: {'line': b'-- Up-to-date symlink: /home/mvibot/floorCleaningRobot_ws/install/mission_layer_mvibot/share/mission_layer_mvibot//launch/mvibot_bt_navigator_launch.py\n'}
[122.958832] (mission_layer_mvibot) StdoutLine: {'line': b'-- Up-to-date symlink: /home/mvibot/floorCleaningRobot_ws/install/mission_layer_mvibot/share/mission_layer_mvibot//launch/mvibot_collision_monitor_launch.py\n'}
[122.959282] (mission_layer_mvibot) StdoutLine: {'line': b'-- Up-to-date symlink: /home/mvibot/floorCleaningRobot_ws/install/mission_layer_mvibot/share/mission_layer_mvibot//launch/mvibot_controller_launch.py\n'}
[122.959835] (mission_layer_mvibot) StdoutLine: {'line': b'-- Up-to-date symlink: /home/mvibot/floorCleaningRobot_ws/install/mission_layer_mvibot/share/mission_layer_mvibot//launch/mvibot_lifecycle_manager_navigation_launch.py\n'}
[122.960311] (mission_layer_mvibot) StdoutLine: {'line': b'-- Up-to-date symlink: /home/mvibot/floorCleaningRobot_ws/install/mission_layer_mvibot/share/mission_layer_mvibot//launch/mvibot_manage_mission_launch.py\n'}
[122.961014] (mission_layer_mvibot) StdoutLine: {'line': b'-- Up-to-date symlink: /home/mvibot/floorCleaningRobot_ws/install/mission_layer_mvibot/share/mission_layer_mvibot//launch/mvibot_mission_launch.py\n'}
[122.961507] (mission_layer_mvibot) StdoutLine: {'line': b'-- Up-to-date symlink: /home/mvibot/floorCleaningRobot_ws/install/mission_layer_mvibot/share/mission_layer_mvibot//launch/mvibot_navigation_launch.py\n'}
[122.961856] (mission_layer_mvibot) StdoutLine: {'line': b'-- Up-to-date symlink: /home/mvibot/floorCleaningRobot_ws/install/mission_layer_mvibot/share/mission_layer_mvibot//launch/mvibot_opennav_coverage_launch.py\n'}
[122.962336] (mission_layer_mvibot) StdoutLine: {'line': b'-- Up-to-date symlink: /home/mvibot/floorCleaningRobot_ws/install/mission_layer_mvibot/share/mission_layer_mvibot//launch/mvibot_planner_launch.py\n'}
[122.962791] (mission_layer_mvibot) StdoutLine: {'line': b'-- Up-to-date symlink: /home/mvibot/floorCleaningRobot_ws/install/mission_layer_mvibot/share/mission_layer_mvibot//launch/mvibot_smoother_launch.py\n'}
[122.963288] (mission_layer_mvibot) StdoutLine: {'line': b'-- Up-to-date symlink: /home/mvibot/floorCleaningRobot_ws/install/mission_layer_mvibot/share/mission_layer_mvibot//launch/mvibot_velocity_smoother_launch.py\n'}
[122.963688] (mission_layer_mvibot) StdoutLine: {'line': b'-- Up-to-date symlink: /home/mvibot/floorCleaningRobot_ws/install/mission_layer_mvibot/share/mission_layer_mvibot//launch/mvibot_waypoint_follower_launch.py\n'}
[122.965163] (mission_layer_mvibot) StdoutLine: {'line': b'-- Up-to-date symlink: /home/mvibot/floorCleaningRobot_ws/install/mission_layer_mvibot/lib/mission_layer_mvibot/mvibot_mission\n'}
[122.965700] (mission_layer_mvibot) StdoutLine: {'line': b'-- Up-to-date symlink: /home/mvibot/floorCleaningRobot_ws/install/mission_layer_mvibot/share/ament_index/resource_index/package_run_dependencies/mission_layer_mvibot\n'}
[122.966752] (mission_layer_mvibot) StdoutLine: {'line': b'-- Up-to-date symlink: /home/mvibot/floorCleaningRobot_ws/install/mission_layer_mvibot/share/ament_index/resource_index/parent_prefix_path/mission_layer_mvibot\n'}
[122.967566] (mission_layer_mvibot) StdoutLine: {'line': b'-- Up-to-date symlink: /home/mvibot/floorCleaningRobot_ws/install/mission_layer_mvibot/share/mission_layer_mvibot/environment/ament_prefix_path.sh\n'}
[122.967868] (mission_layer_mvibot) StdoutLine: {'line': b'-- Up-to-date symlink: /home/mvibot/floorCleaningRobot_ws/install/mission_layer_mvibot/share/mission_layer_mvibot/environment/ament_prefix_path.dsv\n'}
[122.968243] (mission_layer_mvibot) StdoutLine: {'line': b'-- Up-to-date symlink: /home/mvibot/floorCleaningRobot_ws/install/mission_layer_mvibot/share/mission_layer_mvibot/environment/path.sh\n'}
[122.968505] (mission_layer_mvibot) StdoutLine: {'line': b'-- Up-to-date symlink: /home/mvibot/floorCleaningRobot_ws/install/mission_layer_mvibot/share/mission_layer_mvibot/environment/path.dsv\n'}
[122.969313] (mission_layer_mvibot) StdoutLine: {'line': b'-- Up-to-date symlink: /home/mvibot/floorCleaningRobot_ws/install/mission_layer_mvibot/share/mission_layer_mvibot/local_setup.bash\n'}
[122.969804] (mission_layer_mvibot) StdoutLine: {'line': b'-- Up-to-date symlink: /home/mvibot/floorCleaningRobot_ws/install/mission_layer_mvibot/share/mission_layer_mvibot/local_setup.sh\n'}
[122.970334] (mission_layer_mvibot) StdoutLine: {'line': b'-- Up-to-date symlink: /home/mvibot/floorCleaningRobot_ws/install/mission_layer_mvibot/share/mission_layer_mvibot/local_setup.zsh\n'}
[122.970630] (mission_layer_mvibot) StdoutLine: {'line': b'-- Up-to-date symlink: /home/mvibot/floorCleaningRobot_ws/install/mission_layer_mvibot/share/mission_layer_mvibot/local_setup.dsv\n'}
[122.970936] (mission_layer_mvibot) StdoutLine: {'line': b'-- Symlinking: /home/mvibot/floorCleaningRobot_ws/install/mission_layer_mvibot/share/mission_layer_mvibot/package.dsv\n'}
[122.993911] (mission_layer_mvibot) StdoutLine: {'line': b'-- Up-to-date symlink: /home/mvibot/floorCleaningRobot_ws/install/mission_layer_mvibot/share/ament_index/resource_index/packages/mission_layer_mvibot\n'}
[122.994941] (mission_layer_mvibot) StdoutLine: {'line': b'-- Up-to-date symlink: /home/mvibot/floorCleaningRobot_ws/install/mission_layer_mvibot/share/mission_layer_mvibot/cmake/mission_layer_mvibotConfig.cmake\n'}
[122.995350] (mission_layer_mvibot) StdoutLine: {'line': b'-- Up-to-date symlink: /home/mvibot/floorCleaningRobot_ws/install/mission_layer_mvibot/share/mission_layer_mvibot/cmake/mission_layer_mvibotConfig-version.cmake\n'}
[122.995975] (mission_layer_mvibot) StdoutLine: {'line': b'-- Up-to-date symlink: /home/mvibot/floorCleaningRobot_ws/install/mission_layer_mvibot/share/mission_layer_mvibot/package.xml\n'}
[123.001730] (mission_layer_mvibot) CommandEnded: {'returncode': 0}
[123.037265] (-) TimerEvent: {}
[123.136858] (mission_layer_mvibot) JobEnded: {'identifier': 'mission_layer_mvibot', 'rc': 0}
[123.143801] (-) TimerEvent: {}
[123.143976] (-) EventReactorShutdown: {}
