[0.000000] (-) TimerEvent: {}
[0.000346] (-) JobUnselected: {'identifier': 'fields2cover'}
[0.000396] (-) JobUnselected: {'identifier': 'higher_layer_mvibot'}
[0.000419] (-) JobUnselected: {'identifier': 'ira_laser_tools'}
[0.000437] (-) JobUnselected: {'identifier': 'lower_layer_mvibot'}
[0.000454] (-) JobUnselected: {'identifier': 'opennav_coverage'}
[0.000471] (-) JobUnselected: {'identifier': 'opennav_coverage_bt'}
[0.000487] (-) JobUnselected: {'identifier': 'opennav_coverage_demo'}
[0.000504] (-) JobUnselected: {'identifier': 'opennav_coverage_msgs'}
[0.000560] (-) JobUnselected: {'identifier': 'opennav_coverage_navigator'}
[0.000582] (-) JobUnselected: {'identifier': 'opennav_row_coverage'}
[0.000601] (-) JobUnselected: {'identifier': 'pointcloud_to_laserscan'}
[0.000624] (-) JobUnselected: {'identifier': 'realsense2_camera'}
[0.000644] (-) JobUnselected: {'identifier': 'realsense2_camera_msgs'}
[0.000661] (-) JobUnselected: {'identifier': 'realsense2_description'}
[0.000681] (-) JobUnselected: {'identifier': 'sllidar_ros2'}
[0.000704] (-) JobUnselected: {'identifier': 'tf2_web_republisher'}
[0.000721] (-) JobUnselected: {'identifier': 'tf2_web_republisher_interfaces'}
[0.000743] (mission_layer_mvibot) JobQueued: {'identifier': 'mission_layer_mvibot', 'dependencies': OrderedDict({'opennav_coverage_msgs': '/home/mvibot/floorCleaningRobot_ws/install/opennav_coverage_msgs'})}
[0.000773] (mission_layer_mvibot) JobStarted: {'identifier': 'mission_layer_mvibot'}
[0.028962] (mission_layer_mvibot) JobProgress: {'identifier': 'mission_layer_mvibot', 'progress': 'cmake'}
[0.031051] (mission_layer_mvibot) JobProgress: {'identifier': 'mission_layer_mvibot', 'progress': 'build'}
[0.032015] (mission_layer_mvibot) Command: {'cmd': ['/usr/bin/cmake', '--build', '/home/mvibot/floorCleaningRobot_ws/build/mission_layer_mvibot', '--', '-j8', '-l8'], 'cwd': '/home/mvibot/floorCleaningRobot_ws/build/mission_layer_mvibot', 'env': OrderedDict({'LESSOPEN': '| /usr/bin/lesspipe %s', 'USER': 'mvibot', 'SSH_CLIENT': '10.0.60.48 33556 22', 'GZ_CONFIG_PATH': '/opt/ros/jazzy/opt/gz_sim_vendor/share/gz:/opt/ros/jazzy/opt/sdformat_vendor/share/gz:/opt/ros/jazzy/opt/gz_gui_vendor/share/gz:/opt/ros/jazzy/opt/gz_transport_vendor/share/gz:/opt/ros/jazzy/opt/gz_rendering_vendor/share/gz:/opt/ros/jazzy/opt/gz_plugin_vendor/share/gz:/opt/ros/jazzy/opt/gz_fuel_tools_vendor/share/gz:/opt/ros/jazzy/opt/gz_msgs_vendor/share/gz:/opt/ros/jazzy/opt/gz_common_vendor/share/gz', 'XDG_SESSION_TYPE': 'tty', 'SHLVL': '1', 'LD_LIBRARY_PATH': '/home/mvibot/floorCleaningRobot_ws/install/opennav_coverage_msgs/lib:/home/mvibot/floorCleaningRobot_ws/install/tf2_web_republisher/lib:/home/mvibot/floorCleaningRobot_ws/install/tf2_web_republisher_interfaces/lib:/home/mvibot/floorCleaningRobot_ws/install/realsense2_camera/lib:/home/mvibot/floorCleaningRobot_ws/install/realsense2_camera_msgs/lib:/home/mvibot/floorCleaningRobot_ws/install/pointcloud_to_laserscan/lib:/home/mvibot/floorCleaningRobot_ws/install/opennav_row_coverage/lib:/home/mvibot/floorCleaningRobot_ws/install/opennav_coverage_navigator/lib:/home/mvibot/floorCleaningRobot_ws/install/opennav_coverage_bt/lib:/home/mvibot/floorCleaningRobot_ws/install/opennav_coverage/lib:/home/mvibot/floorCleaningRobot_ws/install/fields2cover/lib:/opt/ros/jazzy/opt/gz_sim_vendor/lib:/opt/ros/jazzy/opt/gz_sensors_vendor/lib:/opt/ros/jazzy/opt/gz_physics_vendor/lib:/opt/ros/jazzy/opt/sdformat_vendor/lib:/opt/ros/jazzy/opt/rviz_ogre_vendor/lib:/opt/ros/jazzy/lib/x86_64-linux-gnu:/opt/ros/jazzy/opt/gz_gui_vendor/lib:/opt/ros/jazzy/opt/gz_transport_vendor/lib:/opt/ros/jazzy/opt/gz_rendering_vendor/lib:/opt/ros/jazzy/opt/gz_plugin_vendor/lib:/opt/ros/jazzy/opt/gz_fuel_tools_vendor/lib:/opt/ros/jazzy/opt/gz_msgs_vendor/lib:/opt/ros/jazzy/opt/gz_common_vendor/lib:/opt/ros/jazzy/opt/gz_math_vendor/lib:/opt/ros/jazzy/opt/gz_utils_vendor/lib:/opt/ros/jazzy/opt/gz_tools_vendor/lib:/opt/ros/jazzy/opt/gz_ogre_next_vendor/lib:/opt/ros/jazzy/opt/gz_dartsim_vendor/lib:/opt/ros/jazzy/opt/gz_cmake_vendor/lib:/opt/ros/jazzy/lib', 'HOME': '/home/mvibot', 'OLDPWD': '/home/mvibot', 'NVM_BIN': '/home/mvibot/.nvm/versions/node/v24.12.0/bin', 'SSH_TTY': '/dev/pts/2', 'NVM_INC': '/home/mvibot/.nvm/versions/node/v24.12.0/include/node', 'ROS_PYTHON_VERSION': '3', 'DBUS_SESSION_BUS_ADDRESS': 'unix:path=/run/user/1000/bus', 'NVM_DIR': '/home/mvibot/.nvm', 'DEBUGINFOD_URLS': 'https://debuginfod.ubuntu.com', 'COLCON_PREFIX_PATH': '/home/mvibot/floorCleaningRobot_ws/install', 'ROS_DISTRO': 'jazzy', 'LOGNAME': 'mvibot', '_': '/usr/bin/colcon', 'ROS_VERSION': '2', 'PKG_CONFIG_PATH': '/home/mvibot/floorCleaningRobot_ws/install/fields2cover/lib/x86_64-linux-gnu/pkgconfig:/home/mvibot/floorCleaningRobot_ws/install/fields2cover/lib/pkgconfig', 'XDG_SESSION_CLASS': 'user', 'TERM': 'xterm-256color', 'XDG_SESSION_ID': '23', 'PATH': '/home/mvibot/.nvm/versions/node/v24.12.0/bin:/opt/ros/jazzy/opt/gz_msgs_vendor/bin:/opt/ros/jazzy/opt/gz_tools_vendor/bin:/opt/ros/jazzy/opt/gz_ogre_next_vendor/bin:/opt/ros/jazzy/bin:/usr/local/sbin:/usr/local/bin:/usr/sbin:/usr/bin:/sbin:/bin:/usr/games:/usr/local/games:/snap/bin', 'XDG_RUNTIME_DIR': '/run/user/1000', 'LANG': 'en_US.UTF-8', 'RMW_IMPLEMENTATION': 'rmw_fastrtps_cpp', 'LS_COLORS': 'rs=0:di=01;34:ln=01;36:mh=00:pi=40;33:so=01;35:do=01;35:bd=40;33;01:cd=40;33;01:or=40;31;01:mi=00:su=37;41:sg=30;43:ca=00:tw=30;42:ow=34;42:st=37;44:ex=01;32:*.tar=01;31:*.tgz=01;31:*.arc=01;31:*.arj=01;31:*.taz=01;31:*.lha=01;31:*.lz4=01;31:*.lzh=01;31:*.lzma=01;31:*.tlz=01;31:*.txz=01;31:*.tzo=01;31:*.t7z=01;31:*.zip=01;31:*.z=01;31:*.dz=01;31:*.gz=01;31:*.lrz=01;31:*.lz=01;31:*.lzo=01;31:*.xz=01;31:*.zst=01;31:*.tzst=01;31:*.bz2=01;31:*.bz=01;31:*.tbz=01;31:*.tbz2=01;31:*.tz=01;31:*.deb=01;31:*.rpm=01;31:*.jar=01;31:*.war=01;31:*.ear=01;31:*.sar=01;31:*.rar=01;31:*.alz=01;31:*.ace=01;31:*.zoo=01;31:*.cpio=01;31:*.7z=01;31:*.rz=01;31:*.cab=01;31:*.wim=01;31:*.swm=01;31:*.dwm=01;31:*.esd=01;31:*.avif=01;35:*.jpg=01;35:*.jpeg=01;35:*.mjpg=01;35:*.mjpeg=01;35:*.gif=01;35:*.bmp=01;35:*.pbm=01;35:*.pgm=01;35:*.ppm=01;35:*.tga=01;35:*.xbm=01;35:*.xpm=01;35:*.tif=01;35:*.tiff=01;35:*.png=01;35:*.svg=01;35:*.svgz=01;35:*.mng=01;35:*.pcx=01;35:*.mov=01;35:*.mpg=01;35:*.mpeg=01;35:*.m2v=01;35:*.mkv=01;35:*.webm=01;35:*.webp=01;35:*.ogm=01;35:*.mp4=01;35:*.m4v=01;35:*.mp4v=01;35:*.vob=01;35:*.qt=01;35:*.nuv=01;35:*.wmv=01;35:*.asf=01;35:*.rm=01;35:*.rmvb=01;35:*.flc=01;35:*.avi=01;35:*.fli=01;35:*.flv=01;35:*.gl=01;35:*.dl=01;35:*.xcf=01;35:*.xwd=01;35:*.yuv=01;35:*.cgm=01;35:*.emf=01;35:*.ogv=01;35:*.ogx=01;35:*.aac=00;36:*.au=00;36:*.flac=00;36:*.m4a=00;36:*.mid=00;36:*.midi=00;36:*.mka=00;36:*.mp3=00;36:*.mpc=00;36:*.ogg=00;36:*.ra=00;36:*.wav=00;36:*.oga=00;36:*.opus=00;36:*.spx=00;36:*.xspf=00;36:*~=00;90:*#=00;90:*.bak=00;90:*.crdownload=00;90:*.dpkg-dist=00;90:*.dpkg-new=00;90:*.dpkg-old=00;90:*.dpkg-tmp=00;90:*.old=00;90:*.orig=00;90:*.part=00;90:*.rej=00;90:*.rpmnew=00;90:*.rpmorig=00;90:*.rpmsave=00;90:*.swp=00;90:*.tmp=00;90:*.ucf-dist=00;90:*.ucf-new=00;90:*.ucf-old=00;90:', 'ROS_DOMAIN_ID': '10', 'AMENT_PREFIX_PATH': '/home/mvibot/floorCleaningRobot_ws/install/tf2_web_republisher:/home/mvibot/floorCleaningRobot_ws/install/tf2_web_republisher_interfaces:/home/mvibot/floorCleaningRobot_ws/install/sllidar_ros2:/home/mvibot/floorCleaningRobot_ws/install/realsense2_description:/home/mvibot/floorCleaningRobot_ws/install/realsense2_camera:/home/mvibot/floorCleaningRobot_ws/install/realsense2_camera_msgs:/home/mvibot/floorCleaningRobot_ws/install/pointcloud_to_laserscan:/home/mvibot/floorCleaningRobot_ws/install/opennav_coverage_demo:/home/mvibot/floorCleaningRobot_ws/install/opennav_row_coverage:/home/mvibot/floorCleaningRobot_ws/install/opennav_coverage_navigator:/home/mvibot/floorCleaningRobot_ws/install/opennav_coverage_bt:/home/mvibot/floorCleaningRobot_ws/install/opennav_coverage:/home/mvibot/floorCleaningRobot_ws/install/mission_layer_mvibot:/home/mvibot/floorCleaningRobot_ws/install/opennav_coverage_msgs:/home/mvibot/floorCleaningRobot_ws/install/lower_layer_mvibot:/home/mvibot/floorCleaningRobot_ws/install/ira_laser_tools:/home/mvibot/floorCleaningRobot_ws/install/higher_layer_mvibot:/opt/ros/jazzy', 'SHELL': '/bin/bash', 'LESSCLOSE': '/usr/bin/lesspipe %s %s', 'ROS_AUTOMATIC_DISCOVERY_RANGE': 'SUBNET', 'PWD': '/home/mvibot/floorCleaningRobot_ws/build/mission_layer_mvibot', 'LC_ALL': 'en_US.UTF-8', 'SSH_CONNECTION': '10.0.60.48 33556 10.0.70.69 22', 'NVM_CD_FLAGS': '', 'XDG_DATA_DIRS': '/usr/share/gnome:/usr/local/share:/usr/share:/var/lib/snapd/desktop', 'PYTHONPATH': '/home/mvibot/floorCleaningRobot_ws/install/opennav_coverage_msgs/lib/python3.12/site-packages:/home/mvibot/floorCleaningRobot_ws/install/tf2_web_republisher_interfaces/lib/python3.12/site-packages:/home/mvibot/floorCleaningRobot_ws/install/realsense2_camera_msgs/lib/python3.12/site-packages:/home/mvibot/floorCleaningRobot_ws/build/opennav_coverage_demo:/home/mvibot/floorCleaningRobot_ws/install/opennav_coverage_demo/lib/python3.12/site-packages:/opt/ros/jazzy/lib/python3.12/site-packages', 'COLCON': '1', 'CMAKE_PREFIX_PATH': '/home/mvibot/floorCleaningRobot_ws/install/opennav_coverage_msgs:/home/mvibot/floorCleaningRobot_ws/install/tf2_web_republisher:/home/mvibot/floorCleaningRobot_ws/install/tf2_web_republisher_interfaces:/home/mvibot/floorCleaningRobot_ws/install/sllidar_ros2:/home/mvibot/floorCleaningRobot_ws/install/realsense2_description:/home/mvibot/floorCleaningRobot_ws/install/realsense2_camera:/home/mvibot/floorCleaningRobot_ws/install/realsense2_camera_msgs:/home/mvibot/floorCleaningRobot_ws/install/pointcloud_to_laserscan:/home/mvibot/floorCleaningRobot_ws/install/opennav_row_coverage:/home/mvibot/floorCleaningRobot_ws/install/opennav_coverage_navigator:/home/mvibot/floorCleaningRobot_ws/install/opennav_coverage_bt:/home/mvibot/floorCleaningRobot_ws/install/opennav_coverage:/home/mvibot/floorCleaningRobot_ws/install/mission_layer_mvibot:/home/mvibot/floorCleaningRobot_ws/install/lower_layer_mvibot:/home/mvibot/floorCleaningRobot_ws/install/ira_laser_tools:/home/mvibot/floorCleaningRobot_ws/install/higher_layer_mvibot:/home/mvibot/floorCleaningRobot_ws/install/fields2cover:/opt/ros/jazzy/opt/gz_sim_vendor:/opt/ros/jazzy/opt/gz_sensors_vendor:/opt/ros/jazzy/opt/gz_physics_vendor:/opt/ros/jazzy/opt/sdformat_vendor:/opt/ros/jazzy/opt/gz_gui_vendor:/opt/ros/jazzy/opt/gz_transport_vendor:/opt/ros/jazzy/opt/gz_rendering_vendor:/opt/ros/jazzy/opt/gz_plugin_vendor:/opt/ros/jazzy/opt/gz_fuel_tools_vendor:/opt/ros/jazzy/opt/gz_msgs_vendor:/opt/ros/jazzy/opt/gz_common_vendor:/opt/ros/jazzy/opt/gz_math_vendor:/opt/ros/jazzy/opt/gz_utils_vendor:/opt/ros/jazzy/opt/gz_tools_vendor:/opt/ros/jazzy/opt/gz_ogre_next_vendor:/opt/ros/jazzy/opt/gz_dartsim_vendor:/opt/ros/jazzy/opt/gz_cmake_vendor:/home/mvibot/floorCleaningRobot_ws/install/opennav_coverage_demo:/opt/ros/jazzy'}), 'shell': False}
[0.099138] (-) TimerEvent: {}
[0.199352] (-) TimerEvent: {}
[0.299601] (-) TimerEvent: {}
[0.330870] (mission_layer_mvibot) StdoutLine: {'line': b'[ 50%] \x1b[32mBuilding CXX object CMakeFiles/mvibot_mission.dir/src/mvibot_mission.cpp.o\x1b[0m\n'}
[0.399697] (-) TimerEvent: {}
[0.499947] (-) TimerEvent: {}
[0.600278] (-) TimerEvent: {}
[0.700568] (-) TimerEvent: {}
[0.800784] (-) TimerEvent: {}
[0.900988] (-) TimerEvent: {}
[1.001229] (-) TimerEvent: {}
[1.101453] (-) TimerEvent: {}
[1.201686] (-) TimerEvent: {}
[1.301913] (-) TimerEvent: {}
[1.402175] (-) TimerEvent: {}
[1.502440] (-) TimerEvent: {}
[1.602658] (-) TimerEvent: {}
[1.702906] (-) TimerEvent: {}
[1.803206] (-) TimerEvent: {}
[1.903883] (-) TimerEvent: {}
[2.004287] (-) TimerEvent: {}
[2.104735] (-) TimerEvent: {}
[2.206575] (-) TimerEvent: {}
[2.306851] (-) TimerEvent: {}
[2.407254] (-) TimerEvent: {}
[2.507580] (-) TimerEvent: {}
[2.607923] (-) TimerEvent: {}
[2.708340] (-) TimerEvent: {}
[2.808530] (-) TimerEvent: {}
[2.908790] (-) TimerEvent: {}
[3.009096] (-) TimerEvent: {}
[3.109408] (-) TimerEvent: {}
[3.209867] (-) TimerEvent: {}
[3.310183] (-) TimerEvent: {}
[3.410468] (-) TimerEvent: {}
[3.510767] (-) TimerEvent: {}
[3.611077] (-) TimerEvent: {}
[3.711326] (-) TimerEvent: {}
[3.811740] (-) TimerEvent: {}
[3.911989] (-) TimerEvent: {}
[4.012248] (-) TimerEvent: {}
[4.112505] (-) TimerEvent: {}
[4.212732] (-) TimerEvent: {}
[4.312980] (-) TimerEvent: {}
[4.413239] (-) TimerEvent: {}
[4.513663] (-) TimerEvent: {}
[4.613904] (-) TimerEvent: {}
[4.714154] (-) TimerEvent: {}
[4.814395] (-) TimerEvent: {}
[4.914644] (-) TimerEvent: {}
[5.014886] (-) TimerEvent: {}
[5.115216] (-) TimerEvent: {}
[5.215525] (-) TimerEvent: {}
[5.315780] (-) TimerEvent: {}
[5.416057] (-) TimerEvent: {}
[5.516350] (-) TimerEvent: {}
[5.616603] (-) TimerEvent: {}
[5.716884] (-) TimerEvent: {}
[5.817124] (-) TimerEvent: {}
[5.917343] (-) TimerEvent: {}
[6.017533] (-) TimerEvent: {}
[6.117796] (-) TimerEvent: {}
[6.218046] (-) TimerEvent: {}
[6.318302] (-) TimerEvent: {}
[6.418491] (-) TimerEvent: {}
[6.518755] (-) TimerEvent: {}
[6.619198] (-) TimerEvent: {}
[6.719612] (-) TimerEvent: {}
[6.820323] (-) TimerEvent: {}
[6.920745] (-) TimerEvent: {}
[7.021301] (-) TimerEvent: {}
[7.121596] (-) TimerEvent: {}
[7.221844] (-) TimerEvent: {}
[7.251767] (mission_layer_mvibot) StderrLine: {'line': b'In file included from \x1b[01m\x1b[K/home/mvibot/floorCleaningRobot_ws/src/mission_layer_mvibot/src/mvibot_mission.cpp:3\x1b[m\x1b[K:\n'}
[7.252005] (mission_layer_mvibot) StderrLine: {'line': b'\x1b[01m\x1b[K/home/mvibot/floorCleaningRobot_ws/src/mission_layer_mvibot/src/../include/mission_layer_mvibot/mvibot_mission/manage_mission.h:\x1b[m\x1b[K In lambda function:\n'}
[7.252094] (mission_layer_mvibot) StderrLine: {'line': b'\x1b[01m\x1b[K/home/mvibot/floorCleaningRobot_ws/src/mission_layer_mvibot/src/../include/mission_layer_mvibot/mvibot_mission/manage_mission.h:254:34:\x1b[m\x1b[K \x1b[01;35m\x1b[Kwarning: \x1b[m\x1b[Kcomparison of integer expressions of different signedness: \xe2\x80\x98\x1b[01m\x1b[Kint\x1b[m\x1b[K\xe2\x80\x99 and \xe2\x80\x98\x1b[01m\x1b[Kstd::vector<std::__cxx11::basic_string<char>, std::allocator<std::__cxx11::basic_string<char> > >::size_type\x1b[m\x1b[K\xe2\x80\x99 {aka \xe2\x80\x98\x1b[01m\x1b[Klong unsigned int\x1b[m\x1b[K\xe2\x80\x99} [\x1b[01;35m\x1b[K\x1b]8;;https://gcc.gnu.org/onlinedocs/gcc/Warning-Options.html#index-Wsign-compare\x07-Wsign-compare\x1b]8;;\x07\x1b[m\x1b[K]\n'}
[7.252181] (mission_layer_mvibot) StderrLine: {'line': b'  254 |                     for(int i=1;\x1b[01;35m\x1b[Ki<data.data1.size()\x1b[m\x1b[K;i++){\n'}
[7.252249] (mission_layer_mvibot) StderrLine: {'line': b'      |                                 \x1b[01;35m\x1b[K~^~~~~~~~~~~~~~~~~~\x1b[m\x1b[K\n'}
[7.286421] (mission_layer_mvibot) StderrLine: {'line': b'\x1b[01m\x1b[K/home/mvibot/floorCleaningRobot_ws/src/mission_layer_mvibot/src/../include/mission_layer_mvibot/mvibot_mission/manage_mission.h:\x1b[m\x1b[K In lambda function:\n'}
[7.286616] (mission_layer_mvibot) StderrLine: {'line': b'\x1b[01m\x1b[K/home/mvibot/floorCleaningRobot_ws/src/mission_layer_mvibot/src/../include/mission_layer_mvibot/mvibot_mission/manage_mission.h:292:72:\x1b[m\x1b[K \x1b[01;35m\x1b[Kwarning: \x1b[m\x1b[Kunused parameter \xe2\x80\x98\x1b[01m\x1b[Kmsg\x1b[m\x1b[K\xe2\x80\x99 [\x1b[01;35m\x1b[K\x1b]8;;https://gcc.gnu.org/onlinedocs/gcc/Warning-Options.html#index-Wunused-parameter\x07-Wunused-parameter\x1b]8;;\x07\x1b[m\x1b[K]\n'}
[7.286707] (mission_layer_mvibot) StderrLine: {'line': b'  292 |             auto reset_mission_callback = [this](\x1b[01;35m\x1b[Kstd_msgs::msg::String msg\x1b[m\x1b[K)->void{\n'}
[7.286793] (mission_layer_mvibot) StderrLine: {'line': b'      |                                                  \x1b[01;35m\x1b[K~~~~~~~~~~~~~~~~~~~~~~^~~\x1b[m\x1b[K\n'}
[7.287726] (mission_layer_mvibot) StderrLine: {'line': b'\x1b[01m\x1b[K/home/mvibot/floorCleaningRobot_ws/src/mission_layer_mvibot/src/../include/mission_layer_mvibot/mvibot_mission/manage_mission.h:\x1b[m\x1b[K In lambda function:\n'}
[7.287882] (mission_layer_mvibot) StderrLine: {'line': b'\x1b[01m\x1b[K/home/mvibot/floorCleaningRobot_ws/src/mission_layer_mvibot/src/../include/mission_layer_mvibot/mvibot_mission/manage_mission.h:314:30:\x1b[m\x1b[K \x1b[01;35m\x1b[Kwarning: \x1b[m\x1b[Kcomparison of integer expressions of different signedness: \xe2\x80\x98\x1b[01m\x1b[Kint\x1b[m\x1b[K\xe2\x80\x99 and \xe2\x80\x98\x1b[01m\x1b[Kstd::vector<std::__cxx11::basic_string<char>, std::allocator<std::__cxx11::basic_string<char> > >::size_type\x1b[m\x1b[K\xe2\x80\x99 {aka \xe2\x80\x98\x1b[01m\x1b[Klong unsigned int\x1b[m\x1b[K\xe2\x80\x99} [\x1b[01;35m\x1b[K\x1b]8;;https://gcc.gnu.org/onlinedocs/gcc/Warning-Options.html#index-Wsign-compare\x07-Wsign-compare\x1b]8;;\x07\x1b[m\x1b[K]\n'}
[7.288042] (mission_layer_mvibot) StderrLine: {'line': b'  314 |                 for(int i=0;\x1b[01;35m\x1b[Ki<data.data1.size()\x1b[m\x1b[K;i++){\n'}
[7.288159] (mission_layer_mvibot) StderrLine: {'line': b'      |                             \x1b[01;35m\x1b[K~^~~~~~~~~~~~~~~~~~\x1b[m\x1b[K\n'}
[7.290663] (mission_layer_mvibot) StderrLine: {'line': b'\x1b[01m\x1b[K/home/mvibot/floorCleaningRobot_ws/src/mission_layer_mvibot/src/../include/mission_layer_mvibot/mvibot_mission/manage_mission.h:311:36:\x1b[m\x1b[K \x1b[01;35m\x1b[Kwarning: \x1b[m\x1b[Kunused variable \xe2\x80\x98\x1b[01m\x1b[Klive_f\x1b[m\x1b[K\xe2\x80\x99 [\x1b[01;35m\x1b[K\x1b]8;;https://gcc.gnu.org/onlinedocs/gcc/Warning-Options.html#index-Wunused-variable\x07-Wunused-variable\x1b]8;;\x07\x1b[m\x1b[K]\n'}
[7.291022] (mission_layer_mvibot) StderrLine: {'line': b'  311 |                 static int live=-1,\x1b[01;35m\x1b[Klive_f\x1b[m\x1b[K=-1,brake=-1,brake_f=-1,enable=-1,enable_f=-1,error=-1,error_f=-1;\n'}
[7.291146] (mission_layer_mvibot) StderrLine: {'line': b'      |                                    \x1b[01;35m\x1b[K^~~~~~\x1b[m\x1b[K\n'}
[7.291225] (mission_layer_mvibot) StderrLine: {'line': b'\x1b[01m\x1b[K/home/mvibot/floorCleaningRobot_ws/src/mission_layer_mvibot/src/../include/mission_layer_mvibot/mvibot_mission/manage_mission.h:311:55:\x1b[m\x1b[K \x1b[01;35m\x1b[Kwarning: \x1b[m\x1b[Kunused variable \xe2\x80\x98\x1b[01m\x1b[Kbrake_f\x1b[m\x1b[K\xe2\x80\x99 [\x1b[01;35m\x1b[K\x1b]8;;https://gcc.gnu.org/onlinedocs/gcc/Warning-Options.html#index-Wunused-variable\x07-Wunused-variable\x1b]8;;\x07\x1b[m\x1b[K]\n'}
[7.291303] (mission_layer_mvibot) StderrLine: {'line': b'  311 |                 static int live=-1,live_f=-1,brake=-1,\x1b[01;35m\x1b[Kbrake_f\x1b[m\x1b[K=-1,enable=-1,enable_f=-1,error=-1,error_f=-1;\n'}
[7.291396] (mission_layer_mvibot) StderrLine: {'line': b'      |                                                       \x1b[01;35m\x1b[K^~~~~~~\x1b[m\x1b[K\n'}
[7.291482] (mission_layer_mvibot) StderrLine: {'line': b'\x1b[01m\x1b[K/home/mvibot/floorCleaningRobot_ws/src/mission_layer_mvibot/src/../include/mission_layer_mvibot/mvibot_mission/manage_mission.h:311:76:\x1b[m\x1b[K \x1b[01;35m\x1b[Kwarning: \x1b[m\x1b[Kunused variable \xe2\x80\x98\x1b[01m\x1b[Kenable_f\x1b[m\x1b[K\xe2\x80\x99 [\x1b[01;35m\x1b[K\x1b]8;;https://gcc.gnu.org/onlinedocs/gcc/Warning-Options.html#index-Wunused-variable\x07-Wunused-variable\x1b]8;;\x07\x1b[m\x1b[K]\n'}
[7.291593] (mission_layer_mvibot) StderrLine: {'line': b'  311 |                 static int live=-1,live_f=-1,brake=-1,brake_f=-1,enable=-1,\x1b[01;35m\x1b[Kenable_f\x1b[m\x1b[K=-1,error=-1,error_f=-1;\n'}
[7.291683] (mission_layer_mvibot) StderrLine: {'line': b'      |                                                                            \x1b[01;35m\x1b[K^~~~~~~~\x1b[m\x1b[K\n'}
[7.291760] (mission_layer_mvibot) StderrLine: {'line': b'\x1b[01m\x1b[K/home/mvibot/floorCleaningRobot_ws/src/mission_layer_mvibot/src/../include/mission_layer_mvibot/mvibot_mission/manage_mission.h:311:88:\x1b[m\x1b[K \x1b[01;35m\x1b[Kwarning: \x1b[m\x1b[Kvariable \xe2\x80\x98\x1b[01m\x1b[Kerror\x1b[m\x1b[K\xe2\x80\x99 set but not used [\x1b[01;35m\x1b[K\x1b]8;;https://gcc.gnu.org/onlinedocs/gcc/Warning-Options.html#index-Wunused-but-set-variable\x07-Wunused-but-set-variable\x1b]8;;\x07\x1b[m\x1b[K]\n'}
[7.291862] (mission_layer_mvibot) StderrLine: {'line': b'  311 |                 static int live=-1,live_f=-1,brake=-1,brake_f=-1,enable=-1,enable_f=-1,\x1b[01;35m\x1b[Kerror\x1b[m\x1b[K=-1,error_f=-1;\n'}
[7.292168] (mission_layer_mvibot) StderrLine: {'line': b'      |                                                                                        \x1b[01;35m\x1b[K^~~~~\x1b[m\x1b[K\n'}
[7.292447] (mission_layer_mvibot) StderrLine: {'line': b'\x1b[01m\x1b[K/home/mvibot/floorCleaningRobot_ws/src/mission_layer_mvibot/src/../include/mission_layer_mvibot/mvibot_mission/manage_mission.h:311:97:\x1b[m\x1b[K \x1b[01;35m\x1b[Kwarning: \x1b[m\x1b[Kunused variable \xe2\x80\x98\x1b[01m\x1b[Kerror_f\x1b[m\x1b[K\xe2\x80\x99 [\x1b[01;35m\x1b[K\x1b]8;;https://gcc.gnu.org/onlinedocs/gcc/Warning-Options.html#index-Wunused-variable\x07-Wunused-variable\x1b]8;;\x07\x1b[m\x1b[K]\n'}
[7.292560] (mission_layer_mvibot) StderrLine: {'line': b'  311 |                 static int live=-1,live_f=-1,brake=-1,brake_f=-1,enable=-1,enable_f=-1,error=-1,\x1b[01;35m\x1b[Kerror_f\x1b[m\x1b[K=-1;\n'}
[7.292648] (mission_layer_mvibot) StderrLine: {'line': b'      |                                                                                                 \x1b[01;35m\x1b[K^~~~~~~\x1b[m\x1b[K\n'}
[7.292750] (mission_layer_mvibot) StderrLine: {'line': b'\x1b[01m\x1b[K/home/mvibot/floorCleaningRobot_ws/src/mission_layer_mvibot/src/../include/mission_layer_mvibot/mvibot_mission/manage_mission.h:\x1b[m\x1b[K In lambda function:\n'}
[7.292850] (mission_layer_mvibot) StderrLine: {'line': b'\x1b[01m\x1b[K/home/mvibot/floorCleaningRobot_ws/src/mission_layer_mvibot/src/../include/mission_layer_mvibot/mvibot_mission/manage_mission.h:343:30:\x1b[m\x1b[K \x1b[01;35m\x1b[Kwarning: \x1b[m\x1b[Kcomparison of integer expressions of different signedness: \xe2\x80\x98\x1b[01m\x1b[Kint\x1b[m\x1b[K\xe2\x80\x99 and \xe2\x80\x98\x1b[01m\x1b[Kstd::vector<std::__cxx11::basic_string<char>, std::allocator<std::__cxx11::basic_string<char> > >::size_type\x1b[m\x1b[K\xe2\x80\x99 {aka \xe2\x80\x98\x1b[01m\x1b[Klong unsigned int\x1b[m\x1b[K\xe2\x80\x99} [\x1b[01;35m\x1b[K\x1b]8;;https://gcc.gnu.org/onlinedocs/gcc/Warning-Options.html#index-Wsign-compare\x07-Wsign-compare\x1b]8;;\x07\x1b[m\x1b[K]\n'}
[7.292925] (mission_layer_mvibot) StderrLine: {'line': b'  343 |                 for(int i=0;\x1b[01;35m\x1b[Ki<data.data1.size()\x1b[m\x1b[K;i++){\n'}
[7.293020] (mission_layer_mvibot) StderrLine: {'line': b'      |                             \x1b[01;35m\x1b[K~^~~~~~~~~~~~~~~~~~\x1b[m\x1b[K\n'}
[7.293983] (mission_layer_mvibot) StderrLine: {'line': b'\x1b[01m\x1b[K/home/mvibot/floorCleaningRobot_ws/src/mission_layer_mvibot/src/../include/mission_layer_mvibot/mvibot_mission/manage_mission.h:339:36:\x1b[m\x1b[K \x1b[01;35m\x1b[Kwarning: \x1b[m\x1b[Kunused variable \xe2\x80\x98\x1b[01m\x1b[Klive_f\x1b[m\x1b[K\xe2\x80\x99 [\x1b[01;35m\x1b[K\x1b]8;;https://gcc.gnu.org/onlinedocs/gcc/Warning-Options.html#index-Wunused-variable\x07-Wunused-variable\x1b]8;;\x07\x1b[m\x1b[K]\n'}
[7.294217] (mission_layer_mvibot) StderrLine: {'line': b'  339 |                 static int live=-1,\x1b[01;35m\x1b[Klive_f\x1b[m\x1b[K=-1,brake=-1,brake_f=-1,enable=-1,enable_f=-1,error=-1,error_f=-1;\n'}
[7.294310] (mission_layer_mvibot) StderrLine: {'line': b'      |                                    \x1b[01;35m\x1b[K^~~~~~\x1b[m\x1b[K\n'}
[7.294397] (mission_layer_mvibot) StderrLine: {'line': b'\x1b[01m\x1b[K/home/mvibot/floorCleaningRobot_ws/src/mission_layer_mvibot/src/../include/mission_layer_mvibot/mvibot_mission/manage_mission.h:339:55:\x1b[m\x1b[K \x1b[01;35m\x1b[Kwarning: \x1b[m\x1b[Kunused variable \xe2\x80\x98\x1b[01m\x1b[Kbrake_f\x1b[m\x1b[K\xe2\x80\x99 [\x1b[01;35m\x1b[K\x1b]8;;https://gcc.gnu.org/onlinedocs/gcc/Warning-Options.html#index-Wunused-variable\x07-Wunused-variable\x1b]8;;\x07\x1b[m\x1b[K]\n'}
[7.294481] (mission_layer_mvibot) StderrLine: {'line': b'  339 |                 static int live=-1,live_f=-1,brake=-1,\x1b[01;35m\x1b[Kbrake_f\x1b[m\x1b[K=-1,enable=-1,enable_f=-1,error=-1,error_f=-1;\n'}
[7.294569] (mission_layer_mvibot) StderrLine: {'line': b'      |                                                       \x1b[01;35m\x1b[K^~~~~~~\x1b[m\x1b[K\n'}
[7.294659] (mission_layer_mvibot) StderrLine: {'line': b'\x1b[01m\x1b[K/home/mvibot/floorCleaningRobot_ws/src/mission_layer_mvibot/src/../include/mission_layer_mvibot/mvibot_mission/manage_mission.h:339:76:\x1b[m\x1b[K \x1b[01;35m\x1b[Kwarning: \x1b[m\x1b[Kunused variable \xe2\x80\x98\x1b[01m\x1b[Kenable_f\x1b[m\x1b[K\xe2\x80\x99 [\x1b[01;35m\x1b[K\x1b]8;;https://gcc.gnu.org/onlinedocs/gcc/Warning-Options.html#index-Wunused-variable\x07-Wunused-variable\x1b]8;;\x07\x1b[m\x1b[K]\n'}
[7.294773] (mission_layer_mvibot) StderrLine: {'line': b'  339 |                 static int live=-1,live_f=-1,brake=-1,brake_f=-1,enable=-1,\x1b[01;35m\x1b[Kenable_f\x1b[m\x1b[K=-1,error=-1,error_f=-1;\n'}
[7.294865] (mission_layer_mvibot) StderrLine: {'line': b'      |                                                                            \x1b[01;35m\x1b[K^~~~~~~~\x1b[m\x1b[K\n'}
[7.294982] (mission_layer_mvibot) StderrLine: {'line': b'\x1b[01m\x1b[K/home/mvibot/floorCleaningRobot_ws/src/mission_layer_mvibot/src/../include/mission_layer_mvibot/mvibot_mission/manage_mission.h:339:88:\x1b[m\x1b[K \x1b[01;35m\x1b[Kwarning: \x1b[m\x1b[Kvariable \xe2\x80\x98\x1b[01m\x1b[Kerror\x1b[m\x1b[K\xe2\x80\x99 set but not used [\x1b[01;35m\x1b[K\x1b]8;;https://gcc.gnu.org/onlinedocs/gcc/Warning-Options.html#index-Wunused-but-set-variable\x07-Wunused-but-set-variable\x1b]8;;\x07\x1b[m\x1b[K]\n'}
[7.295212] (mission_layer_mvibot) StderrLine: {'line': b'  339 |                 static int live=-1,live_f=-1,brake=-1,brake_f=-1,enable=-1,enable_f=-1,\x1b[01;35m\x1b[Kerror\x1b[m\x1b[K=-1,error_f=-1;\n'}
[7.295309] (mission_layer_mvibot) StderrLine: {'line': b'      |                                                                                        \x1b[01;35m\x1b[K^~~~~\x1b[m\x1b[K\n'}
[7.295403] (mission_layer_mvibot) StderrLine: {'line': b'\x1b[01m\x1b[K/home/mvibot/floorCleaningRobot_ws/src/mission_layer_mvibot/src/../include/mission_layer_mvibot/mvibot_mission/manage_mission.h:339:97:\x1b[m\x1b[K \x1b[01;35m\x1b[Kwarning: \x1b[m\x1b[Kunused variable \xe2\x80\x98\x1b[01m\x1b[Kerror_f\x1b[m\x1b[K\xe2\x80\x99 [\x1b[01;35m\x1b[K\x1b]8;;https://gcc.gnu.org/onlinedocs/gcc/Warning-Options.html#index-Wunused-variable\x07-Wunused-variable\x1b]8;;\x07\x1b[m\x1b[K]\n'}
[7.295483] (mission_layer_mvibot) StderrLine: {'line': b'  339 |                 static int live=-1,live_f=-1,brake=-1,brake_f=-1,enable=-1,enable_f=-1,error=-1,\x1b[01;35m\x1b[Kerror_f\x1b[m\x1b[K=-1;\n'}
[7.295562] (mission_layer_mvibot) StderrLine: {'line': b'      |                                                                                                 \x1b[01;35m\x1b[K^~~~~~~\x1b[m\x1b[K\n'}
[7.321951] (-) TimerEvent: {}
[7.365924] (mission_layer_mvibot) StderrLine: {'line': b'\x1b[01m\x1b[K/home/mvibot/floorCleaningRobot_ws/src/mission_layer_mvibot/src/../include/mission_layer_mvibot/mvibot_mission/manage_mission.h:\x1b[m\x1b[K In member function \xe2\x80\x98\x1b[01m\x1b[Kdouble* manage_mission::\x1b[01;32m\x1b[Kget_position_tf\x1b[m\x1b[K(std::string, std::string)\x1b[m\x1b[K\xe2\x80\x99:\n'}
[7.366164] (mission_layer_mvibot) StderrLine: {'line': b'\x1b[01m\x1b[K/home/mvibot/floorCleaningRobot_ws/src/mission_layer_mvibot/src/../include/mission_layer_mvibot/mvibot_mission/manage_mission.h:682:23:\x1b[m\x1b[K \x1b[01;35m\x1b[Kwarning: \x1b[m\x1b[Kvariable \xe2\x80\x98\x1b[01m\x1b[Kz\x1b[m\x1b[K\xe2\x80\x99 set but not used [\x1b[01;35m\x1b[K\x1b]8;;https://gcc.gnu.org/onlinedocs/gcc/Warning-Options.html#index-Wunused-but-set-variable\x07-Wunused-but-set-variable\x1b]8;;\x07\x1b[m\x1b[K]\n'}
[7.366268] (mission_layer_mvibot) StderrLine: {'line': b'  682 |     static double x,y,\x1b[01;35m\x1b[Kz\x1b[m\x1b[K,thz,thw;\n'}
[7.366347] (mission_layer_mvibot) StderrLine: {'line': b'      |                       \x1b[01;35m\x1b[K^\x1b[m\x1b[K\n'}
[7.422051] (-) TimerEvent: {}
[7.478471] (mission_layer_mvibot) StderrLine: {'line': b'\x1b[01m\x1b[K/home/mvibot/floorCleaningRobot_ws/src/mission_layer_mvibot/src/../include/mission_layer_mvibot/mvibot_mission/manage_mission.h:\x1b[m\x1b[K In member function \xe2\x80\x98\x1b[01m\x1b[Kint manage_mission::\x1b[01;32m\x1b[Kexecute_content\x1b[m\x1b[K(mission&, std::vector<std::__cxx11::basic_string<char>, std::allocator<std::__cxx11::basic_string<char> > >&, std::string&, int&)\x1b[m\x1b[K\xe2\x80\x99:\n'}
[7.478673] (mission_layer_mvibot) StderrLine: {'line': b'\x1b[01m\x1b[K/home/mvibot/floorCleaningRobot_ws/src/mission_layer_mvibot/src/../include/mission_layer_mvibot/mvibot_mission/manage_mission.h:1069:14:\x1b[m\x1b[K \x1b[01;35m\x1b[Kwarning: \x1b[m\x1b[Kcomparison of integer expressions of different signedness: \xe2\x80\x98\x1b[01m\x1b[Kint\x1b[m\x1b[K\xe2\x80\x99 and \xe2\x80\x98\x1b[01m\x1b[Kstd::vector<std::__cxx11::basic_string<char>, std::allocator<std::__cxx11::basic_string<char> > >::size_type\x1b[m\x1b[K\xe2\x80\x99 {aka \xe2\x80\x98\x1b[01m\x1b[Klong unsigned int\x1b[m\x1b[K\xe2\x80\x99} [\x1b[01;35m\x1b[K\x1b]8;;https://gcc.gnu.org/onlinedocs/gcc/Warning-Options.html#index-Wsign-compare\x07-Wsign-compare\x1b]8;;\x07\x1b[m\x1b[K]\n'}
[7.478764] (mission_layer_mvibot) StderrLine: {'line': b' 1069 |         if(\x1b[01;35m\x1b[Ki == and_contents_list.size()\x1b[m\x1b[K){\n'}
[7.478838] (mission_layer_mvibot) StderrLine: {'line': b'      |            \x1b[01;35m\x1b[K~~^~~~~~~~~~~~~~~~~~~~~~~~~~~\x1b[m\x1b[K\n'}
[7.479795] (mission_layer_mvibot) StderrLine: {'line': b'\x1b[01m\x1b[K/home/mvibot/floorCleaningRobot_ws/src/mission_layer_mvibot/src/../include/mission_layer_mvibot/mvibot_mission/manage_mission.h:1092:14:\x1b[m\x1b[K \x1b[01;35m\x1b[Kwarning: \x1b[m\x1b[Kcomparison of integer expressions of different signedness: \xe2\x80\x98\x1b[01m\x1b[Kint\x1b[m\x1b[K\xe2\x80\x99 and \xe2\x80\x98\x1b[01m\x1b[Kstd::vector<std::__cxx11::basic_string<char>, std::allocator<std::__cxx11::basic_string<char> > >::size_type\x1b[m\x1b[K\xe2\x80\x99 {aka \xe2\x80\x98\x1b[01m\x1b[Klong unsigned int\x1b[m\x1b[K\xe2\x80\x99} [\x1b[01;35m\x1b[K\x1b]8;;https://gcc.gnu.org/onlinedocs/gcc/Warning-Options.html#index-Wsign-compare\x07-Wsign-compare\x1b]8;;\x07\x1b[m\x1b[K]\n'}
[7.479896] (mission_layer_mvibot) StderrLine: {'line': b' 1092 |         if(\x1b[01;35m\x1b[Ki == or_contents_list.size()\x1b[m\x1b[K){\n'}
[7.479983] (mission_layer_mvibot) StderrLine: {'line': b'      |            \x1b[01;35m\x1b[K~~^~~~~~~~~~~~~~~~~~~~~~~~~~\x1b[m\x1b[K\n'}
[7.522196] (-) TimerEvent: {}
[7.622482] (-) TimerEvent: {}
[7.722754] (-) TimerEvent: {}
[7.823011] (-) TimerEvent: {}
[7.923272] (-) TimerEvent: {}
[7.961337] (mission_layer_mvibot) StderrLine: {'line': b'In file included from \x1b[01m\x1b[K/home/mvibot/floorCleaningRobot_ws/src/mission_layer_mvibot/src/mvibot_mission.cpp:4\x1b[m\x1b[K:\n'}
[7.961522] (mission_layer_mvibot) StderrLine: {'line': b'\x1b[01m\x1b[K/home/mvibot/floorCleaningRobot_ws/src/mission_layer_mvibot/src/../include/mission_layer_mvibot/mvibot_mission/navigation_function.h:\x1b[m\x1b[K In lambda function:\n'}
[7.961611] (mission_layer_mvibot) StderrLine: {'line': b'\x1b[01m\x1b[K/home/mvibot/floorCleaningRobot_ws/src/mission_layer_mvibot/src/../include/mission_layer_mvibot/mvibot_mission/navigation_function.h:307:120:\x1b[m\x1b[K \x1b[01;35m\x1b[Kwarning: \x1b[m\x1b[Kunused parameter \xe2\x80\x98\x1b[01m\x1b[Kfeedback\x1b[m\x1b[K\xe2\x80\x99 [\x1b[01;35m\x1b[K\x1b]8;;https://gcc.gnu.org/onlinedocs/gcc/Warning-Options.html#index-Wunused-parameter\x07-Wunused-parameter\x1b]8;;\x07\x1b[m\x1b[K]\n'}
[7.961708] (mission_layer_mvibot) StderrLine: {'line': b'  307 |                         \x1b[01;35m\x1b[Kconst std::shared_ptr<const opennav_coverage_msgs::action::NavigateCompleteCoverage::Feedback> feedback\x1b[m\x1b[K) {\n'}
[7.961784] (mission_layer_mvibot) StderrLine: {'line': b'      |                         \x1b[01;35m\x1b[K~~~~~~~~~~~~~~~~~~~~~~~~~~~~~~~~~~~~~~~~~~~~~~~~~~~~~~~~~~~~~~~~~~~~~~~~~~~~~~~~~~~~~~~~~~~~~~~^~~~~~~~\x1b[m\x1b[K\n'}
[7.986715] (mission_layer_mvibot) StderrLine: {'line': b'\x1b[01m\x1b[K/home/mvibot/floorCleaningRobot_ws/src/mission_layer_mvibot/src/../include/mission_layer_mvibot/mvibot_mission/navigation_function.h:\x1b[m\x1b[K In lambda function:\n'}
[7.986920] (mission_layer_mvibot) StderrLine: {'line': b'\x1b[01m\x1b[K/home/mvibot/floorCleaningRobot_ws/src/mission_layer_mvibot/src/../include/mission_layer_mvibot/mvibot_mission/navigation_function.h:363:98:\x1b[m\x1b[K \x1b[01;35m\x1b[Kwarning: \x1b[m\x1b[Kunused parameter \xe2\x80\x98\x1b[01m\x1b[Kfeedback\x1b[m\x1b[K\xe2\x80\x99 [\x1b[01;35m\x1b[K\x1b]8;;https://gcc.gnu.org/onlinedocs/gcc/Warning-Options.html#index-Wunused-parameter\x07-Wunused-parameter\x1b]8;;\x07\x1b[m\x1b[K]\n'}
[7.987042] (mission_layer_mvibot) StderrLine: {'line': b'  363 |                         \x1b[01;35m\x1b[Kconst std::shared_ptr<const nav2_msgs::action::NavigateToPose::Feedback> feedback\x1b[m\x1b[K) {\n'}
[7.987119] (mission_layer_mvibot) StderrLine: {'line': b'      |                         \x1b[01;35m\x1b[K~~~~~~~~~~~~~~~~~~~~~~~~~~~~~~~~~~~~~~~~~~~~~~~~~~~~~~~~~~~~~~~~~~~~~~~~~^~~~~~~~\x1b[m\x1b[K\n'}
[8.023369] (-) TimerEvent: {}
[8.123637] (-) TimerEvent: {}
[8.153267] (mission_layer_mvibot) StderrLine: {'line': b'\x1b[01m\x1b[K/home/mvibot/floorCleaningRobot_ws/src/mission_layer_mvibot/src/../include/mission_layer_mvibot/mvibot_mission/navigation_function.h:\x1b[m\x1b[K In member function \xe2\x80\x98\x1b[01m\x1b[Kint navigation_function::\x1b[01;32m\x1b[Kaction\x1b[m\x1b[K()\x1b[m\x1b[K\xe2\x80\x99:\n'}
[8.153512] (mission_layer_mvibot) StderrLine: {'line': b'\x1b[01m\x1b[K/home/mvibot/floorCleaningRobot_ws/src/mission_layer_mvibot/src/../include/mission_layer_mvibot/mvibot_mission/navigation_function.h:700:16:\x1b[m\x1b[K \x1b[01;35m\x1b[Kwarning: \x1b[m\x1b[Kunused variable \xe2\x80\x98\x1b[01m\x1b[Kt\x1b[m\x1b[K\xe2\x80\x99 [\x1b[01;35m\x1b[K\x1b]8;;https://gcc.gnu.org/onlinedocs/gcc/Warning-Options.html#index-Wunused-variable\x07-Wunused-variable\x1b]8;;\x07\x1b[m\x1b[K]\n'}
[8.153603] (mission_layer_mvibot) StderrLine: {'line': b'  700 |     static int \x1b[01;35m\x1b[Kt\x1b[m\x1b[K = 0;\n'}
[8.153679] (mission_layer_mvibot) StderrLine: {'line': b'      |                \x1b[01;35m\x1b[K^\x1b[m\x1b[K\n'}
[8.223732] (-) TimerEvent: {}
[8.323982] (-) TimerEvent: {}
[8.424235] (-) TimerEvent: {}
[8.493692] (mission_layer_mvibot) StderrLine: {'line': b'In file included from \x1b[01m\x1b[K/home/mvibot/floorCleaningRobot_ws/src/mission_layer_mvibot/src/mvibot_mission.cpp:6\x1b[m\x1b[K:\n'}
[8.493890] (mission_layer_mvibot) StderrLine: {'line': b'\x1b[01m\x1b[K/home/mvibot/floorCleaningRobot_ws/src/mission_layer_mvibot/src/../include/mission_layer_mvibot/mvibot_mission/marker_function.h:\x1b[m\x1b[K In member function \xe2\x80\x98\x1b[01m\x1b[Kdouble* marker_function::\x1b[01;32m\x1b[Kget_position\x1b[m\x1b[K(std::string, std::string)\x1b[m\x1b[K\xe2\x80\x99:\n'}
[8.493992] (mission_layer_mvibot) StderrLine: {'line': b'\x1b[01m\x1b[K/home/mvibot/floorCleaningRobot_ws/src/mission_layer_mvibot/src/../include/mission_layer_mvibot/mvibot_mission/marker_function.h:206:23:\x1b[m\x1b[K \x1b[01;35m\x1b[Kwarning: \x1b[m\x1b[Kvariable \xe2\x80\x98\x1b[01m\x1b[Kz\x1b[m\x1b[K\xe2\x80\x99 set but not used [\x1b[01;35m\x1b[K\x1b]8;;https://gcc.gnu.org/onlinedocs/gcc/Warning-Options.html#index-Wunused-but-set-variable\x07-Wunused-but-set-variable\x1b]8;;\x07\x1b[m\x1b[K]\n'}
[8.494075] (mission_layer_mvibot) StderrLine: {'line': b'  206 |     static double x,y,\x1b[01;35m\x1b[Kz\x1b[m\x1b[K,thz,thw;\n'}
[8.494149] (mission_layer_mvibot) StderrLine: {'line': b'      |                       \x1b[01;35m\x1b[K^\x1b[m\x1b[K\n'}
[8.497467] (mission_layer_mvibot) StderrLine: {'line': b'\x1b[01m\x1b[K/home/mvibot/floorCleaningRobot_ws/src/mission_layer_mvibot/src/../include/mission_layer_mvibot/mvibot_mission/marker_function.h:\x1b[m\x1b[K In member function \xe2\x80\x98\x1b[01m\x1b[Kint marker_function::\x1b[01;32m\x1b[Kcaculate_transforms_ofset\x1b[m\x1b[K()\x1b[m\x1b[K\xe2\x80\x99:\n'}
[8.497626] (mission_layer_mvibot) StderrLine: {'line': b'\x1b[01m\x1b[K/home/mvibot/floorCleaningRobot_ws/src/mission_layer_mvibot/src/../include/mission_layer_mvibot/mvibot_mission/marker_function.h:254:19:\x1b[m\x1b[K \x1b[01;35m\x1b[Kwarning: \x1b[m\x1b[Kvariable \xe2\x80\x98\x1b[01m\x1b[Ktheta\x1b[m\x1b[K\xe2\x80\x99 set but not used [\x1b[01;35m\x1b[K\x1b]8;;https://gcc.gnu.org/onlinedocs/gcc/Warning-Options.html#index-Wunused-but-set-variable\x07-Wunused-but-set-variable\x1b]8;;\x07\x1b[m\x1b[K]\n'}
[8.497721] (mission_layer_mvibot) StderrLine: {'line': b'  254 |     static double \x1b[01;35m\x1b[Ktheta\x1b[m\x1b[K;\n'}
[8.497811] (mission_layer_mvibot) StderrLine: {'line': b'      |                   \x1b[01;35m\x1b[K^~~~~\x1b[m\x1b[K\n'}
[8.524334] (-) TimerEvent: {}
[8.528275] (mission_layer_mvibot) StderrLine: {'line': b'\x1b[01m\x1b[K/home/mvibot/floorCleaningRobot_ws/src/mission_layer_mvibot/src/../include/mission_layer_mvibot/mvibot_mission/marker_function.h:\x1b[m\x1b[K In member function \xe2\x80\x98\x1b[01m\x1b[Kint marker_function::\x1b[01;32m\x1b[Kmove_to_goal\x1b[m\x1b[K()\x1b[m\x1b[K\xe2\x80\x99:\n'}
[8.528603] (mission_layer_mvibot) StderrLine: {'line': b'\x1b[01m\x1b[K/home/mvibot/floorCleaningRobot_ws/src/mission_layer_mvibot/src/../include/mission_layer_mvibot/mvibot_mission/marker_function.h:442:21:\x1b[m\x1b[K \x1b[01;35m\x1b[Kwarning: \x1b[m\x1b[Kvariable \xe2\x80\x98\x1b[01m\x1b[Ky\x1b[m\x1b[K\xe2\x80\x99 set but not used [\x1b[01;35m\x1b[K\x1b]8;;https://gcc.gnu.org/onlinedocs/gcc/Warning-Options.html#index-Wunused-but-set-variable\x07-Wunused-but-set-variable\x1b]8;;\x07\x1b[m\x1b[K]\n'}
[8.529111] (mission_layer_mvibot) StderrLine: {'line': b'  442 |     static double x,\x1b[01;35m\x1b[Ky\x1b[m\x1b[K;\n'}
[8.529244] (mission_layer_mvibot) StderrLine: {'line': b'      |                     \x1b[01;35m\x1b[K^\x1b[m\x1b[K\n'}
[8.568672] (mission_layer_mvibot) StderrLine: {'line': b'In file included from \x1b[01m\x1b[K/home/mvibot/floorCleaningRobot_ws/src/mission_layer_mvibot/src/mvibot_mission.cpp:7\x1b[m\x1b[K:\n'}
[8.568848] (mission_layer_mvibot) StderrLine: {'line': b'\x1b[01m\x1b[K/home/mvibot/floorCleaningRobot_ws/src/mission_layer_mvibot/src/../include/mission_layer_mvibot/mvibot_mission/variable_function.h:\x1b[m\x1b[K In member function \xe2\x80\x98\x1b[01m\x1b[Kvoid multiple_variable_local::\x1b[01;32m\x1b[Kadd_var\x1b[m\x1b[K(variable_local)\x1b[m\x1b[K\xe2\x80\x99:\n'}
[8.568946] (mission_layer_mvibot) StderrLine: {'line': b'\x1b[01m\x1b[K/home/mvibot/floorCleaningRobot_ws/src/mission_layer_mvibot/src/../include/mission_layer_mvibot/mvibot_mission/variable_function.h:31:18:\x1b[m\x1b[K \x1b[01;35m\x1b[Kwarning: \x1b[m\x1b[Kcomparison of integer expressions of different signedness: \xe2\x80\x98\x1b[01m\x1b[Kint\x1b[m\x1b[K\xe2\x80\x99 and \xe2\x80\x98\x1b[01m\x1b[Kstd::vector<variable_local>::size_type\x1b[m\x1b[K\xe2\x80\x99 {aka \xe2\x80\x98\x1b[01m\x1b[Klong unsigned int\x1b[m\x1b[K\xe2\x80\x99} [\x1b[01;35m\x1b[K\x1b]8;;https://gcc.gnu.org/onlinedocs/gcc/Warning-Options.html#index-Wsign-compare\x07-Wsign-compare\x1b]8;;\x07\x1b[m\x1b[K]\n'}
[8.569045] (mission_layer_mvibot) StderrLine: {'line': b'   31 |     for(int i=0;\x1b[01;35m\x1b[Ki<var.size()\x1b[m\x1b[K;i++){\n'}
[8.569110] (mission_layer_mvibot) StderrLine: {'line': b'      |                 \x1b[01;35m\x1b[K~^~~~~~~~~~~\x1b[m\x1b[K\n'}
[8.569558] (mission_layer_mvibot) StderrLine: {'line': b'\x1b[01m\x1b[K/home/mvibot/floorCleaningRobot_ws/src/mission_layer_mvibot/src/../include/mission_layer_mvibot/mvibot_mission/variable_function.h:\x1b[m\x1b[K In member function \xe2\x80\x98\x1b[01m\x1b[Kvoid multiple_variable_local::\x1b[01;32m\x1b[Kupdate_var\x1b[m\x1b[K(variable_local)\x1b[m\x1b[K\xe2\x80\x99:\n'}
[8.569740] (mission_layer_mvibot) StderrLine: {'line': b'\x1b[01m\x1b[K/home/mvibot/floorCleaningRobot_ws/src/mission_layer_mvibot/src/../include/mission_layer_mvibot/mvibot_mission/variable_function.h:45:18:\x1b[m\x1b[K \x1b[01;35m\x1b[Kwarning: \x1b[m\x1b[Kcomparison of integer expressions of different signedness: \xe2\x80\x98\x1b[01m\x1b[Kint\x1b[m\x1b[K\xe2\x80\x99 and \xe2\x80\x98\x1b[01m\x1b[Kstd::vector<variable_local>::size_type\x1b[m\x1b[K\xe2\x80\x99 {aka \xe2\x80\x98\x1b[01m\x1b[Klong unsigned int\x1b[m\x1b[K\xe2\x80\x99} [\x1b[01;35m\x1b[K\x1b]8;;https://gcc.gnu.org/onlinedocs/gcc/Warning-Options.html#index-Wsign-compare\x07-Wsign-compare\x1b]8;;\x07\x1b[m\x1b[K]\n'}
[8.569948] (mission_layer_mvibot) StderrLine: {'line': b'   45 |     for(int i=0;\x1b[01;35m\x1b[Ki<var.size()\x1b[m\x1b[K;i++){\n'}
[8.570134] (mission_layer_mvibot) StderrLine: {'line': b'      |                 \x1b[01;35m\x1b[K~^~~~~~~~~~~\x1b[m\x1b[K\n'}
[8.570612] (mission_layer_mvibot) StderrLine: {'line': b'\x1b[01m\x1b[K/home/mvibot/floorCleaningRobot_ws/src/mission_layer_mvibot/src/../include/mission_layer_mvibot/mvibot_mission/variable_function.h:\x1b[m\x1b[K In member function \xe2\x80\x98\x1b[01m\x1b[Kvoid multiple_variable_local::\x1b[01;32m\x1b[Kreset_all\x1b[m\x1b[K()\x1b[m\x1b[K\xe2\x80\x99:\n'}
[8.570802] (mission_layer_mvibot) StderrLine: {'line': b'\x1b[01m\x1b[K/home/mvibot/floorCleaningRobot_ws/src/mission_layer_mvibot/src/../include/mission_layer_mvibot/mvibot_mission/variable_function.h:58:18:\x1b[m\x1b[K \x1b[01;35m\x1b[Kwarning: \x1b[m\x1b[Kcomparison of integer expressions of different signedness: \xe2\x80\x98\x1b[01m\x1b[Kint\x1b[m\x1b[K\xe2\x80\x99 and \xe2\x80\x98\x1b[01m\x1b[Kstd::vector<variable_local>::size_type\x1b[m\x1b[K\xe2\x80\x99 {aka \xe2\x80\x98\x1b[01m\x1b[Klong unsigned int\x1b[m\x1b[K\xe2\x80\x99} [\x1b[01;35m\x1b[K\x1b]8;;https://gcc.gnu.org/onlinedocs/gcc/Warning-Options.html#index-Wsign-compare\x07-Wsign-compare\x1b]8;;\x07\x1b[m\x1b[K]\n'}
[8.570942] (mission_layer_mvibot) StderrLine: {'line': b'   58 |     for(int i=0;\x1b[01;35m\x1b[Ki<var.size()\x1b[m\x1b[K;i++){\n'}
[8.571080] (mission_layer_mvibot) StderrLine: {'line': b'      |                 \x1b[01;35m\x1b[K~^~~~~~~~~~~\x1b[m\x1b[K\n'}
[8.572637] (mission_layer_mvibot) StderrLine: {'line': b'\x1b[01m\x1b[K/home/mvibot/floorCleaningRobot_ws/src/mission_layer_mvibot/src/../include/mission_layer_mvibot/mvibot_mission/variable_function.h:\x1b[m\x1b[K In member function \xe2\x80\x98\x1b[01m\x1b[Kvoid multiple_variable_local::\x1b[01;32m\x1b[Kprint\x1b[m\x1b[K()\x1b[m\x1b[K\xe2\x80\x99:\n'}
[8.572817] (mission_layer_mvibot) StderrLine: {'line': b'\x1b[01m\x1b[K/home/mvibot/floorCleaningRobot_ws/src/mission_layer_mvibot/src/../include/mission_layer_mvibot/mvibot_mission/variable_function.h:68:18:\x1b[m\x1b[K \x1b[01;35m\x1b[Kwarning: \x1b[m\x1b[Kcomparison of integer expressions of different signedness: \xe2\x80\x98\x1b[01m\x1b[Kint\x1b[m\x1b[K\xe2\x80\x99 and \xe2\x80\x98\x1b[01m\x1b[Kstd::vector<variable_local>::size_type\x1b[m\x1b[K\xe2\x80\x99 {aka \xe2\x80\x98\x1b[01m\x1b[Klong unsigned int\x1b[m\x1b[K\xe2\x80\x99} [\x1b[01;35m\x1b[K\x1b]8;;https://gcc.gnu.org/onlinedocs/gcc/Warning-Options.html#index-Wsign-compare\x07-Wsign-compare\x1b]8;;\x07\x1b[m\x1b[K]\n'}
[8.573369] (mission_layer_mvibot) StderrLine: {'line': b'   68 |     for(int i=0;\x1b[01;35m\x1b[Ki<var.size()\x1b[m\x1b[K;i++){\n'}
[8.573540] (mission_layer_mvibot) StderrLine: {'line': b'      |                 \x1b[01;35m\x1b[K~^~~~~~~~~~~\x1b[m\x1b[K\n'}
[8.598859] (mission_layer_mvibot) StderrLine: {'line': b'\x1b[01m\x1b[K/home/mvibot/floorCleaningRobot_ws/src/mission_layer_mvibot/src/../include/mission_layer_mvibot/mvibot_mission/variable_function.h:\x1b[m\x1b[K In member function \xe2\x80\x98\x1b[01m\x1b[Kint variable_function::\x1b[01;32m\x1b[Kaction\x1b[m\x1b[K()\x1b[m\x1b[K\xe2\x80\x99:\n'}
[8.599060] (mission_layer_mvibot) StderrLine: {'line': b'\x1b[01m\x1b[K/home/mvibot/floorCleaningRobot_ws/src/mission_layer_mvibot/src/../include/mission_layer_mvibot/mvibot_mission/variable_function.h:195:26:\x1b[m\x1b[K \x1b[01;35m\x1b[Kwarning: \x1b[m\x1b[Kcomparison of integer expressions of different signedness: \xe2\x80\x98\x1b[01m\x1b[Kint\x1b[m\x1b[K\xe2\x80\x99 and \xe2\x80\x98\x1b[01m\x1b[Kstd::vector<variable_local>::size_type\x1b[m\x1b[K\xe2\x80\x99 {aka \xe2\x80\x98\x1b[01m\x1b[Klong unsigned int\x1b[m\x1b[K\xe2\x80\x99} [\x1b[01;35m\x1b[K\x1b]8;;https://gcc.gnu.org/onlinedocs/gcc/Warning-Options.html#index-Wsign-compare\x07-Wsign-compare\x1b]8;;\x07\x1b[m\x1b[K]\n'}
[8.599177] (mission_layer_mvibot) StderrLine: {'line': b'  195 |             for(int i=0;\x1b[01;35m\x1b[Ki<my_vars_local.var.size()\x1b[m\x1b[K;i++){\n'}
[8.599261] (mission_layer_mvibot) StderrLine: {'line': b'      |                         \x1b[01;35m\x1b[K~^~~~~~~~~~~~~~~~~~~~~~~~~\x1b[m\x1b[K\n'}
[8.624435] (-) TimerEvent: {}
[8.724704] (-) TimerEvent: {}
[8.726501] (mission_layer_mvibot) StderrLine: {'line': b'In file included from \x1b[01m\x1b[K/home/mvibot/floorCleaningRobot_ws/src/mission_layer_mvibot/src/mvibot_mission.cpp:8\x1b[m\x1b[K:\n'}
[8.726664] (mission_layer_mvibot) StderrLine: {'line': b'\x1b[01m\x1b[K/home/mvibot/floorCleaningRobot_ws/src/mission_layer_mvibot/src/../include/mission_layer_mvibot/mvibot_mission/gpio_function.h:\x1b[m\x1b[K In member function \xe2\x80\x98\x1b[01m\x1b[Kint gpio_function::\x1b[01;32m\x1b[Kaction\x1b[m\x1b[K()\x1b[m\x1b[K\xe2\x80\x99:\n'}
[8.726746] (mission_layer_mvibot) StderrLine: {'line': b'\x1b[01m\x1b[K/home/mvibot/floorCleaningRobot_ws/src/mission_layer_mvibot/src/../include/mission_layer_mvibot/mvibot_mission/gpio_function.h:143:16:\x1b[m\x1b[K \x1b[01;35m\x1b[Kwarning: \x1b[m\x1b[Kunused variable \xe2\x80\x98\x1b[01m\x1b[Kvalue_return\x1b[m\x1b[K\xe2\x80\x99 [\x1b[01;35m\x1b[K\x1b]8;;https://gcc.gnu.org/onlinedocs/gcc/Warning-Options.html#index-Wunused-variable\x07-Wunused-variable\x1b]8;;\x07\x1b[m\x1b[K]\n'}
[8.726824] (mission_layer_mvibot) StderrLine: {'line': b'  143 |     static int \x1b[01;35m\x1b[Kvalue_return\x1b[m\x1b[K;\n'}
[8.726902] (mission_layer_mvibot) StderrLine: {'line': b'      |                \x1b[01;35m\x1b[K^~~~~~~~~~~~\x1b[m\x1b[K\n'}
[8.824764] (-) TimerEvent: {}
[8.924984] (-) TimerEvent: {}
[9.025243] (-) TimerEvent: {}
[9.125527] (-) TimerEvent: {}
[9.225844] (-) TimerEvent: {}
[9.326123] (-) TimerEvent: {}
[9.426362] (-) TimerEvent: {}
[9.526609] (-) TimerEvent: {}
[9.626838] (-) TimerEvent: {}
[9.727080] (-) TimerEvent: {}
[9.827367] (-) TimerEvent: {}
[9.927739] (-) TimerEvent: {}
[10.027994] (-) TimerEvent: {}
[10.128233] (-) TimerEvent: {}
[10.228533] (-) TimerEvent: {}
[10.328981] (-) TimerEvent: {}
[10.429388] (-) TimerEvent: {}
[10.529773] (-) TimerEvent: {}
[10.630280] (-) TimerEvent: {}
[10.730599] (-) TimerEvent: {}
[10.830864] (-) TimerEvent: {}
[10.931182] (-) TimerEvent: {}
[11.031503] (-) TimerEvent: {}
[11.131751] (-) TimerEvent: {}
[11.231992] (-) TimerEvent: {}
[11.332226] (-) TimerEvent: {}
[11.432455] (-) TimerEvent: {}
[11.532693] (-) TimerEvent: {}
[11.632957] (-) TimerEvent: {}
[11.733257] (-) TimerEvent: {}
[11.833894] (-) TimerEvent: {}
[11.934288] (-) TimerEvent: {}
[12.034538] (-) TimerEvent: {}
[12.134792] (-) TimerEvent: {}
[12.235047] (-) TimerEvent: {}
[12.335359] (-) TimerEvent: {}
[12.435630] (-) TimerEvent: {}
[12.535898] (-) TimerEvent: {}
[12.636212] (-) TimerEvent: {}
[12.736584] (-) TimerEvent: {}
[12.836847] (-) TimerEvent: {}
[12.937150] (-) TimerEvent: {}
[13.037436] (-) TimerEvent: {}
[13.137731] (-) TimerEvent: {}
[13.238090] (-) TimerEvent: {}
[13.338456] (-) TimerEvent: {}
[13.438769] (-) TimerEvent: {}
[13.539302] (-) TimerEvent: {}
[13.639594] (-) TimerEvent: {}
[13.739858] (-) TimerEvent: {}
[13.840114] (-) TimerEvent: {}
[13.940354] (-) TimerEvent: {}
[14.040635] (-) TimerEvent: {}
[14.140900] (-) TimerEvent: {}
[14.241164] (-) TimerEvent: {}
[14.341406] (-) TimerEvent: {}
[14.441735] (-) TimerEvent: {}
[14.542018] (-) TimerEvent: {}
[14.642469] (-) TimerEvent: {}
[14.742731] (-) TimerEvent: {}
[14.842986] (-) TimerEvent: {}
[14.943262] (-) TimerEvent: {}
[15.043596] (-) TimerEvent: {}
[15.143903] (-) TimerEvent: {}
[15.244252] (-) TimerEvent: {}
[15.344534] (-) TimerEvent: {}
[15.444788] (-) TimerEvent: {}
[15.544999] (-) TimerEvent: {}
[15.645279] (-) TimerEvent: {}
[15.745524] (-) TimerEvent: {}
[15.845783] (-) TimerEvent: {}
[15.946287] (-) TimerEvent: {}
[16.046556] (-) TimerEvent: {}
[16.147057] (-) TimerEvent: {}
[16.247341] (-) TimerEvent: {}
[16.348258] (-) TimerEvent: {}
[16.448515] (-) TimerEvent: {}
[16.548756] (-) TimerEvent: {}
[16.648986] (-) TimerEvent: {}
[16.749303] (-) TimerEvent: {}
[16.849551] (-) TimerEvent: {}
[16.949811] (-) TimerEvent: {}
[17.050093] (-) TimerEvent: {}
[17.150326] (-) TimerEvent: {}
[17.250596] (-) TimerEvent: {}
[17.350831] (-) TimerEvent: {}
[17.451088] (-) TimerEvent: {}
[17.551333] (-) TimerEvent: {}
[17.651550] (-) TimerEvent: {}
[17.751722] (-) TimerEvent: {}
[17.851944] (-) TimerEvent: {}
[17.952135] (-) TimerEvent: {}
[18.052398] (-) TimerEvent: {}
[18.152715] (-) TimerEvent: {}
[18.253036] (-) TimerEvent: {}
[18.353330] (-) TimerEvent: {}
[18.453647] (-) TimerEvent: {}
[18.553983] (-) TimerEvent: {}
[18.654379] (-) TimerEvent: {}
[18.755587] (-) TimerEvent: {}
[18.856118] (-) TimerEvent: {}
[18.956523] (-) TimerEvent: {}
[19.056848] (-) TimerEvent: {}
[19.157133] (-) TimerEvent: {}
[19.257355] (-) TimerEvent: {}
[19.357652] (-) TimerEvent: {}
[19.457893] (-) TimerEvent: {}
[19.558135] (-) TimerEvent: {}
[19.658336] (-) TimerEvent: {}
[19.758608] (-) TimerEvent: {}
[19.858877] (-) TimerEvent: {}
[19.959243] (-) TimerEvent: {}
[20.059522] (-) TimerEvent: {}
[20.159827] (-) TimerEvent: {}
[20.260060] (-) TimerEvent: {}
[20.360283] (-) TimerEvent: {}
[20.460530] (-) TimerEvent: {}
[20.560763] (-) TimerEvent: {}
[20.661145] (-) TimerEvent: {}
[20.761406] (-) TimerEvent: {}
[20.861637] (-) TimerEvent: {}
[20.961868] (-) TimerEvent: {}
[21.062107] (-) TimerEvent: {}
[21.162352] (-) TimerEvent: {}
[21.262591] (-) TimerEvent: {}
[21.362815] (-) TimerEvent: {}
[21.463095] (-) TimerEvent: {}
[21.563333] (-) TimerEvent: {}
[21.663627] (-) TimerEvent: {}
[21.763950] (-) TimerEvent: {}
[21.864417] (-) TimerEvent: {}
[21.964881] (-) TimerEvent: {}
[22.065140] (-) TimerEvent: {}
[22.165426] (-) TimerEvent: {}
[22.265765] (-) TimerEvent: {}
[22.365981] (-) TimerEvent: {}
[22.466232] (-) TimerEvent: {}
[22.566485] (-) TimerEvent: {}
[22.666774] (-) TimerEvent: {}
[22.767067] (-) TimerEvent: {}
[22.867362] (-) TimerEvent: {}
[22.967651] (-) TimerEvent: {}
[23.067997] (-) TimerEvent: {}
[23.168253] (-) TimerEvent: {}
[23.268549] (-) TimerEvent: {}
[23.368826] (-) TimerEvent: {}
[23.469054] (-) TimerEvent: {}
[23.569352] (-) TimerEvent: {}
[23.669596] (-) TimerEvent: {}
[23.769873] (-) TimerEvent: {}
[23.870231] (-) TimerEvent: {}
[23.970548] (-) TimerEvent: {}
[24.070855] (-) TimerEvent: {}
[24.171251] (-) TimerEvent: {}
[24.271719] (-) TimerEvent: {}
[24.372115] (-) TimerEvent: {}
[24.472659] (-) TimerEvent: {}
[24.573006] (-) TimerEvent: {}
[24.673295] (-) TimerEvent: {}
[24.773977] (-) TimerEvent: {}
[24.874435] (-) TimerEvent: {}
[24.974767] (-) TimerEvent: {}
[25.075407] (-) TimerEvent: {}
[25.175653] (-) TimerEvent: {}
[25.275895] (-) TimerEvent: {}
[25.376198] (-) TimerEvent: {}
[25.476467] (-) TimerEvent: {}
[25.576721] (-) TimerEvent: {}
[25.677003] (-) TimerEvent: {}
[25.777290] (-) TimerEvent: {}
[25.877597] (-) TimerEvent: {}
[25.977847] (-) TimerEvent: {}
[26.078119] (-) TimerEvent: {}
[26.178450] (-) TimerEvent: {}
[26.278869] (-) TimerEvent: {}
[26.379165] (-) TimerEvent: {}
[26.479436] (-) TimerEvent: {}
[26.579682] (-) TimerEvent: {}
[26.679983] (-) TimerEvent: {}
[26.691478] (mission_layer_mvibot) StderrLine: {'line': b'\x1b[01m\x1b[K/home/mvibot/floorCleaningRobot_ws/src/mission_layer_mvibot/src/../include/mission_layer_mvibot/mvibot_mission/manage_mission.h:\x1b[m\x1b[K In member function \xe2\x80\x98\x1b[01m\x1b[Kint manage_mission::\x1b[01;32m\x1b[Khandle_content\x1b[m\x1b[K(const json&, const double&, double&, int&, rclcpp::Publisher<std_msgs::msg::String_<std::allocator<void> > >::SharedPtr, rclcpp::Publisher<std_msgs::msg::String_<std::allocator<void> > >::SharedPtr)\x1b[m\x1b[K\xe2\x80\x99:\n'}
[26.692626] (mission_layer_mvibot) StderrLine: {'line': b'\x1b[01m\x1b[K/home/mvibot/floorCleaningRobot_ws/src/mission_layer_mvibot/src/../include/mission_layer_mvibot/mvibot_mission/manage_mission.h:931:1:\x1b[m\x1b[K \x1b[01;35m\x1b[Kwarning: \x1b[m\x1b[Kcontrol reaches end of non-void function [\x1b[01;35m\x1b[K\x1b]8;;https://gcc.gnu.org/onlinedocs/gcc/Warning-Options.html#index-Wreturn-type\x07-Wreturn-type\x1b]8;;\x07\x1b[m\x1b[K]\n'}
[26.692741] (mission_layer_mvibot) StderrLine: {'line': b'  931 | \x1b[01;35m\x1b[K}\x1b[m\x1b[K\n'}
[26.692837] (mission_layer_mvibot) StderrLine: {'line': b'      | \x1b[01;35m\x1b[K^\x1b[m\x1b[K\n'}
[26.780035] (-) TimerEvent: {}
[26.880275] (-) TimerEvent: {}
[26.912181] (mission_layer_mvibot) StderrLine: {'line': b'\x1b[01m\x1b[K/home/mvibot/floorCleaningRobot_ws/src/mission_layer_mvibot/src/../include/mission_layer_mvibot/mvibot_mission/navigation_function.h:\x1b[m\x1b[K In member function \xe2\x80\x98\x1b[01m\x1b[Kint navigation_function::\x1b[01;32m\x1b[Kaction\x1b[m\x1b[K()\x1b[m\x1b[K\xe2\x80\x99:\n'}
[26.912354] (mission_layer_mvibot) StderrLine: {'line': b'\x1b[01m\x1b[K/home/mvibot/floorCleaningRobot_ws/src/mission_layer_mvibot/src/../include/mission_layer_mvibot/mvibot_mission/navigation_function.h:966:1:\x1b[m\x1b[K \x1b[01;35m\x1b[Kwarning: \x1b[m\x1b[Kcontrol reaches end of non-void function [\x1b[01;35m\x1b[K\x1b]8;;https://gcc.gnu.org/onlinedocs/gcc/Warning-Options.html#index-Wreturn-type\x07-Wreturn-type\x1b]8;;\x07\x1b[m\x1b[K]\n'}
[26.912440] (mission_layer_mvibot) StderrLine: {'line': b'  966 | \x1b[01;35m\x1b[K}\x1b[m\x1b[K\n'}
[26.912507] (mission_layer_mvibot) StderrLine: {'line': b'      | \x1b[01;35m\x1b[K^\x1b[m\x1b[K\n'}
[26.980404] (-) TimerEvent: {}
[27.026814] (mission_layer_mvibot) StderrLine: {'line': b'\x1b[01m\x1b[K/home/mvibot/floorCleaningRobot_ws/src/mission_layer_mvibot/src/../include/mission_layer_mvibot/mvibot_mission/marker_function.h:\x1b[m\x1b[K In member function \xe2\x80\x98\x1b[01m\x1b[Kint marker_function::\x1b[01;32m\x1b[Kaction\x1b[m\x1b[K()\x1b[m\x1b[K\xe2\x80\x99:\n'}
[27.027176] (mission_layer_mvibot) StderrLine: {'line': b'\x1b[01m\x1b[K/home/mvibot/floorCleaningRobot_ws/src/mission_layer_mvibot/src/../include/mission_layer_mvibot/mvibot_mission/marker_function.h:906:1:\x1b[m\x1b[K \x1b[01;35m\x1b[Kwarning: \x1b[m\x1b[Kcontrol reaches end of non-void function [\x1b[01;35m\x1b[K\x1b]8;;https://gcc.gnu.org/onlinedocs/gcc/Warning-Options.html#index-Wreturn-type\x07-Wreturn-type\x1b]8;;\x07\x1b[m\x1b[K]\n'}
[27.027296] (mission_layer_mvibot) StderrLine: {'line': b'  906 | \x1b[01;35m\x1b[K}\x1b[m\x1b[K\n'}
[27.027392] (mission_layer_mvibot) StderrLine: {'line': b'      | \x1b[01;35m\x1b[K^\x1b[m\x1b[K\n'}
[27.044594] (mission_layer_mvibot) StderrLine: {'line': b'In file included from \x1b[01m\x1b[K/home/mvibot/floorCleaningRobot_ws/src/mission_layer_mvibot/src/mvibot_mission.cpp:13\x1b[m\x1b[K:\n'}
[27.044820] (mission_layer_mvibot) StderrLine: {'line': b'\x1b[01m\x1b[K/home/mvibot/floorCleaningRobot_ws/src/mission_layer_mvibot/src/../include/mission_layer_mvibot/mvibot_mission/lift_function.h:\x1b[m\x1b[K In member function \xe2\x80\x98\x1b[01m\x1b[Kint lift_function::\x1b[01;32m\x1b[Kaction\x1b[m\x1b[K()\x1b[m\x1b[K\xe2\x80\x99:\n'}
[27.044926] (mission_layer_mvibot) StderrLine: {'line': b'\x1b[01m\x1b[K/home/mvibot/floorCleaningRobot_ws/src/mission_layer_mvibot/src/../include/mission_layer_mvibot/mvibot_mission/lift_function.h:203:1:\x1b[m\x1b[K \x1b[01;35m\x1b[Kwarning: \x1b[m\x1b[Kcontrol reaches end of non-void function [\x1b[01;35m\x1b[K\x1b]8;;https://gcc.gnu.org/onlinedocs/gcc/Warning-Options.html#index-Wreturn-type\x07-Wreturn-type\x1b]8;;\x07\x1b[m\x1b[K]\n'}
[27.046216] (mission_layer_mvibot) StderrLine: {'line': b'  203 | \x1b[01;35m\x1b[K}\x1b[m\x1b[K\n'}
[27.046349] (mission_layer_mvibot) StderrLine: {'line': b'      | \x1b[01;35m\x1b[K^\x1b[m\x1b[K\n'}
[27.056059] (mission_layer_mvibot) StderrLine: {'line': b'In file included from \x1b[01m\x1b[K/home/mvibot/floorCleaningRobot_ws/src/mission_layer_mvibot/src/mvibot_mission.cpp:14\x1b[m\x1b[K:\n'}
[27.056327] (mission_layer_mvibot) StderrLine: {'line': b'\x1b[01m\x1b[K/home/mvibot/floorCleaningRobot_ws/src/mission_layer_mvibot/src/../include/mission_layer_mvibot/mvibot_mission/map_function.h:\x1b[m\x1b[K In member function \xe2\x80\x98\x1b[01m\x1b[Kint loadmap_function::\x1b[01;32m\x1b[Kaction\x1b[m\x1b[K()\x1b[m\x1b[K\xe2\x80\x99:\n'}
[27.056462] (mission_layer_mvibot) StderrLine: {'line': b'\x1b[01m\x1b[K/home/mvibot/floorCleaningRobot_ws/src/mission_layer_mvibot/src/../include/mission_layer_mvibot/mvibot_mission/map_function.h:160:1:\x1b[m\x1b[K \x1b[01;35m\x1b[Kwarning: \x1b[m\x1b[Kcontrol reaches end of non-void function [\x1b[01;35m\x1b[K\x1b]8;;https://gcc.gnu.org/onlinedocs/gcc/Warning-Options.html#index-Wreturn-type\x07-Wreturn-type\x1b]8;;\x07\x1b[m\x1b[K]\n'}
[27.056593] (mission_layer_mvibot) StderrLine: {'line': b'  160 | \x1b[01;35m\x1b[K}\x1b[m\x1b[K\n'}
[27.056697] (mission_layer_mvibot) StderrLine: {'line': b'      | \x1b[01;35m\x1b[K^\x1b[m\x1b[K\n'}
[27.080987] (-) TimerEvent: {}
[27.181265] (-) TimerEvent: {}
[27.281511] (-) TimerEvent: {}
[27.381748] (-) TimerEvent: {}
[27.481984] (-) TimerEvent: {}
[27.582217] (-) TimerEvent: {}
[27.682462] (-) TimerEvent: {}
[27.782783] (-) TimerEvent: {}
[27.883079] (-) TimerEvent: {}
[27.983355] (-) TimerEvent: {}
[28.083577] (-) TimerEvent: {}
[28.183797] (-) TimerEvent: {}
[28.284104] (-) TimerEvent: {}
[28.384497] (-) TimerEvent: {}
[28.484687] (-) TimerEvent: {}
[28.584910] (-) TimerEvent: {}
[28.685112] (-) TimerEvent: {}
[28.785359] (-) TimerEvent: {}
[28.885575] (-) TimerEvent: {}
[28.985815] (-) TimerEvent: {}
[29.086052] (-) TimerEvent: {}
[29.186289] (-) TimerEvent: {}
[29.286534] (-) TimerEvent: {}
[29.386826] (-) TimerEvent: {}
[29.487096] (-) TimerEvent: {}
[29.587333] (-) TimerEvent: {}
[29.687577] (-) TimerEvent: {}
[29.787878] (-) TimerEvent: {}
[29.888182] (-) TimerEvent: {}
[29.988460] (-) TimerEvent: {}
[30.088709] (-) TimerEvent: {}
[30.188984] (-) TimerEvent: {}
[30.289302] (-) TimerEvent: {}
[30.389545] (-) TimerEvent: {}
[30.489786] (-) TimerEvent: {}
[30.589986] (-) TimerEvent: {}
[30.690271] (-) TimerEvent: {}
[30.790590] (-) TimerEvent: {}
[30.890957] (-) TimerEvent: {}
[30.991208] (-) TimerEvent: {}
[31.091448] (-) TimerEvent: {}
[31.191699] (-) TimerEvent: {}
[31.292152] (-) TimerEvent: {}
[31.392468] (-) TimerEvent: {}
[31.493053] (-) TimerEvent: {}
[31.593317] (-) TimerEvent: {}
[31.693560] (-) TimerEvent: {}
[31.793828] (-) TimerEvent: {}
[31.894089] (-) TimerEvent: {}
[31.994408] (-) TimerEvent: {}
[32.094685] (-) TimerEvent: {}
[32.194975] (-) TimerEvent: {}
[32.295227] (-) TimerEvent: {}
[32.395485] (-) TimerEvent: {}
[32.495728] (-) TimerEvent: {}
[32.595979] (-) TimerEvent: {}
[32.696287] (-) TimerEvent: {}
[32.796564] (-) TimerEvent: {}
[32.896830] (-) TimerEvent: {}
[32.997105] (-) TimerEvent: {}
[33.097453] (-) TimerEvent: {}
[33.197729] (-) TimerEvent: {}
[33.297984] (-) TimerEvent: {}
[33.398209] (-) TimerEvent: {}
[33.498559] (-) TimerEvent: {}
[33.598807] (-) TimerEvent: {}
[33.699110] (-) TimerEvent: {}
[33.799341] (-) TimerEvent: {}
[33.899575] (-) TimerEvent: {}
[33.999790] (-) TimerEvent: {}
[34.100087] (-) TimerEvent: {}
[34.200404] (-) TimerEvent: {}
[34.300701] (-) TimerEvent: {}
[34.401011] (-) TimerEvent: {}
[34.501243] (-) TimerEvent: {}
[34.601478] (-) TimerEvent: {}
[34.701724] (-) TimerEvent: {}
[34.802000] (-) TimerEvent: {}
[34.902252] (-) TimerEvent: {}
[35.002477] (-) TimerEvent: {}
[35.102718] (-) TimerEvent: {}
[35.203082] (-) TimerEvent: {}
[35.303751] (-) TimerEvent: {}
[35.404057] (-) TimerEvent: {}
[35.504353] (-) TimerEvent: {}
[35.604719] (-) TimerEvent: {}
[35.705062] (-) TimerEvent: {}
[35.805356] (-) TimerEvent: {}
[35.906798] (-) TimerEvent: {}
[36.007110] (-) TimerEvent: {}
[36.107413] (-) TimerEvent: {}
[36.207729] (-) TimerEvent: {}
[36.307989] (-) TimerEvent: {}
[36.408176] (-) TimerEvent: {}
[36.508404] (-) TimerEvent: {}
[36.608627] (-) TimerEvent: {}
[36.708911] (-) TimerEvent: {}
[36.809168] (-) TimerEvent: {}
[36.909437] (-) TimerEvent: {}
[37.009884] (-) TimerEvent: {}
[37.110148] (-) TimerEvent: {}
[37.210338] (-) TimerEvent: {}
[37.310589] (-) TimerEvent: {}
[37.410806] (-) TimerEvent: {}
[37.511106] (-) TimerEvent: {}
[37.611403] (-) TimerEvent: {}
[37.711806] (-) TimerEvent: {}
[37.812067] (-) TimerEvent: {}
[37.912369] (-) TimerEvent: {}
[38.012679] (-) TimerEvent: {}
[38.112980] (-) TimerEvent: {}
[38.213219] (-) TimerEvent: {}
[38.313465] (-) TimerEvent: {}
[38.413691] (-) TimerEvent: {}
[38.513969] (-) TimerEvent: {}
[38.614227] (-) TimerEvent: {}
[38.714480] (-) TimerEvent: {}
[38.814748] (-) TimerEvent: {}
[38.915058] (-) TimerEvent: {}
[39.015309] (-) TimerEvent: {}
[39.115566] (-) TimerEvent: {}
[39.215795] (-) TimerEvent: {}
[39.316107] (-) TimerEvent: {}
[39.416389] (-) TimerEvent: {}
[39.516697] (-) TimerEvent: {}
[39.617003] (-) TimerEvent: {}
[39.717259] (-) TimerEvent: {}
[39.817487] (-) TimerEvent: {}
[39.917720] (-) TimerEvent: {}
[40.017954] (-) TimerEvent: {}
[40.118170] (-) TimerEvent: {}
[40.218394] (-) TimerEvent: {}
[40.318577] (-) TimerEvent: {}
[40.418840] (-) TimerEvent: {}
[40.519175] (-) TimerEvent: {}
[40.619417] (-) TimerEvent: {}
[40.719706] (-) TimerEvent: {}
[40.820072] (-) TimerEvent: {}
[40.920339] (-) TimerEvent: {}
[41.020665] (-) TimerEvent: {}
[41.120977] (-) TimerEvent: {}
[41.221276] (-) TimerEvent: {}
[41.321543] (-) TimerEvent: {}
[41.422601] (-) TimerEvent: {}
[41.522891] (-) TimerEvent: {}
[41.623153] (-) TimerEvent: {}
[41.723425] (-) TimerEvent: {}
[41.823716] (-) TimerEvent: {}
[41.924174] (-) TimerEvent: {}
[42.024503] (-) TimerEvent: {}
[42.124862] (-) TimerEvent: {}
[42.225143] (-) TimerEvent: {}
[42.325517] (-) TimerEvent: {}
[42.425841] (-) TimerEvent: {}
[42.526250] (-) TimerEvent: {}
[42.626629] (-) TimerEvent: {}
[42.726946] (-) TimerEvent: {}
[42.827332] (-) TimerEvent: {}
[42.927765] (-) TimerEvent: {}
[43.028141] (-) TimerEvent: {}
[43.128400] (-) TimerEvent: {}
[43.228824] (-) TimerEvent: {}
[43.329175] (-) TimerEvent: {}
[43.429513] (-) TimerEvent: {}
[43.529981] (-) TimerEvent: {}
[43.630370] (-) TimerEvent: {}
[43.730793] (-) TimerEvent: {}
[43.831239] (-) TimerEvent: {}
[43.931578] (-) TimerEvent: {}
[44.031867] (-) TimerEvent: {}
[44.132192] (-) TimerEvent: {}
[44.232589] (-) TimerEvent: {}
[44.333308] (-) TimerEvent: {}
[44.433552] (-) TimerEvent: {}
[44.533986] (-) TimerEvent: {}
[44.634309] (-) TimerEvent: {}
[44.734567] (-) TimerEvent: {}
[44.834776] (-) TimerEvent: {}
[44.934986] (-) TimerEvent: {}
[45.035232] (-) TimerEvent: {}
[45.135539] (-) TimerEvent: {}
[45.235832] (-) TimerEvent: {}
[45.336171] (-) TimerEvent: {}
[45.436442] (-) TimerEvent: {}
[45.536736] (-) TimerEvent: {}
[45.636995] (-) TimerEvent: {}
[45.737346] (-) TimerEvent: {}
[45.837651] (-) TimerEvent: {}
[45.937971] (-) TimerEvent: {}
[46.038415] (-) TimerEvent: {}
[46.138910] (-) TimerEvent: {}
[46.239347] (-) TimerEvent: {}
[46.339659] (-) TimerEvent: {}
[46.439920] (-) TimerEvent: {}
[46.540863] (-) TimerEvent: {}
[46.641109] (-) TimerEvent: {}
[46.741435] (-) TimerEvent: {}
[46.841842] (-) TimerEvent: {}
[46.942176] (-) TimerEvent: {}
[47.042430] (-) TimerEvent: {}
[47.142680] (-) TimerEvent: {}
[47.242920] (-) TimerEvent: {}
[47.343159] (-) TimerEvent: {}
[47.443442] (-) TimerEvent: {}
[47.544328] (-) TimerEvent: {}
[47.644552] (-) TimerEvent: {}
[47.744793] (-) TimerEvent: {}
[47.845033] (-) TimerEvent: {}
[47.945250] (-) TimerEvent: {}
[48.045500] (-) TimerEvent: {}
[48.146475] (-) TimerEvent: {}
[48.246695] (-) TimerEvent: {}
[48.346916] (-) TimerEvent: {}
[48.447120] (-) TimerEvent: {}
[48.547324] (-) TimerEvent: {}
[48.647539] (-) TimerEvent: {}
[48.747918] (-) TimerEvent: {}
[48.848315] (-) TimerEvent: {}
[48.948522] (-) TimerEvent: {}
[49.048814] (-) TimerEvent: {}
[49.150101] (-) TimerEvent: {}
[49.250365] (-) TimerEvent: {}
[49.350619] (-) TimerEvent: {}
[49.450879] (-) TimerEvent: {}
[49.551125] (-) TimerEvent: {}
[49.651352] (-) TimerEvent: {}
[49.751606] (-) TimerEvent: {}
[49.851826] (-) TimerEvent: {}
[49.952031] (-) TimerEvent: {}
[50.052255] (-) TimerEvent: {}
[50.152498] (-) TimerEvent: {}
[50.252722] (-) TimerEvent: {}
[50.352996] (-) TimerEvent: {}
[50.453266] (-) TimerEvent: {}
[50.553506] (-) TimerEvent: {}
[50.653706] (-) TimerEvent: {}
[50.753975] (-) TimerEvent: {}
[50.854262] (-) TimerEvent: {}
[50.954821] (-) TimerEvent: {}
[51.055170] (-) TimerEvent: {}
[51.155501] (-) TimerEvent: {}
[51.255857] (-) TimerEvent: {}
[51.357054] (-) TimerEvent: {}
[51.457347] (-) TimerEvent: {}
[51.557659] (-) TimerEvent: {}
[51.658218] (-) TimerEvent: {}
[51.758450] (-) TimerEvent: {}
[51.858687] (-) TimerEvent: {}
[51.959035] (-) TimerEvent: {}
[52.059270] (-) TimerEvent: {}
[52.159553] (-) TimerEvent: {}
[52.259750] (-) TimerEvent: {}
[52.359984] (-) TimerEvent: {}
[52.460234] (-) TimerEvent: {}
[52.560479] (-) TimerEvent: {}
[52.660736] (-) TimerEvent: {}
[52.760975] (-) TimerEvent: {}
[52.861188] (-) TimerEvent: {}
[52.961407] (-) TimerEvent: {}
[53.061604] (-) TimerEvent: {}
[53.161879] (-) TimerEvent: {}
[53.262145] (-) TimerEvent: {}
[53.362405] (-) TimerEvent: {}
[53.462657] (-) TimerEvent: {}
[53.562925] (-) TimerEvent: {}
[53.663150] (-) TimerEvent: {}
[53.763377] (-) TimerEvent: {}
[53.864072] (-) TimerEvent: {}
[53.964431] (-) TimerEvent: {}
[54.064666] (-) TimerEvent: {}
[54.164941] (-) TimerEvent: {}
[54.265169] (-) TimerEvent: {}
[54.365389] (-) TimerEvent: {}
[54.465614] (-) TimerEvent: {}
[54.565829] (-) TimerEvent: {}
[54.666107] (-) TimerEvent: {}
[54.766300] (-) TimerEvent: {}
[54.866539] (-) TimerEvent: {}
[54.966783] (-) TimerEvent: {}
[55.067152] (-) TimerEvent: {}
[55.167429] (-) TimerEvent: {}
[55.267672] (-) TimerEvent: {}
[55.367924] (-) TimerEvent: {}
[55.468158] (-) TimerEvent: {}
[55.568375] (-) TimerEvent: {}
[55.668570] (-) TimerEvent: {}
[55.768795] (-) TimerEvent: {}
[55.868993] (-) TimerEvent: {}
[55.969261] (-) TimerEvent: {}
[56.069499] (-) TimerEvent: {}
[56.169775] (-) TimerEvent: {}
[56.270130] (-) TimerEvent: {}
[56.370436] (-) TimerEvent: {}
[56.470741] (-) TimerEvent: {}
[56.571498] (-) TimerEvent: {}
[56.672314] (-) TimerEvent: {}
[56.772642] (-) TimerEvent: {}
[56.873199] (-) TimerEvent: {}
[56.973616] (-) TimerEvent: {}
[57.073891] (-) TimerEvent: {}
[57.174218] (-) TimerEvent: {}
[57.274492] (-) TimerEvent: {}
[57.374743] (-) TimerEvent: {}
[57.475257] (-) TimerEvent: {}
[57.575684] (-) TimerEvent: {}
[57.675987] (-) TimerEvent: {}
[57.776268] (-) TimerEvent: {}
[57.876561] (-) TimerEvent: {}
[57.976922] (-) TimerEvent: {}
[58.077244] (-) TimerEvent: {}
[58.177706] (-) TimerEvent: {}
[58.277995] (-) TimerEvent: {}
[58.378241] (-) TimerEvent: {}
[58.478528] (-) TimerEvent: {}
[58.578916] (-) TimerEvent: {}
[58.679189] (-) TimerEvent: {}
[58.779491] (-) TimerEvent: {}
[58.879746] (-) TimerEvent: {}
[58.980047] (-) TimerEvent: {}
[59.080271] (-) TimerEvent: {}
[59.180640] (-) TimerEvent: {}
[59.280939] (-) TimerEvent: {}
[59.381171] (-) TimerEvent: {}
[59.481430] (-) TimerEvent: {}
[59.581687] (-) TimerEvent: {}
[59.681941] (-) TimerEvent: {}
[59.782217] (-) TimerEvent: {}
[59.882575] (-) TimerEvent: {}
[59.982854] (-) TimerEvent: {}
[60.083129] (-) TimerEvent: {}
[60.183442] (-) TimerEvent: {}
[60.283750] (-) TimerEvent: {}
[60.383987] (-) TimerEvent: {}
[60.484248] (-) TimerEvent: {}
[60.584544] (-) TimerEvent: {}
[60.684815] (-) TimerEvent: {}
[60.785026] (-) TimerEvent: {}
[60.885277] (-) TimerEvent: {}
[60.985561] (-) TimerEvent: {}
[61.085832] (-) TimerEvent: {}
[61.186098] (-) TimerEvent: {}
[61.286323] (-) TimerEvent: {}
[61.386549] (-) TimerEvent: {}
[61.486782] (-) TimerEvent: {}
[61.586978] (-) TimerEvent: {}
[61.687213] (-) TimerEvent: {}
[61.787442] (-) TimerEvent: {}
[61.887694] (-) TimerEvent: {}
[61.988000] (-) TimerEvent: {}
[62.088463] (-) TimerEvent: {}
[62.188779] (-) TimerEvent: {}
[62.289222] (-) TimerEvent: {}
[62.389478] (-) TimerEvent: {}
[62.489765] (-) TimerEvent: {}
[62.590205] (-) TimerEvent: {}
[62.691279] (-) TimerEvent: {}
[62.791574] (-) TimerEvent: {}
[62.891881] (-) TimerEvent: {}
[62.992619] (-) TimerEvent: {}
[63.092902] (-) TimerEvent: {}
[63.193168] (-) TimerEvent: {}
[63.293422] (-) TimerEvent: {}
[63.393699] (-) TimerEvent: {}
[63.493977] (-) TimerEvent: {}
[63.594232] (-) TimerEvent: {}
[63.694477] (-) TimerEvent: {}
[63.794951] (-) TimerEvent: {}
[63.895330] (-) TimerEvent: {}
[63.995595] (-) TimerEvent: {}
[64.095880] (-) TimerEvent: {}
[64.196171] (-) TimerEvent: {}
[64.296763] (-) TimerEvent: {}
[64.396989] (-) TimerEvent: {}
[64.497214] (-) TimerEvent: {}
[64.597412] (-) TimerEvent: {}
[64.697660] (-) TimerEvent: {}
[64.797902] (-) TimerEvent: {}
[64.816985] (mission_layer_mvibot) StderrLine: {'line': b'\x1b[01m\x1b[K/home/mvibot/floorCleaningRobot_ws/src/mission_layer_mvibot/src/../include/mission_layer_mvibot/mvibot_mission/manage_mission.h:\x1b[m\x1b[K In member function \xe2\x80\x98\x1b[01m\x1b[Kdouble* manage_mission::\x1b[01;32m\x1b[Kget_position_tf\x1b[m\x1b[K(std::string, std::string)\x1b[m\x1b[K\xe2\x80\x99:\n'}
[64.818251] (mission_layer_mvibot) StderrLine: {'line': b'\x1b[01m\x1b[K/home/mvibot/floorCleaningRobot_ws/src/mission_layer_mvibot/src/../include/mission_layer_mvibot/mvibot_mission/manage_mission.h:696:33:\x1b[m\x1b[K \x1b[01;35m\x1b[Kwarning: \x1b[m\x1b[Karray subscript 2 is above array bounds of \xe2\x80\x98\x1b[01m\x1b[Kdouble [2]\x1b[m\x1b[K\xe2\x80\x99 [\x1b[01;35m\x1b[K\x1b]8;;https://gcc.gnu.org/onlinedocs/gcc/Warning-Options.html#index-Warray-bounds=\x07-Warray-bounds=\x1b]8;;\x07\x1b[m\x1b[K]\n'}
[64.818439] (mission_layer_mvibot) StderrLine: {'line': b'  696 |     data[0]=x; data[1]=y; \x1b[01;35m\x1b[Kdata[2]\x1b[m\x1b[K=thz; data[3]=thw;\n'}
[64.818573] (mission_layer_mvibot) StderrLine: {'line': b'      |                           \x1b[01;35m\x1b[K~~~~~~^\x1b[m\x1b[K\n'}
[64.818693] (mission_layer_mvibot) StderrLine: {'line': b'\x1b[01m\x1b[K/home/mvibot/floorCleaningRobot_ws/src/mission_layer_mvibot/src/../include/mission_layer_mvibot/mvibot_mission/manage_mission.h:680:19:\x1b[m\x1b[K \x1b[01;36m\x1b[Knote: \x1b[m\x1b[Kwhile referencing \xe2\x80\x98\x1b[01m\x1b[Kdata\x1b[m\x1b[K\xe2\x80\x99\n'}
[64.818845] (mission_layer_mvibot) StderrLine: {'line': b'  680 |     static double \x1b[01;36m\x1b[Kdata\x1b[m\x1b[K[2];\n'}
[64.819000] (mission_layer_mvibot) StderrLine: {'line': b'      |                   \x1b[01;36m\x1b[K^~~~\x1b[m\x1b[K\n'}
[64.819128] (mission_layer_mvibot) StderrLine: {'line': b'\x1b[01m\x1b[K/home/mvibot/floorCleaningRobot_ws/src/mission_layer_mvibot/src/../include/mission_layer_mvibot/mvibot_mission/manage_mission.h:696:46:\x1b[m\x1b[K \x1b[01;35m\x1b[Kwarning: \x1b[m\x1b[Karray subscript 3 is above array bounds of \xe2\x80\x98\x1b[01m\x1b[Kdouble [2]\x1b[m\x1b[K\xe2\x80\x99 [\x1b[01;35m\x1b[K\x1b]8;;https://gcc.gnu.org/onlinedocs/gcc/Warning-Options.html#index-Warray-bounds=\x07-Warray-bounds=\x1b]8;;\x07\x1b[m\x1b[K]\n'}
[64.819270] (mission_layer_mvibot) StderrLine: {'line': b'  696 |     data[0]=x; data[1]=y; data[2]=thz; \x1b[01;35m\x1b[Kdata[3]\x1b[m\x1b[K=thw;\n'}
[64.819406] (mission_layer_mvibot) StderrLine: {'line': b'      |                                        \x1b[01;35m\x1b[K~~~~~~^\x1b[m\x1b[K\n'}
[64.819523] (mission_layer_mvibot) StderrLine: {'line': b'\x1b[01m\x1b[K/home/mvibot/floorCleaningRobot_ws/src/mission_layer_mvibot/src/../include/mission_layer_mvibot/mvibot_mission/manage_mission.h:680:19:\x1b[m\x1b[K \x1b[01;36m\x1b[Knote: \x1b[m\x1b[Kwhile referencing \xe2\x80\x98\x1b[01m\x1b[Kdata\x1b[m\x1b[K\xe2\x80\x99\n'}
[64.819641] (mission_layer_mvibot) StderrLine: {'line': b'  680 |     static double \x1b[01;36m\x1b[Kdata\x1b[m\x1b[K[2];\n'}
[64.819761] (mission_layer_mvibot) StderrLine: {'line': b'      |                   \x1b[01;36m\x1b[K^~~~\x1b[m\x1b[K\n'}
[64.897997] (-) TimerEvent: {}
[64.998294] (-) TimerEvent: {}
[65.098541] (-) TimerEvent: {}
[65.198760] (-) TimerEvent: {}
[65.298975] (-) TimerEvent: {}
[65.399209] (-) TimerEvent: {}
[65.499424] (-) TimerEvent: {}
[65.599660] (-) TimerEvent: {}
[65.699897] (-) TimerEvent: {}
[65.800208] (-) TimerEvent: {}
[65.900636] (-) TimerEvent: {}
[66.000897] (-) TimerEvent: {}
[66.101172] (-) TimerEvent: {}
[66.201393] (-) TimerEvent: {}
[66.301584] (-) TimerEvent: {}
[66.401822] (-) TimerEvent: {}
[66.502107] (-) TimerEvent: {}
[66.602320] (-) TimerEvent: {}
[66.702557] (-) TimerEvent: {}
[66.802781] (-) TimerEvent: {}
[66.902985] (-) TimerEvent: {}
[67.003164] (-) TimerEvent: {}
[67.103378] (-) TimerEvent: {}
[67.203623] (-) TimerEvent: {}
[67.303860] (-) TimerEvent: {}
[67.404116] (-) TimerEvent: {}
[67.504399] (-) TimerEvent: {}
[67.604702] (-) TimerEvent: {}
[67.705510] (-) TimerEvent: {}
[67.805818] (-) TimerEvent: {}
[67.906185] (-) TimerEvent: {}
[68.006650] (-) TimerEvent: {}
[68.107132] (-) TimerEvent: {}
[68.207457] (-) TimerEvent: {}
[68.307961] (-) TimerEvent: {}
[68.408215] (-) TimerEvent: {}
[68.508513] (-) TimerEvent: {}
[68.608811] (-) TimerEvent: {}
[68.709238] (-) TimerEvent: {}
[68.810915] (-) TimerEvent: {}
[68.911226] (-) TimerEvent: {}
[69.011529] (-) TimerEvent: {}
[69.111792] (-) TimerEvent: {}
[69.212270] (-) TimerEvent: {}
[69.312563] (-) TimerEvent: {}
[69.412861] (-) TimerEvent: {}
[69.513168] (-) TimerEvent: {}
[69.613419] (-) TimerEvent: {}
[69.713673] (-) TimerEvent: {}
[69.813914] (-) TimerEvent: {}
[69.914177] (-) TimerEvent: {}
[70.014577] (-) TimerEvent: {}
[70.114881] (-) TimerEvent: {}
[70.215205] (-) TimerEvent: {}
[70.315455] (-) TimerEvent: {}
[70.415709] (-) TimerEvent: {}
[70.515973] (-) TimerEvent: {}
[70.616262] (-) TimerEvent: {}
[70.716522] (-) TimerEvent: {}
[70.816814] (-) TimerEvent: {}
[70.917076] (-) TimerEvent: {}
[71.017298] (-) TimerEvent: {}
[71.117556] (-) TimerEvent: {}
[71.217786] (-) TimerEvent: {}
[71.317979] (-) TimerEvent: {}
[71.418201] (-) TimerEvent: {}
[71.518435] (-) TimerEvent: {}
[71.618661] (-) TimerEvent: {}
[71.719016] (-) TimerEvent: {}
[71.819409] (-) TimerEvent: {}
[71.919741] (-) TimerEvent: {}
[72.020071] (-) TimerEvent: {}
[72.120314] (-) TimerEvent: {}
[72.220604] (-) TimerEvent: {}
[72.320980] (-) TimerEvent: {}
[72.421265] (-) TimerEvent: {}
[72.521514] (-) TimerEvent: {}
[72.621786] (-) TimerEvent: {}
[72.722051] (-) TimerEvent: {}
[72.822382] (-) TimerEvent: {}
[72.922649] (-) TimerEvent: {}
[73.022986] (-) TimerEvent: {}
[73.123268] (-) TimerEvent: {}
[73.223456] (-) TimerEvent: {}
[73.323754] (-) TimerEvent: {}
[73.424192] (-) TimerEvent: {}
[73.524413] (-) TimerEvent: {}
[73.624637] (-) TimerEvent: {}
[73.724889] (-) TimerEvent: {}
[73.825120] (-) TimerEvent: {}
[73.925496] (-) TimerEvent: {}
[74.025832] (-) TimerEvent: {}
[74.126173] (-) TimerEvent: {}
[74.226424] (-) TimerEvent: {}
[74.326666] (-) TimerEvent: {}
[74.426869] (-) TimerEvent: {}
[74.527106] (-) TimerEvent: {}
[74.627334] (-) TimerEvent: {}
[74.727574] (-) TimerEvent: {}
[74.827809] (-) TimerEvent: {}
[74.928056] (-) TimerEvent: {}
[75.028278] (-) TimerEvent: {}
[75.128663] (-) TimerEvent: {}
[75.228956] (-) TimerEvent: {}
[75.329195] (-) TimerEvent: {}
[75.429476] (-) TimerEvent: {}
[75.529840] (-) TimerEvent: {}
[75.630113] (-) TimerEvent: {}
[75.730338] (-) TimerEvent: {}
[75.830603] (-) TimerEvent: {}
[75.930840] (-) TimerEvent: {}
[76.031366] (-) TimerEvent: {}
[76.131767] (-) TimerEvent: {}
[76.232052] (-) TimerEvent: {}
[76.332298] (-) TimerEvent: {}
[76.432569] (-) TimerEvent: {}
[76.532828] (-) TimerEvent: {}
[76.633105] (-) TimerEvent: {}
[76.733351] (-) TimerEvent: {}
[76.833701] (-) TimerEvent: {}
[76.933946] (-) TimerEvent: {}
[77.034212] (-) TimerEvent: {}
[77.134491] (-) TimerEvent: {}
[77.234764] (-) TimerEvent: {}
[77.335034] (-) TimerEvent: {}
[77.435315] (-) TimerEvent: {}
[77.535601] (-) TimerEvent: {}
[77.635810] (-) TimerEvent: {}
[77.736085] (-) TimerEvent: {}
[77.836365] (-) TimerEvent: {}
[77.936653] (-) TimerEvent: {}
[78.036922] (-) TimerEvent: {}
[78.137176] (-) TimerEvent: {}
[78.237423] (-) TimerEvent: {}
[78.337696] (-) TimerEvent: {}
[78.438271] (-) TimerEvent: {}
[78.538561] (-) TimerEvent: {}
[78.638852] (-) TimerEvent: {}
[78.739242] (-) TimerEvent: {}
[78.839521] (-) TimerEvent: {}
[78.939774] (-) TimerEvent: {}
[79.039987] (-) TimerEvent: {}
[79.140251] (-) TimerEvent: {}
[79.240477] (-) TimerEvent: {}
[79.340749] (-) TimerEvent: {}
[79.441070] (-) TimerEvent: {}
[79.541407] (-) TimerEvent: {}
[79.641686] (-) TimerEvent: {}
[79.741979] (-) TimerEvent: {}
[79.842253] (-) TimerEvent: {}
[79.942560] (-) TimerEvent: {}
[80.042831] (-) TimerEvent: {}
[80.143273] (-) TimerEvent: {}
[80.243707] (-) TimerEvent: {}
[80.344187] (-) TimerEvent: {}
[80.444424] (-) TimerEvent: {}
[80.544727] (-) TimerEvent: {}
[80.644981] (-) TimerEvent: {}
[80.745187] (-) TimerEvent: {}
[80.845432] (-) TimerEvent: {}
[80.945741] (-) TimerEvent: {}
[81.046116] (-) TimerEvent: {}
[81.146502] (-) TimerEvent: {}
[81.246778] (-) TimerEvent: {}
[81.346983] (-) TimerEvent: {}
[81.447205] (-) TimerEvent: {}
[81.547447] (-) TimerEvent: {}
[81.647716] (-) TimerEvent: {}
[81.748355] (-) TimerEvent: {}
[81.848633] (-) TimerEvent: {}
[81.948910] (-) TimerEvent: {}
[82.049757] (-) TimerEvent: {}
[82.150047] (-) TimerEvent: {}
[82.250352] (-) TimerEvent: {}
[82.350721] (-) TimerEvent: {}
[82.450985] (-) TimerEvent: {}
[82.551223] (-) TimerEvent: {}
[82.651477] (-) TimerEvent: {}
[82.751753] (-) TimerEvent: {}
[82.852001] (-) TimerEvent: {}
[82.952329] (-) TimerEvent: {}
[83.052603] (-) TimerEvent: {}
[83.152850] (-) TimerEvent: {}
[83.253204] (-) TimerEvent: {}
[83.353458] (-) TimerEvent: {}
[83.453732] (-) TimerEvent: {}
[83.554017] (-) TimerEvent: {}
[83.654326] (-) TimerEvent: {}
[83.754663] (-) TimerEvent: {}
[83.855221] (-) TimerEvent: {}
[83.955650] (-) TimerEvent: {}
[84.055995] (-) TimerEvent: {}
[84.156685] (-) TimerEvent: {}
[84.257423] (-) TimerEvent: {}
[84.357715] (-) TimerEvent: {}
[84.457970] (-) TimerEvent: {}
[84.558210] (-) TimerEvent: {}
[84.658579] (-) TimerEvent: {}
[84.759189] (-) TimerEvent: {}
[84.859433] (-) TimerEvent: {}
[84.959660] (-) TimerEvent: {}
[85.059963] (-) TimerEvent: {}
[85.160245] (-) TimerEvent: {}
[85.260529] (-) TimerEvent: {}
[85.360822] (-) TimerEvent: {}
[85.461143] (-) TimerEvent: {}
[85.561380] (-) TimerEvent: {}
[85.661664] (-) TimerEvent: {}
[85.761959] (-) TimerEvent: {}
[85.862144] (-) TimerEvent: {}
[85.962412] (-) TimerEvent: {}
[86.062655] (-) TimerEvent: {}
[86.163012] (-) TimerEvent: {}
[86.263303] (-) TimerEvent: {}
[86.363570] (-) TimerEvent: {}
[86.463835] (-) TimerEvent: {}
[86.564305] (-) TimerEvent: {}
[86.664597] (-) TimerEvent: {}
[86.764868] (-) TimerEvent: {}
[86.865251] (-) TimerEvent: {}
[86.965516] (-) TimerEvent: {}
[87.065802] (-) TimerEvent: {}
[87.166099] (-) TimerEvent: {}
[87.266355] (-) TimerEvent: {}
[87.366626] (-) TimerEvent: {}
[87.466988] (-) TimerEvent: {}
[87.567243] (-) TimerEvent: {}
[87.667496] (-) TimerEvent: {}
[87.767733] (-) TimerEvent: {}
[87.867977] (-) TimerEvent: {}
[87.968207] (-) TimerEvent: {}
[88.068461] (-) TimerEvent: {}
[88.169045] (-) TimerEvent: {}
[88.269343] (-) TimerEvent: {}
[88.369713] (-) TimerEvent: {}
[88.470283] (-) TimerEvent: {}
[88.570758] (-) TimerEvent: {}
[88.671628] (-) TimerEvent: {}
[88.772815] (-) TimerEvent: {}
[88.874001] (-) TimerEvent: {}
[88.888426] (mission_layer_mvibot) StderrLine: {'line': b'\x1b[01m\x1b[K/home/mvibot/floorCleaningRobot_ws/src/mission_layer_mvibot/src/../include/mission_layer_mvibot/mvibot_mission/navigation_function.h:\x1b[m\x1b[K In member function \xe2\x80\x98\x1b[01m\x1b[Kvoid navigation_function::\x1b[01;32m\x1b[Kset_initial_robot\x1b[m\x1b[K(const std::string&)\x1b[m\x1b[K\xe2\x80\x99:\n'}
[88.888907] (mission_layer_mvibot) StderrLine: {'line': b'\x1b[01m\x1b[K/home/mvibot/floorCleaningRobot_ws/src/mission_layer_mvibot/src/../include/mission_layer_mvibot/mvibot_mission/navigation_function.h:260:13:\x1b[m\x1b[K \x1b[01;35m\x1b[Kwarning: \x1b[m\x1b[K\xe2\x80\x98\x1b[01m\x1b[Kx\x1b[m\x1b[K\xe2\x80\x99 may be used uninitialized [\x1b[01;35m\x1b[K\x1b]8;;https://gcc.gnu.org/onlinedocs/gcc/Warning-Options.html#index-Wmaybe-uninitialized\x07-Wmaybe-uninitialized\x1b]8;;\x07\x1b[m\x1b[K]\n'}
[88.889099] (mission_layer_mvibot) StderrLine: {'line': b'  260 |     \x1b[01;35m\x1b[Kpub_amcl(x,y,thz,thw)\x1b[m\x1b[K;\n'}
[88.889225] (mission_layer_mvibot) StderrLine: {'line': b'      |     \x1b[01;35m\x1b[K~~~~~~~~^~~~~~~~~~~~~\x1b[m\x1b[K\n'}
[88.889347] (mission_layer_mvibot) StderrLine: {'line': b'\x1b[01m\x1b[K/home/mvibot/floorCleaningRobot_ws/src/mission_layer_mvibot/src/../include/mission_layer_mvibot/mvibot_mission/navigation_function.h:252:18:\x1b[m\x1b[K \x1b[01;36m\x1b[Knote: \x1b[m\x1b[K\xe2\x80\x98\x1b[01m\x1b[Kx\x1b[m\x1b[K\xe2\x80\x99 was declared here\n'}
[88.889467] (mission_layer_mvibot) StderrLine: {'line': b'  252 |     double value,\x1b[01;36m\x1b[Kx\x1b[m\x1b[K,y,thz,thw;\n'}
[88.889579] (mission_layer_mvibot) StderrLine: {'line': b'      |                  \x1b[01;36m\x1b[K^\x1b[m\x1b[K\n'}
[88.889708] (mission_layer_mvibot) StderrLine: {'line': b'\x1b[01m\x1b[K/home/mvibot/floorCleaningRobot_ws/src/mission_layer_mvibot/src/../include/mission_layer_mvibot/mvibot_mission/navigation_function.h:260:13:\x1b[m\x1b[K \x1b[01;35m\x1b[Kwarning: \x1b[m\x1b[K\xe2\x80\x98\x1b[01m\x1b[Ky\x1b[m\x1b[K\xe2\x80\x99 may be used uninitialized [\x1b[01;35m\x1b[K\x1b]8;;https://gcc.gnu.org/onlinedocs/gcc/Warning-Options.html#index-Wmaybe-uninitialized\x07-Wmaybe-uninitialized\x1b]8;;\x07\x1b[m\x1b[K]\n'}
[88.889852] (mission_layer_mvibot) StderrLine: {'line': b'  260 |     \x1b[01;35m\x1b[Kpub_amcl(x,y,thz,thw)\x1b[m\x1b[K;\n'}
[88.889986] (mission_layer_mvibot) StderrLine: {'line': b'      |     \x1b[01;35m\x1b[K~~~~~~~~^~~~~~~~~~~~~\x1b[m\x1b[K\n'}
[88.890111] (mission_layer_mvibot) StderrLine: {'line': b'\x1b[01m\x1b[K/home/mvibot/floorCleaningRobot_ws/src/mission_layer_mvibot/src/../include/mission_layer_mvibot/mvibot_mission/navigation_function.h:252:20:\x1b[m\x1b[K \x1b[01;36m\x1b[Knote: \x1b[m\x1b[K\xe2\x80\x98\x1b[01m\x1b[Ky\x1b[m\x1b[K\xe2\x80\x99 was declared here\n'}
[88.890242] (mission_layer_mvibot) StderrLine: {'line': b'  252 |     double value,x,\x1b[01;36m\x1b[Ky\x1b[m\x1b[K,thz,thw;\n'}
[88.890386] (mission_layer_mvibot) StderrLine: {'line': b'      |                    \x1b[01;36m\x1b[K^\x1b[m\x1b[K\n'}
[88.890524] (mission_layer_mvibot) StderrLine: {'line': b'\x1b[01m\x1b[K/home/mvibot/floorCleaningRobot_ws/src/mission_layer_mvibot/src/../include/mission_layer_mvibot/mvibot_mission/navigation_function.h:260:13:\x1b[m\x1b[K \x1b[01;35m\x1b[Kwarning: \x1b[m\x1b[K\xe2\x80\x98\x1b[01m\x1b[Kthz\x1b[m\x1b[K\xe2\x80\x99 may be used uninitialized [\x1b[01;35m\x1b[K\x1b]8;;https://gcc.gnu.org/onlinedocs/gcc/Warning-Options.html#index-Wmaybe-uninitialized\x07-Wmaybe-uninitialized\x1b]8;;\x07\x1b[m\x1b[K]\n'}
[88.890678] (mission_layer_mvibot) StderrLine: {'line': b'  260 |     \x1b[01;35m\x1b[Kpub_amcl(x,y,thz,thw)\x1b[m\x1b[K;\n'}
[88.890814] (mission_layer_mvibot) StderrLine: {'line': b'      |     \x1b[01;35m\x1b[K~~~~~~~~^~~~~~~~~~~~~\x1b[m\x1b[K\n'}
[88.890969] (mission_layer_mvibot) StderrLine: {'line': b'\x1b[01m\x1b[K/home/mvibot/floorCleaningRobot_ws/src/mission_layer_mvibot/src/../include/mission_layer_mvibot/mvibot_mission/navigation_function.h:252:22:\x1b[m\x1b[K \x1b[01;36m\x1b[Knote: \x1b[m\x1b[K\xe2\x80\x98\x1b[01m\x1b[Kthz\x1b[m\x1b[K\xe2\x80\x99 was declared here\n'}
[88.891106] (mission_layer_mvibot) StderrLine: {'line': b'  252 |     double value,x,y,\x1b[01;36m\x1b[Kthz\x1b[m\x1b[K,thw;\n'}
[88.891399] (mission_layer_mvibot) StderrLine: {'line': b'      |                      \x1b[01;36m\x1b[K^~~\x1b[m\x1b[K\n'}
[88.891531] (mission_layer_mvibot) StderrLine: {'line': b'\x1b[01m\x1b[K/home/mvibot/floorCleaningRobot_ws/src/mission_layer_mvibot/src/../include/mission_layer_mvibot/mvibot_mission/navigation_function.h:260:13:\x1b[m\x1b[K \x1b[01;35m\x1b[Kwarning: \x1b[m\x1b[K\xe2\x80\x98\x1b[01m\x1b[Kthw\x1b[m\x1b[K\xe2\x80\x99 may be used uninitialized [\x1b[01;35m\x1b[K\x1b]8;;https://gcc.gnu.org/onlinedocs/gcc/Warning-Options.html#index-Wmaybe-uninitialized\x07-Wmaybe-uninitialized\x1b]8;;\x07\x1b[m\x1b[K]\n'}
[88.891649] (mission_layer_mvibot) StderrLine: {'line': b'  260 |     \x1b[01;35m\x1b[Kpub_amcl(x,y,thz,thw)\x1b[m\x1b[K;\n'}
[88.891766] (mission_layer_mvibot) StderrLine: {'line': b'      |     \x1b[01;35m\x1b[K~~~~~~~~^~~~~~~~~~~~~\x1b[m\x1b[K\n'}
[88.891875] (mission_layer_mvibot) StderrLine: {'line': b'\x1b[01m\x1b[K/home/mvibot/floorCleaningRobot_ws/src/mission_layer_mvibot/src/../include/mission_layer_mvibot/mvibot_mission/navigation_function.h:252:26:\x1b[m\x1b[K \x1b[01;36m\x1b[Knote: \x1b[m\x1b[K\xe2\x80\x98\x1b[01m\x1b[Kthw\x1b[m\x1b[K\xe2\x80\x99 was declared here\n'}
[88.892009] (mission_layer_mvibot) StderrLine: {'line': b'  252 |     double value,x,y,thz,\x1b[01;36m\x1b[Kthw\x1b[m\x1b[K;\n'}
[88.892118] (mission_layer_mvibot) StderrLine: {'line': b'      |                          \x1b[01;36m\x1b[K^~~\x1b[m\x1b[K\n'}
[88.974130] (-) TimerEvent: {}
[89.074414] (-) TimerEvent: {}
[89.174768] (-) TimerEvent: {}
[89.275071] (-) TimerEvent: {}
[89.375314] (-) TimerEvent: {}
[89.475599] (-) TimerEvent: {}
[89.575877] (-) TimerEvent: {}
[89.676154] (-) TimerEvent: {}
[89.776398] (-) TimerEvent: {}
[89.876677] (-) TimerEvent: {}
[89.976985] (-) TimerEvent: {}
[90.077533] (-) TimerEvent: {}
[90.177818] (-) TimerEvent: {}
[90.278078] (-) TimerEvent: {}
[90.378342] (-) TimerEvent: {}
[90.478565] (-) TimerEvent: {}
[90.578805] (-) TimerEvent: {}
[90.679059] (-) TimerEvent: {}
[90.766552] (mission_layer_mvibot) StderrLine: {'line': b'\x1b[01m\x1b[K/home/mvibot/floorCleaningRobot_ws/src/mission_layer_mvibot/src/../include/mission_layer_mvibot/mvibot_mission/manage_mission.h:\x1b[m\x1b[K In member function \xe2\x80\x98\x1b[01m\x1b[Kint manage_mission::\x1b[01;32m\x1b[Kexecute_content\x1b[m\x1b[K(mission&, std::vector<std::__cxx11::basic_string<char>, std::allocator<std::__cxx11::basic_string<char> > >&, std::string&, int&)\x1b[m\x1b[K\xe2\x80\x99:\n'}
[90.766808] (mission_layer_mvibot) StderrLine: {'line': b'\x1b[01m\x1b[K/home/mvibot/floorCleaningRobot_ws/src/mission_layer_mvibot/src/../include/mission_layer_mvibot/mvibot_mission/manage_mission.h:1114:9:\x1b[m\x1b[K \x1b[01;35m\x1b[Kwarning: \x1b[m\x1b[K\xe2\x80\x98\x1b[01m\x1b[Kres\x1b[m\x1b[K\xe2\x80\x99 may be used uninitialized [\x1b[01;35m\x1b[K\x1b]8;;https://gcc.gnu.org/onlinedocs/gcc/Warning-Options.html#index-Wmaybe-uninitialized\x07-Wmaybe-uninitialized\x1b]8;;\x07\x1b[m\x1b[K]\n'}
[90.766963] (mission_layer_mvibot) StderrLine: {'line': b' 1114 |         \x1b[01;35m\x1b[Kif\x1b[m\x1b[K(res == Finish_) queue_content.erase(queue_content.begin());\n'}
[90.767088] (mission_layer_mvibot) StderrLine: {'line': b'      |         \x1b[01;35m\x1b[K^~\x1b[m\x1b[K\n'}
[90.767159] (mission_layer_mvibot) StderrLine: {'line': b'\x1b[01m\x1b[K/home/mvibot/floorCleaningRobot_ws/src/mission_layer_mvibot/src/../include/mission_layer_mvibot/mvibot_mission/manage_mission.h:1100:13:\x1b[m\x1b[K \x1b[01;36m\x1b[Knote: \x1b[m\x1b[K\xe2\x80\x98\x1b[01m\x1b[Kres\x1b[m\x1b[K\xe2\x80\x99 was declared here\n'}
[90.767239] (mission_layer_mvibot) StderrLine: {'line': b' 1100 |         int \x1b[01;36m\x1b[Kres\x1b[m\x1b[K;\n'}
[90.767315] (mission_layer_mvibot) StderrLine: {'line': b'      |             \x1b[01;36m\x1b[K^~~\x1b[m\x1b[K\n'}
[90.779151] (-) TimerEvent: {}
[90.879416] (-) TimerEvent: {}
[90.979693] (-) TimerEvent: {}
[91.080004] (-) TimerEvent: {}
[91.180340] (-) TimerEvent: {}
[91.280617] (-) TimerEvent: {}
[91.380869] (-) TimerEvent: {}
[91.481127] (-) TimerEvent: {}
[91.581340] (-) TimerEvent: {}
[91.681656] (-) TimerEvent: {}
[91.781946] (-) TimerEvent: {}
[91.882220] (-) TimerEvent: {}
[91.982416] (-) TimerEvent: {}
[92.082663] (-) TimerEvent: {}
[92.182916] (-) TimerEvent: {}
[92.283193] (-) TimerEvent: {}
[92.383502] (-) TimerEvent: {}
[92.483805] (-) TimerEvent: {}
[92.584085] (-) TimerEvent: {}
[92.684359] (-) TimerEvent: {}
[92.784685] (-) TimerEvent: {}
[92.884973] (-) TimerEvent: {}
[92.985274] (-) TimerEvent: {}
[93.085513] (-) TimerEvent: {}
[93.185802] (-) TimerEvent: {}
[93.286058] (-) TimerEvent: {}
[93.386286] (-) TimerEvent: {}
[93.486508] (-) TimerEvent: {}
[93.586727] (-) TimerEvent: {}
[93.686982] (-) TimerEvent: {}
[93.787209] (-) TimerEvent: {}
[93.887519] (-) TimerEvent: {}
[93.987772] (-) TimerEvent: {}
[94.088005] (-) TimerEvent: {}
[94.188282] (-) TimerEvent: {}
[94.288523] (-) TimerEvent: {}
[94.388819] (-) TimerEvent: {}
[94.489134] (-) TimerEvent: {}
[94.589429] (-) TimerEvent: {}
[94.689708] (-) TimerEvent: {}
[94.789980] (-) TimerEvent: {}
[94.890210] (-) TimerEvent: {}
[94.990565] (-) TimerEvent: {}
[95.090954] (-) TimerEvent: {}
[95.191243] (-) TimerEvent: {}
[95.291617] (-) TimerEvent: {}
[95.391983] (-) TimerEvent: {}
[95.492273] (-) TimerEvent: {}
[95.592550] (-) TimerEvent: {}
[95.692778] (-) TimerEvent: {}
[95.793096] (-) TimerEvent: {}
[95.893355] (-) TimerEvent: {}
[95.993615] (-) TimerEvent: {}
[96.093890] (-) TimerEvent: {}
[96.194173] (-) TimerEvent: {}
[96.294405] (-) TimerEvent: {}
[96.394775] (-) TimerEvent: {}
[96.495093] (-) TimerEvent: {}
[96.595383] (-) TimerEvent: {}
[96.695654] (-) TimerEvent: {}
[96.795991] (-) TimerEvent: {}
[96.896881] (-) TimerEvent: {}
[96.997179] (-) TimerEvent: {}
[97.097451] (-) TimerEvent: {}
[97.197949] (-) TimerEvent: {}
[97.298215] (-) TimerEvent: {}
[97.398446] (-) TimerEvent: {}
[97.498687] (-) TimerEvent: {}
[97.598913] (-) TimerEvent: {}
[97.699169] (-) TimerEvent: {}
[97.799395] (-) TimerEvent: {}
[97.899656] (-) TimerEvent: {}
[97.999885] (-) TimerEvent: {}
[98.100111] (-) TimerEvent: {}
[98.200399] (-) TimerEvent: {}
[98.300687] (-) TimerEvent: {}
[98.400980] (-) TimerEvent: {}
[98.501261] (-) TimerEvent: {}
[98.601543] (-) TimerEvent: {}
[98.701840] (-) TimerEvent: {}
[98.802135] (-) TimerEvent: {}
[98.902336] (-) TimerEvent: {}
[99.002632] (-) TimerEvent: {}
[99.102890] (-) TimerEvent: {}
[99.203129] (-) TimerEvent: {}
[99.303348] (-) TimerEvent: {}
[99.403649] (-) TimerEvent: {}
[99.503955] (-) TimerEvent: {}
[99.604257] (-) TimerEvent: {}
[99.704683] (-) TimerEvent: {}
[99.805010] (-) TimerEvent: {}
[99.905324] (-) TimerEvent: {}
[100.005585] (-) TimerEvent: {}
[100.105913] (-) TimerEvent: {}
[100.206211] (-) TimerEvent: {}
[100.306513] (-) TimerEvent: {}
[100.406891] (-) TimerEvent: {}
[100.507519] (-) TimerEvent: {}
[100.607945] (-) TimerEvent: {}
[100.708332] (-) TimerEvent: {}
[100.808624] (-) TimerEvent: {}
[100.908958] (-) TimerEvent: {}
[101.009235] (-) TimerEvent: {}
[101.109578] (-) TimerEvent: {}
[101.210491] (-) TimerEvent: {}
[101.310790] (-) TimerEvent: {}
[101.411048] (-) TimerEvent: {}
[101.511285] (-) TimerEvent: {}
[101.611642] (-) TimerEvent: {}
[101.712008] (-) TimerEvent: {}
[101.812322] (-) TimerEvent: {}
[101.912520] (-) TimerEvent: {}
[102.012765] (-) TimerEvent: {}
[102.112975] (-) TimerEvent: {}
[102.213212] (-) TimerEvent: {}
[102.313444] (-) TimerEvent: {}
[102.413698] (-) TimerEvent: {}
[102.513937] (-) TimerEvent: {}
[102.614122] (-) TimerEvent: {}
[102.714360] (-) TimerEvent: {}
[102.814600] (-) TimerEvent: {}
[102.914842] (-) TimerEvent: {}
[103.015122] (-) TimerEvent: {}
[103.115397] (-) TimerEvent: {}
[103.215658] (-) TimerEvent: {}
[103.315894] (-) TimerEvent: {}
[103.416158] (-) TimerEvent: {}
[103.516410] (-) TimerEvent: {}
[103.616710] (-) TimerEvent: {}
[103.717054] (-) TimerEvent: {}
[103.817293] (-) TimerEvent: {}
[103.917530] (-) TimerEvent: {}
[104.017757] (-) TimerEvent: {}
[104.117980] (-) TimerEvent: {}
[104.218218] (-) TimerEvent: {}
[104.318461] (-) TimerEvent: {}
[104.418740] (-) TimerEvent: {}
[104.519212] (-) TimerEvent: {}
[104.619543] (-) TimerEvent: {}
[104.719870] (-) TimerEvent: {}
[104.820212] (-) TimerEvent: {}
[104.920455] (-) TimerEvent: {}
[105.020909] (-) TimerEvent: {}
[105.121178] (-) TimerEvent: {}
[105.221489] (-) TimerEvent: {}
[105.321707] (-) TimerEvent: {}
[105.422247] (-) TimerEvent: {}
[105.523270] (-) TimerEvent: {}
[105.623682] (-) TimerEvent: {}
[105.724106] (-) TimerEvent: {}
[105.824369] (-) TimerEvent: {}
[105.924616] (-) TimerEvent: {}
[106.024900] (-) TimerEvent: {}
[106.125440] (-) TimerEvent: {}
[106.225681] (-) TimerEvent: {}
[106.325903] (-) TimerEvent: {}
[106.426318] (-) TimerEvent: {}
[106.526587] (-) TimerEvent: {}
[106.626801] (-) TimerEvent: {}
[106.726986] (-) TimerEvent: {}
[106.827223] (-) TimerEvent: {}
[106.927443] (-) TimerEvent: {}
[107.027684] (-) TimerEvent: {}
[107.127943] (-) TimerEvent: {}
[107.228280] (-) TimerEvent: {}
[107.328543] (-) TimerEvent: {}
[107.428856] (-) TimerEvent: {}
[107.529111] (-) TimerEvent: {}
[107.586218] (mission_layer_mvibot) StdoutLine: {'line': b'[100%] \x1b[32m\x1b[1mLinking CXX executable mvibot_mission\x1b[0m\n'}
[107.629209] (-) TimerEvent: {}
[107.729512] (-) TimerEvent: {}
[107.829825] (-) TimerEvent: {}
[107.930050] (-) TimerEvent: {}
[108.030333] (-) TimerEvent: {}
[108.131006] (-) TimerEvent: {}
[108.231273] (-) TimerEvent: {}
[108.331513] (-) TimerEvent: {}
[108.431743] (-) TimerEvent: {}
[108.532007] (-) TimerEvent: {}
[108.564892] (mission_layer_mvibot) StdoutLine: {'line': b'[100%] Built target mvibot_mission\n'}
[108.585925] (mission_layer_mvibot) CommandEnded: {'returncode': 0}
[108.589510] (mission_layer_mvibot) JobProgress: {'identifier': 'mission_layer_mvibot', 'progress': 'install'}
[108.606401] (mission_layer_mvibot) Command: {'cmd': ['/usr/bin/cmake', '--install', '/home/mvibot/floorCleaningRobot_ws/build/mission_layer_mvibot'], 'cwd': '/home/mvibot/floorCleaningRobot_ws/build/mission_layer_mvibot', 'env': OrderedDict({'LESSOPEN': '| /usr/bin/lesspipe %s', 'USER': 'mvibot', 'SSH_CLIENT': '10.0.60.48 33556 22', 'GZ_CONFIG_PATH': '/opt/ros/jazzy/opt/gz_sim_vendor/share/gz:/opt/ros/jazzy/opt/sdformat_vendor/share/gz:/opt/ros/jazzy/opt/gz_gui_vendor/share/gz:/opt/ros/jazzy/opt/gz_transport_vendor/share/gz:/opt/ros/jazzy/opt/gz_rendering_vendor/share/gz:/opt/ros/jazzy/opt/gz_plugin_vendor/share/gz:/opt/ros/jazzy/opt/gz_fuel_tools_vendor/share/gz:/opt/ros/jazzy/opt/gz_msgs_vendor/share/gz:/opt/ros/jazzy/opt/gz_common_vendor/share/gz', 'XDG_SESSION_TYPE': 'tty', 'SHLVL': '1', 'LD_LIBRARY_PATH': '/home/mvibot/floorCleaningRobot_ws/install/opennav_coverage_msgs/lib:/home/mvibot/floorCleaningRobot_ws/install/tf2_web_republisher/lib:/home/mvibot/floorCleaningRobot_ws/install/tf2_web_republisher_interfaces/lib:/home/mvibot/floorCleaningRobot_ws/install/realsense2_camera/lib:/home/mvibot/floorCleaningRobot_ws/install/realsense2_camera_msgs/lib:/home/mvibot/floorCleaningRobot_ws/install/pointcloud_to_laserscan/lib:/home/mvibot/floorCleaningRobot_ws/install/opennav_row_coverage/lib:/home/mvibot/floorCleaningRobot_ws/install/opennav_coverage_navigator/lib:/home/mvibot/floorCleaningRobot_ws/install/opennav_coverage_bt/lib:/home/mvibot/floorCleaningRobot_ws/install/opennav_coverage/lib:/home/mvibot/floorCleaningRobot_ws/install/fields2cover/lib:/opt/ros/jazzy/opt/gz_sim_vendor/lib:/opt/ros/jazzy/opt/gz_sensors_vendor/lib:/opt/ros/jazzy/opt/gz_physics_vendor/lib:/opt/ros/jazzy/opt/sdformat_vendor/lib:/opt/ros/jazzy/opt/rviz_ogre_vendor/lib:/opt/ros/jazzy/lib/x86_64-linux-gnu:/opt/ros/jazzy/opt/gz_gui_vendor/lib:/opt/ros/jazzy/opt/gz_transport_vendor/lib:/opt/ros/jazzy/opt/gz_rendering_vendor/lib:/opt/ros/jazzy/opt/gz_plugin_vendor/lib:/opt/ros/jazzy/opt/gz_fuel_tools_vendor/lib:/opt/ros/jazzy/opt/gz_msgs_vendor/lib:/opt/ros/jazzy/opt/gz_common_vendor/lib:/opt/ros/jazzy/opt/gz_math_vendor/lib:/opt/ros/jazzy/opt/gz_utils_vendor/lib:/opt/ros/jazzy/opt/gz_tools_vendor/lib:/opt/ros/jazzy/opt/gz_ogre_next_vendor/lib:/opt/ros/jazzy/opt/gz_dartsim_vendor/lib:/opt/ros/jazzy/opt/gz_cmake_vendor/lib:/opt/ros/jazzy/lib', 'HOME': '/home/mvibot', 'OLDPWD': '/home/mvibot', 'NVM_BIN': '/home/mvibot/.nvm/versions/node/v24.12.0/bin', 'SSH_TTY': '/dev/pts/2', 'NVM_INC': '/home/mvibot/.nvm/versions/node/v24.12.0/include/node', 'ROS_PYTHON_VERSION': '3', 'DBUS_SESSION_BUS_ADDRESS': 'unix:path=/run/user/1000/bus', 'NVM_DIR': '/home/mvibot/.nvm', 'DEBUGINFOD_URLS': 'https://debuginfod.ubuntu.com', 'COLCON_PREFIX_PATH': '/home/mvibot/floorCleaningRobot_ws/install', 'ROS_DISTRO': 'jazzy', 'LOGNAME': 'mvibot', '_': '/usr/bin/colcon', 'ROS_VERSION': '2', 'PKG_CONFIG_PATH': '/home/mvibot/floorCleaningRobot_ws/install/fields2cover/lib/x86_64-linux-gnu/pkgconfig:/home/mvibot/floorCleaningRobot_ws/install/fields2cover/lib/pkgconfig', 'XDG_SESSION_CLASS': 'user', 'TERM': 'xterm-256color', 'XDG_SESSION_ID': '23', 'PATH': '/home/mvibot/.nvm/versions/node/v24.12.0/bin:/opt/ros/jazzy/opt/gz_msgs_vendor/bin:/opt/ros/jazzy/opt/gz_tools_vendor/bin:/opt/ros/jazzy/opt/gz_ogre_next_vendor/bin:/opt/ros/jazzy/bin:/usr/local/sbin:/usr/local/bin:/usr/sbin:/usr/bin:/sbin:/bin:/usr/games:/usr/local/games:/snap/bin', 'XDG_RUNTIME_DIR': '/run/user/1000', 'LANG': 'en_US.UTF-8', 'RMW_IMPLEMENTATION': 'rmw_fastrtps_cpp', 'LS_COLORS': 'rs=0:di=01;34:ln=01;36:mh=00:pi=40;33:so=01;35:do=01;35:bd=40;33;01:cd=40;33;01:or=40;31;01:mi=00:su=37;41:sg=30;43:ca=00:tw=30;42:ow=34;42:st=37;44:ex=01;32:*.tar=01;31:*.tgz=01;31:*.arc=01;31:*.arj=01;31:*.taz=01;31:*.lha=01;31:*.lz4=01;31:*.lzh=01;31:*.lzma=01;31:*.tlz=01;31:*.txz=01;31:*.tzo=01;31:*.t7z=01;31:*.zip=01;31:*.z=01;31:*.dz=01;31:*.gz=01;31:*.lrz=01;31:*.lz=01;31:*.lzo=01;31:*.xz=01;31:*.zst=01;31:*.tzst=01;31:*.bz2=01;31:*.bz=01;31:*.tbz=01;31:*.tbz2=01;31:*.tz=01;31:*.deb=01;31:*.rpm=01;31:*.jar=01;31:*.war=01;31:*.ear=01;31:*.sar=01;31:*.rar=01;31:*.alz=01;31:*.ace=01;31:*.zoo=01;31:*.cpio=01;31:*.7z=01;31:*.rz=01;31:*.cab=01;31:*.wim=01;31:*.swm=01;31:*.dwm=01;31:*.esd=01;31:*.avif=01;35:*.jpg=01;35:*.jpeg=01;35:*.mjpg=01;35:*.mjpeg=01;35:*.gif=01;35:*.bmp=01;35:*.pbm=01;35:*.pgm=01;35:*.ppm=01;35:*.tga=01;35:*.xbm=01;35:*.xpm=01;35:*.tif=01;35:*.tiff=01;35:*.png=01;35:*.svg=01;35:*.svgz=01;35:*.mng=01;35:*.pcx=01;35:*.mov=01;35:*.mpg=01;35:*.mpeg=01;35:*.m2v=01;35:*.mkv=01;35:*.webm=01;35:*.webp=01;35:*.ogm=01;35:*.mp4=01;35:*.m4v=01;35:*.mp4v=01;35:*.vob=01;35:*.qt=01;35:*.nuv=01;35:*.wmv=01;35:*.asf=01;35:*.rm=01;35:*.rmvb=01;35:*.flc=01;35:*.avi=01;35:*.fli=01;35:*.flv=01;35:*.gl=01;35:*.dl=01;35:*.xcf=01;35:*.xwd=01;35:*.yuv=01;35:*.cgm=01;35:*.emf=01;35:*.ogv=01;35:*.ogx=01;35:*.aac=00;36:*.au=00;36:*.flac=00;36:*.m4a=00;36:*.mid=00;36:*.midi=00;36:*.mka=00;36:*.mp3=00;36:*.mpc=00;36:*.ogg=00;36:*.ra=00;36:*.wav=00;36:*.oga=00;36:*.opus=00;36:*.spx=00;36:*.xspf=00;36:*~=00;90:*#=00;90:*.bak=00;90:*.crdownload=00;90:*.dpkg-dist=00;90:*.dpkg-new=00;90:*.dpkg-old=00;90:*.dpkg-tmp=00;90:*.old=00;90:*.orig=00;90:*.part=00;90:*.rej=00;90:*.rpmnew=00;90:*.rpmorig=00;90:*.rpmsave=00;90:*.swp=00;90:*.tmp=00;90:*.ucf-dist=00;90:*.ucf-new=00;90:*.ucf-old=00;90:', 'ROS_DOMAIN_ID': '10', 'AMENT_PREFIX_PATH': '/home/mvibot/floorCleaningRobot_ws/install/tf2_web_republisher:/home/mvibot/floorCleaningRobot_ws/install/tf2_web_republisher_interfaces:/home/mvibot/floorCleaningRobot_ws/install/sllidar_ros2:/home/mvibot/floorCleaningRobot_ws/install/realsense2_description:/home/mvibot/floorCleaningRobot_ws/install/realsense2_camera:/home/mvibot/floorCleaningRobot_ws/install/realsense2_camera_msgs:/home/mvibot/floorCleaningRobot_ws/install/pointcloud_to_laserscan:/home/mvibot/floorCleaningRobot_ws/install/opennav_coverage_demo:/home/mvibot/floorCleaningRobot_ws/install/opennav_row_coverage:/home/mvibot/floorCleaningRobot_ws/install/opennav_coverage_navigator:/home/mvibot/floorCleaningRobot_ws/install/opennav_coverage_bt:/home/mvibot/floorCleaningRobot_ws/install/opennav_coverage:/home/mvibot/floorCleaningRobot_ws/install/mission_layer_mvibot:/home/mvibot/floorCleaningRobot_ws/install/opennav_coverage_msgs:/home/mvibot/floorCleaningRobot_ws/install/lower_layer_mvibot:/home/mvibot/floorCleaningRobot_ws/install/ira_laser_tools:/home/mvibot/floorCleaningRobot_ws/install/higher_layer_mvibot:/opt/ros/jazzy', 'SHELL': '/bin/bash', 'LESSCLOSE': '/usr/bin/lesspipe %s %s', 'ROS_AUTOMATIC_DISCOVERY_RANGE': 'SUBNET', 'PWD': '/home/mvibot/floorCleaningRobot_ws/build/mission_layer_mvibot', 'LC_ALL': 'en_US.UTF-8', 'SSH_CONNECTION': '10.0.60.48 33556 10.0.70.69 22', 'NVM_CD_FLAGS': '', 'XDG_DATA_DIRS': '/usr/share/gnome:/usr/local/share:/usr/share:/var/lib/snapd/desktop', 'PYTHONPATH': '/home/mvibot/floorCleaningRobot_ws/install/opennav_coverage_msgs/lib/python3.12/site-packages:/home/mvibot/floorCleaningRobot_ws/install/tf2_web_republisher_interfaces/lib/python3.12/site-packages:/home/mvibot/floorCleaningRobot_ws/install/realsense2_camera_msgs/lib/python3.12/site-packages:/home/mvibot/floorCleaningRobot_ws/build/opennav_coverage_demo:/home/mvibot/floorCleaningRobot_ws/install/opennav_coverage_demo/lib/python3.12/site-packages:/opt/ros/jazzy/lib/python3.12/site-packages', 'COLCON': '1', 'CMAKE_PREFIX_PATH': '/home/mvibot/floorCleaningRobot_ws/install/opennav_coverage_msgs:/home/mvibot/floorCleaningRobot_ws/install/tf2_web_republisher:/home/mvibot/floorCleaningRobot_ws/install/tf2_web_republisher_interfaces:/home/mvibot/floorCleaningRobot_ws/install/sllidar_ros2:/home/mvibot/floorCleaningRobot_ws/install/realsense2_description:/home/mvibot/floorCleaningRobot_ws/install/realsense2_camera:/home/mvibot/floorCleaningRobot_ws/install/realsense2_camera_msgs:/home/mvibot/floorCleaningRobot_ws/install/pointcloud_to_laserscan:/home/mvibot/floorCleaningRobot_ws/install/opennav_row_coverage:/home/mvibot/floorCleaningRobot_ws/install/opennav_coverage_navigator:/home/mvibot/floorCleaningRobot_ws/install/opennav_coverage_bt:/home/mvibot/floorCleaningRobot_ws/install/opennav_coverage:/home/mvibot/floorCleaningRobot_ws/install/mission_layer_mvibot:/home/mvibot/floorCleaningRobot_ws/install/lower_layer_mvibot:/home/mvibot/floorCleaningRobot_ws/install/ira_laser_tools:/home/mvibot/floorCleaningRobot_ws/install/higher_layer_mvibot:/home/mvibot/floorCleaningRobot_ws/install/fields2cover:/opt/ros/jazzy/opt/gz_sim_vendor:/opt/ros/jazzy/opt/gz_sensors_vendor:/opt/ros/jazzy/opt/gz_physics_vendor:/opt/ros/jazzy/opt/sdformat_vendor:/opt/ros/jazzy/opt/gz_gui_vendor:/opt/ros/jazzy/opt/gz_transport_vendor:/opt/ros/jazzy/opt/gz_rendering_vendor:/opt/ros/jazzy/opt/gz_plugin_vendor:/opt/ros/jazzy/opt/gz_fuel_tools_vendor:/opt/ros/jazzy/opt/gz_msgs_vendor:/opt/ros/jazzy/opt/gz_common_vendor:/opt/ros/jazzy/opt/gz_math_vendor:/opt/ros/jazzy/opt/gz_utils_vendor:/opt/ros/jazzy/opt/gz_tools_vendor:/opt/ros/jazzy/opt/gz_ogre_next_vendor:/opt/ros/jazzy/opt/gz_dartsim_vendor:/opt/ros/jazzy/opt/gz_cmake_vendor:/home/mvibot/floorCleaningRobot_ws/install/opennav_coverage_demo:/opt/ros/jazzy'}), 'shell': False}
[108.621499] (mission_layer_mvibot) StdoutLine: {'line': b'-- Install configuration: "Release"\n'}
[108.624136] (mission_layer_mvibot) StdoutLine: {'line': b'-- Execute custom install script\n'}
[108.629125] (mission_layer_mvibot) StdoutLine: {'line': b'-- Up-to-date symlink: /home/mvibot/floorCleaningRobot_ws/install/mission_layer_mvibot/share/mission_layer_mvibot//launch/mvibot_amcl_launch.py\n'}
[108.629549] (mission_layer_mvibot) StdoutLine: {'line': b'-- Up-to-date symlink: /home/mvibot/floorCleaningRobot_ws/install/mission_layer_mvibot/share/mission_layer_mvibot//launch/mvibot_behavior_launch.py\n'}
[108.629977] (mission_layer_mvibot) StdoutLine: {'line': b'-- Up-to-date symlink: /home/mvibot/floorCleaningRobot_ws/install/mission_layer_mvibot/share/mission_layer_mvibot//launch/mvibot_bt_navigator_launch.py\n'}
[108.630263] (mission_layer_mvibot) StdoutLine: {'line': b'-- Up-to-date symlink: /home/mvibot/floorCleaningRobot_ws/install/mission_layer_mvibot/share/mission_layer_mvibot//launch/mvibot_collision_monitor_launch.py\n'}
[108.630586] (mission_layer_mvibot) StdoutLine: {'line': b'-- Up-to-date symlink: /home/mvibot/floorCleaningRobot_ws/install/mission_layer_mvibot/share/mission_layer_mvibot//launch/mvibot_controller_launch.py\n'}
[108.630937] (mission_layer_mvibot) StdoutLine: {'line': b'-- Up-to-date symlink: /home/mvibot/floorCleaningRobot_ws/install/mission_layer_mvibot/share/mission_layer_mvibot//launch/mvibot_lifecycle_manager_navigation_launch.py\n'}
[108.631269] (mission_layer_mvibot) StdoutLine: {'line': b'-- Up-to-date symlink: /home/mvibot/floorCleaningRobot_ws/install/mission_layer_mvibot/share/mission_layer_mvibot//launch/mvibot_manage_mission_launch.py\n'}
[108.631596] (mission_layer_mvibot) StdoutLine: {'line': b'-- Up-to-date symlink: /home/mvibot/floorCleaningRobot_ws/install/mission_layer_mvibot/share/mission_layer_mvibot//launch/mvibot_mission_launch.py\n'}
[108.631901] (mission_layer_mvibot) StdoutLine: {'line': b'-- Up-to-date symlink: /home/mvibot/floorCleaningRobot_ws/install/mission_layer_mvibot/share/mission_layer_mvibot//launch/mvibot_navigation_launch.py\n'}
[108.632033] (-) TimerEvent: {}
[108.632205] (mission_layer_mvibot) StdoutLine: {'line': b'-- Up-to-date symlink: /home/mvibot/floorCleaningRobot_ws/install/mission_layer_mvibot/share/mission_layer_mvibot//launch/mvibot_opennav_coverage_launch.py\n'}
[108.632390] (mission_layer_mvibot) StdoutLine: {'line': b'-- Up-to-date symlink: /home/mvibot/floorCleaningRobot_ws/install/mission_layer_mvibot/share/mission_layer_mvibot//launch/mvibot_planner_launch.py\n'}
[108.632543] (mission_layer_mvibot) StdoutLine: {'line': b'-- Up-to-date symlink: /home/mvibot/floorCleaningRobot_ws/install/mission_layer_mvibot/share/mission_layer_mvibot//launch/mvibot_smoother_launch.py\n'}
[108.632719] (mission_layer_mvibot) StdoutLine: {'line': b'-- Up-to-date symlink: /home/mvibot/floorCleaningRobot_ws/install/mission_layer_mvibot/share/mission_layer_mvibot//launch/mvibot_velocity_smoother_launch.py\n'}
[108.632902] (mission_layer_mvibot) StdoutLine: {'line': b'-- Up-to-date symlink: /home/mvibot/floorCleaningRobot_ws/install/mission_layer_mvibot/share/mission_layer_mvibot//launch/mvibot_waypoint_follower_launch.py\n'}
[108.634441] (mission_layer_mvibot) StdoutLine: {'line': b'-- Up-to-date symlink: /home/mvibot/floorCleaningRobot_ws/install/mission_layer_mvibot/lib/mission_layer_mvibot/mvibot_mission\n'}
[108.635125] (mission_layer_mvibot) StdoutLine: {'line': b'-- Up-to-date symlink: /home/mvibot/floorCleaningRobot_ws/install/mission_layer_mvibot/share/ament_index/resource_index/package_run_dependencies/mission_layer_mvibot\n'}
[108.635916] (mission_layer_mvibot) StdoutLine: {'line': b'-- Up-to-date symlink: /home/mvibot/floorCleaningRobot_ws/install/mission_layer_mvibot/share/ament_index/resource_index/parent_prefix_path/mission_layer_mvibot\n'}
[108.636375] (mission_layer_mvibot) StdoutLine: {'line': b'-- Up-to-date symlink: /home/mvibot/floorCleaningRobot_ws/install/mission_layer_mvibot/share/mission_layer_mvibot/environment/ament_prefix_path.sh\n'}
[108.636685] (mission_layer_mvibot) StdoutLine: {'line': b'-- Up-to-date symlink: /home/mvibot/floorCleaningRobot_ws/install/mission_layer_mvibot/share/mission_layer_mvibot/environment/ament_prefix_path.dsv\n'}
[108.636978] (mission_layer_mvibot) StdoutLine: {'line': b'-- Up-to-date symlink: /home/mvibot/floorCleaningRobot_ws/install/mission_layer_mvibot/share/mission_layer_mvibot/environment/path.sh\n'}
[108.637236] (mission_layer_mvibot) StdoutLine: {'line': b'-- Up-to-date symlink: /home/mvibot/floorCleaningRobot_ws/install/mission_layer_mvibot/share/mission_layer_mvibot/environment/path.dsv\n'}
[108.637854] (mission_layer_mvibot) StdoutLine: {'line': b'-- Up-to-date symlink: /home/mvibot/floorCleaningRobot_ws/install/mission_layer_mvibot/share/mission_layer_mvibot/local_setup.bash\n'}
[108.638318] (mission_layer_mvibot) StdoutLine: {'line': b'-- Up-to-date symlink: /home/mvibot/floorCleaningRobot_ws/install/mission_layer_mvibot/share/mission_layer_mvibot/local_setup.sh\n'}
[108.639132] (mission_layer_mvibot) StdoutLine: {'line': b'-- Up-to-date symlink: /home/mvibot/floorCleaningRobot_ws/install/mission_layer_mvibot/share/mission_layer_mvibot/local_setup.zsh\n'}
[108.639327] (mission_layer_mvibot) StdoutLine: {'line': b'-- Up-to-date symlink: /home/mvibot/floorCleaningRobot_ws/install/mission_layer_mvibot/share/mission_layer_mvibot/local_setup.dsv\n'}
[108.639499] (mission_layer_mvibot) StdoutLine: {'line': b'-- Symlinking: /home/mvibot/floorCleaningRobot_ws/install/mission_layer_mvibot/share/mission_layer_mvibot/package.dsv\n'}
[108.657104] (mission_layer_mvibot) StdoutLine: {'line': b'-- Up-to-date symlink: /home/mvibot/floorCleaningRobot_ws/install/mission_layer_mvibot/share/ament_index/resource_index/packages/mission_layer_mvibot\n'}
[108.658115] (mission_layer_mvibot) StdoutLine: {'line': b'-- Up-to-date symlink: /home/mvibot/floorCleaningRobot_ws/install/mission_layer_mvibot/share/mission_layer_mvibot/cmake/mission_layer_mvibotConfig.cmake\n'}
[108.658481] (mission_layer_mvibot) StdoutLine: {'line': b'-- Up-to-date symlink: /home/mvibot/floorCleaningRobot_ws/install/mission_layer_mvibot/share/mission_layer_mvibot/cmake/mission_layer_mvibotConfig-version.cmake\n'}
[108.658959] (mission_layer_mvibot) StdoutLine: {'line': b'-- Up-to-date symlink: /home/mvibot/floorCleaningRobot_ws/install/mission_layer_mvibot/share/mission_layer_mvibot/package.xml\n'}
[108.661140] (mission_layer_mvibot) CommandEnded: {'returncode': 0}
[108.706863] (mission_layer_mvibot) JobEnded: {'identifier': 'mission_layer_mvibot', 'rc': 0}
[108.708652] (-) EventReactorShutdown: {}
