[0.000000] (-) TimerEvent: {}
[0.000888] (-) JobUnselected: {'identifier': 'fields2cover'}
[0.000962] (-) JobUnselected: {'identifier': 'higher_layer_mvibot'}
[0.000987] (-) JobUnselected: {'identifier': 'ira_laser_tools'}
[0.001011] (-) JobUnselected: {'identifier': 'lower_layer_mvibot'}
[0.001033] (-) JobUnselected: {'identifier': 'opennav_coverage'}
[0.001051] (-) JobUnselected: {'identifier': 'opennav_coverage_bt'}
[0.001069] (-) JobUnselected: {'identifier': 'opennav_coverage_demo'}
[0.001085] (-) JobUnselected: {'identifier': 'opennav_coverage_msgs'}
[0.001101] (-) JobUnselected: {'identifier': 'opennav_coverage_navigator'}
[0.001118] (-) JobUnselected: {'identifier': 'opennav_row_coverage'}
[0.001134] (-) JobUnselected: {'identifier': 'pointcloud_to_laserscan'}
[0.001150] (-) JobUnselected: {'identifier': 'realsense2_camera'}
[0.001166] (-) JobUnselected: {'identifier': 'realsense2_camera_msgs'}
[0.001182] (-) JobUnselected: {'identifier': 'realsense2_description'}
[0.001198] (-) JobUnselected: {'identifier': 'sllidar_ros2'}
[0.001214] (-) JobUnselected: {'identifier': 'tf2_web_republisher'}
[0.001230] (-) JobUnselected: {'identifier': 'tf2_web_republisher_interfaces'}
[0.001249] (mission_layer_mvibot) JobQueued: {'identifier': 'mission_layer_mvibot', 'dependencies': OrderedDict({'opennav_coverage_msgs': '/home/mvibot/floorCleaningRobot_ws/install/opennav_coverage_msgs'})}
[0.001281] (mission_layer_mvibot) JobStarted: {'identifier': 'mission_layer_mvibot'}
[0.024680] (mission_layer_mvibot) JobProgress: {'identifier': 'mission_layer_mvibot', 'progress': 'cmake'}
[0.026584] (mission_layer_mvibot) JobProgress: {'identifier': 'mission_layer_mvibot', 'progress': 'build'}
[0.027373] (mission_layer_mvibot) Command: {'cmd': ['/usr/bin/cmake', '--build', '/home/mvibot/floorCleaningRobot_ws/build/mission_layer_mvibot', '--', '-j8', '-l8'], 'cwd': '/home/mvibot/floorCleaningRobot_ws/build/mission_layer_mvibot', 'env': OrderedDict({'LESSOPEN': '| /usr/bin/lesspipe %s', 'USER': 'mvibot', 'SSH_CLIENT': '10.0.60.48 39610 22', 'GZ_CONFIG_PATH': '/opt/ros/jazzy/opt/gz_sim_vendor/share/gz:/opt/ros/jazzy/opt/sdformat_vendor/share/gz:/opt/ros/jazzy/opt/gz_gui_vendor/share/gz:/opt/ros/jazzy/opt/gz_transport_vendor/share/gz:/opt/ros/jazzy/opt/gz_rendering_vendor/share/gz:/opt/ros/jazzy/opt/gz_plugin_vendor/share/gz:/opt/ros/jazzy/opt/gz_fuel_tools_vendor/share/gz:/opt/ros/jazzy/opt/gz_msgs_vendor/share/gz:/opt/ros/jazzy/opt/gz_common_vendor/share/gz', 'XDG_SESSION_TYPE': 'tty', 'SHLVL': '1', 'LD_LIBRARY_PATH': '/home/mvibot/floorCleaningRobot_ws/install/opennav_coverage_msgs/lib:/home/mvibot/floorCleaningRobot_ws/install/tf2_web_republisher/lib:/home/mvibot/floorCleaningRobot_ws/install/tf2_web_republisher_interfaces/lib:/home/mvibot/floorCleaningRobot_ws/install/realsense2_camera/lib:/home/mvibot/floorCleaningRobot_ws/install/realsense2_camera_msgs/lib:/home/mvibot/floorCleaningRobot_ws/install/pointcloud_to_laserscan/lib:/home/mvibot/floorCleaningRobot_ws/install/opennav_row_coverage/lib:/home/mvibot/floorCleaningRobot_ws/install/opennav_coverage_navigator/lib:/home/mvibot/floorCleaningRobot_ws/install/opennav_coverage_bt/lib:/home/mvibot/floorCleaningRobot_ws/install/opennav_coverage/lib:/home/mvibot/floorCleaningRobot_ws/install/fields2cover/lib:/opt/ros/jazzy/opt/gz_sim_vendor/lib:/opt/ros/jazzy/opt/gz_sensors_vendor/lib:/opt/ros/jazzy/opt/gz_physics_vendor/lib:/opt/ros/jazzy/opt/sdformat_vendor/lib:/opt/ros/jazzy/opt/rviz_ogre_vendor/lib:/opt/ros/jazzy/lib/x86_64-linux-gnu:/opt/ros/jazzy/opt/gz_gui_vendor/lib:/opt/ros/jazzy/opt/gz_transport_vendor/lib:/opt/ros/jazzy/opt/gz_rendering_vendor/lib:/opt/ros/jazzy/opt/gz_plugin_vendor/lib:/opt/ros/jazzy/opt/gz_fuel_tools_vendor/lib:/opt/ros/jazzy/opt/gz_msgs_vendor/lib:/opt/ros/jazzy/opt/gz_common_vendor/lib:/opt/ros/jazzy/opt/gz_math_vendor/lib:/opt/ros/jazzy/opt/gz_utils_vendor/lib:/opt/ros/jazzy/opt/gz_tools_vendor/lib:/opt/ros/jazzy/opt/gz_ogre_next_vendor/lib:/opt/ros/jazzy/opt/gz_dartsim_vendor/lib:/opt/ros/jazzy/opt/gz_cmake_vendor/lib:/opt/ros/jazzy/lib', 'HOME': '/home/mvibot', 'OLDPWD': '/home/mvibot', 'NVM_BIN': '/home/mvibot/.nvm/versions/node/v24.12.0/bin', 'SSH_TTY': '/dev/pts/2', 'NVM_INC': '/home/mvibot/.nvm/versions/node/v24.12.0/include/node', 'ROS_PYTHON_VERSION': '3', 'DBUS_SESSION_BUS_ADDRESS': 'unix:path=/run/user/1000/bus', 'NVM_DIR': '/home/mvibot/.nvm', 'DEBUGINFOD_URLS': 'https://debuginfod.ubuntu.com', 'COLCON_PREFIX_PATH': '/home/mvibot/floorCleaningRobot_ws/install', 'ROS_DISTRO': 'jazzy', 'LOGNAME': 'mvibot', '_': '/usr/bin/colcon', 'ROS_VERSION': '2', 'PKG_CONFIG_PATH': '/home/mvibot/floorCleaningRobot_ws/install/fields2cover/lib/x86_64-linux-gnu/pkgconfig:/home/mvibot/floorCleaningRobot_ws/install/fields2cover/lib/pkgconfig', 'XDG_SESSION_CLASS': 'user', 'TERM': 'xterm-256color', 'XDG_SESSION_ID': '34', 'PATH': '/home/mvibot/.nvm/versions/node/v24.12.0/bin:/opt/ros/jazzy/opt/gz_msgs_vendor/bin:/opt/ros/jazzy/opt/gz_tools_vendor/bin:/opt/ros/jazzy/opt/gz_ogre_next_vendor/bin:/opt/ros/jazzy/bin:/usr/local/sbin:/usr/local/bin:/usr/sbin:/usr/bin:/sbin:/bin:/usr/games:/usr/local/games:/snap/bin', 'XDG_RUNTIME_DIR': '/run/user/1000', 'LANG': 'en_US.UTF-8', 'RMW_IMPLEMENTATION': 'rmw_fastrtps_cpp', 'LS_COLORS': 'rs=0:di=01;34:ln=01;36:mh=00:pi=40;33:so=01;35:do=01;35:bd=40;33;01:cd=40;33;01:or=40;31;01:mi=00:su=37;41:sg=30;43:ca=00:tw=30;42:ow=34;42:st=37;44:ex=01;32:*.tar=01;31:*.tgz=01;31:*.arc=01;31:*.arj=01;31:*.taz=01;31:*.lha=01;31:*.lz4=01;31:*.lzh=01;31:*.lzma=01;31:*.tlz=01;31:*.txz=01;31:*.tzo=01;31:*.t7z=01;31:*.zip=01;31:*.z=01;31:*.dz=01;31:*.gz=01;31:*.lrz=01;31:*.lz=01;31:*.lzo=01;31:*.xz=01;31:*.zst=01;31:*.tzst=01;31:*.bz2=01;31:*.bz=01;31:*.tbz=01;31:*.tbz2=01;31:*.tz=01;31:*.deb=01;31:*.rpm=01;31:*.jar=01;31:*.war=01;31:*.ear=01;31:*.sar=01;31:*.rar=01;31:*.alz=01;31:*.ace=01;31:*.zoo=01;31:*.cpio=01;31:*.7z=01;31:*.rz=01;31:*.cab=01;31:*.wim=01;31:*.swm=01;31:*.dwm=01;31:*.esd=01;31:*.avif=01;35:*.jpg=01;35:*.jpeg=01;35:*.mjpg=01;35:*.mjpeg=01;35:*.gif=01;35:*.bmp=01;35:*.pbm=01;35:*.pgm=01;35:*.ppm=01;35:*.tga=01;35:*.xbm=01;35:*.xpm=01;35:*.tif=01;35:*.tiff=01;35:*.png=01;35:*.svg=01;35:*.svgz=01;35:*.mng=01;35:*.pcx=01;35:*.mov=01;35:*.mpg=01;35:*.mpeg=01;35:*.m2v=01;35:*.mkv=01;35:*.webm=01;35:*.webp=01;35:*.ogm=01;35:*.mp4=01;35:*.m4v=01;35:*.mp4v=01;35:*.vob=01;35:*.qt=01;35:*.nuv=01;35:*.wmv=01;35:*.asf=01;35:*.rm=01;35:*.rmvb=01;35:*.flc=01;35:*.avi=01;35:*.fli=01;35:*.flv=01;35:*.gl=01;35:*.dl=01;35:*.xcf=01;35:*.xwd=01;35:*.yuv=01;35:*.cgm=01;35:*.emf=01;35:*.ogv=01;35:*.ogx=01;35:*.aac=00;36:*.au=00;36:*.flac=00;36:*.m4a=00;36:*.mid=00;36:*.midi=00;36:*.mka=00;36:*.mp3=00;36:*.mpc=00;36:*.ogg=00;36:*.ra=00;36:*.wav=00;36:*.oga=00;36:*.opus=00;36:*.spx=00;36:*.xspf=00;36:*~=00;90:*#=00;90:*.bak=00;90:*.crdownload=00;90:*.dpkg-dist=00;90:*.dpkg-new=00;90:*.dpkg-old=00;90:*.dpkg-tmp=00;90:*.old=00;90:*.orig=00;90:*.part=00;90:*.rej=00;90:*.rpmnew=00;90:*.rpmorig=00;90:*.rpmsave=00;90:*.swp=00;90:*.tmp=00;90:*.ucf-dist=00;90:*.ucf-new=00;90:*.ucf-old=00;90:', 'ROS_DOMAIN_ID': '10', 'AMENT_PREFIX_PATH': '/home/mvibot/floorCleaningRobot_ws/install/tf2_web_republisher:/home/mvibot/floorCleaningRobot_ws/install/tf2_web_republisher_interfaces:/home/mvibot/floorCleaningRobot_ws/install/sllidar_ros2:/home/mvibot/floorCleaningRobot_ws/install/realsense2_description:/home/mvibot/floorCleaningRobot_ws/install/realsense2_camera:/home/mvibot/floorCleaningRobot_ws/install/realsense2_camera_msgs:/home/mvibot/floorCleaningRobot_ws/install/pointcloud_to_laserscan:/home/mvibot/floorCleaningRobot_ws/install/opennav_coverage_demo:/home/mvibot/floorCleaningRobot_ws/install/opennav_row_coverage:/home/mvibot/floorCleaningRobot_ws/install/opennav_coverage_navigator:/home/mvibot/floorCleaningRobot_ws/install/opennav_coverage_bt:/home/mvibot/floorCleaningRobot_ws/install/opennav_coverage:/home/mvibot/floorCleaningRobot_ws/install/mission_layer_mvibot:/home/mvibot/floorCleaningRobot_ws/install/opennav_coverage_msgs:/home/mvibot/floorCleaningRobot_ws/install/lower_layer_mvibot:/home/mvibot/floorCleaningRobot_ws/install/ira_laser_tools:/home/mvibot/floorCleaningRobot_ws/install/higher_layer_mvibot:/opt/ros/jazzy', 'SHELL': '/bin/bash', 'LESSCLOSE': '/usr/bin/lesspipe %s %s', 'ROS_AUTOMATIC_DISCOVERY_RANGE': 'SUBNET', 'PWD': '/home/mvibot/floorCleaningRobot_ws/build/mission_layer_mvibot', 'LC_ALL': 'en_US.UTF-8', 'SSH_CONNECTION': '10.0.60.48 39610 10.0.70.69 22', 'NVM_CD_FLAGS': '', 'XDG_DATA_DIRS': '/usr/share/gnome:/usr/local/share:/usr/share:/var/lib/snapd/desktop', 'PYTHONPATH': '/home/mvibot/floorCleaningRobot_ws/install/opennav_coverage_msgs/lib/python3.12/site-packages:/home/mvibot/floorCleaningRobot_ws/install/tf2_web_republisher_interfaces/lib/python3.12/site-packages:/home/mvibot/floorCleaningRobot_ws/install/realsense2_camera_msgs/lib/python3.12/site-packages:/home/mvibot/floorCleaningRobot_ws/build/opennav_coverage_demo:/home/mvibot/floorCleaningRobot_ws/install/opennav_coverage_demo/lib/python3.12/site-packages:/opt/ros/jazzy/lib/python3.12/site-packages', 'COLCON': '1', 'CMAKE_PREFIX_PATH': '/home/mvibot/floorCleaningRobot_ws/install/opennav_coverage_msgs:/home/mvibot/floorCleaningRobot_ws/install/tf2_web_republisher:/home/mvibot/floorCleaningRobot_ws/install/tf2_web_republisher_interfaces:/home/mvibot/floorCleaningRobot_ws/install/sllidar_ros2:/home/mvibot/floorCleaningRobot_ws/install/realsense2_description:/home/mvibot/floorCleaningRobot_ws/install/realsense2_camera:/home/mvibot/floorCleaningRobot_ws/install/realsense2_camera_msgs:/home/mvibot/floorCleaningRobot_ws/install/pointcloud_to_laserscan:/home/mvibot/floorCleaningRobot_ws/install/opennav_row_coverage:/home/mvibot/floorCleaningRobot_ws/install/opennav_coverage_navigator:/home/mvibot/floorCleaningRobot_ws/install/opennav_coverage_bt:/home/mvibot/floorCleaningRobot_ws/install/opennav_coverage:/home/mvibot/floorCleaningRobot_ws/install/mission_layer_mvibot:/home/mvibot/floorCleaningRobot_ws/install/lower_layer_mvibot:/home/mvibot/floorCleaningRobot_ws/install/ira_laser_tools:/home/mvibot/floorCleaningRobot_ws/install/higher_layer_mvibot:/home/mvibot/floorCleaningRobot_ws/install/fields2cover:/opt/ros/jazzy/opt/gz_sim_vendor:/opt/ros/jazzy/opt/gz_sensors_vendor:/opt/ros/jazzy/opt/gz_physics_vendor:/opt/ros/jazzy/opt/sdformat_vendor:/opt/ros/jazzy/opt/gz_gui_vendor:/opt/ros/jazzy/opt/gz_transport_vendor:/opt/ros/jazzy/opt/gz_rendering_vendor:/opt/ros/jazzy/opt/gz_plugin_vendor:/opt/ros/jazzy/opt/gz_fuel_tools_vendor:/opt/ros/jazzy/opt/gz_msgs_vendor:/opt/ros/jazzy/opt/gz_common_vendor:/opt/ros/jazzy/opt/gz_math_vendor:/opt/ros/jazzy/opt/gz_utils_vendor:/opt/ros/jazzy/opt/gz_tools_vendor:/opt/ros/jazzy/opt/gz_ogre_next_vendor:/opt/ros/jazzy/opt/gz_dartsim_vendor:/opt/ros/jazzy/opt/gz_cmake_vendor:/home/mvibot/floorCleaningRobot_ws/install/opennav_coverage_demo:/opt/ros/jazzy'}), 'shell': False}
[0.099635] (-) TimerEvent: {}
[0.168141] (mission_layer_mvibot) StdoutLine: {'line': b'[ 50%] \x1b[32mBuilding CXX object CMakeFiles/mvibot_mission.dir/src/mvibot_mission.cpp.o\x1b[0m\n'}
[0.199692] (-) TimerEvent: {}
[0.299939] (-) TimerEvent: {}
[0.400186] (-) TimerEvent: {}
[0.500827] (-) TimerEvent: {}
[0.601041] (-) TimerEvent: {}
[0.701319] (-) TimerEvent: {}
[0.801664] (-) TimerEvent: {}
[0.901991] (-) TimerEvent: {}
[1.002228] (-) TimerEvent: {}
[1.102498] (-) TimerEvent: {}
[1.202748] (-) TimerEvent: {}
[1.303074] (-) TimerEvent: {}
[1.403341] (-) TimerEvent: {}
[1.503577] (-) TimerEvent: {}
[1.603822] (-) TimerEvent: {}
[1.704127] (-) TimerEvent: {}
[1.804312] (-) TimerEvent: {}
[1.904637] (-) TimerEvent: {}
[2.004917] (-) TimerEvent: {}
[2.105278] (-) TimerEvent: {}
[2.205643] (-) TimerEvent: {}
[2.306079] (-) TimerEvent: {}
[2.406513] (-) TimerEvent: {}
[2.506980] (-) TimerEvent: {}
[2.607392] (-) TimerEvent: {}
[2.707670] (-) TimerEvent: {}
[2.807915] (-) TimerEvent: {}
[2.908245] (-) TimerEvent: {}
[3.008997] (-) TimerEvent: {}
[3.109410] (-) TimerEvent: {}
[3.210031] (-) TimerEvent: {}
[3.310306] (-) TimerEvent: {}
[3.410582] (-) TimerEvent: {}
[3.511015] (-) TimerEvent: {}
[3.611372] (-) TimerEvent: {}
[3.711720] (-) TimerEvent: {}
[3.812016] (-) TimerEvent: {}
[3.912351] (-) TimerEvent: {}
[4.012841] (-) TimerEvent: {}
[4.113241] (-) TimerEvent: {}
[4.213542] (-) TimerEvent: {}
[4.314137] (-) TimerEvent: {}
[4.414486] (-) TimerEvent: {}
[4.514825] (-) TimerEvent: {}
[4.615110] (-) TimerEvent: {}
[4.715785] (-) TimerEvent: {}
[4.816043] (-) TimerEvent: {}
[4.916293] (-) TimerEvent: {}
[5.016531] (-) TimerEvent: {}
[5.116821] (-) TimerEvent: {}
[5.217061] (-) TimerEvent: {}
[5.317378] (-) TimerEvent: {}
[5.417667] (-) TimerEvent: {}
[5.517867] (-) TimerEvent: {}
[5.618105] (-) TimerEvent: {}
[5.718390] (-) TimerEvent: {}
[5.819069] (-) TimerEvent: {}
[5.919703] (-) TimerEvent: {}
[6.019964] (-) TimerEvent: {}
[6.120189] (-) TimerEvent: {}
[6.220386] (-) TimerEvent: {}
[6.320652] (-) TimerEvent: {}
[6.420881] (-) TimerEvent: {}
[6.521100] (-) TimerEvent: {}
[6.621428] (-) TimerEvent: {}
[6.721750] (-) TimerEvent: {}
[6.822084] (-) TimerEvent: {}
[6.922385] (-) TimerEvent: {}
[7.022711] (-) TimerEvent: {}
[7.123883] (-) TimerEvent: {}
[7.224191] (-) TimerEvent: {}
[7.324748] (-) TimerEvent: {}
[7.407956] (mission_layer_mvibot) StderrLine: {'line': b'In file included from \x1b[01m\x1b[K/home/mvibot/floorCleaningRobot_ws/src/mission_layer_mvibot/src/mvibot_mission.cpp:3\x1b[m\x1b[K:\n'}
[7.408259] (mission_layer_mvibot) StderrLine: {'line': b'\x1b[01m\x1b[K/home/mvibot/floorCleaningRobot_ws/src/mission_layer_mvibot/src/../include/mission_layer_mvibot/mvibot_mission/manage_mission.h:\x1b[m\x1b[K In lambda function:\n'}
[7.408375] (mission_layer_mvibot) StderrLine: {'line': b'\x1b[01m\x1b[K/home/mvibot/floorCleaningRobot_ws/src/mission_layer_mvibot/src/../include/mission_layer_mvibot/mvibot_mission/manage_mission.h:252:34:\x1b[m\x1b[K \x1b[01;35m\x1b[Kwarning: \x1b[m\x1b[Kcomparison of integer expressions of different signedness: \xe2\x80\x98\x1b[01m\x1b[Kint\x1b[m\x1b[K\xe2\x80\x99 and \xe2\x80\x98\x1b[01m\x1b[Kstd::vector<std::__cxx11::basic_string<char>, std::allocator<std::__cxx11::basic_string<char> > >::size_type\x1b[m\x1b[K\xe2\x80\x99 {aka \xe2\x80\x98\x1b[01m\x1b[Klong unsigned int\x1b[m\x1b[K\xe2\x80\x99} [\x1b[01;35m\x1b[K\x1b]8;;https://gcc.gnu.org/onlinedocs/gcc/Warning-Options.html#index-Wsign-compare\x07-Wsign-compare\x1b]8;;\x07\x1b[m\x1b[K]\n'}
[7.408523] (mission_layer_mvibot) StderrLine: {'line': b'  252 |                     for(int i=1;\x1b[01;35m\x1b[Ki<data.data1.size()\x1b[m\x1b[K;i++){\n'}
[7.408635] (mission_layer_mvibot) StderrLine: {'line': b'      |                                 \x1b[01;35m\x1b[K~^~~~~~~~~~~~~~~~~~\x1b[m\x1b[K\n'}
[7.424848] (-) TimerEvent: {}
[7.436169] (mission_layer_mvibot) StderrLine: {'line': b'\x1b[01m\x1b[K/home/mvibot/floorCleaningRobot_ws/src/mission_layer_mvibot/src/../include/mission_layer_mvibot/mvibot_mission/manage_mission.h:\x1b[m\x1b[K In lambda function:\n'}
[7.436881] (mission_layer_mvibot) StderrLine: {'line': b'\x1b[01m\x1b[K/home/mvibot/floorCleaningRobot_ws/src/mission_layer_mvibot/src/../include/mission_layer_mvibot/mvibot_mission/manage_mission.h:282:72:\x1b[m\x1b[K \x1b[01;35m\x1b[Kwarning: \x1b[m\x1b[Kunused parameter \xe2\x80\x98\x1b[01m\x1b[Kmsg\x1b[m\x1b[K\xe2\x80\x99 [\x1b[01;35m\x1b[K\x1b]8;;https://gcc.gnu.org/onlinedocs/gcc/Warning-Options.html#index-Wunused-parameter\x07-Wunused-parameter\x1b]8;;\x07\x1b[m\x1b[K]\n'}
[7.437039] (mission_layer_mvibot) StderrLine: {'line': b'  282 |             auto reset_mission_callback = [this](\x1b[01;35m\x1b[Kstd_msgs::msg::String msg\x1b[m\x1b[K)->void{\n'}
[7.437154] (mission_layer_mvibot) StderrLine: {'line': b'      |                                                  \x1b[01;35m\x1b[K~~~~~~~~~~~~~~~~~~~~~~^~~\x1b[m\x1b[K\n'}
[7.437496] (mission_layer_mvibot) StderrLine: {'line': b'\x1b[01m\x1b[K/home/mvibot/floorCleaningRobot_ws/src/mission_layer_mvibot/src/../include/mission_layer_mvibot/mvibot_mission/manage_mission.h:\x1b[m\x1b[K In lambda function:\n'}
[7.437621] (mission_layer_mvibot) StderrLine: {'line': b'\x1b[01m\x1b[K/home/mvibot/floorCleaningRobot_ws/src/mission_layer_mvibot/src/../include/mission_layer_mvibot/mvibot_mission/manage_mission.h:304:30:\x1b[m\x1b[K \x1b[01;35m\x1b[Kwarning: \x1b[m\x1b[Kcomparison of integer expressions of different signedness: \xe2\x80\x98\x1b[01m\x1b[Kint\x1b[m\x1b[K\xe2\x80\x99 and \xe2\x80\x98\x1b[01m\x1b[Kstd::vector<std::__cxx11::basic_string<char>, std::allocator<std::__cxx11::basic_string<char> > >::size_type\x1b[m\x1b[K\xe2\x80\x99 {aka \xe2\x80\x98\x1b[01m\x1b[Klong unsigned int\x1b[m\x1b[K\xe2\x80\x99} [\x1b[01;35m\x1b[K\x1b]8;;https://gcc.gnu.org/onlinedocs/gcc/Warning-Options.html#index-Wsign-compare\x07-Wsign-compare\x1b]8;;\x07\x1b[m\x1b[K]\n'}
[7.437722] (mission_layer_mvibot) StderrLine: {'line': b'  304 |                 for(int i=0;\x1b[01;35m\x1b[Ki<data.data1.size()\x1b[m\x1b[K;i++){\n'}
[7.437822] (mission_layer_mvibot) StderrLine: {'line': b'      |                             \x1b[01;35m\x1b[K~^~~~~~~~~~~~~~~~~~\x1b[m\x1b[K\n'}
[7.439246] (mission_layer_mvibot) StderrLine: {'line': b'\x1b[01m\x1b[K/home/mvibot/floorCleaningRobot_ws/src/mission_layer_mvibot/src/../include/mission_layer_mvibot/mvibot_mission/manage_mission.h:301:36:\x1b[m\x1b[K \x1b[01;35m\x1b[Kwarning: \x1b[m\x1b[Kunused variable \xe2\x80\x98\x1b[01m\x1b[Klive_f\x1b[m\x1b[K\xe2\x80\x99 [\x1b[01;35m\x1b[K\x1b]8;;https://gcc.gnu.org/onlinedocs/gcc/Warning-Options.html#index-Wunused-variable\x07-Wunused-variable\x1b]8;;\x07\x1b[m\x1b[K]\n'}
[7.439693] (mission_layer_mvibot) StderrLine: {'line': b'  301 |                 static int live=-1,\x1b[01;35m\x1b[Klive_f\x1b[m\x1b[K=-1,brake=-1,brake_f=-1,enable=-1,enable_f=-1,error=-1,error_f=-1;\n'}
[7.439873] (mission_layer_mvibot) StderrLine: {'line': b'      |                                    \x1b[01;35m\x1b[K^~~~~~\x1b[m\x1b[K\n'}
[7.440085] (mission_layer_mvibot) StderrLine: {'line': b'\x1b[01m\x1b[K/home/mvibot/floorCleaningRobot_ws/src/mission_layer_mvibot/src/../include/mission_layer_mvibot/mvibot_mission/manage_mission.h:301:55:\x1b[m\x1b[K \x1b[01;35m\x1b[Kwarning: \x1b[m\x1b[Kunused variable \xe2\x80\x98\x1b[01m\x1b[Kbrake_f\x1b[m\x1b[K\xe2\x80\x99 [\x1b[01;35m\x1b[K\x1b]8;;https://gcc.gnu.org/onlinedocs/gcc/Warning-Options.html#index-Wunused-variable\x07-Wunused-variable\x1b]8;;\x07\x1b[m\x1b[K]\n'}
[7.440240] (mission_layer_mvibot) StderrLine: {'line': b'  301 |                 static int live=-1,live_f=-1,brake=-1,\x1b[01;35m\x1b[Kbrake_f\x1b[m\x1b[K=-1,enable=-1,enable_f=-1,error=-1,error_f=-1;\n'}
[7.440393] (mission_layer_mvibot) StderrLine: {'line': b'      |                                                       \x1b[01;35m\x1b[K^~~~~~~\x1b[m\x1b[K\n'}
[7.440617] (mission_layer_mvibot) StderrLine: {'line': b'\x1b[01m\x1b[K/home/mvibot/floorCleaningRobot_ws/src/mission_layer_mvibot/src/../include/mission_layer_mvibot/mvibot_mission/manage_mission.h:301:76:\x1b[m\x1b[K \x1b[01;35m\x1b[Kwarning: \x1b[m\x1b[Kunused variable \xe2\x80\x98\x1b[01m\x1b[Kenable_f\x1b[m\x1b[K\xe2\x80\x99 [\x1b[01;35m\x1b[K\x1b]8;;https://gcc.gnu.org/onlinedocs/gcc/Warning-Options.html#index-Wunused-variable\x07-Wunused-variable\x1b]8;;\x07\x1b[m\x1b[K]\n'}
[7.440881] (mission_layer_mvibot) StderrLine: {'line': b'  301 |                 static int live=-1,live_f=-1,brake=-1,brake_f=-1,enable=-1,\x1b[01;35m\x1b[Kenable_f\x1b[m\x1b[K=-1,error=-1,error_f=-1;\n'}
[7.441077] (mission_layer_mvibot) StderrLine: {'line': b'      |                                                                            \x1b[01;35m\x1b[K^~~~~~~~\x1b[m\x1b[K\n'}
[7.441222] (mission_layer_mvibot) StderrLine: {'line': b'\x1b[01m\x1b[K/home/mvibot/floorCleaningRobot_ws/src/mission_layer_mvibot/src/../include/mission_layer_mvibot/mvibot_mission/manage_mission.h:301:88:\x1b[m\x1b[K \x1b[01;35m\x1b[Kwarning: \x1b[m\x1b[Kvariable \xe2\x80\x98\x1b[01m\x1b[Kerror\x1b[m\x1b[K\xe2\x80\x99 set but not used [\x1b[01;35m\x1b[K\x1b]8;;https://gcc.gnu.org/onlinedocs/gcc/Warning-Options.html#index-Wunused-but-set-variable\x07-Wunused-but-set-variable\x1b]8;;\x07\x1b[m\x1b[K]\n'}
[7.441416] (mission_layer_mvibot) StderrLine: {'line': b'  301 |                 static int live=-1,live_f=-1,brake=-1,brake_f=-1,enable=-1,enable_f=-1,\x1b[01;35m\x1b[Kerror\x1b[m\x1b[K=-1,error_f=-1;\n'}
[7.441618] (mission_layer_mvibot) StderrLine: {'line': b'      |                                                                                        \x1b[01;35m\x1b[K^~~~~\x1b[m\x1b[K\n'}
[7.441773] (mission_layer_mvibot) StderrLine: {'line': b'\x1b[01m\x1b[K/home/mvibot/floorCleaningRobot_ws/src/mission_layer_mvibot/src/../include/mission_layer_mvibot/mvibot_mission/manage_mission.h:301:97:\x1b[m\x1b[K \x1b[01;35m\x1b[Kwarning: \x1b[m\x1b[Kunused variable \xe2\x80\x98\x1b[01m\x1b[Kerror_f\x1b[m\x1b[K\xe2\x80\x99 [\x1b[01;35m\x1b[K\x1b]8;;https://gcc.gnu.org/onlinedocs/gcc/Warning-Options.html#index-Wunused-variable\x07-Wunused-variable\x1b]8;;\x07\x1b[m\x1b[K]\n'}
[7.441917] (mission_layer_mvibot) StderrLine: {'line': b'  301 |                 static int live=-1,live_f=-1,brake=-1,brake_f=-1,enable=-1,enable_f=-1,error=-1,\x1b[01;35m\x1b[Kerror_f\x1b[m\x1b[K=-1;\n'}
[7.442058] (mission_layer_mvibot) StderrLine: {'line': b'      |                                                                                                 \x1b[01;35m\x1b[K^~~~~~~\x1b[m\x1b[K\n'}
[7.442235] (mission_layer_mvibot) StderrLine: {'line': b'\x1b[01m\x1b[K/home/mvibot/floorCleaningRobot_ws/src/mission_layer_mvibot/src/../include/mission_layer_mvibot/mvibot_mission/manage_mission.h:\x1b[m\x1b[K In lambda function:\n'}
[7.442430] (mission_layer_mvibot) StderrLine: {'line': b'\x1b[01m\x1b[K/home/mvibot/floorCleaningRobot_ws/src/mission_layer_mvibot/src/../include/mission_layer_mvibot/mvibot_mission/manage_mission.h:333:30:\x1b[m\x1b[K \x1b[01;35m\x1b[Kwarning: \x1b[m\x1b[Kcomparison of integer expressions of different signedness: \xe2\x80\x98\x1b[01m\x1b[Kint\x1b[m\x1b[K\xe2\x80\x99 and \xe2\x80\x98\x1b[01m\x1b[Kstd::vector<std::__cxx11::basic_string<char>, std::allocator<std::__cxx11::basic_string<char> > >::size_type\x1b[m\x1b[K\xe2\x80\x99 {aka \xe2\x80\x98\x1b[01m\x1b[Klong unsigned int\x1b[m\x1b[K\xe2\x80\x99} [\x1b[01;35m\x1b[K\x1b]8;;https://gcc.gnu.org/onlinedocs/gcc/Warning-Options.html#index-Wsign-compare\x07-Wsign-compare\x1b]8;;\x07\x1b[m\x1b[K]\n'}
[7.442747] (mission_layer_mvibot) StderrLine: {'line': b'  333 |                 for(int i=0;\x1b[01;35m\x1b[Ki<data.data1.size()\x1b[m\x1b[K;i++){\n'}
[7.442889] (mission_layer_mvibot) StderrLine: {'line': b'      |                             \x1b[01;35m\x1b[K~^~~~~~~~~~~~~~~~~~\x1b[m\x1b[K\n'}
[7.442994] (mission_layer_mvibot) StderrLine: {'line': b'\x1b[01m\x1b[K/home/mvibot/floorCleaningRobot_ws/src/mission_layer_mvibot/src/../include/mission_layer_mvibot/mvibot_mission/manage_mission.h:329:36:\x1b[m\x1b[K \x1b[01;35m\x1b[Kwarning: \x1b[m\x1b[Kunused variable \xe2\x80\x98\x1b[01m\x1b[Klive_f\x1b[m\x1b[K\xe2\x80\x99 [\x1b[01;35m\x1b[K\x1b]8;;https://gcc.gnu.org/onlinedocs/gcc/Warning-Options.html#index-Wunused-variable\x07-Wunused-variable\x1b]8;;\x07\x1b[m\x1b[K]\n'}
[7.443100] (mission_layer_mvibot) StderrLine: {'line': b'  329 |                 static int live=-1,\x1b[01;35m\x1b[Klive_f\x1b[m\x1b[K=-1,brake=-1,brake_f=-1,enable=-1,enable_f=-1,error=-1,error_f=-1;\n'}
[7.443225] (mission_layer_mvibot) StderrLine: {'line': b'      |                                    \x1b[01;35m\x1b[K^~~~~~\x1b[m\x1b[K\n'}
[7.443355] (mission_layer_mvibot) StderrLine: {'line': b'\x1b[01m\x1b[K/home/mvibot/floorCleaningRobot_ws/src/mission_layer_mvibot/src/../include/mission_layer_mvibot/mvibot_mission/manage_mission.h:329:55:\x1b[m\x1b[K \x1b[01;35m\x1b[Kwarning: \x1b[m\x1b[Kunused variable \xe2\x80\x98\x1b[01m\x1b[Kbrake_f\x1b[m\x1b[K\xe2\x80\x99 [\x1b[01;35m\x1b[K\x1b]8;;https://gcc.gnu.org/onlinedocs/gcc/Warning-Options.html#index-Wunused-variable\x07-Wunused-variable\x1b]8;;\x07\x1b[m\x1b[K]\n'}
[7.443502] (mission_layer_mvibot) StderrLine: {'line': b'  329 |                 static int live=-1,live_f=-1,brake=-1,\x1b[01;35m\x1b[Kbrake_f\x1b[m\x1b[K=-1,enable=-1,enable_f=-1,error=-1,error_f=-1;\n'}
[7.443642] (mission_layer_mvibot) StderrLine: {'line': b'      |                                                       \x1b[01;35m\x1b[K^~~~~~~\x1b[m\x1b[K\n'}
[7.443761] (mission_layer_mvibot) StderrLine: {'line': b'\x1b[01m\x1b[K/home/mvibot/floorCleaningRobot_ws/src/mission_layer_mvibot/src/../include/mission_layer_mvibot/mvibot_mission/manage_mission.h:329:76:\x1b[m\x1b[K \x1b[01;35m\x1b[Kwarning: \x1b[m\x1b[Kunused variable \xe2\x80\x98\x1b[01m\x1b[Kenable_f\x1b[m\x1b[K\xe2\x80\x99 [\x1b[01;35m\x1b[K\x1b]8;;https://gcc.gnu.org/onlinedocs/gcc/Warning-Options.html#index-Wunused-variable\x07-Wunused-variable\x1b]8;;\x07\x1b[m\x1b[K]\n'}
[7.443914] (mission_layer_mvibot) StderrLine: {'line': b'  329 |                 static int live=-1,live_f=-1,brake=-1,brake_f=-1,enable=-1,\x1b[01;35m\x1b[Kenable_f\x1b[m\x1b[K=-1,error=-1,error_f=-1;\n'}
[7.444035] (mission_layer_mvibot) StderrLine: {'line': b'      |                                                                            \x1b[01;35m\x1b[K^~~~~~~~\x1b[m\x1b[K\n'}
[7.444193] (mission_layer_mvibot) StderrLine: {'line': b'\x1b[01m\x1b[K/home/mvibot/floorCleaningRobot_ws/src/mission_layer_mvibot/src/../include/mission_layer_mvibot/mvibot_mission/manage_mission.h:329:88:\x1b[m\x1b[K \x1b[01;35m\x1b[Kwarning: \x1b[m\x1b[Kvariable \xe2\x80\x98\x1b[01m\x1b[Kerror\x1b[m\x1b[K\xe2\x80\x99 set but not used [\x1b[01;35m\x1b[K\x1b]8;;https://gcc.gnu.org/onlinedocs/gcc/Warning-Options.html#index-Wunused-but-set-variable\x07-Wunused-but-set-variable\x1b]8;;\x07\x1b[m\x1b[K]\n'}
[7.444345] (mission_layer_mvibot) StderrLine: {'line': b'  329 |                 static int live=-1,live_f=-1,brake=-1,brake_f=-1,enable=-1,enable_f=-1,\x1b[01;35m\x1b[Kerror\x1b[m\x1b[K=-1,error_f=-1;\n'}
[7.444535] (mission_layer_mvibot) StderrLine: {'line': b'      |                                                                                        \x1b[01;35m\x1b[K^~~~~\x1b[m\x1b[K\n'}
[7.444691] (mission_layer_mvibot) StderrLine: {'line': b'\x1b[01m\x1b[K/home/mvibot/floorCleaningRobot_ws/src/mission_layer_mvibot/src/../include/mission_layer_mvibot/mvibot_mission/manage_mission.h:329:97:\x1b[m\x1b[K \x1b[01;35m\x1b[Kwarning: \x1b[m\x1b[Kunused variable \xe2\x80\x98\x1b[01m\x1b[Kerror_f\x1b[m\x1b[K\xe2\x80\x99 [\x1b[01;35m\x1b[K\x1b]8;;https://gcc.gnu.org/onlinedocs/gcc/Warning-Options.html#index-Wunused-variable\x07-Wunused-variable\x1b]8;;\x07\x1b[m\x1b[K]\n'}
[7.444841] (mission_layer_mvibot) StderrLine: {'line': b'  329 |                 static int live=-1,live_f=-1,brake=-1,brake_f=-1,enable=-1,enable_f=-1,error=-1,\x1b[01;35m\x1b[Kerror_f\x1b[m\x1b[K=-1;\n'}
[7.444982] (mission_layer_mvibot) StderrLine: {'line': b'      |                                                                                                 \x1b[01;35m\x1b[K^~~~~~~\x1b[m\x1b[K\n'}
[7.500935] (mission_layer_mvibot) StderrLine: {'line': b'\x1b[01m\x1b[K/home/mvibot/floorCleaningRobot_ws/src/mission_layer_mvibot/src/../include/mission_layer_mvibot/mvibot_mission/manage_mission.h:\x1b[m\x1b[K In member function \xe2\x80\x98\x1b[01m\x1b[Kdouble* manage_mission::\x1b[01;32m\x1b[Kget_position_tf\x1b[m\x1b[K(std::string, std::string)\x1b[m\x1b[K\xe2\x80\x99:\n'}
[7.501279] (mission_layer_mvibot) StderrLine: {'line': b'\x1b[01m\x1b[K/home/mvibot/floorCleaningRobot_ws/src/mission_layer_mvibot/src/../include/mission_layer_mvibot/mvibot_mission/manage_mission.h:616:23:\x1b[m\x1b[K \x1b[01;35m\x1b[Kwarning: \x1b[m\x1b[Kvariable \xe2\x80\x98\x1b[01m\x1b[Kz\x1b[m\x1b[K\xe2\x80\x99 set but not used [\x1b[01;35m\x1b[K\x1b]8;;https://gcc.gnu.org/onlinedocs/gcc/Warning-Options.html#index-Wunused-but-set-variable\x07-Wunused-but-set-variable\x1b]8;;\x07\x1b[m\x1b[K]\n'}
[7.501624] (mission_layer_mvibot) StderrLine: {'line': b'  616 |     static double x,y,\x1b[01;35m\x1b[Kz\x1b[m\x1b[K,thz,thw;\n'}
[7.501815] (mission_layer_mvibot) StderrLine: {'line': b'      |                       \x1b[01;35m\x1b[K^\x1b[m\x1b[K\n'}
[7.524949] (-) TimerEvent: {}
[7.591643] (mission_layer_mvibot) StderrLine: {'line': b'\x1b[01m\x1b[K/home/mvibot/floorCleaningRobot_ws/src/mission_layer_mvibot/src/../include/mission_layer_mvibot/mvibot_mission/manage_mission.h:\x1b[m\x1b[K In member function \xe2\x80\x98\x1b[01m\x1b[Kint manage_mission::\x1b[01;32m\x1b[Kexecute_content\x1b[m\x1b[K(mission&, std::vector<std::__cxx11::basic_string<char>, std::allocator<std::__cxx11::basic_string<char> > >&, std::string&, int&)\x1b[m\x1b[K\xe2\x80\x99:\n'}
[7.591890] (mission_layer_mvibot) StderrLine: {'line': b'\x1b[01m\x1b[K/home/mvibot/floorCleaningRobot_ws/src/mission_layer_mvibot/src/../include/mission_layer_mvibot/mvibot_mission/manage_mission.h:1003:14:\x1b[m\x1b[K \x1b[01;35m\x1b[Kwarning: \x1b[m\x1b[Kcomparison of integer expressions of different signedness: \xe2\x80\x98\x1b[01m\x1b[Kint\x1b[m\x1b[K\xe2\x80\x99 and \xe2\x80\x98\x1b[01m\x1b[Kstd::vector<std::__cxx11::basic_string<char>, std::allocator<std::__cxx11::basic_string<char> > >::size_type\x1b[m\x1b[K\xe2\x80\x99 {aka \xe2\x80\x98\x1b[01m\x1b[Klong unsigned int\x1b[m\x1b[K\xe2\x80\x99} [\x1b[01;35m\x1b[K\x1b]8;;https://gcc.gnu.org/onlinedocs/gcc/Warning-Options.html#index-Wsign-compare\x07-Wsign-compare\x1b]8;;\x07\x1b[m\x1b[K]\n'}
[7.592404] (mission_layer_mvibot) StderrLine: {'line': b' 1003 |         if(\x1b[01;35m\x1b[Ki == and_contents_list.size()\x1b[m\x1b[K){\n'}
[7.592521] (mission_layer_mvibot) StderrLine: {'line': b'      |            \x1b[01;35m\x1b[K~~^~~~~~~~~~~~~~~~~~~~~~~~~~~\x1b[m\x1b[K\n'}
[7.592966] (mission_layer_mvibot) StderrLine: {'line': b'\x1b[01m\x1b[K/home/mvibot/floorCleaningRobot_ws/src/mission_layer_mvibot/src/../include/mission_layer_mvibot/mvibot_mission/manage_mission.h:1026:14:\x1b[m\x1b[K \x1b[01;35m\x1b[Kwarning: \x1b[m\x1b[Kcomparison of integer expressions of different signedness: \xe2\x80\x98\x1b[01m\x1b[Kint\x1b[m\x1b[K\xe2\x80\x99 and \xe2\x80\x98\x1b[01m\x1b[Kstd::vector<std::__cxx11::basic_string<char>, std::allocator<std::__cxx11::basic_string<char> > >::size_type\x1b[m\x1b[K\xe2\x80\x99 {aka \xe2\x80\x98\x1b[01m\x1b[Klong unsigned int\x1b[m\x1b[K\xe2\x80\x99} [\x1b[01;35m\x1b[K\x1b]8;;https://gcc.gnu.org/onlinedocs/gcc/Warning-Options.html#index-Wsign-compare\x07-Wsign-compare\x1b]8;;\x07\x1b[m\x1b[K]\n'}
[7.593101] (mission_layer_mvibot) StderrLine: {'line': b' 1026 |         if(\x1b[01;35m\x1b[Ki == or_contents_list.size()\x1b[m\x1b[K){\n'}
[7.593201] (mission_layer_mvibot) StderrLine: {'line': b'      |            \x1b[01;35m\x1b[K~~^~~~~~~~~~~~~~~~~~~~~~~~~~\x1b[m\x1b[K\n'}
[7.625058] (-) TimerEvent: {}
[7.725408] (-) TimerEvent: {}
[7.825671] (-) TimerEvent: {}
[7.925944] (-) TimerEvent: {}
[7.992884] (mission_layer_mvibot) StderrLine: {'line': b'In file included from \x1b[01m\x1b[K/home/mvibot/floorCleaningRobot_ws/src/mission_layer_mvibot/src/mvibot_mission.cpp:4\x1b[m\x1b[K:\n'}
[7.993129] (mission_layer_mvibot) StderrLine: {'line': b'\x1b[01m\x1b[K/home/mvibot/floorCleaningRobot_ws/src/mission_layer_mvibot/src/../include/mission_layer_mvibot/mvibot_mission/navigation_function.h:\x1b[m\x1b[K In lambda function:\n'}
[7.993250] (mission_layer_mvibot) StderrLine: {'line': b'\x1b[01m\x1b[K/home/mvibot/floorCleaningRobot_ws/src/mission_layer_mvibot/src/../include/mission_layer_mvibot/mvibot_mission/navigation_function.h:307:120:\x1b[m\x1b[K \x1b[01;35m\x1b[Kwarning: \x1b[m\x1b[Kunused parameter \xe2\x80\x98\x1b[01m\x1b[Kfeedback\x1b[m\x1b[K\xe2\x80\x99 [\x1b[01;35m\x1b[K\x1b]8;;https://gcc.gnu.org/onlinedocs/gcc/Warning-Options.html#index-Wunused-parameter\x07-Wunused-parameter\x1b]8;;\x07\x1b[m\x1b[K]\n'}
[7.993372] (mission_layer_mvibot) StderrLine: {'line': b'  307 |                         \x1b[01;35m\x1b[Kconst std::shared_ptr<const opennav_coverage_msgs::action::NavigateCompleteCoverage::Feedback> feedback\x1b[m\x1b[K) {\n'}
[7.993452] (mission_layer_mvibot) StderrLine: {'line': b'      |                         \x1b[01;35m\x1b[K~~~~~~~~~~~~~~~~~~~~~~~~~~~~~~~~~~~~~~~~~~~~~~~~~~~~~~~~~~~~~~~~~~~~~~~~~~~~~~~~~~~~~~~~~~~~~~~^~~~~~~~\x1b[m\x1b[K\n'}
[8.013355] (mission_layer_mvibot) StderrLine: {'line': b'\x1b[01m\x1b[K/home/mvibot/floorCleaningRobot_ws/src/mission_layer_mvibot/src/../include/mission_layer_mvibot/mvibot_mission/navigation_function.h:\x1b[m\x1b[K In lambda function:\n'}
[8.013600] (mission_layer_mvibot) StderrLine: {'line': b'\x1b[01m\x1b[K/home/mvibot/floorCleaningRobot_ws/src/mission_layer_mvibot/src/../include/mission_layer_mvibot/mvibot_mission/navigation_function.h:363:98:\x1b[m\x1b[K \x1b[01;35m\x1b[Kwarning: \x1b[m\x1b[Kunused parameter \xe2\x80\x98\x1b[01m\x1b[Kfeedback\x1b[m\x1b[K\xe2\x80\x99 [\x1b[01;35m\x1b[K\x1b]8;;https://gcc.gnu.org/onlinedocs/gcc/Warning-Options.html#index-Wunused-parameter\x07-Wunused-parameter\x1b]8;;\x07\x1b[m\x1b[K]\n'}
[8.013743] (mission_layer_mvibot) StderrLine: {'line': b'  363 |                         \x1b[01;35m\x1b[Kconst std::shared_ptr<const nav2_msgs::action::NavigateToPose::Feedback> feedback\x1b[m\x1b[K) {\n'}
[8.013846] (mission_layer_mvibot) StderrLine: {'line': b'      |                         \x1b[01;35m\x1b[K~~~~~~~~~~~~~~~~~~~~~~~~~~~~~~~~~~~~~~~~~~~~~~~~~~~~~~~~~~~~~~~~~~~~~~~~~^~~~~~~~\x1b[m\x1b[K\n'}
[8.026029] (-) TimerEvent: {}
[8.126254] (-) TimerEvent: {}
[8.141998] (mission_layer_mvibot) StderrLine: {'line': b'\x1b[01m\x1b[K/home/mvibot/floorCleaningRobot_ws/src/mission_layer_mvibot/src/../include/mission_layer_mvibot/mvibot_mission/navigation_function.h:\x1b[m\x1b[K In member function \xe2\x80\x98\x1b[01m\x1b[Kint navigation_function::\x1b[01;32m\x1b[Kaction\x1b[m\x1b[K()\x1b[m\x1b[K\xe2\x80\x99:\n'}
[8.142196] (mission_layer_mvibot) StderrLine: {'line': b'\x1b[01m\x1b[K/home/mvibot/floorCleaningRobot_ws/src/mission_layer_mvibot/src/../include/mission_layer_mvibot/mvibot_mission/navigation_function.h:700:16:\x1b[m\x1b[K \x1b[01;35m\x1b[Kwarning: \x1b[m\x1b[Kunused variable \xe2\x80\x98\x1b[01m\x1b[Kt\x1b[m\x1b[K\xe2\x80\x99 [\x1b[01;35m\x1b[K\x1b]8;;https://gcc.gnu.org/onlinedocs/gcc/Warning-Options.html#index-Wunused-variable\x07-Wunused-variable\x1b]8;;\x07\x1b[m\x1b[K]\n'}
[8.142300] (mission_layer_mvibot) StderrLine: {'line': b'  700 |     static int \x1b[01;35m\x1b[Kt\x1b[m\x1b[K = 0;\n'}
[8.142396] (mission_layer_mvibot) StderrLine: {'line': b'      |                \x1b[01;35m\x1b[K^\x1b[m\x1b[K\n'}
[8.226334] (-) TimerEvent: {}
[8.326588] (-) TimerEvent: {}
[8.427057] (-) TimerEvent: {}
[8.428403] (mission_layer_mvibot) StderrLine: {'line': b'In file included from \x1b[01m\x1b[K/home/mvibot/floorCleaningRobot_ws/src/mission_layer_mvibot/src/mvibot_mission.cpp:6\x1b[m\x1b[K:\n'}
[8.428636] (mission_layer_mvibot) StderrLine: {'line': b'\x1b[01m\x1b[K/home/mvibot/floorCleaningRobot_ws/src/mission_layer_mvibot/src/../include/mission_layer_mvibot/mvibot_mission/marker_function.h:\x1b[m\x1b[K In member function \xe2\x80\x98\x1b[01m\x1b[Kdouble* marker_function::\x1b[01;32m\x1b[Kget_position\x1b[m\x1b[K(std::string, std::string)\x1b[m\x1b[K\xe2\x80\x99:\n'}
[8.428781] (mission_layer_mvibot) StderrLine: {'line': b'\x1b[01m\x1b[K/home/mvibot/floorCleaningRobot_ws/src/mission_layer_mvibot/src/../include/mission_layer_mvibot/mvibot_mission/marker_function.h:206:23:\x1b[m\x1b[K \x1b[01;35m\x1b[Kwarning: \x1b[m\x1b[Kvariable \xe2\x80\x98\x1b[01m\x1b[Kz\x1b[m\x1b[K\xe2\x80\x99 set but not used [\x1b[01;35m\x1b[K\x1b]8;;https://gcc.gnu.org/onlinedocs/gcc/Warning-Options.html#index-Wunused-but-set-variable\x07-Wunused-but-set-variable\x1b]8;;\x07\x1b[m\x1b[K]\n'}
[8.428920] (mission_layer_mvibot) StderrLine: {'line': b'  206 |     static double x,y,\x1b[01;35m\x1b[Kz\x1b[m\x1b[K,thz,thw;\n'}
[8.429081] (mission_layer_mvibot) StderrLine: {'line': b'      |                       \x1b[01;35m\x1b[K^\x1b[m\x1b[K\n'}
[8.431795] (mission_layer_mvibot) StderrLine: {'line': b'\x1b[01m\x1b[K/home/mvibot/floorCleaningRobot_ws/src/mission_layer_mvibot/src/../include/mission_layer_mvibot/mvibot_mission/marker_function.h:\x1b[m\x1b[K In member function \xe2\x80\x98\x1b[01m\x1b[Kint marker_function::\x1b[01;32m\x1b[Kcaculate_transforms_ofset\x1b[m\x1b[K()\x1b[m\x1b[K\xe2\x80\x99:\n'}
[8.432199] (mission_layer_mvibot) StderrLine: {'line': b'\x1b[01m\x1b[K/home/mvibot/floorCleaningRobot_ws/src/mission_layer_mvibot/src/../include/mission_layer_mvibot/mvibot_mission/marker_function.h:254:19:\x1b[m\x1b[K \x1b[01;35m\x1b[Kwarning: \x1b[m\x1b[Kvariable \xe2\x80\x98\x1b[01m\x1b[Ktheta\x1b[m\x1b[K\xe2\x80\x99 set but not used [\x1b[01;35m\x1b[K\x1b]8;;https://gcc.gnu.org/onlinedocs/gcc/Warning-Options.html#index-Wunused-but-set-variable\x07-Wunused-but-set-variable\x1b]8;;\x07\x1b[m\x1b[K]\n'}
[8.432450] (mission_layer_mvibot) StderrLine: {'line': b'  254 |     static double \x1b[01;35m\x1b[Ktheta\x1b[m\x1b[K;\n'}
[8.432670] (mission_layer_mvibot) StderrLine: {'line': b'      |                   \x1b[01;35m\x1b[K^~~~~\x1b[m\x1b[K\n'}
[8.456315] (mission_layer_mvibot) StderrLine: {'line': b'\x1b[01m\x1b[K/home/mvibot/floorCleaningRobot_ws/src/mission_layer_mvibot/src/../include/mission_layer_mvibot/mvibot_mission/marker_function.h:\x1b[m\x1b[K In member function \xe2\x80\x98\x1b[01m\x1b[Kint marker_function::\x1b[01;32m\x1b[Kmove_to_goal\x1b[m\x1b[K()\x1b[m\x1b[K\xe2\x80\x99:\n'}
[8.456613] (mission_layer_mvibot) StderrLine: {'line': b'\x1b[01m\x1b[K/home/mvibot/floorCleaningRobot_ws/src/mission_layer_mvibot/src/../include/mission_layer_mvibot/mvibot_mission/marker_function.h:442:21:\x1b[m\x1b[K \x1b[01;35m\x1b[Kwarning: \x1b[m\x1b[Kvariable \xe2\x80\x98\x1b[01m\x1b[Ky\x1b[m\x1b[K\xe2\x80\x99 set but not used [\x1b[01;35m\x1b[K\x1b]8;;https://gcc.gnu.org/onlinedocs/gcc/Warning-Options.html#index-Wunused-but-set-variable\x07-Wunused-but-set-variable\x1b]8;;\x07\x1b[m\x1b[K]\n'}
[8.456771] (mission_layer_mvibot) StderrLine: {'line': b'  442 |     static double x,\x1b[01;35m\x1b[Ky\x1b[m\x1b[K;\n'}
[8.456867] (mission_layer_mvibot) StderrLine: {'line': b'      |                     \x1b[01;35m\x1b[K^\x1b[m\x1b[K\n'}
[8.489939] (mission_layer_mvibot) StderrLine: {'line': b'In file included from \x1b[01m\x1b[K/home/mvibot/floorCleaningRobot_ws/src/mission_layer_mvibot/src/mvibot_mission.cpp:7\x1b[m\x1b[K:\n'}
[8.490178] (mission_layer_mvibot) StderrLine: {'line': b'\x1b[01m\x1b[K/home/mvibot/floorCleaningRobot_ws/src/mission_layer_mvibot/src/../include/mission_layer_mvibot/mvibot_mission/variable_function.h:\x1b[m\x1b[K In member function \xe2\x80\x98\x1b[01m\x1b[Kvoid multiple_variable_local::\x1b[01;32m\x1b[Kadd_var\x1b[m\x1b[K(variable_local)\x1b[m\x1b[K\xe2\x80\x99:\n'}
[8.490303] (mission_layer_mvibot) StderrLine: {'line': b'\x1b[01m\x1b[K/home/mvibot/floorCleaningRobot_ws/src/mission_layer_mvibot/src/../include/mission_layer_mvibot/mvibot_mission/variable_function.h:31:18:\x1b[m\x1b[K \x1b[01;35m\x1b[Kwarning: \x1b[m\x1b[Kcomparison of integer expressions of different signedness: \xe2\x80\x98\x1b[01m\x1b[Kint\x1b[m\x1b[K\xe2\x80\x99 and \xe2\x80\x98\x1b[01m\x1b[Kstd::vector<variable_local>::size_type\x1b[m\x1b[K\xe2\x80\x99 {aka \xe2\x80\x98\x1b[01m\x1b[Klong unsigned int\x1b[m\x1b[K\xe2\x80\x99} [\x1b[01;35m\x1b[K\x1b]8;;https://gcc.gnu.org/onlinedocs/gcc/Warning-Options.html#index-Wsign-compare\x07-Wsign-compare\x1b]8;;\x07\x1b[m\x1b[K]\n'}
[8.490423] (mission_layer_mvibot) StderrLine: {'line': b'   31 |     for(int i=0;\x1b[01;35m\x1b[Ki<var.size()\x1b[m\x1b[K;i++){\n'}
[8.490537] (mission_layer_mvibot) StderrLine: {'line': b'      |                 \x1b[01;35m\x1b[K~^~~~~~~~~~~\x1b[m\x1b[K\n'}
[8.490951] (mission_layer_mvibot) StderrLine: {'line': b'\x1b[01m\x1b[K/home/mvibot/floorCleaningRobot_ws/src/mission_layer_mvibot/src/../include/mission_layer_mvibot/mvibot_mission/variable_function.h:\x1b[m\x1b[K In member function \xe2\x80\x98\x1b[01m\x1b[Kvoid multiple_variable_local::\x1b[01;32m\x1b[Kupdate_var\x1b[m\x1b[K(variable_local)\x1b[m\x1b[K\xe2\x80\x99:\n'}
[8.491186] (mission_layer_mvibot) StderrLine: {'line': b'\x1b[01m\x1b[K/home/mvibot/floorCleaningRobot_ws/src/mission_layer_mvibot/src/../include/mission_layer_mvibot/mvibot_mission/variable_function.h:45:18:\x1b[m\x1b[K \x1b[01;35m\x1b[Kwarning: \x1b[m\x1b[Kcomparison of integer expressions of different signedness: \xe2\x80\x98\x1b[01m\x1b[Kint\x1b[m\x1b[K\xe2\x80\x99 and \xe2\x80\x98\x1b[01m\x1b[Kstd::vector<variable_local>::size_type\x1b[m\x1b[K\xe2\x80\x99 {aka \xe2\x80\x98\x1b[01m\x1b[Klong unsigned int\x1b[m\x1b[K\xe2\x80\x99} [\x1b[01;35m\x1b[K\x1b]8;;https://gcc.gnu.org/onlinedocs/gcc/Warning-Options.html#index-Wsign-compare\x07-Wsign-compare\x1b]8;;\x07\x1b[m\x1b[K]\n'}
[8.491336] (mission_layer_mvibot) StderrLine: {'line': b'   45 |     for(int i=0;\x1b[01;35m\x1b[Ki<var.size()\x1b[m\x1b[K;i++){\n'}
[8.491508] (mission_layer_mvibot) StderrLine: {'line': b'      |                 \x1b[01;35m\x1b[K~^~~~~~~~~~~\x1b[m\x1b[K\n'}
[8.491759] (mission_layer_mvibot) StderrLine: {'line': b'\x1b[01m\x1b[K/home/mvibot/floorCleaningRobot_ws/src/mission_layer_mvibot/src/../include/mission_layer_mvibot/mvibot_mission/variable_function.h:\x1b[m\x1b[K In member function \xe2\x80\x98\x1b[01m\x1b[Kvoid multiple_variable_local::\x1b[01;32m\x1b[Kreset_all\x1b[m\x1b[K()\x1b[m\x1b[K\xe2\x80\x99:\n'}
[8.491989] (mission_layer_mvibot) StderrLine: {'line': b'\x1b[01m\x1b[K/home/mvibot/floorCleaningRobot_ws/src/mission_layer_mvibot/src/../include/mission_layer_mvibot/mvibot_mission/variable_function.h:58:18:\x1b[m\x1b[K \x1b[01;35m\x1b[Kwarning: \x1b[m\x1b[Kcomparison of integer expressions of different signedness: \xe2\x80\x98\x1b[01m\x1b[Kint\x1b[m\x1b[K\xe2\x80\x99 and \xe2\x80\x98\x1b[01m\x1b[Kstd::vector<variable_local>::size_type\x1b[m\x1b[K\xe2\x80\x99 {aka \xe2\x80\x98\x1b[01m\x1b[Klong unsigned int\x1b[m\x1b[K\xe2\x80\x99} [\x1b[01;35m\x1b[K\x1b]8;;https://gcc.gnu.org/onlinedocs/gcc/Warning-Options.html#index-Wsign-compare\x07-Wsign-compare\x1b]8;;\x07\x1b[m\x1b[K]\n'}
[8.492158] (mission_layer_mvibot) StderrLine: {'line': b'   58 |     for(int i=0;\x1b[01;35m\x1b[Ki<var.size()\x1b[m\x1b[K;i++){\n'}
[8.492278] (mission_layer_mvibot) StderrLine: {'line': b'      |                 \x1b[01;35m\x1b[K~^~~~~~~~~~~\x1b[m\x1b[K\n'}
[8.492485] (mission_layer_mvibot) StderrLine: {'line': b'\x1b[01m\x1b[K/home/mvibot/floorCleaningRobot_ws/src/mission_layer_mvibot/src/../include/mission_layer_mvibot/mvibot_mission/variable_function.h:\x1b[m\x1b[K In member function \xe2\x80\x98\x1b[01m\x1b[Kvoid multiple_variable_local::\x1b[01;32m\x1b[Kprint\x1b[m\x1b[K()\x1b[m\x1b[K\xe2\x80\x99:\n'}
[8.492596] (mission_layer_mvibot) StderrLine: {'line': b'\x1b[01m\x1b[K/home/mvibot/floorCleaningRobot_ws/src/mission_layer_mvibot/src/../include/mission_layer_mvibot/mvibot_mission/variable_function.h:68:18:\x1b[m\x1b[K \x1b[01;35m\x1b[Kwarning: \x1b[m\x1b[Kcomparison of integer expressions of different signedness: \xe2\x80\x98\x1b[01m\x1b[Kint\x1b[m\x1b[K\xe2\x80\x99 and \xe2\x80\x98\x1b[01m\x1b[Kstd::vector<variable_local>::size_type\x1b[m\x1b[K\xe2\x80\x99 {aka \xe2\x80\x98\x1b[01m\x1b[Klong unsigned int\x1b[m\x1b[K\xe2\x80\x99} [\x1b[01;35m\x1b[K\x1b]8;;https://gcc.gnu.org/onlinedocs/gcc/Warning-Options.html#index-Wsign-compare\x07-Wsign-compare\x1b]8;;\x07\x1b[m\x1b[K]\n'}
[8.492704] (mission_layer_mvibot) StderrLine: {'line': b'   68 |     for(int i=0;\x1b[01;35m\x1b[Ki<var.size()\x1b[m\x1b[K;i++){\n'}
[8.492784] (mission_layer_mvibot) StderrLine: {'line': b'      |                 \x1b[01;35m\x1b[K~^~~~~~~~~~~\x1b[m\x1b[K\n'}
[8.512196] (mission_layer_mvibot) StderrLine: {'line': b'\x1b[01m\x1b[K/home/mvibot/floorCleaningRobot_ws/src/mission_layer_mvibot/src/../include/mission_layer_mvibot/mvibot_mission/variable_function.h:\x1b[m\x1b[K In member function \xe2\x80\x98\x1b[01m\x1b[Kint variable_function::\x1b[01;32m\x1b[Kaction\x1b[m\x1b[K()\x1b[m\x1b[K\xe2\x80\x99:\n'}
[8.512419] (mission_layer_mvibot) StderrLine: {'line': b'\x1b[01m\x1b[K/home/mvibot/floorCleaningRobot_ws/src/mission_layer_mvibot/src/../include/mission_layer_mvibot/mvibot_mission/variable_function.h:195:26:\x1b[m\x1b[K \x1b[01;35m\x1b[Kwarning: \x1b[m\x1b[Kcomparison of integer expressions of different signedness: \xe2\x80\x98\x1b[01m\x1b[Kint\x1b[m\x1b[K\xe2\x80\x99 and \xe2\x80\x98\x1b[01m\x1b[Kstd::vector<variable_local>::size_type\x1b[m\x1b[K\xe2\x80\x99 {aka \xe2\x80\x98\x1b[01m\x1b[Klong unsigned int\x1b[m\x1b[K\xe2\x80\x99} [\x1b[01;35m\x1b[K\x1b]8;;https://gcc.gnu.org/onlinedocs/gcc/Warning-Options.html#index-Wsign-compare\x07-Wsign-compare\x1b]8;;\x07\x1b[m\x1b[K]\n'}
[8.512571] (mission_layer_mvibot) StderrLine: {'line': b'  195 |             for(int i=0;\x1b[01;35m\x1b[Ki<my_vars_local.var.size()\x1b[m\x1b[K;i++){\n'}
[8.512674] (mission_layer_mvibot) StderrLine: {'line': b'      |                         \x1b[01;35m\x1b[K~^~~~~~~~~~~~~~~~~~~~~~~~~\x1b[m\x1b[K\n'}
[8.527145] (-) TimerEvent: {}
[8.618795] (mission_layer_mvibot) StderrLine: {'line': b'In file included from \x1b[01m\x1b[K/home/mvibot/floorCleaningRobot_ws/src/mission_layer_mvibot/src/mvibot_mission.cpp:8\x1b[m\x1b[K:\n'}
[8.619158] (mission_layer_mvibot) StderrLine: {'line': b'\x1b[01m\x1b[K/home/mvibot/floorCleaningRobot_ws/src/mission_layer_mvibot/src/../include/mission_layer_mvibot/mvibot_mission/gpio_function.h:\x1b[m\x1b[K In member function \xe2\x80\x98\x1b[01m\x1b[Kint gpio_function::\x1b[01;32m\x1b[Kaction\x1b[m\x1b[K()\x1b[m\x1b[K\xe2\x80\x99:\n'}
[8.619256] (mission_layer_mvibot) StderrLine: {'line': b'\x1b[01m\x1b[K/home/mvibot/floorCleaningRobot_ws/src/mission_layer_mvibot/src/../include/mission_layer_mvibot/mvibot_mission/gpio_function.h:143:16:\x1b[m\x1b[K \x1b[01;35m\x1b[Kwarning: \x1b[m\x1b[Kunused variable \xe2\x80\x98\x1b[01m\x1b[Kvalue_return\x1b[m\x1b[K\xe2\x80\x99 [\x1b[01;35m\x1b[K\x1b]8;;https://gcc.gnu.org/onlinedocs/gcc/Warning-Options.html#index-Wunused-variable\x07-Wunused-variable\x1b]8;;\x07\x1b[m\x1b[K]\n'}
[8.619354] (mission_layer_mvibot) StderrLine: {'line': b'  143 |     static int \x1b[01;35m\x1b[Kvalue_return\x1b[m\x1b[K;\n'}
[8.619472] (mission_layer_mvibot) StderrLine: {'line': b'      |                \x1b[01;35m\x1b[K^~~~~~~~~~~~\x1b[m\x1b[K\n'}
[8.627214] (-) TimerEvent: {}
[8.727479] (-) TimerEvent: {}
[8.827708] (-) TimerEvent: {}
[8.927922] (-) TimerEvent: {}
[9.028163] (-) TimerEvent: {}
[9.128423] (-) TimerEvent: {}
[9.228702] (-) TimerEvent: {}
[9.329109] (-) TimerEvent: {}
[9.429415] (-) TimerEvent: {}
[9.529668] (-) TimerEvent: {}
[9.629939] (-) TimerEvent: {}
[9.730233] (-) TimerEvent: {}
[9.830595] (-) TimerEvent: {}
[9.931754] (-) TimerEvent: {}
[10.032245] (-) TimerEvent: {}
[10.132790] (-) TimerEvent: {}
[10.233068] (-) TimerEvent: {}
[10.333515] (-) TimerEvent: {}
[10.433979] (-) TimerEvent: {}
[10.534221] (-) TimerEvent: {}
[10.634442] (-) TimerEvent: {}
[10.734664] (-) TimerEvent: {}
[10.834914] (-) TimerEvent: {}
[10.935203] (-) TimerEvent: {}
[11.035534] (-) TimerEvent: {}
[11.135787] (-) TimerEvent: {}
[11.236048] (-) TimerEvent: {}
[11.336286] (-) TimerEvent: {}
[11.436849] (-) TimerEvent: {}
[11.537158] (-) TimerEvent: {}
[11.637418] (-) TimerEvent: {}
[11.737687] (-) TimerEvent: {}
[11.837916] (-) TimerEvent: {}
[11.938171] (-) TimerEvent: {}
[12.038432] (-) TimerEvent: {}
[12.138786] (-) TimerEvent: {}
[12.239235] (-) TimerEvent: {}
[12.339655] (-) TimerEvent: {}
[12.439970] (-) TimerEvent: {}
[12.540502] (-) TimerEvent: {}
[12.640861] (-) TimerEvent: {}
[12.741151] (-) TimerEvent: {}
[12.841407] (-) TimerEvent: {}
[12.941645] (-) TimerEvent: {}
[13.041898] (-) TimerEvent: {}
[13.142189] (-) TimerEvent: {}
[13.242454] (-) TimerEvent: {}
[13.342727] (-) TimerEvent: {}
[13.443264] (-) TimerEvent: {}
[13.543550] (-) TimerEvent: {}
[13.643816] (-) TimerEvent: {}
[13.744087] (-) TimerEvent: {}
[13.844394] (-) TimerEvent: {}
[13.944708] (-) TimerEvent: {}
[14.044984] (-) TimerEvent: {}
[14.145321] (-) TimerEvent: {}
[14.245545] (-) TimerEvent: {}
[14.345880] (-) TimerEvent: {}
[14.446116] (-) TimerEvent: {}
[14.546384] (-) TimerEvent: {}
[14.646655] (-) TimerEvent: {}
[14.746975] (-) TimerEvent: {}
[14.847190] (-) TimerEvent: {}
[14.947517] (-) TimerEvent: {}
[15.047805] (-) TimerEvent: {}
[15.148168] (-) TimerEvent: {}
[15.248647] (-) TimerEvent: {}
[15.348914] (-) TimerEvent: {}
[15.449344] (-) TimerEvent: {}
[15.558839] (-) TimerEvent: {}
[15.659125] (-) TimerEvent: {}
[15.759364] (-) TimerEvent: {}
[15.859649] (-) TimerEvent: {}
[15.960194] (-) TimerEvent: {}
[16.060796] (-) TimerEvent: {}
[16.161091] (-) TimerEvent: {}
[16.261386] (-) TimerEvent: {}
[16.361672] (-) TimerEvent: {}
[16.461972] (-) TimerEvent: {}
[16.562343] (-) TimerEvent: {}
[16.662740] (-) TimerEvent: {}
[16.763013] (-) TimerEvent: {}
[16.863269] (-) TimerEvent: {}
[16.963744] (-) TimerEvent: {}
[17.064128] (-) TimerEvent: {}
[17.164659] (-) TimerEvent: {}
[17.264999] (-) TimerEvent: {}
[17.365345] (-) TimerEvent: {}
[17.465728] (-) TimerEvent: {}
[17.566355] (-) TimerEvent: {}
[17.666677] (-) TimerEvent: {}
[17.766955] (-) TimerEvent: {}
[17.867202] (-) TimerEvent: {}
[17.967615] (-) TimerEvent: {}
[18.067837] (-) TimerEvent: {}
[18.168116] (-) TimerEvent: {}
[18.268350] (-) TimerEvent: {}
[18.368653] (-) TimerEvent: {}
[18.468934] (-) TimerEvent: {}
[18.569253] (-) TimerEvent: {}
[18.669517] (-) TimerEvent: {}
[18.769797] (-) TimerEvent: {}
[18.870457] (-) TimerEvent: {}
[18.970856] (-) TimerEvent: {}
[19.071154] (-) TimerEvent: {}
[19.171505] (-) TimerEvent: {}
[19.271777] (-) TimerEvent: {}
[19.372207] (-) TimerEvent: {}
[19.472771] (-) TimerEvent: {}
[19.573455] (-) TimerEvent: {}
[19.673763] (-) TimerEvent: {}
[19.774142] (-) TimerEvent: {}
[19.874694] (-) TimerEvent: {}
[19.974984] (-) TimerEvent: {}
[20.075250] (-) TimerEvent: {}
[20.175576] (-) TimerEvent: {}
[20.275854] (-) TimerEvent: {}
[20.376195] (-) TimerEvent: {}
[20.476507] (-) TimerEvent: {}
[20.576827] (-) TimerEvent: {}
[20.677093] (-) TimerEvent: {}
[20.777332] (-) TimerEvent: {}
[20.877602] (-) TimerEvent: {}
[20.977914] (-) TimerEvent: {}
[21.078214] (-) TimerEvent: {}
[21.178505] (-) TimerEvent: {}
[21.278847] (-) TimerEvent: {}
[21.379126] (-) TimerEvent: {}
[21.479388] (-) TimerEvent: {}
[21.579658] (-) TimerEvent: {}
[21.679974] (-) TimerEvent: {}
[21.780932] (-) TimerEvent: {}
[21.881453] (-) TimerEvent: {}
[21.982746] (-) TimerEvent: {}
[22.083082] (-) TimerEvent: {}
[22.183347] (-) TimerEvent: {}
[22.283585] (-) TimerEvent: {}
[22.383841] (-) TimerEvent: {}
[22.484200] (-) TimerEvent: {}
[22.584576] (-) TimerEvent: {}
[22.684763] (-) TimerEvent: {}
[22.785070] (-) TimerEvent: {}
[22.885378] (-) TimerEvent: {}
[22.985642] (-) TimerEvent: {}
[23.085861] (-) TimerEvent: {}
[23.186107] (-) TimerEvent: {}
[23.286347] (-) TimerEvent: {}
[23.386575] (-) TimerEvent: {}
[23.486821] (-) TimerEvent: {}
[23.587069] (-) TimerEvent: {}
[23.687369] (-) TimerEvent: {}
[23.787628] (-) TimerEvent: {}
[23.887862] (-) TimerEvent: {}
[23.988084] (-) TimerEvent: {}
[24.088302] (-) TimerEvent: {}
[24.188542] (-) TimerEvent: {}
[24.288836] (-) TimerEvent: {}
[24.389133] (-) TimerEvent: {}
[24.489455] (-) TimerEvent: {}
[24.590229] (-) TimerEvent: {}
[24.690552] (-) TimerEvent: {}
[24.790837] (-) TimerEvent: {}
[24.891094] (-) TimerEvent: {}
[24.991323] (-) TimerEvent: {}
[25.091652] (-) TimerEvent: {}
[25.192272] (-) TimerEvent: {}
[25.292532] (-) TimerEvent: {}
[25.392835] (-) TimerEvent: {}
[25.493244] (-) TimerEvent: {}
[25.593484] (-) TimerEvent: {}
[25.693740] (-) TimerEvent: {}
[25.794052] (-) TimerEvent: {}
[25.894321] (-) TimerEvent: {}
[25.994637] (-) TimerEvent: {}
[26.094926] (-) TimerEvent: {}
[26.195128] (-) TimerEvent: {}
[26.295441] (-) TimerEvent: {}
[26.395693] (-) TimerEvent: {}
[26.496004] (-) TimerEvent: {}
[26.596381] (-) TimerEvent: {}
[26.696795] (-) TimerEvent: {}
[26.797116] (-) TimerEvent: {}
[26.897365] (-) TimerEvent: {}
[26.997630] (-) TimerEvent: {}
[27.098035] (-) TimerEvent: {}
[27.198297] (-) TimerEvent: {}
[27.298518] (-) TimerEvent: {}
[27.398719] (-) TimerEvent: {}
[27.499284] (-) TimerEvent: {}
[27.599653] (-) TimerEvent: {}
[27.700032] (-) TimerEvent: {}
[27.800370] (-) TimerEvent: {}
[27.900677] (-) TimerEvent: {}
[27.926380] (mission_layer_mvibot) StderrLine: {'line': b'\x1b[01m\x1b[K/home/mvibot/floorCleaningRobot_ws/src/mission_layer_mvibot/src/../include/mission_layer_mvibot/mvibot_mission/manage_mission.h:\x1b[m\x1b[K In member function \xe2\x80\x98\x1b[01m\x1b[Kint manage_mission::\x1b[01;32m\x1b[Khandle_content\x1b[m\x1b[K(const json&, const double&, double&, int&, rclcpp::Publisher<std_msgs::msg::String_<std::allocator<void> > >::SharedPtr, rclcpp::Publisher<std_msgs::msg::String_<std::allocator<void> > >::SharedPtr)\x1b[m\x1b[K\xe2\x80\x99:\n'}
[27.926670] (mission_layer_mvibot) StderrLine: {'line': b'\x1b[01m\x1b[K/home/mvibot/floorCleaningRobot_ws/src/mission_layer_mvibot/src/../include/mission_layer_mvibot/mvibot_mission/manage_mission.h:865:1:\x1b[m\x1b[K \x1b[01;35m\x1b[Kwarning: \x1b[m\x1b[Kcontrol reaches end of non-void function [\x1b[01;35m\x1b[K\x1b]8;;https://gcc.gnu.org/onlinedocs/gcc/Warning-Options.html#index-Wreturn-type\x07-Wreturn-type\x1b]8;;\x07\x1b[m\x1b[K]\n'}
[27.926848] (mission_layer_mvibot) StderrLine: {'line': b'  865 | \x1b[01;35m\x1b[K}\x1b[m\x1b[K\n'}
[27.926992] (mission_layer_mvibot) StderrLine: {'line': b'      | \x1b[01;35m\x1b[K^\x1b[m\x1b[K\n'}
[28.000779] (-) TimerEvent: {}
[28.101124] (-) TimerEvent: {}
[28.125413] (mission_layer_mvibot) StderrLine: {'line': b'\x1b[01m\x1b[K/home/mvibot/floorCleaningRobot_ws/src/mission_layer_mvibot/src/../include/mission_layer_mvibot/mvibot_mission/navigation_function.h:\x1b[m\x1b[K In member function \xe2\x80\x98\x1b[01m\x1b[Kint navigation_function::\x1b[01;32m\x1b[Kaction\x1b[m\x1b[K()\x1b[m\x1b[K\xe2\x80\x99:\n'}
[28.125674] (mission_layer_mvibot) StderrLine: {'line': b'\x1b[01m\x1b[K/home/mvibot/floorCleaningRobot_ws/src/mission_layer_mvibot/src/../include/mission_layer_mvibot/mvibot_mission/navigation_function.h:966:1:\x1b[m\x1b[K \x1b[01;35m\x1b[Kwarning: \x1b[m\x1b[Kcontrol reaches end of non-void function [\x1b[01;35m\x1b[K\x1b]8;;https://gcc.gnu.org/onlinedocs/gcc/Warning-Options.html#index-Wreturn-type\x07-Wreturn-type\x1b]8;;\x07\x1b[m\x1b[K]\n'}
[28.125804] (mission_layer_mvibot) StderrLine: {'line': b'  966 | \x1b[01;35m\x1b[K}\x1b[m\x1b[K\n'}
[28.125905] (mission_layer_mvibot) StderrLine: {'line': b'      | \x1b[01;35m\x1b[K^\x1b[m\x1b[K\n'}
[28.201442] (-) TimerEvent: {}
[28.212394] (mission_layer_mvibot) StderrLine: {'line': b'\x1b[01m\x1b[K/home/mvibot/floorCleaningRobot_ws/src/mission_layer_mvibot/src/../include/mission_layer_mvibot/mvibot_mission/marker_function.h:\x1b[m\x1b[K In member function \xe2\x80\x98\x1b[01m\x1b[Kint marker_function::\x1b[01;32m\x1b[Kaction\x1b[m\x1b[K()\x1b[m\x1b[K\xe2\x80\x99:\n'}
[28.212691] (mission_layer_mvibot) StderrLine: {'line': b'\x1b[01m\x1b[K/home/mvibot/floorCleaningRobot_ws/src/mission_layer_mvibot/src/../include/mission_layer_mvibot/mvibot_mission/marker_function.h:906:1:\x1b[m\x1b[K \x1b[01;35m\x1b[Kwarning: \x1b[m\x1b[Kcontrol reaches end of non-void function [\x1b[01;35m\x1b[K\x1b]8;;https://gcc.gnu.org/onlinedocs/gcc/Warning-Options.html#index-Wreturn-type\x07-Wreturn-type\x1b]8;;\x07\x1b[m\x1b[K]\n'}
[28.212843] (mission_layer_mvibot) StderrLine: {'line': b'  906 | \x1b[01;35m\x1b[K}\x1b[m\x1b[K\n'}
[28.213012] (mission_layer_mvibot) StderrLine: {'line': b'      | \x1b[01;35m\x1b[K^\x1b[m\x1b[K\n'}
[28.231805] (mission_layer_mvibot) StderrLine: {'line': b'In file included from \x1b[01m\x1b[K/home/mvibot/floorCleaningRobot_ws/src/mission_layer_mvibot/src/mvibot_mission.cpp:13\x1b[m\x1b[K:\n'}
[28.232111] (mission_layer_mvibot) StderrLine: {'line': b'\x1b[01m\x1b[K/home/mvibot/floorCleaningRobot_ws/src/mission_layer_mvibot/src/../include/mission_layer_mvibot/mvibot_mission/lift_function.h:\x1b[m\x1b[K In member function \xe2\x80\x98\x1b[01m\x1b[Kint lift_function::\x1b[01;32m\x1b[Kaction\x1b[m\x1b[K()\x1b[m\x1b[K\xe2\x80\x99:\n'}
[28.232243] (mission_layer_mvibot) StderrLine: {'line': b'\x1b[01m\x1b[K/home/mvibot/floorCleaningRobot_ws/src/mission_layer_mvibot/src/../include/mission_layer_mvibot/mvibot_mission/lift_function.h:203:1:\x1b[m\x1b[K \x1b[01;35m\x1b[Kwarning: \x1b[m\x1b[Kcontrol reaches end of non-void function [\x1b[01;35m\x1b[K\x1b]8;;https://gcc.gnu.org/onlinedocs/gcc/Warning-Options.html#index-Wreturn-type\x07-Wreturn-type\x1b]8;;\x07\x1b[m\x1b[K]\n'}
[28.232378] (mission_layer_mvibot) StderrLine: {'line': b'  203 | \x1b[01;35m\x1b[K}\x1b[m\x1b[K\n'}
[28.232504] (mission_layer_mvibot) StderrLine: {'line': b'      | \x1b[01;35m\x1b[K^\x1b[m\x1b[K\n'}
[28.240718] (mission_layer_mvibot) StderrLine: {'line': b'In file included from \x1b[01m\x1b[K/home/mvibot/floorCleaningRobot_ws/src/mission_layer_mvibot/src/mvibot_mission.cpp:14\x1b[m\x1b[K:\n'}
[28.241446] (mission_layer_mvibot) StderrLine: {'line': b'\x1b[01m\x1b[K/home/mvibot/floorCleaningRobot_ws/src/mission_layer_mvibot/src/../include/mission_layer_mvibot/mvibot_mission/map_function.h:\x1b[m\x1b[K In member function \xe2\x80\x98\x1b[01m\x1b[Kint loadmap_function::\x1b[01;32m\x1b[Kaction\x1b[m\x1b[K()\x1b[m\x1b[K\xe2\x80\x99:\n'}
[28.241870] (mission_layer_mvibot) StderrLine: {'line': b'\x1b[01m\x1b[K/home/mvibot/floorCleaningRobot_ws/src/mission_layer_mvibot/src/../include/mission_layer_mvibot/mvibot_mission/map_function.h:160:1:\x1b[m\x1b[K \x1b[01;35m\x1b[Kwarning: \x1b[m\x1b[Kcontrol reaches end of non-void function [\x1b[01;35m\x1b[K\x1b]8;;https://gcc.gnu.org/onlinedocs/gcc/Warning-Options.html#index-Wreturn-type\x07-Wreturn-type\x1b]8;;\x07\x1b[m\x1b[K]\n'}
[28.242118] (mission_layer_mvibot) StderrLine: {'line': b'  160 | \x1b[01;35m\x1b[K}\x1b[m\x1b[K\n'}
[28.242315] (mission_layer_mvibot) StderrLine: {'line': b'      | \x1b[01;35m\x1b[K^\x1b[m\x1b[K\n'}
[28.301569] (-) TimerEvent: {}
[28.401823] (-) TimerEvent: {}
[28.502088] (-) TimerEvent: {}
[28.602350] (-) TimerEvent: {}
[28.702625] (-) TimerEvent: {}
[28.802861] (-) TimerEvent: {}
[28.903113] (-) TimerEvent: {}
[29.003368] (-) TimerEvent: {}
[29.103649] (-) TimerEvent: {}
[29.203966] (-) TimerEvent: {}
[29.304292] (-) TimerEvent: {}
[29.404612] (-) TimerEvent: {}
[29.504949] (-) TimerEvent: {}
[29.605252] (-) TimerEvent: {}
[29.705551] (-) TimerEvent: {}
[29.805986] (-) TimerEvent: {}
[29.906276] (-) TimerEvent: {}
[30.006558] (-) TimerEvent: {}
[30.106989] (-) TimerEvent: {}
[30.207295] (-) TimerEvent: {}
[30.307627] (-) TimerEvent: {}
[30.408065] (-) TimerEvent: {}
[30.508407] (-) TimerEvent: {}
[30.608728] (-) TimerEvent: {}
[30.709012] (-) TimerEvent: {}
[30.809279] (-) TimerEvent: {}
[30.909531] (-) TimerEvent: {}
[31.009814] (-) TimerEvent: {}
[31.110085] (-) TimerEvent: {}
[31.210343] (-) TimerEvent: {}
[31.311520] (-) TimerEvent: {}
[31.411796] (-) TimerEvent: {}
[31.512040] (-) TimerEvent: {}
[31.612270] (-) TimerEvent: {}
[31.712524] (-) TimerEvent: {}
[31.812812] (-) TimerEvent: {}
[31.913370] (-) TimerEvent: {}
[32.013949] (-) TimerEvent: {}
[32.114229] (-) TimerEvent: {}
[32.214511] (-) TimerEvent: {}
[32.314800] (-) TimerEvent: {}
[32.415088] (-) TimerEvent: {}
[32.515370] (-) TimerEvent: {}
[32.615618] (-) TimerEvent: {}
[32.715836] (-) TimerEvent: {}
[32.816061] (-) TimerEvent: {}
[32.916273] (-) TimerEvent: {}
[33.016526] (-) TimerEvent: {}
[33.116792] (-) TimerEvent: {}
[33.217043] (-) TimerEvent: {}
[33.317298] (-) TimerEvent: {}
[33.417634] (-) TimerEvent: {}
[33.517871] (-) TimerEvent: {}
[33.618111] (-) TimerEvent: {}
[33.718411] (-) TimerEvent: {}
[33.819319] (-) TimerEvent: {}
[33.919614] (-) TimerEvent: {}
[34.020322] (-) TimerEvent: {}
[34.121074] (-) TimerEvent: {}
[34.221267] (-) TimerEvent: {}
[34.321521] (-) TimerEvent: {}
[34.421831] (-) TimerEvent: {}
[34.522186] (-) TimerEvent: {}
[34.622523] (-) TimerEvent: {}
[34.722849] (-) TimerEvent: {}
[34.823166] (-) TimerEvent: {}
[34.923499] (-) TimerEvent: {}
[35.024062] (-) TimerEvent: {}
[35.124522] (-) TimerEvent: {}
[35.224790] (-) TimerEvent: {}
[35.325649] (-) TimerEvent: {}
[35.425938] (-) TimerEvent: {}
[35.526183] (-) TimerEvent: {}
[35.626423] (-) TimerEvent: {}
[35.726674] (-) TimerEvent: {}
[35.826889] (-) TimerEvent: {}
[35.927114] (-) TimerEvent: {}
[36.027353] (-) TimerEvent: {}
[36.127604] (-) TimerEvent: {}
[36.227849] (-) TimerEvent: {}
[36.328217] (-) TimerEvent: {}
[36.428526] (-) TimerEvent: {}
[36.528926] (-) TimerEvent: {}
[36.629279] (-) TimerEvent: {}
[36.729523] (-) TimerEvent: {}
[36.829740] (-) TimerEvent: {}
[36.930006] (-) TimerEvent: {}
[37.030315] (-) TimerEvent: {}
[37.131969] (-) TimerEvent: {}
[37.232330] (-) TimerEvent: {}
[37.333038] (-) TimerEvent: {}
[37.433455] (-) TimerEvent: {}
[37.533753] (-) TimerEvent: {}
[37.634019] (-) TimerEvent: {}
[37.734316] (-) TimerEvent: {}
[37.834699] (-) TimerEvent: {}
[37.934906] (-) TimerEvent: {}
[38.035160] (-) TimerEvent: {}
[38.135457] (-) TimerEvent: {}
[38.235790] (-) TimerEvent: {}
[38.336103] (-) TimerEvent: {}
[38.436605] (-) TimerEvent: {}
[38.537201] (-) TimerEvent: {}
[38.637866] (-) TimerEvent: {}
[38.738214] (-) TimerEvent: {}
[38.838551] (-) TimerEvent: {}
[38.939181] (-) TimerEvent: {}
[39.039523] (-) TimerEvent: {}
[39.139876] (-) TimerEvent: {}
[39.240538] (-) TimerEvent: {}
[39.340868] (-) TimerEvent: {}
[39.442302] (-) TimerEvent: {}
[39.542625] (-) TimerEvent: {}
[39.642963] (-) TimerEvent: {}
[39.743276] (-) TimerEvent: {}
[39.843602] (-) TimerEvent: {}
[39.943828] (-) TimerEvent: {}
[40.044094] (-) TimerEvent: {}
[40.144328] (-) TimerEvent: {}
[40.244580] (-) TimerEvent: {}
[40.344875] (-) TimerEvent: {}
[40.445181] (-) TimerEvent: {}
[40.545418] (-) TimerEvent: {}
[40.645662] (-) TimerEvent: {}
[40.745947] (-) TimerEvent: {}
[40.846244] (-) TimerEvent: {}
[40.946530] (-) TimerEvent: {}
[41.046876] (-) TimerEvent: {}
[41.147121] (-) TimerEvent: {}
[41.247448] (-) TimerEvent: {}
[41.347797] (-) TimerEvent: {}
[41.448147] (-) TimerEvent: {}
[41.548411] (-) TimerEvent: {}
[41.648630] (-) TimerEvent: {}
[41.748901] (-) TimerEvent: {}
[41.849261] (-) TimerEvent: {}
[41.949644] (-) TimerEvent: {}
[42.049900] (-) TimerEvent: {}
[42.150152] (-) TimerEvent: {}
[42.250439] (-) TimerEvent: {}
[42.350712] (-) TimerEvent: {}
[42.450944] (-) TimerEvent: {}
[42.551211] (-) TimerEvent: {}
[42.651503] (-) TimerEvent: {}
[42.751758] (-) TimerEvent: {}
[42.852083] (-) TimerEvent: {}
[42.952415] (-) TimerEvent: {}
[43.052673] (-) TimerEvent: {}
[43.152927] (-) TimerEvent: {}
[43.253181] (-) TimerEvent: {}
[43.353445] (-) TimerEvent: {}
[43.453691] (-) TimerEvent: {}
[43.553925] (-) TimerEvent: {}
[43.654159] (-) TimerEvent: {}
[43.754454] (-) TimerEvent: {}
[43.854862] (-) TimerEvent: {}
[43.955112] (-) TimerEvent: {}
[44.055359] (-) TimerEvent: {}
[44.155690] (-) TimerEvent: {}
[44.256032] (-) TimerEvent: {}
[44.356347] (-) TimerEvent: {}
[44.456840] (-) TimerEvent: {}
[44.557133] (-) TimerEvent: {}
[44.657457] (-) TimerEvent: {}
[44.757753] (-) TimerEvent: {}
[44.858050] (-) TimerEvent: {}
[44.958347] (-) TimerEvent: {}
[45.058664] (-) TimerEvent: {}
[45.158970] (-) TimerEvent: {}
[45.259249] (-) TimerEvent: {}
[45.360023] (-) TimerEvent: {}
[45.460303] (-) TimerEvent: {}
[45.560667] (-) TimerEvent: {}
[45.660925] (-) TimerEvent: {}
[45.761178] (-) TimerEvent: {}
[45.861396] (-) TimerEvent: {}
[45.961662] (-) TimerEvent: {}
[46.061919] (-) TimerEvent: {}
[46.162138] (-) TimerEvent: {}
[46.262382] (-) TimerEvent: {}
[46.362741] (-) TimerEvent: {}
[46.463128] (-) TimerEvent: {}
[46.563505] (-) TimerEvent: {}
[46.664920] (-) TimerEvent: {}
[46.766248] (-) TimerEvent: {}
[46.866501] (-) TimerEvent: {}
[46.966746] (-) TimerEvent: {}
[47.066979] (-) TimerEvent: {}
[47.167495] (-) TimerEvent: {}
[47.267810] (-) TimerEvent: {}
[47.368090] (-) TimerEvent: {}
[47.468389] (-) TimerEvent: {}
[47.568809] (-) TimerEvent: {}
[47.669109] (-) TimerEvent: {}
[47.769382] (-) TimerEvent: {}
[47.869639] (-) TimerEvent: {}
[47.969883] (-) TimerEvent: {}
[48.070116] (-) TimerEvent: {}
[48.170421] (-) TimerEvent: {}
[48.270817] (-) TimerEvent: {}
[48.371064] (-) TimerEvent: {}
[48.471333] (-) TimerEvent: {}
[48.571608] (-) TimerEvent: {}
[48.671887] (-) TimerEvent: {}
[48.772135] (-) TimerEvent: {}
[48.872511] (-) TimerEvent: {}
[48.973145] (-) TimerEvent: {}
[49.073524] (-) TimerEvent: {}
[49.174267] (-) TimerEvent: {}
[49.274565] (-) TimerEvent: {}
[49.374861] (-) TimerEvent: {}
[49.475087] (-) TimerEvent: {}
[49.575368] (-) TimerEvent: {}
[49.675730] (-) TimerEvent: {}
[49.776113] (-) TimerEvent: {}
[49.876556] (-) TimerEvent: {}
[49.977077] (-) TimerEvent: {}
[50.077487] (-) TimerEvent: {}
[50.177749] (-) TimerEvent: {}
[50.278037] (-) TimerEvent: {}
[50.378358] (-) TimerEvent: {}
[50.478720] (-) TimerEvent: {}
[50.579028] (-) TimerEvent: {}
[50.679367] (-) TimerEvent: {}
[50.779712] (-) TimerEvent: {}
[50.880016] (-) TimerEvent: {}
[50.980329] (-) TimerEvent: {}
[51.080940] (-) TimerEvent: {}
[51.181744] (-) TimerEvent: {}
[51.282061] (-) TimerEvent: {}
[51.382346] (-) TimerEvent: {}
[51.483041] (-) TimerEvent: {}
[51.583304] (-) TimerEvent: {}
[51.683597] (-) TimerEvent: {}
[51.783838] (-) TimerEvent: {}
[51.884073] (-) TimerEvent: {}
[51.984324] (-) TimerEvent: {}
[52.084580] (-) TimerEvent: {}
[52.184799] (-) TimerEvent: {}
[52.285079] (-) TimerEvent: {}
[52.385512] (-) TimerEvent: {}
[52.485801] (-) TimerEvent: {}
[52.586058] (-) TimerEvent: {}
[52.686419] (-) TimerEvent: {}
[52.786827] (-) TimerEvent: {}
[52.887154] (-) TimerEvent: {}
[52.987412] (-) TimerEvent: {}
[53.087712] (-) TimerEvent: {}
[53.187952] (-) TimerEvent: {}
[53.288160] (-) TimerEvent: {}
[53.388447] (-) TimerEvent: {}
[53.488822] (-) TimerEvent: {}
[53.589230] (-) TimerEvent: {}
[53.689517] (-) TimerEvent: {}
[53.789973] (-) TimerEvent: {}
[53.890248] (-) TimerEvent: {}
[53.990757] (-) TimerEvent: {}
[54.091287] (-) TimerEvent: {}
[54.191524] (-) TimerEvent: {}
[54.291772] (-) TimerEvent: {}
[54.392165] (-) TimerEvent: {}
[54.492607] (-) TimerEvent: {}
[54.592862] (-) TimerEvent: {}
[54.693073] (-) TimerEvent: {}
[54.793329] (-) TimerEvent: {}
[54.893612] (-) TimerEvent: {}
[54.993890] (-) TimerEvent: {}
[55.094182] (-) TimerEvent: {}
[55.194532] (-) TimerEvent: {}
[55.294831] (-) TimerEvent: {}
[55.395086] (-) TimerEvent: {}
[55.495379] (-) TimerEvent: {}
[55.595690] (-) TimerEvent: {}
[55.695965] (-) TimerEvent: {}
[55.796209] (-) TimerEvent: {}
[55.896569] (-) TimerEvent: {}
[55.996927] (-) TimerEvent: {}
[56.097210] (-) TimerEvent: {}
[56.197460] (-) TimerEvent: {}
[56.297737] (-) TimerEvent: {}
[56.398081] (-) TimerEvent: {}
[56.498405] (-) TimerEvent: {}
[56.598644] (-) TimerEvent: {}
[56.698908] (-) TimerEvent: {}
[56.799146] (-) TimerEvent: {}
[56.899447] (-) TimerEvent: {}
[56.999723] (-) TimerEvent: {}
[57.100303] (-) TimerEvent: {}
[57.200532] (-) TimerEvent: {}
[57.300801] (-) TimerEvent: {}
[57.401041] (-) TimerEvent: {}
[57.501287] (-) TimerEvent: {}
[57.601524] (-) TimerEvent: {}
[57.701753] (-) TimerEvent: {}
[57.801997] (-) TimerEvent: {}
[57.902252] (-) TimerEvent: {}
[58.002444] (-) TimerEvent: {}
[58.102682] (-) TimerEvent: {}
[58.202910] (-) TimerEvent: {}
[58.303167] (-) TimerEvent: {}
[58.403415] (-) TimerEvent: {}
[58.503647] (-) TimerEvent: {}
[58.604058] (-) TimerEvent: {}
[58.704399] (-) TimerEvent: {}
[58.804646] (-) TimerEvent: {}
[58.904927] (-) TimerEvent: {}
[59.005157] (-) TimerEvent: {}
[59.105490] (-) TimerEvent: {}
[59.205787] (-) TimerEvent: {}
[59.306101] (-) TimerEvent: {}
[59.406413] (-) TimerEvent: {}
[59.506711] (-) TimerEvent: {}
[59.607127] (-) TimerEvent: {}
[59.707445] (-) TimerEvent: {}
[59.807749] (-) TimerEvent: {}
[59.908049] (-) TimerEvent: {}
[60.008368] (-) TimerEvent: {}
[60.108653] (-) TimerEvent: {}
[60.208924] (-) TimerEvent: {}
[60.309192] (-) TimerEvent: {}
[60.409763] (-) TimerEvent: {}
[60.510123] (-) TimerEvent: {}
[60.610626] (-) TimerEvent: {}
[60.711270] (-) TimerEvent: {}
[60.811519] (-) TimerEvent: {}
[60.911756] (-) TimerEvent: {}
[61.012036] (-) TimerEvent: {}
[61.112309] (-) TimerEvent: {}
[61.212610] (-) TimerEvent: {}
[61.312853] (-) TimerEvent: {}
[61.413114] (-) TimerEvent: {}
[61.513380] (-) TimerEvent: {}
[61.613665] (-) TimerEvent: {}
[61.713929] (-) TimerEvent: {}
[61.814193] (-) TimerEvent: {}
[61.914483] (-) TimerEvent: {}
[62.014743] (-) TimerEvent: {}
[62.115382] (-) TimerEvent: {}
[62.215671] (-) TimerEvent: {}
[62.315957] (-) TimerEvent: {}
[62.416248] (-) TimerEvent: {}
[62.516553] (-) TimerEvent: {}
[62.616827] (-) TimerEvent: {}
[62.717092] (-) TimerEvent: {}
[62.817394] (-) TimerEvent: {}
[62.917695] (-) TimerEvent: {}
[63.017961] (-) TimerEvent: {}
[63.118267] (-) TimerEvent: {}
[63.218517] (-) TimerEvent: {}
[63.319021] (-) TimerEvent: {}
[63.419294] (-) TimerEvent: {}
[63.519517] (-) TimerEvent: {}
[63.619838] (-) TimerEvent: {}
[63.720176] (-) TimerEvent: {}
[63.820418] (-) TimerEvent: {}
[63.920651] (-) TimerEvent: {}
[64.020892] (-) TimerEvent: {}
[64.121171] (-) TimerEvent: {}
[64.221410] (-) TimerEvent: {}
[64.322708] (-) TimerEvent: {}
[64.423193] (-) TimerEvent: {}
[64.523835] (-) TimerEvent: {}
[64.624374] (-) TimerEvent: {}
[64.724743] (-) TimerEvent: {}
[64.824996] (-) TimerEvent: {}
[64.925252] (-) TimerEvent: {}
[65.025525] (-) TimerEvent: {}
[65.125817] (-) TimerEvent: {}
[65.226068] (-) TimerEvent: {}
[65.326325] (-) TimerEvent: {}
[65.426903] (-) TimerEvent: {}
[65.527149] (-) TimerEvent: {}
[65.627350] (-) TimerEvent: {}
[65.727619] (-) TimerEvent: {}
[65.827890] (-) TimerEvent: {}
[65.928116] (-) TimerEvent: {}
[66.028338] (-) TimerEvent: {}
[66.128596] (-) TimerEvent: {}
[66.228933] (-) TimerEvent: {}
[66.329237] (-) TimerEvent: {}
[66.429589] (-) TimerEvent: {}
[66.529892] (-) TimerEvent: {}
[66.630219] (-) TimerEvent: {}
[66.730530] (-) TimerEvent: {}
[66.831205] (-) TimerEvent: {}
[66.931502] (-) TimerEvent: {}
[67.031988] (-) TimerEvent: {}
[67.132587] (-) TimerEvent: {}
[67.232901] (-) TimerEvent: {}
[67.333179] (-) TimerEvent: {}
[67.433440] (-) TimerEvent: {}
[67.533681] (-) TimerEvent: {}
[67.550131] (mission_layer_mvibot) StderrLine: {'line': b'\x1b[01m\x1b[K/home/mvibot/floorCleaningRobot_ws/src/mission_layer_mvibot/src/../include/mission_layer_mvibot/mvibot_mission/manage_mission.h:\x1b[m\x1b[K In member function \xe2\x80\x98\x1b[01m\x1b[Kdouble* manage_mission::\x1b[01;32m\x1b[Kget_position_tf\x1b[m\x1b[K(std::string, std::string)\x1b[m\x1b[K\xe2\x80\x99:\n'}
[67.551210] (mission_layer_mvibot) StderrLine: {'line': b'\x1b[01m\x1b[K/home/mvibot/floorCleaningRobot_ws/src/mission_layer_mvibot/src/../include/mission_layer_mvibot/mvibot_mission/manage_mission.h:630:33:\x1b[m\x1b[K \x1b[01;35m\x1b[Kwarning: \x1b[m\x1b[Karray subscript 2 is above array bounds of \xe2\x80\x98\x1b[01m\x1b[Kdouble [2]\x1b[m\x1b[K\xe2\x80\x99 [\x1b[01;35m\x1b[K\x1b]8;;https://gcc.gnu.org/onlinedocs/gcc/Warning-Options.html#index-Warray-bounds=\x07-Warray-bounds=\x1b]8;;\x07\x1b[m\x1b[K]\n'}
[67.551345] (mission_layer_mvibot) StderrLine: {'line': b'  630 |     data[0]=x; data[1]=y; \x1b[01;35m\x1b[Kdata[2]\x1b[m\x1b[K=thz; data[3]=thw;\n'}
[67.551441] (mission_layer_mvibot) StderrLine: {'line': b'      |                           \x1b[01;35m\x1b[K~~~~~~^\x1b[m\x1b[K\n'}
[67.551556] (mission_layer_mvibot) StderrLine: {'line': b'\x1b[01m\x1b[K/home/mvibot/floorCleaningRobot_ws/src/mission_layer_mvibot/src/../include/mission_layer_mvibot/mvibot_mission/manage_mission.h:614:19:\x1b[m\x1b[K \x1b[01;36m\x1b[Knote: \x1b[m\x1b[Kwhile referencing \xe2\x80\x98\x1b[01m\x1b[Kdata\x1b[m\x1b[K\xe2\x80\x99\n'}
[67.551649] (mission_layer_mvibot) StderrLine: {'line': b'  614 |     static double \x1b[01;36m\x1b[Kdata\x1b[m\x1b[K[2];\n'}
[67.551737] (mission_layer_mvibot) StderrLine: {'line': b'      |                   \x1b[01;36m\x1b[K^~~~\x1b[m\x1b[K\n'}
[67.551832] (mission_layer_mvibot) StderrLine: {'line': b'\x1b[01m\x1b[K/home/mvibot/floorCleaningRobot_ws/src/mission_layer_mvibot/src/../include/mission_layer_mvibot/mvibot_mission/manage_mission.h:630:46:\x1b[m\x1b[K \x1b[01;35m\x1b[Kwarning: \x1b[m\x1b[Karray subscript 3 is above array bounds of \xe2\x80\x98\x1b[01m\x1b[Kdouble [2]\x1b[m\x1b[K\xe2\x80\x99 [\x1b[01;35m\x1b[K\x1b]8;;https://gcc.gnu.org/onlinedocs/gcc/Warning-Options.html#index-Warray-bounds=\x07-Warray-bounds=\x1b]8;;\x07\x1b[m\x1b[K]\n'}
[67.551992] (mission_layer_mvibot) StderrLine: {'line': b'  630 |     data[0]=x; data[1]=y; data[2]=thz; \x1b[01;35m\x1b[Kdata[3]\x1b[m\x1b[K=thw;\n'}
[67.552119] (mission_layer_mvibot) StderrLine: {'line': b'      |                                        \x1b[01;35m\x1b[K~~~~~~^\x1b[m\x1b[K\n'}
[67.552234] (mission_layer_mvibot) StderrLine: {'line': b'\x1b[01m\x1b[K/home/mvibot/floorCleaningRobot_ws/src/mission_layer_mvibot/src/../include/mission_layer_mvibot/mvibot_mission/manage_mission.h:614:19:\x1b[m\x1b[K \x1b[01;36m\x1b[Knote: \x1b[m\x1b[Kwhile referencing \xe2\x80\x98\x1b[01m\x1b[Kdata\x1b[m\x1b[K\xe2\x80\x99\n'}
[67.552360] (mission_layer_mvibot) StderrLine: {'line': b'  614 |     static double \x1b[01;36m\x1b[Kdata\x1b[m\x1b[K[2];\n'}
[67.552490] (mission_layer_mvibot) StderrLine: {'line': b'      |                   \x1b[01;36m\x1b[K^~~~\x1b[m\x1b[K\n'}
[67.633771] (-) TimerEvent: {}
[67.734028] (-) TimerEvent: {}
[67.834296] (-) TimerEvent: {}
[67.934519] (-) TimerEvent: {}
[68.034739] (-) TimerEvent: {}
[68.135025] (-) TimerEvent: {}
[68.235333] (-) TimerEvent: {}
[68.335641] (-) TimerEvent: {}
[68.435960] (-) TimerEvent: {}
[68.536688] (-) TimerEvent: {}
[68.637043] (-) TimerEvent: {}
[68.737413] (-) TimerEvent: {}
[68.837719] (-) TimerEvent: {}
[68.937972] (-) TimerEvent: {}
[69.038238] (-) TimerEvent: {}
[69.138528] (-) TimerEvent: {}
[69.238855] (-) TimerEvent: {}
[69.339143] (-) TimerEvent: {}
[69.439450] (-) TimerEvent: {}
[69.539778] (-) TimerEvent: {}
[69.640109] (-) TimerEvent: {}
[69.740715] (-) TimerEvent: {}
[69.841159] (-) TimerEvent: {}
[69.941506] (-) TimerEvent: {}
[70.041815] (-) TimerEvent: {}
[70.142131] (-) TimerEvent: {}
[70.242439] (-) TimerEvent: {}
[70.342741] (-) TimerEvent: {}
[70.443042] (-) TimerEvent: {}
[70.543359] (-) TimerEvent: {}
[70.643662] (-) TimerEvent: {}
[70.743911] (-) TimerEvent: {}
[70.844202] (-) TimerEvent: {}
[70.944478] (-) TimerEvent: {}
[71.044778] (-) TimerEvent: {}
[71.145033] (-) TimerEvent: {}
[71.245254] (-) TimerEvent: {}
[71.345506] (-) TimerEvent: {}
[71.445799] (-) TimerEvent: {}
[71.546062] (-) TimerEvent: {}
[71.646302] (-) TimerEvent: {}
[71.746584] (-) TimerEvent: {}
[71.846842] (-) TimerEvent: {}
[71.947069] (-) TimerEvent: {}
[72.047311] (-) TimerEvent: {}
[72.147588] (-) TimerEvent: {}
[72.247866] (-) TimerEvent: {}
[72.348291] (-) TimerEvent: {}
[72.448591] (-) TimerEvent: {}
[72.548959] (-) TimerEvent: {}
[72.649339] (-) TimerEvent: {}
[72.749828] (-) TimerEvent: {}
[72.850183] (-) TimerEvent: {}
[72.950593] (-) TimerEvent: {}
[73.051077] (-) TimerEvent: {}
[73.151303] (-) TimerEvent: {}
[73.251540] (-) TimerEvent: {}
[73.351826] (-) TimerEvent: {}
[73.452300] (-) TimerEvent: {}
[73.552652] (-) TimerEvent: {}
[73.652898] (-) TimerEvent: {}
[73.753132] (-) TimerEvent: {}
[73.853402] (-) TimerEvent: {}
[73.953811] (-) TimerEvent: {}
[74.054056] (-) TimerEvent: {}
[74.154300] (-) TimerEvent: {}
[74.254559] (-) TimerEvent: {}
[74.354847] (-) TimerEvent: {}
[74.455146] (-) TimerEvent: {}
[74.555436] (-) TimerEvent: {}
[74.655854] (-) TimerEvent: {}
[74.756159] (-) TimerEvent: {}
[74.856422] (-) TimerEvent: {}
[74.956712] (-) TimerEvent: {}
[75.056968] (-) TimerEvent: {}
[75.157306] (-) TimerEvent: {}
[75.257762] (-) TimerEvent: {}
[75.358134] (-) TimerEvent: {}
[75.458751] (-) TimerEvent: {}
[75.559009] (-) TimerEvent: {}
[75.659263] (-) TimerEvent: {}
[75.759512] (-) TimerEvent: {}
[75.859882] (-) TimerEvent: {}
[75.960360] (-) TimerEvent: {}
[76.060720] (-) TimerEvent: {}
[76.161142] (-) TimerEvent: {}
[76.261432] (-) TimerEvent: {}
[76.361720] (-) TimerEvent: {}
[76.462067] (-) TimerEvent: {}
[76.562450] (-) TimerEvent: {}
[76.662893] (-) TimerEvent: {}
[76.763282] (-) TimerEvent: {}
[76.863683] (-) TimerEvent: {}
[76.963910] (-) TimerEvent: {}
[77.064301] (-) TimerEvent: {}
[77.164768] (-) TimerEvent: {}
[77.265076] (-) TimerEvent: {}
[77.366395] (-) TimerEvent: {}
[77.466673] (-) TimerEvent: {}
[77.566955] (-) TimerEvent: {}
[77.667188] (-) TimerEvent: {}
[77.767417] (-) TimerEvent: {}
[77.867718] (-) TimerEvent: {}
[77.967985] (-) TimerEvent: {}
[78.068214] (-) TimerEvent: {}
[78.168524] (-) TimerEvent: {}
[78.268827] (-) TimerEvent: {}
[78.369149] (-) TimerEvent: {}
[78.469454] (-) TimerEvent: {}
[78.569711] (-) TimerEvent: {}
[78.670014] (-) TimerEvent: {}
[78.770305] (-) TimerEvent: {}
[78.870525] (-) TimerEvent: {}
[78.970802] (-) TimerEvent: {}
[79.071043] (-) TimerEvent: {}
[79.171473] (-) TimerEvent: {}
[79.271822] (-) TimerEvent: {}
[79.372078] (-) TimerEvent: {}
[79.472345] (-) TimerEvent: {}
[79.572823] (-) TimerEvent: {}
[79.673122] (-) TimerEvent: {}
[79.773405] (-) TimerEvent: {}
[79.873679] (-) TimerEvent: {}
[79.973981] (-) TimerEvent: {}
[80.074253] (-) TimerEvent: {}
[80.174595] (-) TimerEvent: {}
[80.274872] (-) TimerEvent: {}
[80.375199] (-) TimerEvent: {}
[80.475496] (-) TimerEvent: {}
[80.575761] (-) TimerEvent: {}
[80.676165] (-) TimerEvent: {}
[80.776511] (-) TimerEvent: {}
[80.876837] (-) TimerEvent: {}
[80.977119] (-) TimerEvent: {}
[81.077394] (-) TimerEvent: {}
[81.177733] (-) TimerEvent: {}
[81.278069] (-) TimerEvent: {}
[81.378368] (-) TimerEvent: {}
[81.478901] (-) TimerEvent: {}
[81.579306] (-) TimerEvent: {}
[81.679741] (-) TimerEvent: {}
[81.780527] (-) TimerEvent: {}
[81.881454] (-) TimerEvent: {}
[81.981926] (-) TimerEvent: {}
[82.082273] (-) TimerEvent: {}
[82.182602] (-) TimerEvent: {}
[82.282868] (-) TimerEvent: {}
[82.383226] (-) TimerEvent: {}
[82.483530] (-) TimerEvent: {}
[82.583825] (-) TimerEvent: {}
[82.684075] (-) TimerEvent: {}
[82.784343] (-) TimerEvent: {}
[82.884618] (-) TimerEvent: {}
[82.984850] (-) TimerEvent: {}
[83.085126] (-) TimerEvent: {}
[83.185407] (-) TimerEvent: {}
[83.285700] (-) TimerEvent: {}
[83.385972] (-) TimerEvent: {}
[83.486274] (-) TimerEvent: {}
[83.586518] (-) TimerEvent: {}
[83.686754] (-) TimerEvent: {}
[83.786972] (-) TimerEvent: {}
[83.887264] (-) TimerEvent: {}
[83.987598] (-) TimerEvent: {}
[84.087837] (-) TimerEvent: {}
[84.188033] (-) TimerEvent: {}
[84.288283] (-) TimerEvent: {}
[84.388588] (-) TimerEvent: {}
[84.488860] (-) TimerEvent: {}
[84.589147] (-) TimerEvent: {}
[84.689400] (-) TimerEvent: {}
[84.789696] (-) TimerEvent: {}
[84.889972] (-) TimerEvent: {}
[84.990299] (-) TimerEvent: {}
[85.090649] (-) TimerEvent: {}
[85.190957] (-) TimerEvent: {}
[85.291267] (-) TimerEvent: {}
[85.391605] (-) TimerEvent: {}
[85.492044] (-) TimerEvent: {}
[85.592342] (-) TimerEvent: {}
[85.692676] (-) TimerEvent: {}
[85.793040] (-) TimerEvent: {}
[85.893343] (-) TimerEvent: {}
[85.993685] (-) TimerEvent: {}
[86.094030] (-) TimerEvent: {}
[86.194403] (-) TimerEvent: {}
[86.294714] (-) TimerEvent: {}
[86.394965] (-) TimerEvent: {}
[86.495278] (-) TimerEvent: {}
[86.595531] (-) TimerEvent: {}
[86.695914] (-) TimerEvent: {}
[86.796180] (-) TimerEvent: {}
[86.896558] (-) TimerEvent: {}
[86.997429] (-) TimerEvent: {}
[87.097706] (-) TimerEvent: {}
[87.198066] (-) TimerEvent: {}
[87.298400] (-) TimerEvent: {}
[87.398780] (-) TimerEvent: {}
[87.499401] (-) TimerEvent: {}
[87.599651] (-) TimerEvent: {}
[87.699936] (-) TimerEvent: {}
[87.800154] (-) TimerEvent: {}
[87.900440] (-) TimerEvent: {}
[88.000728] (-) TimerEvent: {}
[88.101052] (-) TimerEvent: {}
[88.201356] (-) TimerEvent: {}
[88.301678] (-) TimerEvent: {}
[88.401939] (-) TimerEvent: {}
[88.502235] (-) TimerEvent: {}
[88.602523] (-) TimerEvent: {}
[88.702748] (-) TimerEvent: {}
[88.803036] (-) TimerEvent: {}
[88.903325] (-) TimerEvent: {}
[89.003581] (-) TimerEvent: {}
[89.103800] (-) TimerEvent: {}
[89.204052] (-) TimerEvent: {}
[89.304288] (-) TimerEvent: {}
[89.404533] (-) TimerEvent: {}
[89.504781] (-) TimerEvent: {}
[89.605045] (-) TimerEvent: {}
[89.705285] (-) TimerEvent: {}
[89.805528] (-) TimerEvent: {}
[89.905804] (-) TimerEvent: {}
[90.006107] (-) TimerEvent: {}
[90.106433] (-) TimerEvent: {}
[90.206683] (-) TimerEvent: {}
[90.306954] (-) TimerEvent: {}
[90.407317] (-) TimerEvent: {}
[90.507848] (-) TimerEvent: {}
[90.608222] (-) TimerEvent: {}
[90.708590] (-) TimerEvent: {}
[90.809039] (-) TimerEvent: {}
[90.909392] (-) TimerEvent: {}
[91.009701] (-) TimerEvent: {}
[91.109969] (-) TimerEvent: {}
[91.210367] (-) TimerEvent: {}
[91.310917] (-) TimerEvent: {}
[91.411174] (-) TimerEvent: {}
[91.511433] (-) TimerEvent: {}
[91.611684] (-) TimerEvent: {}
[91.711946] (-) TimerEvent: {}
[91.812341] (-) TimerEvent: {}
[91.912612] (-) TimerEvent: {}
[92.012884] (-) TimerEvent: {}
[92.113246] (-) TimerEvent: {}
[92.213547] (-) TimerEvent: {}
[92.313863] (-) TimerEvent: {}
[92.414428] (-) TimerEvent: {}
[92.514742] (-) TimerEvent: {}
[92.615097] (-) TimerEvent: {}
[92.715538] (-) TimerEvent: {}
[92.815765] (-) TimerEvent: {}
[92.916010] (-) TimerEvent: {}
[93.016260] (-) TimerEvent: {}
[93.042713] (mission_layer_mvibot) StderrLine: {'line': b'\x1b[01m\x1b[K/home/mvibot/floorCleaningRobot_ws/src/mission_layer_mvibot/src/../include/mission_layer_mvibot/mvibot_mission/navigation_function.h:\x1b[m\x1b[K In member function \xe2\x80\x98\x1b[01m\x1b[Kvoid navigation_function::\x1b[01;32m\x1b[Kset_initial_robot\x1b[m\x1b[K(const std::string&)\x1b[m\x1b[K\xe2\x80\x99:\n'}
[93.043838] (mission_layer_mvibot) StderrLine: {'line': b'\x1b[01m\x1b[K/home/mvibot/floorCleaningRobot_ws/src/mission_layer_mvibot/src/../include/mission_layer_mvibot/mvibot_mission/navigation_function.h:260:13:\x1b[m\x1b[K \x1b[01;35m\x1b[Kwarning: \x1b[m\x1b[K\xe2\x80\x98\x1b[01m\x1b[Kx\x1b[m\x1b[K\xe2\x80\x99 may be used uninitialized [\x1b[01;35m\x1b[K\x1b]8;;https://gcc.gnu.org/onlinedocs/gcc/Warning-Options.html#index-Wmaybe-uninitialized\x07-Wmaybe-uninitialized\x1b]8;;\x07\x1b[m\x1b[K]\n'}
[93.043974] (mission_layer_mvibot) StderrLine: {'line': b'  260 |     \x1b[01;35m\x1b[Kpub_amcl(x,y,thz,thw)\x1b[m\x1b[K;\n'}
[93.044062] (mission_layer_mvibot) StderrLine: {'line': b'      |     \x1b[01;35m\x1b[K~~~~~~~~^~~~~~~~~~~~~\x1b[m\x1b[K\n'}
[93.044157] (mission_layer_mvibot) StderrLine: {'line': b'\x1b[01m\x1b[K/home/mvibot/floorCleaningRobot_ws/src/mission_layer_mvibot/src/../include/mission_layer_mvibot/mvibot_mission/navigation_function.h:252:18:\x1b[m\x1b[K \x1b[01;36m\x1b[Knote: \x1b[m\x1b[K\xe2\x80\x98\x1b[01m\x1b[Kx\x1b[m\x1b[K\xe2\x80\x99 was declared here\n'}
[93.044252] (mission_layer_mvibot) StderrLine: {'line': b'  252 |     double value,\x1b[01;36m\x1b[Kx\x1b[m\x1b[K,y,thz,thw;\n'}
[93.044364] (mission_layer_mvibot) StderrLine: {'line': b'      |                  \x1b[01;36m\x1b[K^\x1b[m\x1b[K\n'}
[93.044487] (mission_layer_mvibot) StderrLine: {'line': b'\x1b[01m\x1b[K/home/mvibot/floorCleaningRobot_ws/src/mission_layer_mvibot/src/../include/mission_layer_mvibot/mvibot_mission/navigation_function.h:260:13:\x1b[m\x1b[K \x1b[01;35m\x1b[Kwarning: \x1b[m\x1b[K\xe2\x80\x98\x1b[01m\x1b[Ky\x1b[m\x1b[K\xe2\x80\x99 may be used uninitialized [\x1b[01;35m\x1b[K\x1b]8;;https://gcc.gnu.org/onlinedocs/gcc/Warning-Options.html#index-Wmaybe-uninitialized\x07-Wmaybe-uninitialized\x1b]8;;\x07\x1b[m\x1b[K]\n'}
[93.044624] (mission_layer_mvibot) StderrLine: {'line': b'  260 |     \x1b[01;35m\x1b[Kpub_amcl(x,y,thz,thw)\x1b[m\x1b[K;\n'}
[93.044746] (mission_layer_mvibot) StderrLine: {'line': b'      |     \x1b[01;35m\x1b[K~~~~~~~~^~~~~~~~~~~~~\x1b[m\x1b[K\n'}
[93.044863] (mission_layer_mvibot) StderrLine: {'line': b'\x1b[01m\x1b[K/home/mvibot/floorCleaningRobot_ws/src/mission_layer_mvibot/src/../include/mission_layer_mvibot/mvibot_mission/navigation_function.h:252:20:\x1b[m\x1b[K \x1b[01;36m\x1b[Knote: \x1b[m\x1b[K\xe2\x80\x98\x1b[01m\x1b[Ky\x1b[m\x1b[K\xe2\x80\x99 was declared here\n'}
[93.044982] (mission_layer_mvibot) StderrLine: {'line': b'  252 |     double value,x,\x1b[01;36m\x1b[Ky\x1b[m\x1b[K,thz,thw;\n'}
[93.045067] (mission_layer_mvibot) StderrLine: {'line': b'      |                    \x1b[01;36m\x1b[K^\x1b[m\x1b[K\n'}
[93.045146] (mission_layer_mvibot) StderrLine: {'line': b'\x1b[01m\x1b[K/home/mvibot/floorCleaningRobot_ws/src/mission_layer_mvibot/src/../include/mission_layer_mvibot/mvibot_mission/navigation_function.h:260:13:\x1b[m\x1b[K \x1b[01;35m\x1b[Kwarning: \x1b[m\x1b[K\xe2\x80\x98\x1b[01m\x1b[Kthz\x1b[m\x1b[K\xe2\x80\x99 may be used uninitialized [\x1b[01;35m\x1b[K\x1b]8;;https://gcc.gnu.org/onlinedocs/gcc/Warning-Options.html#index-Wmaybe-uninitialized\x07-Wmaybe-uninitialized\x1b]8;;\x07\x1b[m\x1b[K]\n'}
[93.045218] (mission_layer_mvibot) StderrLine: {'line': b'  260 |     \x1b[01;35m\x1b[Kpub_amcl(x,y,thz,thw)\x1b[m\x1b[K;\n'}
[93.045285] (mission_layer_mvibot) StderrLine: {'line': b'      |     \x1b[01;35m\x1b[K~~~~~~~~^~~~~~~~~~~~~\x1b[m\x1b[K\n'}
[93.045351] (mission_layer_mvibot) StderrLine: {'line': b'\x1b[01m\x1b[K/home/mvibot/floorCleaningRobot_ws/src/mission_layer_mvibot/src/../include/mission_layer_mvibot/mvibot_mission/navigation_function.h:252:22:\x1b[m\x1b[K \x1b[01;36m\x1b[Knote: \x1b[m\x1b[K\xe2\x80\x98\x1b[01m\x1b[Kthz\x1b[m\x1b[K\xe2\x80\x99 was declared here\n'}
[93.045427] (mission_layer_mvibot) StderrLine: {'line': b'  252 |     double value,x,y,\x1b[01;36m\x1b[Kthz\x1b[m\x1b[K,thw;\n'}
[93.045568] (mission_layer_mvibot) StderrLine: {'line': b'      |                      \x1b[01;36m\x1b[K^~~\x1b[m\x1b[K\n'}
[93.045662] (mission_layer_mvibot) StderrLine: {'line': b'\x1b[01m\x1b[K/home/mvibot/floorCleaningRobot_ws/src/mission_layer_mvibot/src/../include/mission_layer_mvibot/mvibot_mission/navigation_function.h:260:13:\x1b[m\x1b[K \x1b[01;35m\x1b[Kwarning: \x1b[m\x1b[K\xe2\x80\x98\x1b[01m\x1b[Kthw\x1b[m\x1b[K\xe2\x80\x99 may be used uninitialized [\x1b[01;35m\x1b[K\x1b]8;;https://gcc.gnu.org/onlinedocs/gcc/Warning-Options.html#index-Wmaybe-uninitialized\x07-Wmaybe-uninitialized\x1b]8;;\x07\x1b[m\x1b[K]\n'}
[93.045782] (mission_layer_mvibot) StderrLine: {'line': b'  260 |     \x1b[01;35m\x1b[Kpub_amcl(x,y,thz,thw)\x1b[m\x1b[K;\n'}
[93.045874] (mission_layer_mvibot) StderrLine: {'line': b'      |     \x1b[01;35m\x1b[K~~~~~~~~^~~~~~~~~~~~~\x1b[m\x1b[K\n'}
[93.045965] (mission_layer_mvibot) StderrLine: {'line': b'\x1b[01m\x1b[K/home/mvibot/floorCleaningRobot_ws/src/mission_layer_mvibot/src/../include/mission_layer_mvibot/mvibot_mission/navigation_function.h:252:26:\x1b[m\x1b[K \x1b[01;36m\x1b[Knote: \x1b[m\x1b[K\xe2\x80\x98\x1b[01m\x1b[Kthw\x1b[m\x1b[K\xe2\x80\x99 was declared here\n'}
[93.046043] (mission_layer_mvibot) StderrLine: {'line': b'  252 |     double value,x,y,thz,\x1b[01;36m\x1b[Kthw\x1b[m\x1b[K;\n'}
[93.046116] (mission_layer_mvibot) StderrLine: {'line': b'      |                          \x1b[01;36m\x1b[K^~~\x1b[m\x1b[K\n'}
[93.116363] (-) TimerEvent: {}
[93.216740] (-) TimerEvent: {}
[93.317033] (-) TimerEvent: {}
[93.417303] (-) TimerEvent: {}
[93.517531] (-) TimerEvent: {}
[93.617807] (-) TimerEvent: {}
[93.718039] (-) TimerEvent: {}
[93.818268] (-) TimerEvent: {}
[93.918511] (-) TimerEvent: {}
[94.018749] (-) TimerEvent: {}
[94.118960] (-) TimerEvent: {}
[94.219154] (-) TimerEvent: {}
[94.319371] (-) TimerEvent: {}
[94.419679] (-) TimerEvent: {}
[94.519909] (-) TimerEvent: {}
[94.620200] (-) TimerEvent: {}
[94.720485] (-) TimerEvent: {}
[94.820757] (-) TimerEvent: {}
[94.921049] (-) TimerEvent: {}
[94.964809] (mission_layer_mvibot) StderrLine: {'line': b'\x1b[01m\x1b[K/home/mvibot/floorCleaningRobot_ws/src/mission_layer_mvibot/src/../include/mission_layer_mvibot/mvibot_mission/manage_mission.h:\x1b[m\x1b[K In member function \xe2\x80\x98\x1b[01m\x1b[Kint manage_mission::\x1b[01;32m\x1b[Kexecute_content\x1b[m\x1b[K(mission&, std::vector<std::__cxx11::basic_string<char>, std::allocator<std::__cxx11::basic_string<char> > >&, std::string&, int&)\x1b[m\x1b[K\xe2\x80\x99:\n'}
[94.965076] (mission_layer_mvibot) StderrLine: {'line': b'\x1b[01m\x1b[K/home/mvibot/floorCleaningRobot_ws/src/mission_layer_mvibot/src/../include/mission_layer_mvibot/mvibot_mission/manage_mission.h:1048:9:\x1b[m\x1b[K \x1b[01;35m\x1b[Kwarning: \x1b[m\x1b[K\xe2\x80\x98\x1b[01m\x1b[Kres\x1b[m\x1b[K\xe2\x80\x99 may be used uninitialized [\x1b[01;35m\x1b[K\x1b]8;;https://gcc.gnu.org/onlinedocs/gcc/Warning-Options.html#index-Wmaybe-uninitialized\x07-Wmaybe-uninitialized\x1b]8;;\x07\x1b[m\x1b[K]\n'}
[94.965439] (mission_layer_mvibot) StderrLine: {'line': b' 1048 |         \x1b[01;35m\x1b[Kif\x1b[m\x1b[K(res == Finish_) queue_content.erase(queue_content.begin());\n'}
[94.965734] (mission_layer_mvibot) StderrLine: {'line': b'      |         \x1b[01;35m\x1b[K^~\x1b[m\x1b[K\n'}
[94.965863] (mission_layer_mvibot) StderrLine: {'line': b'\x1b[01m\x1b[K/home/mvibot/floorCleaningRobot_ws/src/mission_layer_mvibot/src/../include/mission_layer_mvibot/mvibot_mission/manage_mission.h:1034:13:\x1b[m\x1b[K \x1b[01;36m\x1b[Knote: \x1b[m\x1b[K\xe2\x80\x98\x1b[01m\x1b[Kres\x1b[m\x1b[K\xe2\x80\x99 was declared here\n'}
[94.965990] (mission_layer_mvibot) StderrLine: {'line': b' 1034 |         int \x1b[01;36m\x1b[Kres\x1b[m\x1b[K;\n'}
[94.966103] (mission_layer_mvibot) StderrLine: {'line': b'      |             \x1b[01;36m\x1b[K^~~\x1b[m\x1b[K\n'}
[95.021151] (-) TimerEvent: {}
[95.121440] (-) TimerEvent: {}
[95.221676] (-) TimerEvent: {}
[95.321954] (-) TimerEvent: {}
[95.422212] (-) TimerEvent: {}
[95.522461] (-) TimerEvent: {}
[95.622896] (-) TimerEvent: {}
[95.723294] (-) TimerEvent: {}
[95.824100] (-) TimerEvent: {}
[95.924992] (-) TimerEvent: {}
[96.025387] (-) TimerEvent: {}
[96.125735] (-) TimerEvent: {}
[96.226088] (-) TimerEvent: {}
[96.326375] (-) TimerEvent: {}
[96.426900] (-) TimerEvent: {}
[96.527307] (-) TimerEvent: {}
[96.627660] (-) TimerEvent: {}
[96.727985] (-) TimerEvent: {}
[96.828824] (-) TimerEvent: {}
[96.929134] (-) TimerEvent: {}
[97.029471] (-) TimerEvent: {}
[97.129822] (-) TimerEvent: {}
[97.230407] (-) TimerEvent: {}
[97.331326] (-) TimerEvent: {}
[97.432445] (-) TimerEvent: {}
[97.532717] (-) TimerEvent: {}
[97.632990] (-) TimerEvent: {}
[97.733261] (-) TimerEvent: {}
[97.833647] (-) TimerEvent: {}
[97.933886] (-) TimerEvent: {}
[98.034136] (-) TimerEvent: {}
[98.134407] (-) TimerEvent: {}
[98.234665] (-) TimerEvent: {}
[98.334952] (-) TimerEvent: {}
[98.435238] (-) TimerEvent: {}
[98.535609] (-) TimerEvent: {}
[98.635854] (-) TimerEvent: {}
[98.736259] (-) TimerEvent: {}
[98.836544] (-) TimerEvent: {}
[98.936778] (-) TimerEvent: {}
[99.037040] (-) TimerEvent: {}
[99.137306] (-) TimerEvent: {}
[99.237526] (-) TimerEvent: {}
[99.337944] (-) TimerEvent: {}
[99.438869] (-) TimerEvent: {}
[99.539532] (-) TimerEvent: {}
[99.639863] (-) TimerEvent: {}
[99.740106] (-) TimerEvent: {}
[99.840393] (-) TimerEvent: {}
[99.940765] (-) TimerEvent: {}
[100.041295] (-) TimerEvent: {}
[100.141627] (-) TimerEvent: {}
[100.241908] (-) TimerEvent: {}
[100.342176] (-) TimerEvent: {}
[100.442459] (-) TimerEvent: {}
[100.542691] (-) TimerEvent: {}
[100.642907] (-) TimerEvent: {}
[100.743157] (-) TimerEvent: {}
[100.843431] (-) TimerEvent: {}
[100.943718] (-) TimerEvent: {}
[101.044005] (-) TimerEvent: {}
[101.144285] (-) TimerEvent: {}
[101.244631] (-) TimerEvent: {}
[101.344931] (-) TimerEvent: {}
[101.445222] (-) TimerEvent: {}
[101.545453] (-) TimerEvent: {}
[101.645730] (-) TimerEvent: {}
[101.745988] (-) TimerEvent: {}
[101.846260] (-) TimerEvent: {}
[101.946532] (-) TimerEvent: {}
[102.046819] (-) TimerEvent: {}
[102.147086] (-) TimerEvent: {}
[102.247445] (-) TimerEvent: {}
[102.347895] (-) TimerEvent: {}
[102.448281] (-) TimerEvent: {}
[102.548619] (-) TimerEvent: {}
[102.649006] (-) TimerEvent: {}
[102.749300] (-) TimerEvent: {}
[102.849592] (-) TimerEvent: {}
[102.949935] (-) TimerEvent: {}
[103.050172] (-) TimerEvent: {}
[103.150497] (-) TimerEvent: {}
[103.250932] (-) TimerEvent: {}
[103.351176] (-) TimerEvent: {}
[103.451416] (-) TimerEvent: {}
[103.551631] (-) TimerEvent: {}
[103.651872] (-) TimerEvent: {}
[103.753141] (-) TimerEvent: {}
[103.853398] (-) TimerEvent: {}
[103.953651] (-) TimerEvent: {}
[104.053898] (-) TimerEvent: {}
[104.154175] (-) TimerEvent: {}
[104.254443] (-) TimerEvent: {}
[104.354636] (-) TimerEvent: {}
[104.454950] (-) TimerEvent: {}
[104.555194] (-) TimerEvent: {}
[104.655559] (-) TimerEvent: {}
[104.756115] (-) TimerEvent: {}
[104.856485] (-) TimerEvent: {}
[104.957028] (-) TimerEvent: {}
[105.057390] (-) TimerEvent: {}
[105.157817] (-) TimerEvent: {}
[105.258243] (-) TimerEvent: {}
[105.358638] (-) TimerEvent: {}
[105.459021] (-) TimerEvent: {}
[105.560055] (-) TimerEvent: {}
[105.660503] (-) TimerEvent: {}
[105.760808] (-) TimerEvent: {}
[105.861108] (-) TimerEvent: {}
[105.961402] (-) TimerEvent: {}
[106.061836] (-) TimerEvent: {}
[106.162515] (-) TimerEvent: {}
[106.262783] (-) TimerEvent: {}
[106.363064] (-) TimerEvent: {}
[106.463304] (-) TimerEvent: {}
[106.563579] (-) TimerEvent: {}
[106.663812] (-) TimerEvent: {}
[106.764058] (-) TimerEvent: {}
[106.864524] (-) TimerEvent: {}
[106.964857] (-) TimerEvent: {}
[107.065256] (-) TimerEvent: {}
[107.165750] (-) TimerEvent: {}
[107.266008] (-) TimerEvent: {}
[107.366282] (-) TimerEvent: {}
[107.466524] (-) TimerEvent: {}
[107.566772] (-) TimerEvent: {}
[107.667065] (-) TimerEvent: {}
[107.767324] (-) TimerEvent: {}
[107.867538] (-) TimerEvent: {}
[107.967860] (-) TimerEvent: {}
[108.068125] (-) TimerEvent: {}
[108.168345] (-) TimerEvent: {}
[108.268599] (-) TimerEvent: {}
[108.368893] (-) TimerEvent: {}
[108.469132] (-) TimerEvent: {}
[108.569428] (-) TimerEvent: {}
[108.669804] (-) TimerEvent: {}
[108.770079] (-) TimerEvent: {}
[108.870306] (-) TimerEvent: {}
[108.970519] (-) TimerEvent: {}
[109.070805] (-) TimerEvent: {}
[109.171160] (-) TimerEvent: {}
[109.271458] (-) TimerEvent: {}
[109.371755] (-) TimerEvent: {}
[109.472018] (-) TimerEvent: {}
[109.572276] (-) TimerEvent: {}
[109.672704] (-) TimerEvent: {}
[109.773007] (-) TimerEvent: {}
[109.873269] (-) TimerEvent: {}
[109.973562] (-) TimerEvent: {}
[110.073881] (-) TimerEvent: {}
[110.174217] (-) TimerEvent: {}
[110.274560] (-) TimerEvent: {}
[110.374885] (-) TimerEvent: {}
[110.475203] (-) TimerEvent: {}
[110.575547] (-) TimerEvent: {}
[110.675895] (-) TimerEvent: {}
[110.776245] (-) TimerEvent: {}
[110.876572] (-) TimerEvent: {}
[110.976923] (-) TimerEvent: {}
[111.077208] (-) TimerEvent: {}
[111.177453] (-) TimerEvent: {}
[111.277718] (-) TimerEvent: {}
[111.377984] (-) TimerEvent: {}
[111.478260] (-) TimerEvent: {}
[111.578563] (-) TimerEvent: {}
[111.678980] (-) TimerEvent: {}
[111.779334] (-) TimerEvent: {}
[111.879778] (-) TimerEvent: {}
[111.980217] (-) TimerEvent: {}
[112.080488] (-) TimerEvent: {}
[112.180808] (-) TimerEvent: {}
[112.281240] (-) TimerEvent: {}
[112.381642] (-) TimerEvent: {}
[112.482734] (-) TimerEvent: {}
[112.583038] (-) TimerEvent: {}
[112.683304] (-) TimerEvent: {}
[112.783511] (-) TimerEvent: {}
[112.873773] (mission_layer_mvibot) StdoutLine: {'line': b'[100%] \x1b[32m\x1b[1mLinking CXX executable mvibot_mission\x1b[0m\n'}
[112.883611] (-) TimerEvent: {}
[112.984028] (-) TimerEvent: {}
[113.084325] (-) TimerEvent: {}
[113.184582] (-) TimerEvent: {}
[113.284771] (-) TimerEvent: {}
[113.385034] (-) TimerEvent: {}
[113.485325] (-) TimerEvent: {}
[113.585772] (-) TimerEvent: {}
[113.686095] (-) TimerEvent: {}
[113.786377] (-) TimerEvent: {}
[113.886664] (-) TimerEvent: {}
[113.903636] (mission_layer_mvibot) StdoutLine: {'line': b'[100%] Built target mvibot_mission\n'}
[113.982945] (mission_layer_mvibot) CommandEnded: {'returncode': 0}
[114.010444] (-) TimerEvent: {}
[114.020490] (mission_layer_mvibot) JobProgress: {'identifier': 'mission_layer_mvibot', 'progress': 'install'}
[114.049047] (mission_layer_mvibot) Command: {'cmd': ['/usr/bin/cmake', '--install', '/home/mvibot/floorCleaningRobot_ws/build/mission_layer_mvibot'], 'cwd': '/home/mvibot/floorCleaningRobot_ws/build/mission_layer_mvibot', 'env': OrderedDict({'LESSOPEN': '| /usr/bin/lesspipe %s', 'USER': 'mvibot', 'SSH_CLIENT': '10.0.60.48 39610 22', 'GZ_CONFIG_PATH': '/opt/ros/jazzy/opt/gz_sim_vendor/share/gz:/opt/ros/jazzy/opt/sdformat_vendor/share/gz:/opt/ros/jazzy/opt/gz_gui_vendor/share/gz:/opt/ros/jazzy/opt/gz_transport_vendor/share/gz:/opt/ros/jazzy/opt/gz_rendering_vendor/share/gz:/opt/ros/jazzy/opt/gz_plugin_vendor/share/gz:/opt/ros/jazzy/opt/gz_fuel_tools_vendor/share/gz:/opt/ros/jazzy/opt/gz_msgs_vendor/share/gz:/opt/ros/jazzy/opt/gz_common_vendor/share/gz', 'XDG_SESSION_TYPE': 'tty', 'SHLVL': '1', 'LD_LIBRARY_PATH': '/home/mvibot/floorCleaningRobot_ws/install/opennav_coverage_msgs/lib:/home/mvibot/floorCleaningRobot_ws/install/tf2_web_republisher/lib:/home/mvibot/floorCleaningRobot_ws/install/tf2_web_republisher_interfaces/lib:/home/mvibot/floorCleaningRobot_ws/install/realsense2_camera/lib:/home/mvibot/floorCleaningRobot_ws/install/realsense2_camera_msgs/lib:/home/mvibot/floorCleaningRobot_ws/install/pointcloud_to_laserscan/lib:/home/mvibot/floorCleaningRobot_ws/install/opennav_row_coverage/lib:/home/mvibot/floorCleaningRobot_ws/install/opennav_coverage_navigator/lib:/home/mvibot/floorCleaningRobot_ws/install/opennav_coverage_bt/lib:/home/mvibot/floorCleaningRobot_ws/install/opennav_coverage/lib:/home/mvibot/floorCleaningRobot_ws/install/fields2cover/lib:/opt/ros/jazzy/opt/gz_sim_vendor/lib:/opt/ros/jazzy/opt/gz_sensors_vendor/lib:/opt/ros/jazzy/opt/gz_physics_vendor/lib:/opt/ros/jazzy/opt/sdformat_vendor/lib:/opt/ros/jazzy/opt/rviz_ogre_vendor/lib:/opt/ros/jazzy/lib/x86_64-linux-gnu:/opt/ros/jazzy/opt/gz_gui_vendor/lib:/opt/ros/jazzy/opt/gz_transport_vendor/lib:/opt/ros/jazzy/opt/gz_rendering_vendor/lib:/opt/ros/jazzy/opt/gz_plugin_vendor/lib:/opt/ros/jazzy/opt/gz_fuel_tools_vendor/lib:/opt/ros/jazzy/opt/gz_msgs_vendor/lib:/opt/ros/jazzy/opt/gz_common_vendor/lib:/opt/ros/jazzy/opt/gz_math_vendor/lib:/opt/ros/jazzy/opt/gz_utils_vendor/lib:/opt/ros/jazzy/opt/gz_tools_vendor/lib:/opt/ros/jazzy/opt/gz_ogre_next_vendor/lib:/opt/ros/jazzy/opt/gz_dartsim_vendor/lib:/opt/ros/jazzy/opt/gz_cmake_vendor/lib:/opt/ros/jazzy/lib', 'HOME': '/home/mvibot', 'OLDPWD': '/home/mvibot', 'NVM_BIN': '/home/mvibot/.nvm/versions/node/v24.12.0/bin', 'SSH_TTY': '/dev/pts/2', 'NVM_INC': '/home/mvibot/.nvm/versions/node/v24.12.0/include/node', 'ROS_PYTHON_VERSION': '3', 'DBUS_SESSION_BUS_ADDRESS': 'unix:path=/run/user/1000/bus', 'NVM_DIR': '/home/mvibot/.nvm', 'DEBUGINFOD_URLS': 'https://debuginfod.ubuntu.com', 'COLCON_PREFIX_PATH': '/home/mvibot/floorCleaningRobot_ws/install', 'ROS_DISTRO': 'jazzy', 'LOGNAME': 'mvibot', '_': '/usr/bin/colcon', 'ROS_VERSION': '2', 'PKG_CONFIG_PATH': '/home/mvibot/floorCleaningRobot_ws/install/fields2cover/lib/x86_64-linux-gnu/pkgconfig:/home/mvibot/floorCleaningRobot_ws/install/fields2cover/lib/pkgconfig', 'XDG_SESSION_CLASS': 'user', 'TERM': 'xterm-256color', 'XDG_SESSION_ID': '34', 'PATH': '/home/mvibot/.nvm/versions/node/v24.12.0/bin:/opt/ros/jazzy/opt/gz_msgs_vendor/bin:/opt/ros/jazzy/opt/gz_tools_vendor/bin:/opt/ros/jazzy/opt/gz_ogre_next_vendor/bin:/opt/ros/jazzy/bin:/usr/local/sbin:/usr/local/bin:/usr/sbin:/usr/bin:/sbin:/bin:/usr/games:/usr/local/games:/snap/bin', 'XDG_RUNTIME_DIR': '/run/user/1000', 'LANG': 'en_US.UTF-8', 'RMW_IMPLEMENTATION': 'rmw_fastrtps_cpp', 'LS_COLORS': 'rs=0:di=01;34:ln=01;36:mh=00:pi=40;33:so=01;35:do=01;35:bd=40;33;01:cd=40;33;01:or=40;31;01:mi=00:su=37;41:sg=30;43:ca=00:tw=30;42:ow=34;42:st=37;44:ex=01;32:*.tar=01;31:*.tgz=01;31:*.arc=01;31:*.arj=01;31:*.taz=01;31:*.lha=01;31:*.lz4=01;31:*.lzh=01;31:*.lzma=01;31:*.tlz=01;31:*.txz=01;31:*.tzo=01;31:*.t7z=01;31:*.zip=01;31:*.z=01;31:*.dz=01;31:*.gz=01;31:*.lrz=01;31:*.lz=01;31:*.lzo=01;31:*.xz=01;31:*.zst=01;31:*.tzst=01;31:*.bz2=01;31:*.bz=01;31:*.tbz=01;31:*.tbz2=01;31:*.tz=01;31:*.deb=01;31:*.rpm=01;31:*.jar=01;31:*.war=01;31:*.ear=01;31:*.sar=01;31:*.rar=01;31:*.alz=01;31:*.ace=01;31:*.zoo=01;31:*.cpio=01;31:*.7z=01;31:*.rz=01;31:*.cab=01;31:*.wim=01;31:*.swm=01;31:*.dwm=01;31:*.esd=01;31:*.avif=01;35:*.jpg=01;35:*.jpeg=01;35:*.mjpg=01;35:*.mjpeg=01;35:*.gif=01;35:*.bmp=01;35:*.pbm=01;35:*.pgm=01;35:*.ppm=01;35:*.tga=01;35:*.xbm=01;35:*.xpm=01;35:*.tif=01;35:*.tiff=01;35:*.png=01;35:*.svg=01;35:*.svgz=01;35:*.mng=01;35:*.pcx=01;35:*.mov=01;35:*.mpg=01;35:*.mpeg=01;35:*.m2v=01;35:*.mkv=01;35:*.webm=01;35:*.webp=01;35:*.ogm=01;35:*.mp4=01;35:*.m4v=01;35:*.mp4v=01;35:*.vob=01;35:*.qt=01;35:*.nuv=01;35:*.wmv=01;35:*.asf=01;35:*.rm=01;35:*.rmvb=01;35:*.flc=01;35:*.avi=01;35:*.fli=01;35:*.flv=01;35:*.gl=01;35:*.dl=01;35:*.xcf=01;35:*.xwd=01;35:*.yuv=01;35:*.cgm=01;35:*.emf=01;35:*.ogv=01;35:*.ogx=01;35:*.aac=00;36:*.au=00;36:*.flac=00;36:*.m4a=00;36:*.mid=00;36:*.midi=00;36:*.mka=00;36:*.mp3=00;36:*.mpc=00;36:*.ogg=00;36:*.ra=00;36:*.wav=00;36:*.oga=00;36:*.opus=00;36:*.spx=00;36:*.xspf=00;36:*~=00;90:*#=00;90:*.bak=00;90:*.crdownload=00;90:*.dpkg-dist=00;90:*.dpkg-new=00;90:*.dpkg-old=00;90:*.dpkg-tmp=00;90:*.old=00;90:*.orig=00;90:*.part=00;90:*.rej=00;90:*.rpmnew=00;90:*.rpmorig=00;90:*.rpmsave=00;90:*.swp=00;90:*.tmp=00;90:*.ucf-dist=00;90:*.ucf-new=00;90:*.ucf-old=00;90:', 'ROS_DOMAIN_ID': '10', 'AMENT_PREFIX_PATH': '/home/mvibot/floorCleaningRobot_ws/install/tf2_web_republisher:/home/mvibot/floorCleaningRobot_ws/install/tf2_web_republisher_interfaces:/home/mvibot/floorCleaningRobot_ws/install/sllidar_ros2:/home/mvibot/floorCleaningRobot_ws/install/realsense2_description:/home/mvibot/floorCleaningRobot_ws/install/realsense2_camera:/home/mvibot/floorCleaningRobot_ws/install/realsense2_camera_msgs:/home/mvibot/floorCleaningRobot_ws/install/pointcloud_to_laserscan:/home/mvibot/floorCleaningRobot_ws/install/opennav_coverage_demo:/home/mvibot/floorCleaningRobot_ws/install/opennav_row_coverage:/home/mvibot/floorCleaningRobot_ws/install/opennav_coverage_navigator:/home/mvibot/floorCleaningRobot_ws/install/opennav_coverage_bt:/home/mvibot/floorCleaningRobot_ws/install/opennav_coverage:/home/mvibot/floorCleaningRobot_ws/install/mission_layer_mvibot:/home/mvibot/floorCleaningRobot_ws/install/opennav_coverage_msgs:/home/mvibot/floorCleaningRobot_ws/install/lower_layer_mvibot:/home/mvibot/floorCleaningRobot_ws/install/ira_laser_tools:/home/mvibot/floorCleaningRobot_ws/install/higher_layer_mvibot:/opt/ros/jazzy', 'SHELL': '/bin/bash', 'LESSCLOSE': '/usr/bin/lesspipe %s %s', 'ROS_AUTOMATIC_DISCOVERY_RANGE': 'SUBNET', 'PWD': '/home/mvibot/floorCleaningRobot_ws/build/mission_layer_mvibot', 'LC_ALL': 'en_US.UTF-8', 'SSH_CONNECTION': '10.0.60.48 39610 10.0.70.69 22', 'NVM_CD_FLAGS': '', 'XDG_DATA_DIRS': '/usr/share/gnome:/usr/local/share:/usr/share:/var/lib/snapd/desktop', 'PYTHONPATH': '/home/mvibot/floorCleaningRobot_ws/install/opennav_coverage_msgs/lib/python3.12/site-packages:/home/mvibot/floorCleaningRobot_ws/install/tf2_web_republisher_interfaces/lib/python3.12/site-packages:/home/mvibot/floorCleaningRobot_ws/install/realsense2_camera_msgs/lib/python3.12/site-packages:/home/mvibot/floorCleaningRobot_ws/build/opennav_coverage_demo:/home/mvibot/floorCleaningRobot_ws/install/opennav_coverage_demo/lib/python3.12/site-packages:/opt/ros/jazzy/lib/python3.12/site-packages', 'COLCON': '1', 'CMAKE_PREFIX_PATH': '/home/mvibot/floorCleaningRobot_ws/install/opennav_coverage_msgs:/home/mvibot/floorCleaningRobot_ws/install/tf2_web_republisher:/home/mvibot/floorCleaningRobot_ws/install/tf2_web_republisher_interfaces:/home/mvibot/floorCleaningRobot_ws/install/sllidar_ros2:/home/mvibot/floorCleaningRobot_ws/install/realsense2_description:/home/mvibot/floorCleaningRobot_ws/install/realsense2_camera:/home/mvibot/floorCleaningRobot_ws/install/realsense2_camera_msgs:/home/mvibot/floorCleaningRobot_ws/install/pointcloud_to_laserscan:/home/mvibot/floorCleaningRobot_ws/install/opennav_row_coverage:/home/mvibot/floorCleaningRobot_ws/install/opennav_coverage_navigator:/home/mvibot/floorCleaningRobot_ws/install/opennav_coverage_bt:/home/mvibot/floorCleaningRobot_ws/install/opennav_coverage:/home/mvibot/floorCleaningRobot_ws/install/mission_layer_mvibot:/home/mvibot/floorCleaningRobot_ws/install/lower_layer_mvibot:/home/mvibot/floorCleaningRobot_ws/install/ira_laser_tools:/home/mvibot/floorCleaningRobot_ws/install/higher_layer_mvibot:/home/mvibot/floorCleaningRobot_ws/install/fields2cover:/opt/ros/jazzy/opt/gz_sim_vendor:/opt/ros/jazzy/opt/gz_sensors_vendor:/opt/ros/jazzy/opt/gz_physics_vendor:/opt/ros/jazzy/opt/sdformat_vendor:/opt/ros/jazzy/opt/gz_gui_vendor:/opt/ros/jazzy/opt/gz_transport_vendor:/opt/ros/jazzy/opt/gz_rendering_vendor:/opt/ros/jazzy/opt/gz_plugin_vendor:/opt/ros/jazzy/opt/gz_fuel_tools_vendor:/opt/ros/jazzy/opt/gz_msgs_vendor:/opt/ros/jazzy/opt/gz_common_vendor:/opt/ros/jazzy/opt/gz_math_vendor:/opt/ros/jazzy/opt/gz_utils_vendor:/opt/ros/jazzy/opt/gz_tools_vendor:/opt/ros/jazzy/opt/gz_ogre_next_vendor:/opt/ros/jazzy/opt/gz_dartsim_vendor:/opt/ros/jazzy/opt/gz_cmake_vendor:/home/mvibot/floorCleaningRobot_ws/install/opennav_coverage_demo:/opt/ros/jazzy'}), 'shell': False}
[114.061360] (mission_layer_mvibot) StdoutLine: {'line': b'-- Install configuration: "Release"\n'}
[114.062732] (mission_layer_mvibot) StdoutLine: {'line': b'-- Execute custom install script\n'}
[114.064068] (mission_layer_mvibot) StdoutLine: {'line': b'-- Up-to-date symlink: /home/mvibot/floorCleaningRobot_ws/install/mission_layer_mvibot/share/mission_layer_mvibot//launch/mvibot_amcl_launch.py\n'}
[114.064541] (mission_layer_mvibot) StdoutLine: {'line': b'-- Up-to-date symlink: /home/mvibot/floorCleaningRobot_ws/install/mission_layer_mvibot/share/mission_layer_mvibot//launch/mvibot_behavior_launch.py\n'}
[114.065214] (mission_layer_mvibot) StdoutLine: {'line': b'-- Up-to-date symlink: /home/mvibot/floorCleaningRobot_ws/install/mission_layer_mvibot/share/mission_layer_mvibot//launch/mvibot_bt_navigator_launch.py\n'}
[114.065620] (mission_layer_mvibot) StdoutLine: {'line': b'-- Up-to-date symlink: /home/mvibot/floorCleaningRobot_ws/install/mission_layer_mvibot/share/mission_layer_mvibot//launch/mvibot_collision_monitor_launch.py\n'}
[114.065944] (mission_layer_mvibot) StdoutLine: {'line': b'-- Up-to-date symlink: /home/mvibot/floorCleaningRobot_ws/install/mission_layer_mvibot/share/mission_layer_mvibot//launch/mvibot_controller_launch.py\n'}
[114.066392] (mission_layer_mvibot) StdoutLine: {'line': b'-- Up-to-date symlink: /home/mvibot/floorCleaningRobot_ws/install/mission_layer_mvibot/share/mission_layer_mvibot//launch/mvibot_lifecycle_manager_navigation_launch.py\n'}
[114.066839] (mission_layer_mvibot) StdoutLine: {'line': b'-- Up-to-date symlink: /home/mvibot/floorCleaningRobot_ws/install/mission_layer_mvibot/share/mission_layer_mvibot//launch/mvibot_manage_mission_launch.py\n'}
[114.067279] (mission_layer_mvibot) StdoutLine: {'line': b'-- Up-to-date symlink: /home/mvibot/floorCleaningRobot_ws/install/mission_layer_mvibot/share/mission_layer_mvibot//launch/mvibot_mission_launch.py\n'}
[114.067736] (mission_layer_mvibot) StdoutLine: {'line': b'-- Up-to-date symlink: /home/mvibot/floorCleaningRobot_ws/install/mission_layer_mvibot/share/mission_layer_mvibot//launch/mvibot_navigation_launch.py\n'}
[114.068189] (mission_layer_mvibot) StdoutLine: {'line': b'-- Up-to-date symlink: /home/mvibot/floorCleaningRobot_ws/install/mission_layer_mvibot/share/mission_layer_mvibot//launch/mvibot_opennav_coverage_launch.py\n'}
[114.068675] (mission_layer_mvibot) StdoutLine: {'line': b'-- Up-to-date symlink: /home/mvibot/floorCleaningRobot_ws/install/mission_layer_mvibot/share/mission_layer_mvibot//launch/mvibot_planner_launch.py\n'}
[114.069093] (mission_layer_mvibot) StdoutLine: {'line': b'-- Up-to-date symlink: /home/mvibot/floorCleaningRobot_ws/install/mission_layer_mvibot/share/mission_layer_mvibot//launch/mvibot_smoother_launch.py\n'}
[114.069547] (mission_layer_mvibot) StdoutLine: {'line': b'-- Up-to-date symlink: /home/mvibot/floorCleaningRobot_ws/install/mission_layer_mvibot/share/mission_layer_mvibot//launch/mvibot_velocity_smoother_launch.py\n'}
[114.069973] (mission_layer_mvibot) StdoutLine: {'line': b'-- Up-to-date symlink: /home/mvibot/floorCleaningRobot_ws/install/mission_layer_mvibot/share/mission_layer_mvibot//launch/mvibot_waypoint_follower_launch.py\n'}
[114.071151] (mission_layer_mvibot) StdoutLine: {'line': b'-- Up-to-date symlink: /home/mvibot/floorCleaningRobot_ws/install/mission_layer_mvibot/lib/mission_layer_mvibot/mvibot_mission\n'}
[114.071359] (mission_layer_mvibot) StdoutLine: {'line': b'-- Up-to-date symlink: /home/mvibot/floorCleaningRobot_ws/install/mission_layer_mvibot/share/ament_index/resource_index/package_run_dependencies/mission_layer_mvibot\n'}
[114.072145] (mission_layer_mvibot) StdoutLine: {'line': b'-- Up-to-date symlink: /home/mvibot/floorCleaningRobot_ws/install/mission_layer_mvibot/share/ament_index/resource_index/parent_prefix_path/mission_layer_mvibot\n'}
[114.073479] (mission_layer_mvibot) StdoutLine: {'line': b'-- Up-to-date symlink: /home/mvibot/floorCleaningRobot_ws/install/mission_layer_mvibot/share/mission_layer_mvibot/environment/ament_prefix_path.sh\n'}
[114.073963] (mission_layer_mvibot) StdoutLine: {'line': b'-- Up-to-date symlink: /home/mvibot/floorCleaningRobot_ws/install/mission_layer_mvibot/share/mission_layer_mvibot/environment/ament_prefix_path.dsv\n'}
[114.074438] (mission_layer_mvibot) StdoutLine: {'line': b'-- Up-to-date symlink: /home/mvibot/floorCleaningRobot_ws/install/mission_layer_mvibot/share/mission_layer_mvibot/environment/path.sh\n'}
[114.074883] (mission_layer_mvibot) StdoutLine: {'line': b'-- Up-to-date symlink: /home/mvibot/floorCleaningRobot_ws/install/mission_layer_mvibot/share/mission_layer_mvibot/environment/path.dsv\n'}
[114.075318] (mission_layer_mvibot) StdoutLine: {'line': b'-- Up-to-date symlink: /home/mvibot/floorCleaningRobot_ws/install/mission_layer_mvibot/share/mission_layer_mvibot/local_setup.bash\n'}
[114.075728] (mission_layer_mvibot) StdoutLine: {'line': b'-- Up-to-date symlink: /home/mvibot/floorCleaningRobot_ws/install/mission_layer_mvibot/share/mission_layer_mvibot/local_setup.sh\n'}
[114.076413] (mission_layer_mvibot) StdoutLine: {'line': b'-- Up-to-date symlink: /home/mvibot/floorCleaningRobot_ws/install/mission_layer_mvibot/share/mission_layer_mvibot/local_setup.zsh\n'}
[114.076948] (mission_layer_mvibot) StdoutLine: {'line': b'-- Up-to-date symlink: /home/mvibot/floorCleaningRobot_ws/install/mission_layer_mvibot/share/mission_layer_mvibot/local_setup.dsv\n'}
[114.077095] (mission_layer_mvibot) StdoutLine: {'line': b'-- Symlinking: /home/mvibot/floorCleaningRobot_ws/install/mission_layer_mvibot/share/mission_layer_mvibot/package.dsv\n'}
[114.093324] (mission_layer_mvibot) StdoutLine: {'line': b'-- Up-to-date symlink: /home/mvibot/floorCleaningRobot_ws/install/mission_layer_mvibot/share/ament_index/resource_index/packages/mission_layer_mvibot\n'}
[114.094230] (mission_layer_mvibot) StdoutLine: {'line': b'-- Up-to-date symlink: /home/mvibot/floorCleaningRobot_ws/install/mission_layer_mvibot/share/mission_layer_mvibot/cmake/mission_layer_mvibotConfig.cmake\n'}
[114.094768] (mission_layer_mvibot) StdoutLine: {'line': b'-- Up-to-date symlink: /home/mvibot/floorCleaningRobot_ws/install/mission_layer_mvibot/share/mission_layer_mvibot/cmake/mission_layer_mvibotConfig-version.cmake\n'}
[114.095524] (mission_layer_mvibot) StdoutLine: {'line': b'-- Up-to-date symlink: /home/mvibot/floorCleaningRobot_ws/install/mission_layer_mvibot/share/mission_layer_mvibot/package.xml\n'}
[114.100667] (mission_layer_mvibot) CommandEnded: {'returncode': 0}
[114.115658] (-) TimerEvent: {}
[114.213778] (mission_layer_mvibot) JobEnded: {'identifier': 'mission_layer_mvibot', 'rc': 0}
[114.220699] (-) TimerEvent: {}
[114.220921] (-) EventReactorShutdown: {}
