[0.126s] DEBUG:colcon:Command line arguments: ['/usr/bin/colcon', 'build', '--symlink-install', '--cmake-args', '-DCMAKE_BUILD_TYPE=Release']
[0.126s] DEBUG:colcon:Parsed command line arguments: Namespace(log_base=None, log_level=None, verb_name='build', build_base='build', install_base='install', merge_install=False, symlink_install=True, test_result_base=None, continue_on_error=False, executor='parallel', parallel_workers=8, event_handlers=None, ignore_user_meta=False, metas=['./colcon.meta'], base_paths=['.'], packages_ignore=None, packages_ignore_regex=None, paths=None, packages_up_to=None, packages_up_to_regex=None, packages_above=None, packages_above_and_dependencies=None, packages_above_depth=None, packages_select_by_dep=None, packages_skip_by_dep=None, packages_skip_up_to=None, packages_select_build_failed=False, packages_skip_build_finished=False, packages_select_test_failures=False, packages_skip_test_passed=False, packages_select=None, packages_skip=None, packages_select_regex=None, packages_skip_regex=None, packages_start=None, packages_end=None, allow_overriding=[], cmake_args=['-DCMAKE_BUILD_TYPE=Release'], cmake_target=None, cmake_target_skip_unavailable=False, cmake_clean_cache=False, cmake_clean_first=False, cmake_force_configure=False, ament_cmake_args=None, catkin_cmake_args=None, catkin_skip_building_tests=False, mixin_files=None, mixin=None, verb_parser=<colcon_mixin.mixin.mixin_argument.MixinArgumentDecorator object at 0x70c747ea60f0>, verb_extension=<colcon_core.verb.build.BuildVerb object at 0x70c747ea5d90>, main=<bound method BuildVerb.main of <colcon_core.verb.build.BuildVerb object at 0x70c747ea5d90>>, mixin_verb=('build',))
[0.178s] Level 1:colcon.colcon_core.package_discovery:discover_packages(colcon_meta) check parameters
[0.178s] Level 1:colcon.colcon_core.package_discovery:discover_packages(recursive) check parameters
[0.178s] Level 1:colcon.colcon_core.package_discovery:discover_packages(ignore) check parameters
[0.178s] Level 1:colcon.colcon_core.package_discovery:discover_packages(path) check parameters
[0.178s] Level 1:colcon.colcon_core.package_discovery:discover_packages(colcon_meta) discover
[0.178s] Level 1:colcon.colcon_core.package_discovery:discover_packages(recursive) discover
[0.178s] INFO:colcon.colcon_core.package_discovery:Crawling recursively for packages in '/home/mvibot/floorCleaningRobot_ws'
[0.178s] Level 1:colcon.colcon_core.package_identification:_identify(.) by extensions ['ignore', 'ignore_ament_install']
[0.178s] Level 1:colcon.colcon_core.package_identification:_identify(.) by extension 'ignore'
[0.178s] Level 1:colcon.colcon_core.package_identification:_identify(.) by extension 'ignore_ament_install'
[0.178s] Level 1:colcon.colcon_core.package_identification:_identify(.) by extensions ['colcon_pkg']
[0.178s] Level 1:colcon.colcon_core.package_identification:_identify(.) by extension 'colcon_pkg'
[0.178s] Level 1:colcon.colcon_core.package_identification:_identify(.) by extensions ['colcon_meta']
[0.178s] Level 1:colcon.colcon_core.package_identification:_identify(.) by extension 'colcon_meta'
[0.178s] Level 1:colcon.colcon_core.package_identification:_identify(.) by extensions ['ros']
[0.178s] Level 1:colcon.colcon_core.package_identification:_identify(.) by extension 'ros'
[0.207s] Level 1:colcon.colcon_core.package_identification:_identify(.) by extensions ['cmake', 'python']
[0.207s] Level 1:colcon.colcon_core.package_identification:_identify(.) by extension 'cmake'
[0.207s] Level 1:colcon.colcon_core.package_identification:_identify(.) by extension 'python'
[0.207s] Level 1:colcon.colcon_core.package_identification:_identify(.) by extensions ['python_setup_py']
[0.207s] Level 1:colcon.colcon_core.package_identification:_identify(.) by extension 'python_setup_py'
[0.207s] Level 1:colcon.colcon_core.package_identification:_identify(build) by extensions ['ignore', 'ignore_ament_install']
[0.207s] Level 1:colcon.colcon_core.package_identification:_identify(build) by extension 'ignore'
[0.207s] Level 1:colcon.colcon_core.package_identification:_identify(build) ignored
[0.207s] Level 1:colcon.colcon_core.package_identification:_identify(config) by extensions ['ignore', 'ignore_ament_install']
[0.207s] Level 1:colcon.colcon_core.package_identification:_identify(config) by extension 'ignore'
[0.207s] Level 1:colcon.colcon_core.package_identification:_identify(config) by extension 'ignore_ament_install'
[0.207s] Level 1:colcon.colcon_core.package_identification:_identify(config) by extensions ['colcon_pkg']
[0.207s] Level 1:colcon.colcon_core.package_identification:_identify(config) by extension 'colcon_pkg'
[0.207s] Level 1:colcon.colcon_core.package_identification:_identify(config) by extensions ['colcon_meta']
[0.207s] Level 1:colcon.colcon_core.package_identification:_identify(config) by extension 'colcon_meta'
[0.207s] Level 1:colcon.colcon_core.package_identification:_identify(config) by extensions ['ros']
[0.207s] Level 1:colcon.colcon_core.package_identification:_identify(config) by extension 'ros'
[0.208s] Level 1:colcon.colcon_core.package_identification:_identify(config) by extensions ['cmake', 'python']
[0.208s] Level 1:colcon.colcon_core.package_identification:_identify(config) by extension 'cmake'
[0.208s] Level 1:colcon.colcon_core.package_identification:_identify(config) by extension 'python'
[0.208s] Level 1:colcon.colcon_core.package_identification:_identify(config) by extensions ['python_setup_py']
[0.208s] Level 1:colcon.colcon_core.package_identification:_identify(config) by extension 'python_setup_py'
[0.208s] Level 1:colcon.colcon_core.package_identification:_identify(install) by extensions ['ignore', 'ignore_ament_install']
[0.208s] Level 1:colcon.colcon_core.package_identification:_identify(install) by extension 'ignore'
[0.208s] Level 1:colcon.colcon_core.package_identification:_identify(install) ignored
[0.208s] Level 1:colcon.colcon_core.package_identification:_identify(log) by extensions ['ignore', 'ignore_ament_install']
[0.208s] Level 1:colcon.colcon_core.package_identification:_identify(log) by extension 'ignore'
[0.208s] Level 1:colcon.colcon_core.package_identification:_identify(log) ignored
[0.208s] Level 1:colcon.colcon_core.package_identification:_identify(robot_startup) by extensions ['ignore', 'ignore_ament_install']
[0.208s] Level 1:colcon.colcon_core.package_identification:_identify(robot_startup) by extension 'ignore'
[0.208s] Level 1:colcon.colcon_core.package_identification:_identify(robot_startup) by extension 'ignore_ament_install'
[0.208s] Level 1:colcon.colcon_core.package_identification:_identify(robot_startup) by extensions ['colcon_pkg']
[0.208s] Level 1:colcon.colcon_core.package_identification:_identify(robot_startup) by extension 'colcon_pkg'
[0.208s] Level 1:colcon.colcon_core.package_identification:_identify(robot_startup) by extensions ['colcon_meta']
[0.208s] Level 1:colcon.colcon_core.package_identification:_identify(robot_startup) by extension 'colcon_meta'
[0.208s] Level 1:colcon.colcon_core.package_identification:_identify(robot_startup) by extensions ['ros']
[0.208s] Level 1:colcon.colcon_core.package_identification:_identify(robot_startup) by extension 'ros'
[0.208s] Level 1:colcon.colcon_core.package_identification:_identify(robot_startup) by extensions ['cmake', 'python']
[0.208s] Level 1:colcon.colcon_core.package_identification:_identify(robot_startup) by extension 'cmake'
[0.208s] Level 1:colcon.colcon_core.package_identification:_identify(robot_startup) by extension 'python'
[0.208s] Level 1:colcon.colcon_core.package_identification:_identify(robot_startup) by extensions ['python_setup_py']
[0.208s] Level 1:colcon.colcon_core.package_identification:_identify(robot_startup) by extension 'python_setup_py'
[0.208s] Level 1:colcon.colcon_core.package_identification:_identify(src) by extensions ['ignore', 'ignore_ament_install']
[0.208s] Level 1:colcon.colcon_core.package_identification:_identify(src) by extension 'ignore'
[0.209s] Level 1:colcon.colcon_core.package_identification:_identify(src) by extension 'ignore_ament_install'
[0.209s] Level 1:colcon.colcon_core.package_identification:_identify(src) by extensions ['colcon_pkg']
[0.209s] Level 1:colcon.colcon_core.package_identification:_identify(src) by extension 'colcon_pkg'
[0.209s] Level 1:colcon.colcon_core.package_identification:_identify(src) by extensions ['colcon_meta']
[0.209s] Level 1:colcon.colcon_core.package_identification:_identify(src) by extension 'colcon_meta'
[0.209s] Level 1:colcon.colcon_core.package_identification:_identify(src) by extensions ['ros']
[0.209s] Level 1:colcon.colcon_core.package_identification:_identify(src) by extension 'ros'
[0.209s] Level 1:colcon.colcon_core.package_identification:_identify(src) by extensions ['cmake', 'python']
[0.209s] Level 1:colcon.colcon_core.package_identification:_identify(src) by extension 'cmake'
[0.209s] Level 1:colcon.colcon_core.package_identification:_identify(src) by extension 'python'
[0.209s] Level 1:colcon.colcon_core.package_identification:_identify(src) by extensions ['python_setup_py']
[0.209s] Level 1:colcon.colcon_core.package_identification:_identify(src) by extension 'python_setup_py'
[0.209s] Level 1:colcon.colcon_core.package_identification:_identify(src/Fields2Cover) by extensions ['ignore', 'ignore_ament_install']
[0.209s] Level 1:colcon.colcon_core.package_identification:_identify(src/Fields2Cover) by extension 'ignore'
[0.209s] Level 1:colcon.colcon_core.package_identification:_identify(src/Fields2Cover) by extension 'ignore_ament_install'
[0.209s] Level 1:colcon.colcon_core.package_identification:_identify(src/Fields2Cover) by extensions ['colcon_pkg']
[0.209s] Level 1:colcon.colcon_core.package_identification:_identify(src/Fields2Cover) by extension 'colcon_pkg'
[0.209s] Level 1:colcon.colcon_core.package_identification:_identify(src/Fields2Cover) by extensions ['colcon_meta']
[0.209s] Level 1:colcon.colcon_core.package_identification:_identify(src/Fields2Cover) by extension 'colcon_meta'
[0.209s] Level 1:colcon.colcon_core.package_identification:_identify(src/Fields2Cover) by extensions ['ros']
[0.209s] Level 1:colcon.colcon_core.package_identification:_identify(src/Fields2Cover) by extension 'ros'
[0.212s] DEBUG:colcon.colcon_core.package_identification:Package 'src/Fields2Cover' with type 'ros.cmake' and name 'fields2cover'
[0.212s] Level 1:colcon.colcon_core.package_identification:_identify(src/higher_layer_mvibot) by extensions ['ignore', 'ignore_ament_install']
[0.212s] Level 1:colcon.colcon_core.package_identification:_identify(src/higher_layer_mvibot) by extension 'ignore'
[0.212s] Level 1:colcon.colcon_core.package_identification:_identify(src/higher_layer_mvibot) by extension 'ignore_ament_install'
[0.212s] Level 1:colcon.colcon_core.package_identification:_identify(src/higher_layer_mvibot) by extensions ['colcon_pkg']
[0.212s] Level 1:colcon.colcon_core.package_identification:_identify(src/higher_layer_mvibot) by extension 'colcon_pkg'
[0.212s] Level 1:colcon.colcon_core.package_identification:_identify(src/higher_layer_mvibot) by extensions ['colcon_meta']
[0.212s] Level 1:colcon.colcon_core.package_identification:_identify(src/higher_layer_mvibot) by extension 'colcon_meta'
[0.212s] Level 1:colcon.colcon_core.package_identification:_identify(src/higher_layer_mvibot) by extensions ['ros']
[0.212s] Level 1:colcon.colcon_core.package_identification:_identify(src/higher_layer_mvibot) by extension 'ros'
[0.213s] DEBUG:colcon.colcon_core.package_identification:Package 'src/higher_layer_mvibot' with type 'ros.ament_cmake' and name 'higher_layer_mvibot'
[0.213s] Level 1:colcon.colcon_core.package_identification:_identify(src/ira_laser_tools) by extensions ['ignore', 'ignore_ament_install']
[0.213s] Level 1:colcon.colcon_core.package_identification:_identify(src/ira_laser_tools) by extension 'ignore'
[0.213s] Level 1:colcon.colcon_core.package_identification:_identify(src/ira_laser_tools) by extension 'ignore_ament_install'
[0.213s] Level 1:colcon.colcon_core.package_identification:_identify(src/ira_laser_tools) by extensions ['colcon_pkg']
[0.213s] Level 1:colcon.colcon_core.package_identification:_identify(src/ira_laser_tools) by extension 'colcon_pkg'
[0.213s] Level 1:colcon.colcon_core.package_identification:_identify(src/ira_laser_tools) by extensions ['colcon_meta']
[0.213s] Level 1:colcon.colcon_core.package_identification:_identify(src/ira_laser_tools) by extension 'colcon_meta'
[0.213s] Level 1:colcon.colcon_core.package_identification:_identify(src/ira_laser_tools) by extensions ['ros']
[0.213s] Level 1:colcon.colcon_core.package_identification:_identify(src/ira_laser_tools) by extension 'ros'
[0.214s] DEBUG:colcon.colcon_core.package_identification:Package 'src/ira_laser_tools' with type 'ros.ament_cmake' and name 'ira_laser_tools'
[0.214s] Level 1:colcon.colcon_core.package_identification:_identify(src/lower_layer_mvibot) by extensions ['ignore', 'ignore_ament_install']
[0.215s] Level 1:colcon.colcon_core.package_identification:_identify(src/lower_layer_mvibot) by extension 'ignore'
[0.215s] Level 1:colcon.colcon_core.package_identification:_identify(src/lower_layer_mvibot) by extension 'ignore_ament_install'
[0.215s] Level 1:colcon.colcon_core.package_identification:_identify(src/lower_layer_mvibot) by extensions ['colcon_pkg']
[0.215s] Level 1:colcon.colcon_core.package_identification:_identify(src/lower_layer_mvibot) by extension 'colcon_pkg'
[0.215s] Level 1:colcon.colcon_core.package_identification:_identify(src/lower_layer_mvibot) by extensions ['colcon_meta']
[0.215s] Level 1:colcon.colcon_core.package_identification:_identify(src/lower_layer_mvibot) by extension 'colcon_meta'
[0.215s] Level 1:colcon.colcon_core.package_identification:_identify(src/lower_layer_mvibot) by extensions ['ros']
[0.215s] Level 1:colcon.colcon_core.package_identification:_identify(src/lower_layer_mvibot) by extension 'ros'
[0.215s] DEBUG:colcon.colcon_core.package_identification:Package 'src/lower_layer_mvibot' with type 'ros.ament_cmake' and name 'lower_layer_mvibot'
[0.216s] Level 1:colcon.colcon_core.package_identification:_identify(src/mission_layer_mvibot) by extensions ['ignore', 'ignore_ament_install']
[0.216s] Level 1:colcon.colcon_core.package_identification:_identify(src/mission_layer_mvibot) by extension 'ignore'
[0.216s] Level 1:colcon.colcon_core.package_identification:_identify(src/mission_layer_mvibot) by extension 'ignore_ament_install'
[0.216s] Level 1:colcon.colcon_core.package_identification:_identify(src/mission_layer_mvibot) by extensions ['colcon_pkg']
[0.216s] Level 1:colcon.colcon_core.package_identification:_identify(src/mission_layer_mvibot) by extension 'colcon_pkg'
[0.216s] Level 1:colcon.colcon_core.package_identification:_identify(src/mission_layer_mvibot) by extensions ['colcon_meta']
[0.216s] Level 1:colcon.colcon_core.package_identification:_identify(src/mission_layer_mvibot) by extension 'colcon_meta'
[0.216s] Level 1:colcon.colcon_core.package_identification:_identify(src/mission_layer_mvibot) by extensions ['ros']
[0.216s] Level 1:colcon.colcon_core.package_identification:_identify(src/mission_layer_mvibot) by extension 'ros'
[0.217s] DEBUG:colcon.colcon_core.package_identification:Package 'src/mission_layer_mvibot' with type 'ros.ament_cmake' and name 'mission_layer_mvibot'
[0.217s] Level 1:colcon.colcon_core.package_identification:_identify(src/opennav_coverage) by extensions ['ignore', 'ignore_ament_install']
[0.217s] Level 1:colcon.colcon_core.package_identification:_identify(src/opennav_coverage) by extension 'ignore'
[0.217s] Level 1:colcon.colcon_core.package_identification:_identify(src/opennav_coverage) by extension 'ignore_ament_install'
[0.217s] Level 1:colcon.colcon_core.package_identification:_identify(src/opennav_coverage) by extensions ['colcon_pkg']
[0.217s] Level 1:colcon.colcon_core.package_identification:_identify(src/opennav_coverage) by extension 'colcon_pkg'
[0.217s] Level 1:colcon.colcon_core.package_identification:_identify(src/opennav_coverage) by extensions ['colcon_meta']
[0.217s] Level 1:colcon.colcon_core.package_identification:_identify(src/opennav_coverage) by extension 'colcon_meta'
[0.217s] Level 1:colcon.colcon_core.package_identification:_identify(src/opennav_coverage) by extensions ['ros']
[0.217s] Level 1:colcon.colcon_core.package_identification:_identify(src/opennav_coverage) by extension 'ros'
[0.217s] Level 1:colcon.colcon_core.package_identification:_identify(src/opennav_coverage) by extensions ['cmake', 'python']
[0.217s] Level 1:colcon.colcon_core.package_identification:_identify(src/opennav_coverage) by extension 'cmake'
[0.217s] Level 1:colcon.colcon_core.package_identification:_identify(src/opennav_coverage) by extension 'python'
[0.217s] Level 1:colcon.colcon_core.package_identification:_identify(src/opennav_coverage) by extensions ['python_setup_py']
[0.217s] Level 1:colcon.colcon_core.package_identification:_identify(src/opennav_coverage) by extension 'python_setup_py'
[0.217s] Level 1:colcon.colcon_core.package_identification:_identify(src/opennav_coverage/opennav_coverage) by extensions ['ignore', 'ignore_ament_install']
[0.217s] Level 1:colcon.colcon_core.package_identification:_identify(src/opennav_coverage/opennav_coverage) by extension 'ignore'
[0.217s] Level 1:colcon.colcon_core.package_identification:_identify(src/opennav_coverage/opennav_coverage) by extension 'ignore_ament_install'
[0.217s] Level 1:colcon.colcon_core.package_identification:_identify(src/opennav_coverage/opennav_coverage) by extensions ['colcon_pkg']
[0.217s] Level 1:colcon.colcon_core.package_identification:_identify(src/opennav_coverage/opennav_coverage) by extension 'colcon_pkg'
[0.217s] Level 1:colcon.colcon_core.package_identification:_identify(src/opennav_coverage/opennav_coverage) by extensions ['colcon_meta']
[0.217s] Level 1:colcon.colcon_core.package_identification:_identify(src/opennav_coverage/opennav_coverage) by extension 'colcon_meta'
[0.217s] Level 1:colcon.colcon_core.package_identification:_identify(src/opennav_coverage/opennav_coverage) by extensions ['ros']
[0.217s] Level 1:colcon.colcon_core.package_identification:_identify(src/opennav_coverage/opennav_coverage) by extension 'ros'
[0.218s] DEBUG:colcon.colcon_core.package_identification:Package 'src/opennav_coverage/opennav_coverage' with type 'ros.ament_cmake' and name 'opennav_coverage'
[0.218s] Level 1:colcon.colcon_core.package_identification:_identify(src/opennav_coverage/opennav_coverage_bt) by extensions ['ignore', 'ignore_ament_install']
[0.218s] Level 1:colcon.colcon_core.package_identification:_identify(src/opennav_coverage/opennav_coverage_bt) by extension 'ignore'
[0.218s] Level 1:colcon.colcon_core.package_identification:_identify(src/opennav_coverage/opennav_coverage_bt) by extension 'ignore_ament_install'
[0.218s] Level 1:colcon.colcon_core.package_identification:_identify(src/opennav_coverage/opennav_coverage_bt) by extensions ['colcon_pkg']
[0.218s] Level 1:colcon.colcon_core.package_identification:_identify(src/opennav_coverage/opennav_coverage_bt) by extension 'colcon_pkg'
[0.218s] Level 1:colcon.colcon_core.package_identification:_identify(src/opennav_coverage/opennav_coverage_bt) by extensions ['colcon_meta']
[0.218s] Level 1:colcon.colcon_core.package_identification:_identify(src/opennav_coverage/opennav_coverage_bt) by extension 'colcon_meta'
[0.218s] Level 1:colcon.colcon_core.package_identification:_identify(src/opennav_coverage/opennav_coverage_bt) by extensions ['ros']
[0.219s] Level 1:colcon.colcon_core.package_identification:_identify(src/opennav_coverage/opennav_coverage_bt) by extension 'ros'
[0.219s] DEBUG:colcon.colcon_core.package_identification:Package 'src/opennav_coverage/opennav_coverage_bt' with type 'ros.ament_cmake' and name 'opennav_coverage_bt'
[0.219s] Level 1:colcon.colcon_core.package_identification:_identify(src/opennav_coverage/opennav_coverage_demo) by extensions ['ignore', 'ignore_ament_install']
[0.219s] Level 1:colcon.colcon_core.package_identification:_identify(src/opennav_coverage/opennav_coverage_demo) by extension 'ignore'
[0.219s] Level 1:colcon.colcon_core.package_identification:_identify(src/opennav_coverage/opennav_coverage_demo) by extension 'ignore_ament_install'
[0.219s] Level 1:colcon.colcon_core.package_identification:_identify(src/opennav_coverage/opennav_coverage_demo) by extensions ['colcon_pkg']
[0.219s] Level 1:colcon.colcon_core.package_identification:_identify(src/opennav_coverage/opennav_coverage_demo) by extension 'colcon_pkg'
[0.220s] Level 1:colcon.colcon_core.package_identification:_identify(src/opennav_coverage/opennav_coverage_demo) by extensions ['colcon_meta']
[0.220s] Level 1:colcon.colcon_core.package_identification:_identify(src/opennav_coverage/opennav_coverage_demo) by extension 'colcon_meta'
[0.220s] Level 1:colcon.colcon_core.package_identification:_identify(src/opennav_coverage/opennav_coverage_demo) by extensions ['ros']
[0.220s] Level 1:colcon.colcon_core.package_identification:_identify(src/opennav_coverage/opennav_coverage_demo) by extension 'ros'
[0.221s] DEBUG:colcon.colcon_core.package_identification:Package 'src/opennav_coverage/opennav_coverage_demo' with type 'ros.ament_python' and name 'opennav_coverage_demo'
[0.221s] Level 1:colcon.colcon_core.package_identification:_identify(src/opennav_coverage/opennav_coverage_msgs) by extensions ['ignore', 'ignore_ament_install']
[0.221s] Level 1:colcon.colcon_core.package_identification:_identify(src/opennav_coverage/opennav_coverage_msgs) by extension 'ignore'
[0.221s] Level 1:colcon.colcon_core.package_identification:_identify(src/opennav_coverage/opennav_coverage_msgs) by extension 'ignore_ament_install'
[0.221s] Level 1:colcon.colcon_core.package_identification:_identify(src/opennav_coverage/opennav_coverage_msgs) by extensions ['colcon_pkg']
[0.221s] Level 1:colcon.colcon_core.package_identification:_identify(src/opennav_coverage/opennav_coverage_msgs) by extension 'colcon_pkg'
[0.221s] Level 1:colcon.colcon_core.package_identification:_identify(src/opennav_coverage/opennav_coverage_msgs) by extensions ['colcon_meta']
[0.221s] Level 1:colcon.colcon_core.package_identification:_identify(src/opennav_coverage/opennav_coverage_msgs) by extension 'colcon_meta'
[0.221s] Level 1:colcon.colcon_core.package_identification:_identify(src/opennav_coverage/opennav_coverage_msgs) by extensions ['ros']
[0.221s] Level 1:colcon.colcon_core.package_identification:_identify(src/opennav_coverage/opennav_coverage_msgs) by extension 'ros'
[0.222s] DEBUG:colcon.colcon_core.package_identification:Package 'src/opennav_coverage/opennav_coverage_msgs' with type 'ros.ament_cmake' and name 'opennav_coverage_msgs'
[0.222s] Level 1:colcon.colcon_core.package_identification:_identify(src/opennav_coverage/opennav_coverage_navigator) by extensions ['ignore', 'ignore_ament_install']
[0.222s] Level 1:colcon.colcon_core.package_identification:_identify(src/opennav_coverage/opennav_coverage_navigator) by extension 'ignore'
[0.222s] Level 1:colcon.colcon_core.package_identification:_identify(src/opennav_coverage/opennav_coverage_navigator) by extension 'ignore_ament_install'
[0.223s] Level 1:colcon.colcon_core.package_identification:_identify(src/opennav_coverage/opennav_coverage_navigator) by extensions ['colcon_pkg']
[0.223s] Level 1:colcon.colcon_core.package_identification:_identify(src/opennav_coverage/opennav_coverage_navigator) by extension 'colcon_pkg'
[0.223s] Level 1:colcon.colcon_core.package_identification:_identify(src/opennav_coverage/opennav_coverage_navigator) by extensions ['colcon_meta']
[0.223s] Level 1:colcon.colcon_core.package_identification:_identify(src/opennav_coverage/opennav_coverage_navigator) by extension 'colcon_meta'
[0.223s] Level 1:colcon.colcon_core.package_identification:_identify(src/opennav_coverage/opennav_coverage_navigator) by extensions ['ros']
[0.223s] Level 1:colcon.colcon_core.package_identification:_identify(src/opennav_coverage/opennav_coverage_navigator) by extension 'ros'
[0.224s] DEBUG:colcon.colcon_core.package_identification:Package 'src/opennav_coverage/opennav_coverage_navigator' with type 'ros.ament_cmake' and name 'opennav_coverage_navigator'
[0.224s] Level 1:colcon.colcon_core.package_identification:_identify(src/opennav_coverage/opennav_row_coverage) by extensions ['ignore', 'ignore_ament_install']
[0.224s] Level 1:colcon.colcon_core.package_identification:_identify(src/opennav_coverage/opennav_row_coverage) by extension 'ignore'
[0.224s] Level 1:colcon.colcon_core.package_identification:_identify(src/opennav_coverage/opennav_row_coverage) by extension 'ignore_ament_install'
[0.224s] Level 1:colcon.colcon_core.package_identification:_identify(src/opennav_coverage/opennav_row_coverage) by extensions ['colcon_pkg']
[0.224s] Level 1:colcon.colcon_core.package_identification:_identify(src/opennav_coverage/opennav_row_coverage) by extension 'colcon_pkg'
[0.224s] Level 1:colcon.colcon_core.package_identification:_identify(src/opennav_coverage/opennav_row_coverage) by extensions ['colcon_meta']
[0.224s] Level 1:colcon.colcon_core.package_identification:_identify(src/opennav_coverage/opennav_row_coverage) by extension 'colcon_meta'
[0.224s] Level 1:colcon.colcon_core.package_identification:_identify(src/opennav_coverage/opennav_row_coverage) by extensions ['ros']
[0.224s] Level 1:colcon.colcon_core.package_identification:_identify(src/opennav_coverage/opennav_row_coverage) by extension 'ros'
[0.225s] DEBUG:colcon.colcon_core.package_identification:Package 'src/opennav_coverage/opennav_row_coverage' with type 'ros.ament_cmake' and name 'opennav_row_coverage'
[0.225s] Level 1:colcon.colcon_core.package_identification:_identify(src/pointcloud_to_laserscan) by extensions ['ignore', 'ignore_ament_install']
[0.225s] Level 1:colcon.colcon_core.package_identification:_identify(src/pointcloud_to_laserscan) by extension 'ignore'
[0.225s] Level 1:colcon.colcon_core.package_identification:_identify(src/pointcloud_to_laserscan) by extension 'ignore_ament_install'
[0.225s] Level 1:colcon.colcon_core.package_identification:_identify(src/pointcloud_to_laserscan) by extensions ['colcon_pkg']
[0.225s] Level 1:colcon.colcon_core.package_identification:_identify(src/pointcloud_to_laserscan) by extension 'colcon_pkg'
[0.225s] Level 1:colcon.colcon_core.package_identification:_identify(src/pointcloud_to_laserscan) by extensions ['colcon_meta']
[0.225s] Level 1:colcon.colcon_core.package_identification:_identify(src/pointcloud_to_laserscan) by extension 'colcon_meta'
[0.225s] Level 1:colcon.colcon_core.package_identification:_identify(src/pointcloud_to_laserscan) by extensions ['ros']
[0.225s] Level 1:colcon.colcon_core.package_identification:_identify(src/pointcloud_to_laserscan) by extension 'ros'
[0.226s] DEBUG:colcon.colcon_core.package_identification:Package 'src/pointcloud_to_laserscan' with type 'ros.ament_cmake' and name 'pointcloud_to_laserscan'
[0.226s] Level 1:colcon.colcon_core.package_identification:_identify(src/realsense-ros) by extensions ['ignore', 'ignore_ament_install']
[0.226s] Level 1:colcon.colcon_core.package_identification:_identify(src/realsense-ros) by extension 'ignore'
[0.226s] Level 1:colcon.colcon_core.package_identification:_identify(src/realsense-ros) by extension 'ignore_ament_install'
[0.226s] Level 1:colcon.colcon_core.package_identification:_identify(src/realsense-ros) by extensions ['colcon_pkg']
[0.226s] Level 1:colcon.colcon_core.package_identification:_identify(src/realsense-ros) by extension 'colcon_pkg'
[0.226s] Level 1:colcon.colcon_core.package_identification:_identify(src/realsense-ros) by extensions ['colcon_meta']
[0.226s] Level 1:colcon.colcon_core.package_identification:_identify(src/realsense-ros) by extension 'colcon_meta'
[0.226s] Level 1:colcon.colcon_core.package_identification:_identify(src/realsense-ros) by extensions ['ros']
[0.226s] Level 1:colcon.colcon_core.package_identification:_identify(src/realsense-ros) by extension 'ros'
[0.226s] Level 1:colcon.colcon_core.package_identification:_identify(src/realsense-ros) by extensions ['cmake', 'python']
[0.226s] Level 1:colcon.colcon_core.package_identification:_identify(src/realsense-ros) by extension 'cmake'
[0.226s] Level 1:colcon.colcon_core.package_identification:_identify(src/realsense-ros) by extension 'python'
[0.226s] Level 1:colcon.colcon_core.package_identification:_identify(src/realsense-ros) by extensions ['python_setup_py']
[0.226s] Level 1:colcon.colcon_core.package_identification:_identify(src/realsense-ros) by extension 'python_setup_py'
[0.226s] Level 1:colcon.colcon_core.package_identification:_identify(src/realsense-ros/realsense2_camera) by extensions ['ignore', 'ignore_ament_install']
[0.226s] Level 1:colcon.colcon_core.package_identification:_identify(src/realsense-ros/realsense2_camera) by extension 'ignore'
[0.226s] Level 1:colcon.colcon_core.package_identification:_identify(src/realsense-ros/realsense2_camera) by extension 'ignore_ament_install'
[0.226s] Level 1:colcon.colcon_core.package_identification:_identify(src/realsense-ros/realsense2_camera) by extensions ['colcon_pkg']
[0.226s] Level 1:colcon.colcon_core.package_identification:_identify(src/realsense-ros/realsense2_camera) by extension 'colcon_pkg'
[0.226s] Level 1:colcon.colcon_core.package_identification:_identify(src/realsense-ros/realsense2_camera) by extensions ['colcon_meta']
[0.226s] Level 1:colcon.colcon_core.package_identification:_identify(src/realsense-ros/realsense2_camera) by extension 'colcon_meta'
[0.226s] Level 1:colcon.colcon_core.package_identification:_identify(src/realsense-ros/realsense2_camera) by extensions ['ros']
[0.227s] Level 1:colcon.colcon_core.package_identification:_identify(src/realsense-ros/realsense2_camera) by extension 'ros'
[0.231s] DEBUG:colcon.colcon_core.package_identification:Package 'src/realsense-ros/realsense2_camera' with type 'ros.ament_cmake' and name 'realsense2_camera'
[0.231s] Level 1:colcon.colcon_core.package_identification:_identify(src/realsense-ros/realsense2_camera_msgs) by extensions ['ignore', 'ignore_ament_install']
[0.231s] Level 1:colcon.colcon_core.package_identification:_identify(src/realsense-ros/realsense2_camera_msgs) by extension 'ignore'
[0.232s] Level 1:colcon.colcon_core.package_identification:_identify(src/realsense-ros/realsense2_camera_msgs) by extension 'ignore_ament_install'
[0.232s] Level 1:colcon.colcon_core.package_identification:_identify(src/realsense-ros/realsense2_camera_msgs) by extensions ['colcon_pkg']
[0.232s] Level 1:colcon.colcon_core.package_identification:_identify(src/realsense-ros/realsense2_camera_msgs) by extension 'colcon_pkg'
[0.232s] Level 1:colcon.colcon_core.package_identification:_identify(src/realsense-ros/realsense2_camera_msgs) by extensions ['colcon_meta']
[0.232s] Level 1:colcon.colcon_core.package_identification:_identify(src/realsense-ros/realsense2_camera_msgs) by extension 'colcon_meta'
[0.232s] Level 1:colcon.colcon_core.package_identification:_identify(src/realsense-ros/realsense2_camera_msgs) by extensions ['ros']
[0.232s] Level 1:colcon.colcon_core.package_identification:_identify(src/realsense-ros/realsense2_camera_msgs) by extension 'ros'
[0.232s] DEBUG:colcon.colcon_core.package_identification:Package 'src/realsense-ros/realsense2_camera_msgs' with type 'ros.ament_cmake' and name 'realsense2_camera_msgs'
[0.232s] Level 1:colcon.colcon_core.package_identification:_identify(src/realsense-ros/realsense2_description) by extensions ['ignore', 'ignore_ament_install']
[0.232s] Level 1:colcon.colcon_core.package_identification:_identify(src/realsense-ros/realsense2_description) by extension 'ignore'
[0.232s] Level 1:colcon.colcon_core.package_identification:_identify(src/realsense-ros/realsense2_description) by extension 'ignore_ament_install'
[0.232s] Level 1:colcon.colcon_core.package_identification:_identify(src/realsense-ros/realsense2_description) by extensions ['colcon_pkg']
[0.232s] Level 1:colcon.colcon_core.package_identification:_identify(src/realsense-ros/realsense2_description) by extension 'colcon_pkg'
[0.232s] Level 1:colcon.colcon_core.package_identification:_identify(src/realsense-ros/realsense2_description) by extensions ['colcon_meta']
[0.232s] Level 1:colcon.colcon_core.package_identification:_identify(src/realsense-ros/realsense2_description) by extension 'colcon_meta'
[0.232s] Level 1:colcon.colcon_core.package_identification:_identify(src/realsense-ros/realsense2_description) by extensions ['ros']
[0.233s] Level 1:colcon.colcon_core.package_identification:_identify(src/realsense-ros/realsense2_description) by extension 'ros'
[0.233s] DEBUG:colcon.colcon_core.package_identification:Package 'src/realsense-ros/realsense2_description' with type 'ros.ament_cmake' and name 'realsense2_description'
[0.233s] Level 1:colcon.colcon_core.package_identification:_identify(src/realsense-ros/scripts) by extensions ['ignore', 'ignore_ament_install']
[0.233s] Level 1:colcon.colcon_core.package_identification:_identify(src/realsense-ros/scripts) by extension 'ignore'
[0.233s] Level 1:colcon.colcon_core.package_identification:_identify(src/realsense-ros/scripts) by extension 'ignore_ament_install'
[0.233s] Level 1:colcon.colcon_core.package_identification:_identify(src/realsense-ros/scripts) by extensions ['colcon_pkg']
[0.233s] Level 1:colcon.colcon_core.package_identification:_identify(src/realsense-ros/scripts) by extension 'colcon_pkg'
[0.233s] Level 1:colcon.colcon_core.package_identification:_identify(src/realsense-ros/scripts) by extensions ['colcon_meta']
[0.233s] Level 1:colcon.colcon_core.package_identification:_identify(src/realsense-ros/scripts) by extension 'colcon_meta'
[0.233s] Level 1:colcon.colcon_core.package_identification:_identify(src/realsense-ros/scripts) by extensions ['ros']
[0.233s] Level 1:colcon.colcon_core.package_identification:_identify(src/realsense-ros/scripts) by extension 'ros'
[0.234s] Level 1:colcon.colcon_core.package_identification:_identify(src/realsense-ros/scripts) by extensions ['cmake', 'python']
[0.234s] Level 1:colcon.colcon_core.package_identification:_identify(src/realsense-ros/scripts) by extension 'cmake'
[0.234s] Level 1:colcon.colcon_core.package_identification:_identify(src/realsense-ros/scripts) by extension 'python'
[0.234s] Level 1:colcon.colcon_core.package_identification:_identify(src/realsense-ros/scripts) by extensions ['python_setup_py']
[0.234s] Level 1:colcon.colcon_core.package_identification:_identify(src/realsense-ros/scripts) by extension 'python_setup_py'
[0.234s] Level 1:colcon.colcon_core.package_identification:_identify(src/sllidar_ros2) by extensions ['ignore', 'ignore_ament_install']
[0.234s] Level 1:colcon.colcon_core.package_identification:_identify(src/sllidar_ros2) by extension 'ignore'
[0.234s] Level 1:colcon.colcon_core.package_identification:_identify(src/sllidar_ros2) by extension 'ignore_ament_install'
[0.234s] Level 1:colcon.colcon_core.package_identification:_identify(src/sllidar_ros2) by extensions ['colcon_pkg']
[0.234s] Level 1:colcon.colcon_core.package_identification:_identify(src/sllidar_ros2) by extension 'colcon_pkg'
[0.234s] Level 1:colcon.colcon_core.package_identification:_identify(src/sllidar_ros2) by extensions ['colcon_meta']
[0.234s] Level 1:colcon.colcon_core.package_identification:_identify(src/sllidar_ros2) by extension 'colcon_meta'
[0.234s] Level 1:colcon.colcon_core.package_identification:_identify(src/sllidar_ros2) by extensions ['ros']
[0.234s] Level 1:colcon.colcon_core.package_identification:_identify(src/sllidar_ros2) by extension 'ros'
[0.235s] DEBUG:colcon.colcon_core.package_identification:Package 'src/sllidar_ros2' with type 'ros.ament_cmake' and name 'sllidar_ros2'
[0.235s] Level 1:colcon.colcon_core.package_identification:_identify(src/tf2_web_republisher) by extensions ['ignore', 'ignore_ament_install']
[0.235s] Level 1:colcon.colcon_core.package_identification:_identify(src/tf2_web_republisher) by extension 'ignore'
[0.235s] Level 1:colcon.colcon_core.package_identification:_identify(src/tf2_web_republisher) by extension 'ignore_ament_install'
[0.235s] Level 1:colcon.colcon_core.package_identification:_identify(src/tf2_web_republisher) by extensions ['colcon_pkg']
[0.235s] Level 1:colcon.colcon_core.package_identification:_identify(src/tf2_web_republisher) by extension 'colcon_pkg'
[0.235s] Level 1:colcon.colcon_core.package_identification:_identify(src/tf2_web_republisher) by extensions ['colcon_meta']
[0.235s] Level 1:colcon.colcon_core.package_identification:_identify(src/tf2_web_republisher) by extension 'colcon_meta'
[0.235s] Level 1:colcon.colcon_core.package_identification:_identify(src/tf2_web_republisher) by extensions ['ros']
[0.235s] Level 1:colcon.colcon_core.package_identification:_identify(src/tf2_web_republisher) by extension 'ros'
[0.235s] Level 1:colcon.colcon_core.package_identification:_identify(src/tf2_web_republisher) by extensions ['cmake', 'python']
[0.235s] Level 1:colcon.colcon_core.package_identification:_identify(src/tf2_web_republisher) by extension 'cmake'
[0.235s] Level 1:colcon.colcon_core.package_identification:_identify(src/tf2_web_republisher) by extension 'python'
[0.235s] Level 1:colcon.colcon_core.package_identification:_identify(src/tf2_web_republisher) by extensions ['python_setup_py']
[0.235s] Level 1:colcon.colcon_core.package_identification:_identify(src/tf2_web_republisher) by extension 'python_setup_py'
[0.235s] Level 1:colcon.colcon_core.package_identification:_identify(src/tf2_web_republisher/tf2_web_republisher) by extensions ['ignore', 'ignore_ament_install']
[0.235s] Level 1:colcon.colcon_core.package_identification:_identify(src/tf2_web_republisher/tf2_web_republisher) by extension 'ignore'
[0.236s] Level 1:colcon.colcon_core.package_identification:_identify(src/tf2_web_republisher/tf2_web_republisher) by extension 'ignore_ament_install'
[0.236s] Level 1:colcon.colcon_core.package_identification:_identify(src/tf2_web_republisher/tf2_web_republisher) by extensions ['colcon_pkg']
[0.236s] Level 1:colcon.colcon_core.package_identification:_identify(src/tf2_web_republisher/tf2_web_republisher) by extension 'colcon_pkg'
[0.236s] Level 1:colcon.colcon_core.package_identification:_identify(src/tf2_web_republisher/tf2_web_republisher) by extensions ['colcon_meta']
[0.236s] Level 1:colcon.colcon_core.package_identification:_identify(src/tf2_web_republisher/tf2_web_republisher) by extension 'colcon_meta'
[0.236s] Level 1:colcon.colcon_core.package_identification:_identify(src/tf2_web_republisher/tf2_web_republisher) by extensions ['ros']
[0.236s] Level 1:colcon.colcon_core.package_identification:_identify(src/tf2_web_republisher/tf2_web_republisher) by extension 'ros'
[0.237s] DEBUG:colcon.colcon_core.package_identification:Package 'src/tf2_web_republisher/tf2_web_republisher' with type 'ros.ament_cmake' and name 'tf2_web_republisher'
[0.237s] Level 1:colcon.colcon_core.package_identification:_identify(src/tf2_web_republisher/tf2_web_republisher_interfaces) by extensions ['ignore', 'ignore_ament_install']
[0.237s] Level 1:colcon.colcon_core.package_identification:_identify(src/tf2_web_republisher/tf2_web_republisher_interfaces) by extension 'ignore'
[0.237s] Level 1:colcon.colcon_core.package_identification:_identify(src/tf2_web_republisher/tf2_web_republisher_interfaces) by extension 'ignore_ament_install'
[0.237s] Level 1:colcon.colcon_core.package_identification:_identify(src/tf2_web_republisher/tf2_web_republisher_interfaces) by extensions ['colcon_pkg']
[0.237s] Level 1:colcon.colcon_core.package_identification:_identify(src/tf2_web_republisher/tf2_web_republisher_interfaces) by extension 'colcon_pkg'
[0.237s] Level 1:colcon.colcon_core.package_identification:_identify(src/tf2_web_republisher/tf2_web_republisher_interfaces) by extensions ['colcon_meta']
[0.237s] Level 1:colcon.colcon_core.package_identification:_identify(src/tf2_web_republisher/tf2_web_republisher_interfaces) by extension 'colcon_meta'
[0.237s] Level 1:colcon.colcon_core.package_identification:_identify(src/tf2_web_republisher/tf2_web_republisher_interfaces) by extensions ['ros']
[0.237s] Level 1:colcon.colcon_core.package_identification:_identify(src/tf2_web_republisher/tf2_web_republisher_interfaces) by extension 'ros'
[0.238s] DEBUG:colcon.colcon_core.package_identification:Package 'src/tf2_web_republisher/tf2_web_republisher_interfaces' with type 'ros.ament_cmake' and name 'tf2_web_republisher_interfaces'
[0.238s] Level 1:colcon.colcon_core.package_discovery:discover_packages(recursive) using defaults
[0.238s] Level 1:colcon.colcon_core.package_discovery:discover_packages(ignore) discover
[0.238s] Level 1:colcon.colcon_core.package_discovery:discover_packages(ignore) using defaults
[0.238s] Level 1:colcon.colcon_core.package_discovery:discover_packages(path) discover
[0.238s] Level 1:colcon.colcon_core.package_discovery:discover_packages(path) using defaults
[0.263s] Level 1:colcon.colcon_core.package_discovery:discover_packages(prefix_path) check parameters
[0.263s] Level 1:colcon.colcon_core.package_discovery:discover_packages(prefix_path) discover
[0.264s] WARNING:colcon.colcon_ros.prefix_path.ament:The path '/home/mvibot/floorCleaningRobot_ws/install/tf2_web_republisher' in the environment variable AMENT_PREFIX_PATH doesn't exist
[0.264s] WARNING:colcon.colcon_ros.prefix_path.ament:The path '/home/mvibot/floorCleaningRobot_ws/install/tf2_web_republisher_interfaces' in the environment variable AMENT_PREFIX_PATH doesn't exist
[0.264s] WARNING:colcon.colcon_ros.prefix_path.ament:The path '/home/mvibot/floorCleaningRobot_ws/install/sllidar_ros2' in the environment variable AMENT_PREFIX_PATH doesn't exist
[0.264s] WARNING:colcon.colcon_ros.prefix_path.ament:The path '/home/mvibot/floorCleaningRobot_ws/install/realsense2_description' in the environment variable AMENT_PREFIX_PATH doesn't exist
[0.265s] WARNING:colcon.colcon_ros.prefix_path.ament:The path '/home/mvibot/floorCleaningRobot_ws/install/realsense2_camera' in the environment variable AMENT_PREFIX_PATH doesn't exist
[0.265s] WARNING:colcon.colcon_ros.prefix_path.ament:The path '/home/mvibot/floorCleaningRobot_ws/install/realsense2_camera_msgs' in the environment variable AMENT_PREFIX_PATH doesn't exist
[0.265s] WARNING:colcon.colcon_ros.prefix_path.ament:The path '/home/mvibot/floorCleaningRobot_ws/install/pointcloud_to_laserscan' in the environment variable AMENT_PREFIX_PATH doesn't exist
[0.265s] WARNING:colcon.colcon_ros.prefix_path.ament:The path '/home/mvibot/floorCleaningRobot_ws/install/opennav_coverage_demo' in the environment variable AMENT_PREFIX_PATH doesn't exist
[0.265s] WARNING:colcon.colcon_ros.prefix_path.ament:The path '/home/mvibot/floorCleaningRobot_ws/install/opennav_row_coverage' in the environment variable AMENT_PREFIX_PATH doesn't exist
[0.265s] WARNING:colcon.colcon_ros.prefix_path.ament:The path '/home/mvibot/floorCleaningRobot_ws/install/opennav_coverage_navigator' in the environment variable AMENT_PREFIX_PATH doesn't exist
[0.265s] WARNING:colcon.colcon_ros.prefix_path.ament:The path '/home/mvibot/floorCleaningRobot_ws/install/opennav_coverage_bt' in the environment variable AMENT_PREFIX_PATH doesn't exist
[0.265s] WARNING:colcon.colcon_ros.prefix_path.ament:The path '/home/mvibot/floorCleaningRobot_ws/install/opennav_coverage' in the environment variable AMENT_PREFIX_PATH doesn't exist
[0.265s] WARNING:colcon.colcon_ros.prefix_path.ament:The path '/home/mvibot/floorCleaningRobot_ws/install/mission_layer_mvibot' in the environment variable AMENT_PREFIX_PATH doesn't exist
[0.265s] WARNING:colcon.colcon_ros.prefix_path.ament:The path '/home/mvibot/floorCleaningRobot_ws/install/opennav_coverage_msgs' in the environment variable AMENT_PREFIX_PATH doesn't exist
[0.265s] WARNING:colcon.colcon_ros.prefix_path.ament:The path '/home/mvibot/floorCleaningRobot_ws/install/lower_layer_mvibot' in the environment variable AMENT_PREFIX_PATH doesn't exist
[0.265s] WARNING:colcon.colcon_ros.prefix_path.ament:The path '/home/mvibot/floorCleaningRobot_ws/install/ira_laser_tools' in the environment variable AMENT_PREFIX_PATH doesn't exist
[0.265s] WARNING:colcon.colcon_ros.prefix_path.ament:The path '/home/mvibot/floorCleaningRobot_ws/install/higher_layer_mvibot' in the environment variable AMENT_PREFIX_PATH doesn't exist
[0.265s] WARNING:colcon.colcon_ros.prefix_path.catkin:The path '/home/mvibot/floorCleaningRobot_ws/install/tf2_web_republisher' in the environment variable CMAKE_PREFIX_PATH doesn't exist
[0.265s] WARNING:colcon.colcon_ros.prefix_path.catkin:The path '/home/mvibot/floorCleaningRobot_ws/install/tf2_web_republisher_interfaces' in the environment variable CMAKE_PREFIX_PATH doesn't exist
[0.265s] WARNING:colcon.colcon_ros.prefix_path.catkin:The path '/home/mvibot/floorCleaningRobot_ws/install/sllidar_ros2' in the environment variable CMAKE_PREFIX_PATH doesn't exist
[0.265s] WARNING:colcon.colcon_ros.prefix_path.catkin:The path '/home/mvibot/floorCleaningRobot_ws/install/realsense2_description' in the environment variable CMAKE_PREFIX_PATH doesn't exist
[0.265s] WARNING:colcon.colcon_ros.prefix_path.catkin:The path '/home/mvibot/floorCleaningRobot_ws/install/realsense2_camera' in the environment variable CMAKE_PREFIX_PATH doesn't exist
[0.265s] WARNING:colcon.colcon_ros.prefix_path.catkin:The path '/home/mvibot/floorCleaningRobot_ws/install/realsense2_camera_msgs' in the environment variable CMAKE_PREFIX_PATH doesn't exist
[0.265s] WARNING:colcon.colcon_ros.prefix_path.catkin:The path '/home/mvibot/floorCleaningRobot_ws/install/pointcloud_to_laserscan' in the environment variable CMAKE_PREFIX_PATH doesn't exist
[0.265s] WARNING:colcon.colcon_ros.prefix_path.catkin:The path '/home/mvibot/floorCleaningRobot_ws/install/opennav_row_coverage' in the environment variable CMAKE_PREFIX_PATH doesn't exist
[0.265s] WARNING:colcon.colcon_ros.prefix_path.catkin:The path '/home/mvibot/floorCleaningRobot_ws/install/opennav_coverage_navigator' in the environment variable CMAKE_PREFIX_PATH doesn't exist
[0.265s] WARNING:colcon.colcon_ros.prefix_path.catkin:The path '/home/mvibot/floorCleaningRobot_ws/install/opennav_coverage_bt' in the environment variable CMAKE_PREFIX_PATH doesn't exist
[0.265s] WARNING:colcon.colcon_ros.prefix_path.catkin:The path '/home/mvibot/floorCleaningRobot_ws/install/opennav_coverage' in the environment variable CMAKE_PREFIX_PATH doesn't exist
[0.265s] WARNING:colcon.colcon_ros.prefix_path.catkin:The path '/home/mvibot/floorCleaningRobot_ws/install/mission_layer_mvibot' in the environment variable CMAKE_PREFIX_PATH doesn't exist
[0.265s] WARNING:colcon.colcon_ros.prefix_path.catkin:The path '/home/mvibot/floorCleaningRobot_ws/install/opennav_coverage_msgs' in the environment variable CMAKE_PREFIX_PATH doesn't exist
[0.265s] WARNING:colcon.colcon_ros.prefix_path.catkin:The path '/home/mvibot/floorCleaningRobot_ws/install/lower_layer_mvibot' in the environment variable CMAKE_PREFIX_PATH doesn't exist
[0.265s] WARNING:colcon.colcon_ros.prefix_path.catkin:The path '/home/mvibot/floorCleaningRobot_ws/install/ira_laser_tools' in the environment variable CMAKE_PREFIX_PATH doesn't exist
[0.265s] WARNING:colcon.colcon_ros.prefix_path.catkin:The path '/home/mvibot/floorCleaningRobot_ws/install/higher_layer_mvibot' in the environment variable CMAKE_PREFIX_PATH doesn't exist
[0.265s] WARNING:colcon.colcon_ros.prefix_path.catkin:The path '/home/mvibot/floorCleaningRobot_ws/install/fields2cover' in the environment variable CMAKE_PREFIX_PATH doesn't exist
[0.266s] DEBUG:colcon.colcon_installed_package_information.package_discovery:Found 0 installed packages in /home/mvibot/floorCleaningRobot_ws/install
[0.268s] DEBUG:colcon.colcon_installed_package_information.package_discovery:Found 412 installed packages in /opt/ros/jazzy
[0.270s] Level 1:colcon.colcon_core.package_discovery:discover_packages(prefix_path) using defaults
[0.414s] Level 5:colcon.colcon_core.verb:set package 'fields2cover' build argument 'cmake_args' from command line to '['-DCMAKE_BUILD_TYPE=Release']'
[0.414s] Level 5:colcon.colcon_core.verb:set package 'fields2cover' build argument 'cmake_target' from command line to 'None'
[0.414s] Level 5:colcon.colcon_core.verb:set package 'fields2cover' build argument 'cmake_target_skip_unavailable' from command line to 'False'
[0.414s] Level 5:colcon.colcon_core.verb:set package 'fields2cover' build argument 'cmake_clean_cache' from command line to 'False'
[0.414s] Level 5:colcon.colcon_core.verb:set package 'fields2cover' build argument 'cmake_clean_first' from command line to 'False'
[0.414s] Level 5:colcon.colcon_core.verb:set package 'fields2cover' build argument 'cmake_force_configure' from command line to 'False'
[0.414s] Level 5:colcon.colcon_core.verb:set package 'fields2cover' build argument 'ament_cmake_args' from command line to 'None'
[0.414s] Level 5:colcon.colcon_core.verb:set package 'fields2cover' build argument 'catkin_cmake_args' from command line to 'None'
[0.414s] Level 5:colcon.colcon_core.verb:set package 'fields2cover' build argument 'catkin_skip_building_tests' from command line to 'False'
[0.414s] DEBUG:colcon.colcon_core.verb:Building package 'fields2cover' with the following arguments: {'ament_cmake_args': None, 'build_base': '/home/mvibot/floorCleaningRobot_ws/build/fields2cover', 'catkin_cmake_args': None, 'catkin_skip_building_tests': False, 'cmake_args': ['-DCMAKE_BUILD_TYPE=Release'], 'cmake_clean_cache': False, 'cmake_clean_first': False, 'cmake_force_configure': False, 'cmake_target': None, 'cmake_target_skip_unavailable': False, 'install_base': '/home/mvibot/floorCleaningRobot_ws/install/fields2cover', 'merge_install': False, 'path': '/home/mvibot/floorCleaningRobot_ws/src/Fields2Cover', 'symlink_install': True, 'test_result_base': None}
[0.414s] Level 5:colcon.colcon_core.verb:set package 'higher_layer_mvibot' build argument 'cmake_args' from command line to '['-DCMAKE_BUILD_TYPE=Release']'
[0.414s] Level 5:colcon.colcon_core.verb:set package 'higher_layer_mvibot' build argument 'cmake_target' from command line to 'None'
[0.414s] Level 5:colcon.colcon_core.verb:set package 'higher_layer_mvibot' build argument 'cmake_target_skip_unavailable' from command line to 'False'
[0.414s] Level 5:colcon.colcon_core.verb:set package 'higher_layer_mvibot' build argument 'cmake_clean_cache' from command line to 'False'
[0.414s] Level 5:colcon.colcon_core.verb:set package 'higher_layer_mvibot' build argument 'cmake_clean_first' from command line to 'False'
[0.414s] Level 5:colcon.colcon_core.verb:set package 'higher_layer_mvibot' build argument 'cmake_force_configure' from command line to 'False'
[0.414s] Level 5:colcon.colcon_core.verb:set package 'higher_layer_mvibot' build argument 'ament_cmake_args' from command line to 'None'
[0.414s] Level 5:colcon.colcon_core.verb:set package 'higher_layer_mvibot' build argument 'catkin_cmake_args' from command line to 'None'
[0.414s] Level 5:colcon.colcon_core.verb:set package 'higher_layer_mvibot' build argument 'catkin_skip_building_tests' from command line to 'False'
[0.414s] DEBUG:colcon.colcon_core.verb:Building package 'higher_layer_mvibot' with the following arguments: {'ament_cmake_args': None, 'build_base': '/home/mvibot/floorCleaningRobot_ws/build/higher_layer_mvibot', 'catkin_cmake_args': None, 'catkin_skip_building_tests': False, 'cmake_args': ['-DCMAKE_BUILD_TYPE=Release'], 'cmake_clean_cache': False, 'cmake_clean_first': False, 'cmake_force_configure': False, 'cmake_target': None, 'cmake_target_skip_unavailable': False, 'install_base': '/home/mvibot/floorCleaningRobot_ws/install/higher_layer_mvibot', 'merge_install': False, 'path': '/home/mvibot/floorCleaningRobot_ws/src/higher_layer_mvibot', 'symlink_install': True, 'test_result_base': None}
[0.414s] Level 5:colcon.colcon_core.verb:set package 'ira_laser_tools' build argument 'cmake_args' from command line to '['-DCMAKE_BUILD_TYPE=Release']'
[0.414s] Level 5:colcon.colcon_core.verb:set package 'ira_laser_tools' build argument 'cmake_target' from command line to 'None'
[0.415s] Level 5:colcon.colcon_core.verb:set package 'ira_laser_tools' build argument 'cmake_target_skip_unavailable' from command line to 'False'
[0.415s] Level 5:colcon.colcon_core.verb:set package 'ira_laser_tools' build argument 'cmake_clean_cache' from command line to 'False'
[0.415s] Level 5:colcon.colcon_core.verb:set package 'ira_laser_tools' build argument 'cmake_clean_first' from command line to 'False'
[0.415s] Level 5:colcon.colcon_core.verb:set package 'ira_laser_tools' build argument 'cmake_force_configure' from command line to 'False'
[0.415s] Level 5:colcon.colcon_core.verb:set package 'ira_laser_tools' build argument 'ament_cmake_args' from command line to 'None'
[0.415s] Level 5:colcon.colcon_core.verb:set package 'ira_laser_tools' build argument 'catkin_cmake_args' from command line to 'None'
[0.415s] Level 5:colcon.colcon_core.verb:set package 'ira_laser_tools' build argument 'catkin_skip_building_tests' from command line to 'False'
[0.415s] DEBUG:colcon.colcon_core.verb:Building package 'ira_laser_tools' with the following arguments: {'ament_cmake_args': None, 'build_base': '/home/mvibot/floorCleaningRobot_ws/build/ira_laser_tools', 'catkin_cmake_args': None, 'catkin_skip_building_tests': False, 'cmake_args': ['-DCMAKE_BUILD_TYPE=Release'], 'cmake_clean_cache': False, 'cmake_clean_first': False, 'cmake_force_configure': False, 'cmake_target': None, 'cmake_target_skip_unavailable': False, 'install_base': '/home/mvibot/floorCleaningRobot_ws/install/ira_laser_tools', 'merge_install': False, 'path': '/home/mvibot/floorCleaningRobot_ws/src/ira_laser_tools', 'symlink_install': True, 'test_result_base': None}
[0.415s] Level 5:colcon.colcon_core.verb:set package 'lower_layer_mvibot' build argument 'cmake_args' from command line to '['-DCMAKE_BUILD_TYPE=Release']'
[0.415s] Level 5:colcon.colcon_core.verb:set package 'lower_layer_mvibot' build argument 'cmake_target' from command line to 'None'
[0.415s] Level 5:colcon.colcon_core.verb:set package 'lower_layer_mvibot' build argument 'cmake_target_skip_unavailable' from command line to 'False'
[0.415s] Level 5:colcon.colcon_core.verb:set package 'lower_layer_mvibot' build argument 'cmake_clean_cache' from command line to 'False'
[0.415s] Level 5:colcon.colcon_core.verb:set package 'lower_layer_mvibot' build argument 'cmake_clean_first' from command line to 'False'
[0.415s] Level 5:colcon.colcon_core.verb:set package 'lower_layer_mvibot' build argument 'cmake_force_configure' from command line to 'False'
[0.415s] Level 5:colcon.colcon_core.verb:set package 'lower_layer_mvibot' build argument 'ament_cmake_args' from command line to 'None'
[0.415s] Level 5:colcon.colcon_core.verb:set package 'lower_layer_mvibot' build argument 'catkin_cmake_args' from command line to 'None'
[0.415s] Level 5:colcon.colcon_core.verb:set package 'lower_layer_mvibot' build argument 'catkin_skip_building_tests' from command line to 'False'
[0.415s] DEBUG:colcon.colcon_core.verb:Building package 'lower_layer_mvibot' with the following arguments: {'ament_cmake_args': None, 'build_base': '/home/mvibot/floorCleaningRobot_ws/build/lower_layer_mvibot', 'catkin_cmake_args': None, 'catkin_skip_building_tests': False, 'cmake_args': ['-DCMAKE_BUILD_TYPE=Release'], 'cmake_clean_cache': False, 'cmake_clean_first': False, 'cmake_force_configure': False, 'cmake_target': None, 'cmake_target_skip_unavailable': False, 'install_base': '/home/mvibot/floorCleaningRobot_ws/install/lower_layer_mvibot', 'merge_install': False, 'path': '/home/mvibot/floorCleaningRobot_ws/src/lower_layer_mvibot', 'symlink_install': True, 'test_result_base': None}
[0.415s] Level 5:colcon.colcon_core.verb:set package 'opennav_coverage_msgs' build argument 'cmake_args' from command line to '['-DCMAKE_BUILD_TYPE=Release']'
[0.415s] Level 5:colcon.colcon_core.verb:set package 'opennav_coverage_msgs' build argument 'cmake_target' from command line to 'None'
[0.415s] Level 5:colcon.colcon_core.verb:set package 'opennav_coverage_msgs' build argument 'cmake_target_skip_unavailable' from command line to 'False'
[0.415s] Level 5:colcon.colcon_core.verb:set package 'opennav_coverage_msgs' build argument 'cmake_clean_cache' from command line to 'False'
[0.415s] Level 5:colcon.colcon_core.verb:set package 'opennav_coverage_msgs' build argument 'cmake_clean_first' from command line to 'False'
[0.415s] Level 5:colcon.colcon_core.verb:set package 'opennav_coverage_msgs' build argument 'cmake_force_configure' from command line to 'False'
[0.415s] Level 5:colcon.colcon_core.verb:set package 'opennav_coverage_msgs' build argument 'ament_cmake_args' from command line to 'None'
[0.415s] Level 5:colcon.colcon_core.verb:set package 'opennav_coverage_msgs' build argument 'catkin_cmake_args' from command line to 'None'
[0.415s] Level 5:colcon.colcon_core.verb:set package 'opennav_coverage_msgs' build argument 'catkin_skip_building_tests' from command line to 'False'
[0.415s] DEBUG:colcon.colcon_core.verb:Building package 'opennav_coverage_msgs' with the following arguments: {'ament_cmake_args': None, 'build_base': '/home/mvibot/floorCleaningRobot_ws/build/opennav_coverage_msgs', 'catkin_cmake_args': None, 'catkin_skip_building_tests': False, 'cmake_args': ['-DCMAKE_BUILD_TYPE=Release'], 'cmake_clean_cache': False, 'cmake_clean_first': False, 'cmake_force_configure': False, 'cmake_target': None, 'cmake_target_skip_unavailable': False, 'install_base': '/home/mvibot/floorCleaningRobot_ws/install/opennav_coverage_msgs', 'merge_install': False, 'path': '/home/mvibot/floorCleaningRobot_ws/src/opennav_coverage/opennav_coverage_msgs', 'symlink_install': True, 'test_result_base': None}
[0.415s] Level 5:colcon.colcon_core.verb:set package 'pointcloud_to_laserscan' build argument 'cmake_args' from command line to '['-DCMAKE_BUILD_TYPE=Release']'
[0.415s] Level 5:colcon.colcon_core.verb:set package 'pointcloud_to_laserscan' build argument 'cmake_target' from command line to 'None'
[0.415s] Level 5:colcon.colcon_core.verb:set package 'pointcloud_to_laserscan' build argument 'cmake_target_skip_unavailable' from command line to 'False'
[0.415s] Level 5:colcon.colcon_core.verb:set package 'pointcloud_to_laserscan' build argument 'cmake_clean_cache' from command line to 'False'
[0.415s] Level 5:colcon.colcon_core.verb:set package 'pointcloud_to_laserscan' build argument 'cmake_clean_first' from command line to 'False'
[0.415s] Level 5:colcon.colcon_core.verb:set package 'pointcloud_to_laserscan' build argument 'cmake_force_configure' from command line to 'False'
[0.415s] Level 5:colcon.colcon_core.verb:set package 'pointcloud_to_laserscan' build argument 'ament_cmake_args' from command line to 'None'
[0.415s] Level 5:colcon.colcon_core.verb:set package 'pointcloud_to_laserscan' build argument 'catkin_cmake_args' from command line to 'None'
[0.415s] Level 5:colcon.colcon_core.verb:set package 'pointcloud_to_laserscan' build argument 'catkin_skip_building_tests' from command line to 'False'
[0.415s] DEBUG:colcon.colcon_core.verb:Building package 'pointcloud_to_laserscan' with the following arguments: {'ament_cmake_args': None, 'build_base': '/home/mvibot/floorCleaningRobot_ws/build/pointcloud_to_laserscan', 'catkin_cmake_args': None, 'catkin_skip_building_tests': False, 'cmake_args': ['-DCMAKE_BUILD_TYPE=Release'], 'cmake_clean_cache': False, 'cmake_clean_first': False, 'cmake_force_configure': False, 'cmake_target': None, 'cmake_target_skip_unavailable': False, 'install_base': '/home/mvibot/floorCleaningRobot_ws/install/pointcloud_to_laserscan', 'merge_install': False, 'path': '/home/mvibot/floorCleaningRobot_ws/src/pointcloud_to_laserscan', 'symlink_install': True, 'test_result_base': None}
[0.416s] Level 5:colcon.colcon_core.verb:set package 'realsense2_camera_msgs' build argument 'cmake_args' from command line to '['-DCMAKE_BUILD_TYPE=Release']'
[0.416s] Level 5:colcon.colcon_core.verb:set package 'realsense2_camera_msgs' build argument 'cmake_target' from command line to 'None'
[0.416s] Level 5:colcon.colcon_core.verb:set package 'realsense2_camera_msgs' build argument 'cmake_target_skip_unavailable' from command line to 'False'
[0.416s] Level 5:colcon.colcon_core.verb:set package 'realsense2_camera_msgs' build argument 'cmake_clean_cache' from command line to 'False'
[0.416s] Level 5:colcon.colcon_core.verb:set package 'realsense2_camera_msgs' build argument 'cmake_clean_first' from command line to 'False'
[0.416s] Level 5:colcon.colcon_core.verb:set package 'realsense2_camera_msgs' build argument 'cmake_force_configure' from command line to 'False'
[0.416s] Level 5:colcon.colcon_core.verb:set package 'realsense2_camera_msgs' build argument 'ament_cmake_args' from command line to 'None'
[0.416s] Level 5:colcon.colcon_core.verb:set package 'realsense2_camera_msgs' build argument 'catkin_cmake_args' from command line to 'None'
[0.416s] Level 5:colcon.colcon_core.verb:set package 'realsense2_camera_msgs' build argument 'catkin_skip_building_tests' from command line to 'False'
[0.416s] DEBUG:colcon.colcon_core.verb:Building package 'realsense2_camera_msgs' with the following arguments: {'ament_cmake_args': None, 'build_base': '/home/mvibot/floorCleaningRobot_ws/build/realsense2_camera_msgs', 'catkin_cmake_args': None, 'catkin_skip_building_tests': False, 'cmake_args': ['-DCMAKE_BUILD_TYPE=Release'], 'cmake_clean_cache': False, 'cmake_clean_first': False, 'cmake_force_configure': False, 'cmake_target': None, 'cmake_target_skip_unavailable': False, 'install_base': '/home/mvibot/floorCleaningRobot_ws/install/realsense2_camera_msgs', 'merge_install': False, 'path': '/home/mvibot/floorCleaningRobot_ws/src/realsense-ros/realsense2_camera_msgs', 'symlink_install': True, 'test_result_base': None}
[0.416s] Level 5:colcon.colcon_core.verb:set package 'sllidar_ros2' build argument 'cmake_args' from command line to '['-DCMAKE_BUILD_TYPE=Release']'
[0.416s] Level 5:colcon.colcon_core.verb:set package 'sllidar_ros2' build argument 'cmake_target' from command line to 'None'
[0.416s] Level 5:colcon.colcon_core.verb:set package 'sllidar_ros2' build argument 'cmake_target_skip_unavailable' from command line to 'False'
[0.416s] Level 5:colcon.colcon_core.verb:set package 'sllidar_ros2' build argument 'cmake_clean_cache' from command line to 'False'
[0.416s] Level 5:colcon.colcon_core.verb:set package 'sllidar_ros2' build argument 'cmake_clean_first' from command line to 'False'
[0.416s] Level 5:colcon.colcon_core.verb:set package 'sllidar_ros2' build argument 'cmake_force_configure' from command line to 'False'
[0.416s] Level 5:colcon.colcon_core.verb:set package 'sllidar_ros2' build argument 'ament_cmake_args' from command line to 'None'
[0.416s] Level 5:colcon.colcon_core.verb:set package 'sllidar_ros2' build argument 'catkin_cmake_args' from command line to 'None'
[0.416s] Level 5:colcon.colcon_core.verb:set package 'sllidar_ros2' build argument 'catkin_skip_building_tests' from command line to 'False'
[0.416s] DEBUG:colcon.colcon_core.verb:Building package 'sllidar_ros2' with the following arguments: {'ament_cmake_args': None, 'build_base': '/home/mvibot/floorCleaningRobot_ws/build/sllidar_ros2', 'catkin_cmake_args': None, 'catkin_skip_building_tests': False, 'cmake_args': ['-DCMAKE_BUILD_TYPE=Release'], 'cmake_clean_cache': False, 'cmake_clean_first': False, 'cmake_force_configure': False, 'cmake_target': None, 'cmake_target_skip_unavailable': False, 'install_base': '/home/mvibot/floorCleaningRobot_ws/install/sllidar_ros2', 'merge_install': False, 'path': '/home/mvibot/floorCleaningRobot_ws/src/sllidar_ros2', 'symlink_install': True, 'test_result_base': None}
[0.416s] Level 5:colcon.colcon_core.verb:set package 'tf2_web_republisher_interfaces' build argument 'cmake_args' from command line to '['-DCMAKE_BUILD_TYPE=Release']'
[0.416s] Level 5:colcon.colcon_core.verb:set package 'tf2_web_republisher_interfaces' build argument 'cmake_target' from command line to 'None'
[0.416s] Level 5:colcon.colcon_core.verb:set package 'tf2_web_republisher_interfaces' build argument 'cmake_target_skip_unavailable' from command line to 'False'
[0.416s] Level 5:colcon.colcon_core.verb:set package 'tf2_web_republisher_interfaces' build argument 'cmake_clean_cache' from command line to 'False'
[0.416s] Level 5:colcon.colcon_core.verb:set package 'tf2_web_republisher_interfaces' build argument 'cmake_clean_first' from command line to 'False'
[0.416s] Level 5:colcon.colcon_core.verb:set package 'tf2_web_republisher_interfaces' build argument 'cmake_force_configure' from command line to 'False'
[0.416s] Level 5:colcon.colcon_core.verb:set package 'tf2_web_republisher_interfaces' build argument 'ament_cmake_args' from command line to 'None'
[0.416s] Level 5:colcon.colcon_core.verb:set package 'tf2_web_republisher_interfaces' build argument 'catkin_cmake_args' from command line to 'None'
[0.416s] Level 5:colcon.colcon_core.verb:set package 'tf2_web_republisher_interfaces' build argument 'catkin_skip_building_tests' from command line to 'False'
[0.416s] DEBUG:colcon.colcon_core.verb:Building package 'tf2_web_republisher_interfaces' with the following arguments: {'ament_cmake_args': None, 'build_base': '/home/mvibot/floorCleaningRobot_ws/build/tf2_web_republisher_interfaces', 'catkin_cmake_args': None, 'catkin_skip_building_tests': False, 'cmake_args': ['-DCMAKE_BUILD_TYPE=Release'], 'cmake_clean_cache': False, 'cmake_clean_first': False, 'cmake_force_configure': False, 'cmake_target': None, 'cmake_target_skip_unavailable': False, 'install_base': '/home/mvibot/floorCleaningRobot_ws/install/tf2_web_republisher_interfaces', 'merge_install': False, 'path': '/home/mvibot/floorCleaningRobot_ws/src/tf2_web_republisher/tf2_web_republisher_interfaces', 'symlink_install': True, 'test_result_base': None}
[0.416s] Level 5:colcon.colcon_core.verb:set package 'mission_layer_mvibot' build argument 'cmake_args' from command line to '['-DCMAKE_BUILD_TYPE=Release']'
[0.416s] Level 5:colcon.colcon_core.verb:set package 'mission_layer_mvibot' build argument 'cmake_target' from command line to 'None'
[0.416s] Level 5:colcon.colcon_core.verb:set package 'mission_layer_mvibot' build argument 'cmake_target_skip_unavailable' from command line to 'False'
[0.416s] Level 5:colcon.colcon_core.verb:set package 'mission_layer_mvibot' build argument 'cmake_clean_cache' from command line to 'False'
[0.416s] Level 5:colcon.colcon_core.verb:set package 'mission_layer_mvibot' build argument 'cmake_clean_first' from command line to 'False'
[0.416s] Level 5:colcon.colcon_core.verb:set package 'mission_layer_mvibot' build argument 'cmake_force_configure' from command line to 'False'
[0.416s] Level 5:colcon.colcon_core.verb:set package 'mission_layer_mvibot' build argument 'ament_cmake_args' from command line to 'None'
[0.416s] Level 5:colcon.colcon_core.verb:set package 'mission_layer_mvibot' build argument 'catkin_cmake_args' from command line to 'None'
[0.416s] Level 5:colcon.colcon_core.verb:set package 'mission_layer_mvibot' build argument 'catkin_skip_building_tests' from command line to 'False'
[0.416s] DEBUG:colcon.colcon_core.verb:Building package 'mission_layer_mvibot' with the following arguments: {'ament_cmake_args': None, 'build_base': '/home/mvibot/floorCleaningRobot_ws/build/mission_layer_mvibot', 'catkin_cmake_args': None, 'catkin_skip_building_tests': False, 'cmake_args': ['-DCMAKE_BUILD_TYPE=Release'], 'cmake_clean_cache': False, 'cmake_clean_first': False, 'cmake_force_configure': False, 'cmake_target': None, 'cmake_target_skip_unavailable': False, 'install_base': '/home/mvibot/floorCleaningRobot_ws/install/mission_layer_mvibot', 'merge_install': False, 'path': '/home/mvibot/floorCleaningRobot_ws/src/mission_layer_mvibot', 'symlink_install': True, 'test_result_base': None}
[0.417s] Level 5:colcon.colcon_core.verb:set package 'opennav_coverage' build argument 'cmake_args' from command line to '['-DCMAKE_BUILD_TYPE=Release']'
[0.417s] Level 5:colcon.colcon_core.verb:set package 'opennav_coverage' build argument 'cmake_target' from command line to 'None'
[0.417s] Level 5:colcon.colcon_core.verb:set package 'opennav_coverage' build argument 'cmake_target_skip_unavailable' from command line to 'False'
[0.417s] Level 5:colcon.colcon_core.verb:set package 'opennav_coverage' build argument 'cmake_clean_cache' from command line to 'False'
[0.417s] Level 5:colcon.colcon_core.verb:set package 'opennav_coverage' build argument 'cmake_clean_first' from command line to 'False'
[0.417s] Level 5:colcon.colcon_core.verb:set package 'opennav_coverage' build argument 'cmake_force_configure' from command line to 'False'
[0.417s] Level 5:colcon.colcon_core.verb:set package 'opennav_coverage' build argument 'ament_cmake_args' from command line to 'None'
[0.417s] Level 5:colcon.colcon_core.verb:set package 'opennav_coverage' build argument 'catkin_cmake_args' from command line to 'None'
[0.417s] Level 5:colcon.colcon_core.verb:set package 'opennav_coverage' build argument 'catkin_skip_building_tests' from command line to 'False'
[0.417s] DEBUG:colcon.colcon_core.verb:Building package 'opennav_coverage' with the following arguments: {'ament_cmake_args': None, 'build_base': '/home/mvibot/floorCleaningRobot_ws/build/opennav_coverage', 'catkin_cmake_args': None, 'catkin_skip_building_tests': False, 'cmake_args': ['-DCMAKE_BUILD_TYPE=Release'], 'cmake_clean_cache': False, 'cmake_clean_first': False, 'cmake_force_configure': False, 'cmake_target': None, 'cmake_target_skip_unavailable': False, 'install_base': '/home/mvibot/floorCleaningRobot_ws/install/opennav_coverage', 'merge_install': False, 'path': '/home/mvibot/floorCleaningRobot_ws/src/opennav_coverage/opennav_coverage', 'symlink_install': True, 'test_result_base': None}
[0.417s] Level 5:colcon.colcon_core.verb:set package 'opennav_coverage_bt' build argument 'cmake_args' from command line to '['-DCMAKE_BUILD_TYPE=Release']'
[0.417s] Level 5:colcon.colcon_core.verb:set package 'opennav_coverage_bt' build argument 'cmake_target' from command line to 'None'
[0.417s] Level 5:colcon.colcon_core.verb:set package 'opennav_coverage_bt' build argument 'cmake_target_skip_unavailable' from command line to 'False'
[0.417s] Level 5:colcon.colcon_core.verb:set package 'opennav_coverage_bt' build argument 'cmake_clean_cache' from command line to 'False'
[0.417s] Level 5:colcon.colcon_core.verb:set package 'opennav_coverage_bt' build argument 'cmake_clean_first' from command line to 'False'
[0.417s] Level 5:colcon.colcon_core.verb:set package 'opennav_coverage_bt' build argument 'cmake_force_configure' from command line to 'False'
[0.417s] Level 5:colcon.colcon_core.verb:set package 'opennav_coverage_bt' build argument 'ament_cmake_args' from command line to 'None'
[0.417s] Level 5:colcon.colcon_core.verb:set package 'opennav_coverage_bt' build argument 'catkin_cmake_args' from command line to 'None'
[0.417s] Level 5:colcon.colcon_core.verb:set package 'opennav_coverage_bt' build argument 'catkin_skip_building_tests' from command line to 'False'
[0.417s] DEBUG:colcon.colcon_core.verb:Building package 'opennav_coverage_bt' with the following arguments: {'ament_cmake_args': None, 'build_base': '/home/mvibot/floorCleaningRobot_ws/build/opennav_coverage_bt', 'catkin_cmake_args': None, 'catkin_skip_building_tests': False, 'cmake_args': ['-DCMAKE_BUILD_TYPE=Release'], 'cmake_clean_cache': False, 'cmake_clean_first': False, 'cmake_force_configure': False, 'cmake_target': None, 'cmake_target_skip_unavailable': False, 'install_base': '/home/mvibot/floorCleaningRobot_ws/install/opennav_coverage_bt', 'merge_install': False, 'path': '/home/mvibot/floorCleaningRobot_ws/src/opennav_coverage/opennav_coverage_bt', 'symlink_install': True, 'test_result_base': None}
[0.417s] Level 5:colcon.colcon_core.verb:set package 'realsense2_camera' build argument 'cmake_args' from command line to '['-DCMAKE_BUILD_TYPE=Release']'
[0.417s] Level 5:colcon.colcon_core.verb:set package 'realsense2_camera' build argument 'cmake_target' from command line to 'None'
[0.417s] Level 5:colcon.colcon_core.verb:set package 'realsense2_camera' build argument 'cmake_target_skip_unavailable' from command line to 'False'
[0.417s] Level 5:colcon.colcon_core.verb:set package 'realsense2_camera' build argument 'cmake_clean_cache' from command line to 'False'
[0.417s] Level 5:colcon.colcon_core.verb:set package 'realsense2_camera' build argument 'cmake_clean_first' from command line to 'False'
[0.417s] Level 5:colcon.colcon_core.verb:set package 'realsense2_camera' build argument 'cmake_force_configure' from command line to 'False'
[0.417s] Level 5:colcon.colcon_core.verb:set package 'realsense2_camera' build argument 'ament_cmake_args' from command line to 'None'
[0.417s] Level 5:colcon.colcon_core.verb:set package 'realsense2_camera' build argument 'catkin_cmake_args' from command line to 'None'
[0.417s] Level 5:colcon.colcon_core.verb:set package 'realsense2_camera' build argument 'catkin_skip_building_tests' from command line to 'False'
[0.417s] DEBUG:colcon.colcon_core.verb:Building package 'realsense2_camera' with the following arguments: {'ament_cmake_args': None, 'build_base': '/home/mvibot/floorCleaningRobot_ws/build/realsense2_camera', 'catkin_cmake_args': None, 'catkin_skip_building_tests': False, 'cmake_args': ['-DCMAKE_BUILD_TYPE=Release'], 'cmake_clean_cache': False, 'cmake_clean_first': False, 'cmake_force_configure': False, 'cmake_target': None, 'cmake_target_skip_unavailable': False, 'install_base': '/home/mvibot/floorCleaningRobot_ws/install/realsense2_camera', 'merge_install': False, 'path': '/home/mvibot/floorCleaningRobot_ws/src/realsense-ros/realsense2_camera', 'symlink_install': True, 'test_result_base': None}
[0.417s] Level 5:colcon.colcon_core.verb:set package 'realsense2_description' build argument 'cmake_args' from command line to '['-DCMAKE_BUILD_TYPE=Release']'
[0.417s] Level 5:colcon.colcon_core.verb:set package 'realsense2_description' build argument 'cmake_target' from command line to 'None'
[0.417s] Level 5:colcon.colcon_core.verb:set package 'realsense2_description' build argument 'cmake_target_skip_unavailable' from command line to 'False'
[0.417s] Level 5:colcon.colcon_core.verb:set package 'realsense2_description' build argument 'cmake_clean_cache' from command line to 'False'
[0.417s] Level 5:colcon.colcon_core.verb:set package 'realsense2_description' build argument 'cmake_clean_first' from command line to 'False'
[0.417s] Level 5:colcon.colcon_core.verb:set package 'realsense2_description' build argument 'cmake_force_configure' from command line to 'False'
[0.417s] Level 5:colcon.colcon_core.verb:set package 'realsense2_description' build argument 'ament_cmake_args' from command line to 'None'
[0.417s] Level 5:colcon.colcon_core.verb:set package 'realsense2_description' build argument 'catkin_cmake_args' from command line to 'None'
[0.417s] Level 5:colcon.colcon_core.verb:set package 'realsense2_description' build argument 'catkin_skip_building_tests' from command line to 'False'
[0.417s] DEBUG:colcon.colcon_core.verb:Building package 'realsense2_description' with the following arguments: {'ament_cmake_args': None, 'build_base': '/home/mvibot/floorCleaningRobot_ws/build/realsense2_description', 'catkin_cmake_args': None, 'catkin_skip_building_tests': False, 'cmake_args': ['-DCMAKE_BUILD_TYPE=Release'], 'cmake_clean_cache': False, 'cmake_clean_first': False, 'cmake_force_configure': False, 'cmake_target': None, 'cmake_target_skip_unavailable': False, 'install_base': '/home/mvibot/floorCleaningRobot_ws/install/realsense2_description', 'merge_install': False, 'path': '/home/mvibot/floorCleaningRobot_ws/src/realsense-ros/realsense2_description', 'symlink_install': True, 'test_result_base': None}
[0.418s] Level 5:colcon.colcon_core.verb:set package 'tf2_web_republisher' build argument 'cmake_args' from command line to '['-DCMAKE_BUILD_TYPE=Release']'
[0.418s] Level 5:colcon.colcon_core.verb:set package 'tf2_web_republisher' build argument 'cmake_target' from command line to 'None'
[0.418s] Level 5:colcon.colcon_core.verb:set package 'tf2_web_republisher' build argument 'cmake_target_skip_unavailable' from command line to 'False'
[0.418s] Level 5:colcon.colcon_core.verb:set package 'tf2_web_republisher' build argument 'cmake_clean_cache' from command line to 'False'
[0.418s] Level 5:colcon.colcon_core.verb:set package 'tf2_web_republisher' build argument 'cmake_clean_first' from command line to 'False'
[0.418s] Level 5:colcon.colcon_core.verb:set package 'tf2_web_republisher' build argument 'cmake_force_configure' from command line to 'False'
[0.418s] Level 5:colcon.colcon_core.verb:set package 'tf2_web_republisher' build argument 'ament_cmake_args' from command line to 'None'
[0.418s] Level 5:colcon.colcon_core.verb:set package 'tf2_web_republisher' build argument 'catkin_cmake_args' from command line to 'None'
[0.418s] Level 5:colcon.colcon_core.verb:set package 'tf2_web_republisher' build argument 'catkin_skip_building_tests' from command line to 'False'
[0.418s] DEBUG:colcon.colcon_core.verb:Building package 'tf2_web_republisher' with the following arguments: {'ament_cmake_args': None, 'build_base': '/home/mvibot/floorCleaningRobot_ws/build/tf2_web_republisher', 'catkin_cmake_args': None, 'catkin_skip_building_tests': False, 'cmake_args': ['-DCMAKE_BUILD_TYPE=Release'], 'cmake_clean_cache': False, 'cmake_clean_first': False, 'cmake_force_configure': False, 'cmake_target': None, 'cmake_target_skip_unavailable': False, 'install_base': '/home/mvibot/floorCleaningRobot_ws/install/tf2_web_republisher', 'merge_install': False, 'path': '/home/mvibot/floorCleaningRobot_ws/src/tf2_web_republisher/tf2_web_republisher', 'symlink_install': True, 'test_result_base': None}
[0.418s] Level 5:colcon.colcon_core.verb:set package 'opennav_coverage_navigator' build argument 'cmake_args' from command line to '['-DCMAKE_BUILD_TYPE=Release']'
[0.418s] Level 5:colcon.colcon_core.verb:set package 'opennav_coverage_navigator' build argument 'cmake_target' from command line to 'None'
[0.418s] Level 5:colcon.colcon_core.verb:set package 'opennav_coverage_navigator' build argument 'cmake_target_skip_unavailable' from command line to 'False'
[0.418s] Level 5:colcon.colcon_core.verb:set package 'opennav_coverage_navigator' build argument 'cmake_clean_cache' from command line to 'False'
[0.418s] Level 5:colcon.colcon_core.verb:set package 'opennav_coverage_navigator' build argument 'cmake_clean_first' from command line to 'False'
[0.418s] Level 5:colcon.colcon_core.verb:set package 'opennav_coverage_navigator' build argument 'cmake_force_configure' from command line to 'False'
[0.418s] Level 5:colcon.colcon_core.verb:set package 'opennav_coverage_navigator' build argument 'ament_cmake_args' from command line to 'None'
[0.418s] Level 5:colcon.colcon_core.verb:set package 'opennav_coverage_navigator' build argument 'catkin_cmake_args' from command line to 'None'
[0.418s] Level 5:colcon.colcon_core.verb:set package 'opennav_coverage_navigator' build argument 'catkin_skip_building_tests' from command line to 'False'
[0.418s] DEBUG:colcon.colcon_core.verb:Building package 'opennav_coverage_navigator' with the following arguments: {'ament_cmake_args': None, 'build_base': '/home/mvibot/floorCleaningRobot_ws/build/opennav_coverage_navigator', 'catkin_cmake_args': None, 'catkin_skip_building_tests': False, 'cmake_args': ['-DCMAKE_BUILD_TYPE=Release'], 'cmake_clean_cache': False, 'cmake_clean_first': False, 'cmake_force_configure': False, 'cmake_target': None, 'cmake_target_skip_unavailable': False, 'install_base': '/home/mvibot/floorCleaningRobot_ws/install/opennav_coverage_navigator', 'merge_install': False, 'path': '/home/mvibot/floorCleaningRobot_ws/src/opennav_coverage/opennav_coverage_navigator', 'symlink_install': True, 'test_result_base': None}
[0.418s] Level 5:colcon.colcon_core.verb:set package 'opennav_row_coverage' build argument 'cmake_args' from command line to '['-DCMAKE_BUILD_TYPE=Release']'
[0.418s] Level 5:colcon.colcon_core.verb:set package 'opennav_row_coverage' build argument 'cmake_target' from command line to 'None'
[0.418s] Level 5:colcon.colcon_core.verb:set package 'opennav_row_coverage' build argument 'cmake_target_skip_unavailable' from command line to 'False'
[0.418s] Level 5:colcon.colcon_core.verb:set package 'opennav_row_coverage' build argument 'cmake_clean_cache' from command line to 'False'
[0.418s] Level 5:colcon.colcon_core.verb:set package 'opennav_row_coverage' build argument 'cmake_clean_first' from command line to 'False'
[0.418s] Level 5:colcon.colcon_core.verb:set package 'opennav_row_coverage' build argument 'cmake_force_configure' from command line to 'False'
[0.418s] Level 5:colcon.colcon_core.verb:set package 'opennav_row_coverage' build argument 'ament_cmake_args' from command line to 'None'
[0.418s] Level 5:colcon.colcon_core.verb:set package 'opennav_row_coverage' build argument 'catkin_cmake_args' from command line to 'None'
[0.418s] Level 5:colcon.colcon_core.verb:set package 'opennav_row_coverage' build argument 'catkin_skip_building_tests' from command line to 'False'
[0.418s] DEBUG:colcon.colcon_core.verb:Building package 'opennav_row_coverage' with the following arguments: {'ament_cmake_args': None, 'build_base': '/home/mvibot/floorCleaningRobot_ws/build/opennav_row_coverage', 'catkin_cmake_args': None, 'catkin_skip_building_tests': False, 'cmake_args': ['-DCMAKE_BUILD_TYPE=Release'], 'cmake_clean_cache': False, 'cmake_clean_first': False, 'cmake_force_configure': False, 'cmake_target': None, 'cmake_target_skip_unavailable': False, 'install_base': '/home/mvibot/floorCleaningRobot_ws/install/opennav_row_coverage', 'merge_install': False, 'path': '/home/mvibot/floorCleaningRobot_ws/src/opennav_coverage/opennav_row_coverage', 'symlink_install': True, 'test_result_base': None}
[0.418s] Level 5:colcon.colcon_core.verb:set package 'opennav_coverage_demo' build argument 'cmake_args' from command line to '['-DCMAKE_BUILD_TYPE=Release']'
[0.418s] Level 5:colcon.colcon_core.verb:set package 'opennav_coverage_demo' build argument 'cmake_target' from command line to 'None'
[0.418s] Level 5:colcon.colcon_core.verb:set package 'opennav_coverage_demo' build argument 'cmake_target_skip_unavailable' from command line to 'False'
[0.418s] Level 5:colcon.colcon_core.verb:set package 'opennav_coverage_demo' build argument 'cmake_clean_cache' from command line to 'False'
[0.418s] Level 5:colcon.colcon_core.verb:set package 'opennav_coverage_demo' build argument 'cmake_clean_first' from command line to 'False'
[0.418s] Level 5:colcon.colcon_core.verb:set package 'opennav_coverage_demo' build argument 'cmake_force_configure' from command line to 'False'
[0.418s] Level 5:colcon.colcon_core.verb:set package 'opennav_coverage_demo' build argument 'ament_cmake_args' from command line to 'None'
[0.418s] Level 5:colcon.colcon_core.verb:set package 'opennav_coverage_demo' build argument 'catkin_cmake_args' from command line to 'None'
[0.418s] Level 5:colcon.colcon_core.verb:set package 'opennav_coverage_demo' build argument 'catkin_skip_building_tests' from command line to 'False'
[0.419s] DEBUG:colcon.colcon_core.verb:Building package 'opennav_coverage_demo' with the following arguments: {'ament_cmake_args': None, 'build_base': '/home/mvibot/floorCleaningRobot_ws/build/opennav_coverage_demo', 'catkin_cmake_args': None, 'catkin_skip_building_tests': False, 'cmake_args': ['-DCMAKE_BUILD_TYPE=Release'], 'cmake_clean_cache': False, 'cmake_clean_first': False, 'cmake_force_configure': False, 'cmake_target': None, 'cmake_target_skip_unavailable': False, 'install_base': '/home/mvibot/floorCleaningRobot_ws/install/opennav_coverage_demo', 'merge_install': False, 'path': '/home/mvibot/floorCleaningRobot_ws/src/opennav_coverage/opennav_coverage_demo', 'symlink_install': True, 'test_result_base': None}
[0.419s] INFO:colcon.colcon_core.executor:Executing jobs using 'parallel' executor
[0.419s] DEBUG:colcon.colcon_parallel_executor.executor.parallel:run_until_complete
[0.420s] INFO:colcon.colcon_ros.task.ament_cmake.build:Building ROS package in '/home/mvibot/floorCleaningRobot_ws/src/opennav_coverage/opennav_coverage_msgs' with build type 'ament_cmake'
[0.420s] INFO:colcon.colcon_cmake.task.cmake.build:Building CMake package in '/home/mvibot/floorCleaningRobot_ws/src/opennav_coverage/opennav_coverage_msgs'
[0.424s] INFO:colcon.colcon_core.plugin_system:Skipping extension 'colcon_core.shell.bat': Not used on non-Windows systems
[0.424s] INFO:colcon.colcon_core.shell:Skip shell extension 'powershell' for command environment: Not usable outside of PowerShell
[0.424s] DEBUG:colcon.colcon_core.shell:Skip shell extension 'dsv' for command environment
[0.427s] INFO:colcon.colcon_ros.task.cmake.build:Building ROS package in '/home/mvibot/floorCleaningRobot_ws/src/Fields2Cover' with build type 'cmake'
[0.427s] INFO:colcon.colcon_cmake.task.cmake.build:Building CMake package in '/home/mvibot/floorCleaningRobot_ws/src/Fields2Cover'
[0.427s] INFO:colcon.colcon_core.shell:Skip shell extension 'powershell' for command environment: Not usable outside of PowerShell
[0.427s] DEBUG:colcon.colcon_core.shell:Skip shell extension 'dsv' for command environment
[0.430s] INFO:colcon.colcon_ros.task.ament_cmake.build:Building ROS package in '/home/mvibot/floorCleaningRobot_ws/src/realsense-ros/realsense2_camera_msgs' with build type 'ament_cmake'
[0.430s] INFO:colcon.colcon_cmake.task.cmake.build:Building CMake package in '/home/mvibot/floorCleaningRobot_ws/src/realsense-ros/realsense2_camera_msgs'
[0.430s] INFO:colcon.colcon_core.shell:Skip shell extension 'powershell' for command environment: Not usable outside of PowerShell
[0.430s] DEBUG:colcon.colcon_core.shell:Skip shell extension 'dsv' for command environment
[0.432s] INFO:colcon.colcon_ros.task.ament_cmake.build:Building ROS package in '/home/mvibot/floorCleaningRobot_ws/src/tf2_web_republisher/tf2_web_republisher_interfaces' with build type 'ament_cmake'
[0.432s] INFO:colcon.colcon_cmake.task.cmake.build:Building CMake package in '/home/mvibot/floorCleaningRobot_ws/src/tf2_web_republisher/tf2_web_republisher_interfaces'
[0.432s] INFO:colcon.colcon_core.shell:Skip shell extension 'powershell' for command environment: Not usable outside of PowerShell
[0.432s] DEBUG:colcon.colcon_core.shell:Skip shell extension 'dsv' for command environment
[0.435s] INFO:colcon.colcon_ros.task.ament_cmake.build:Building ROS package in '/home/mvibot/floorCleaningRobot_ws/src/higher_layer_mvibot' with build type 'ament_cmake'
[0.435s] INFO:colcon.colcon_cmake.task.cmake.build:Building CMake package in '/home/mvibot/floorCleaningRobot_ws/src/higher_layer_mvibot'
[0.435s] INFO:colcon.colcon_core.shell:Skip shell extension 'powershell' for command environment: Not usable outside of PowerShell
[0.435s] DEBUG:colcon.colcon_core.shell:Skip shell extension 'dsv' for command environment
[0.438s] INFO:colcon.colcon_ros.task.ament_cmake.build:Building ROS package in '/home/mvibot/floorCleaningRobot_ws/src/ira_laser_tools' with build type 'ament_cmake'
[0.438s] INFO:colcon.colcon_cmake.task.cmake.build:Building CMake package in '/home/mvibot/floorCleaningRobot_ws/src/ira_laser_tools'
[0.438s] INFO:colcon.colcon_core.shell:Skip shell extension 'powershell' for command environment: Not usable outside of PowerShell
[0.438s] DEBUG:colcon.colcon_core.shell:Skip shell extension 'dsv' for command environment
[0.440s] INFO:colcon.colcon_ros.task.ament_cmake.build:Building ROS package in '/home/mvibot/floorCleaningRobot_ws/src/lower_layer_mvibot' with build type 'ament_cmake'
[0.440s] INFO:colcon.colcon_cmake.task.cmake.build:Building CMake package in '/home/mvibot/floorCleaningRobot_ws/src/lower_layer_mvibot'
[0.441s] INFO:colcon.colcon_core.shell:Skip shell extension 'powershell' for command environment: Not usable outside of PowerShell
[0.441s] DEBUG:colcon.colcon_core.shell:Skip shell extension 'dsv' for command environment
[0.443s] INFO:colcon.colcon_ros.task.ament_cmake.build:Building ROS package in '/home/mvibot/floorCleaningRobot_ws/src/pointcloud_to_laserscan' with build type 'ament_cmake'
[0.443s] INFO:colcon.colcon_cmake.task.cmake.build:Building CMake package in '/home/mvibot/floorCleaningRobot_ws/src/pointcloud_to_laserscan'
[0.443s] INFO:colcon.colcon_core.shell:Skip shell extension 'powershell' for command environment: Not usable outside of PowerShell
[0.443s] DEBUG:colcon.colcon_core.shell:Skip shell extension 'dsv' for command environment
[0.448s] DEBUG:colcon.colcon_core.event_handler.log_command:Invoking command in '/home/mvibot/floorCleaningRobot_ws/build/opennav_coverage_msgs': CMAKE_PREFIX_PATH=${CMAKE_PREFIX_PATH}:/home/mvibot/floorCleaningRobot_ws/install/opennav_coverage_demo:/opt/ros/jazzy DEBUGINFOD_URLS=https://debuginfod.ubuntu.com /usr/bin/cmake /home/mvibot/floorCleaningRobot_ws/src/opennav_coverage/opennav_coverage_msgs -DCMAKE_BUILD_TYPE=Release -DAMENT_CMAKE_SYMLINK_INSTALL=1 -DCMAKE_INSTALL_PREFIX=/home/mvibot/floorCleaningRobot_ws/install/opennav_coverage_msgs
[0.450s] DEBUG:colcon.colcon_core.event_handler.log_command:Invoking command in '/home/mvibot/floorCleaningRobot_ws/build/fields2cover': CMAKE_PREFIX_PATH=${CMAKE_PREFIX_PATH}:/home/mvibot/floorCleaningRobot_ws/install/opennav_coverage_demo:/opt/ros/jazzy DEBUGINFOD_URLS=https://debuginfod.ubuntu.com /usr/bin/cmake /home/mvibot/floorCleaningRobot_ws/src/Fields2Cover -DCMAKE_BUILD_TYPE=Release -DCMAKE_INSTALL_PREFIX=/home/mvibot/floorCleaningRobot_ws/install/fields2cover
[0.451s] DEBUG:colcon.colcon_core.event_handler.log_command:Invoking command in '/home/mvibot/floorCleaningRobot_ws/build/realsense2_camera_msgs': CMAKE_PREFIX_PATH=${CMAKE_PREFIX_PATH}:/home/mvibot/floorCleaningRobot_ws/install/opennav_coverage_demo:/opt/ros/jazzy DEBUGINFOD_URLS=https://debuginfod.ubuntu.com /usr/bin/cmake /home/mvibot/floorCleaningRobot_ws/src/realsense-ros/realsense2_camera_msgs -DCMAKE_BUILD_TYPE=Release -DAMENT_CMAKE_SYMLINK_INSTALL=1 -DCMAKE_INSTALL_PREFIX=/home/mvibot/floorCleaningRobot_ws/install/realsense2_camera_msgs
[0.452s] DEBUG:colcon.colcon_core.event_handler.log_command:Invoking command in '/home/mvibot/floorCleaningRobot_ws/build/tf2_web_republisher_interfaces': CMAKE_PREFIX_PATH=${CMAKE_PREFIX_PATH}:/home/mvibot/floorCleaningRobot_ws/install/opennav_coverage_demo:/opt/ros/jazzy DEBUGINFOD_URLS=https://debuginfod.ubuntu.com /usr/bin/cmake /home/mvibot/floorCleaningRobot_ws/src/tf2_web_republisher/tf2_web_republisher_interfaces -DCMAKE_BUILD_TYPE=Release -DAMENT_CMAKE_SYMLINK_INSTALL=1 -DCMAKE_INSTALL_PREFIX=/home/mvibot/floorCleaningRobot_ws/install/tf2_web_republisher_interfaces
[0.453s] DEBUG:colcon.colcon_core.event_handler.log_command:Invoking command in '/home/mvibot/floorCleaningRobot_ws/build/higher_layer_mvibot': CMAKE_PREFIX_PATH=${CMAKE_PREFIX_PATH}:/home/mvibot/floorCleaningRobot_ws/install/opennav_coverage_demo:/opt/ros/jazzy DEBUGINFOD_URLS=https://debuginfod.ubuntu.com /usr/bin/cmake /home/mvibot/floorCleaningRobot_ws/src/higher_layer_mvibot -DCMAKE_BUILD_TYPE=Release -DAMENT_CMAKE_SYMLINK_INSTALL=1 -DCMAKE_INSTALL_PREFIX=/home/mvibot/floorCleaningRobot_ws/install/higher_layer_mvibot
[0.454s] DEBUG:colcon.colcon_core.event_handler.log_command:Invoking command in '/home/mvibot/floorCleaningRobot_ws/build/ira_laser_tools': CMAKE_PREFIX_PATH=${CMAKE_PREFIX_PATH}:/home/mvibot/floorCleaningRobot_ws/install/opennav_coverage_demo:/opt/ros/jazzy DEBUGINFOD_URLS=https://debuginfod.ubuntu.com /usr/bin/cmake /home/mvibot/floorCleaningRobot_ws/src/ira_laser_tools -DCMAKE_BUILD_TYPE=Release -DAMENT_CMAKE_SYMLINK_INSTALL=1 -DCMAKE_INSTALL_PREFIX=/home/mvibot/floorCleaningRobot_ws/install/ira_laser_tools
[0.456s] DEBUG:colcon.colcon_core.event_handler.log_command:Invoking command in '/home/mvibot/floorCleaningRobot_ws/build/lower_layer_mvibot': CMAKE_PREFIX_PATH=${CMAKE_PREFIX_PATH}:/home/mvibot/floorCleaningRobot_ws/install/opennav_coverage_demo:/opt/ros/jazzy DEBUGINFOD_URLS=https://debuginfod.ubuntu.com /usr/bin/cmake /home/mvibot/floorCleaningRobot_ws/src/lower_layer_mvibot -DCMAKE_BUILD_TYPE=Release -DAMENT_CMAKE_SYMLINK_INSTALL=1 -DCMAKE_INSTALL_PREFIX=/home/mvibot/floorCleaningRobot_ws/install/lower_layer_mvibot
[0.461s] DEBUG:colcon.colcon_core.event_handler.log_command:Invoking command in '/home/mvibot/floorCleaningRobot_ws/build/pointcloud_to_laserscan': CMAKE_PREFIX_PATH=${CMAKE_PREFIX_PATH}:/home/mvibot/floorCleaningRobot_ws/install/opennav_coverage_demo:/opt/ros/jazzy DEBUGINFOD_URLS=https://debuginfod.ubuntu.com /usr/bin/cmake /home/mvibot/floorCleaningRobot_ws/src/pointcloud_to_laserscan -DCMAKE_BUILD_TYPE=Release -DAMENT_CMAKE_SYMLINK_INSTALL=1 -DCMAKE_INSTALL_PREFIX=/home/mvibot/floorCleaningRobot_ws/install/pointcloud_to_laserscan
[5.395s] DEBUG:colcon.colcon_core.event_handler.log_command:Invoked command in '/home/mvibot/floorCleaningRobot_ws/build/higher_layer_mvibot' returned '0': CMAKE_PREFIX_PATH=${CMAKE_PREFIX_PATH}:/home/mvibot/floorCleaningRobot_ws/install/opennav_coverage_demo:/opt/ros/jazzy DEBUGINFOD_URLS=https://debuginfod.ubuntu.com /usr/bin/cmake /home/mvibot/floorCleaningRobot_ws/src/higher_layer_mvibot -DCMAKE_BUILD_TYPE=Release -DAMENT_CMAKE_SYMLINK_INSTALL=1 -DCMAKE_INSTALL_PREFIX=/home/mvibot/floorCleaningRobot_ws/install/higher_layer_mvibot
[5.408s] DEBUG:colcon.colcon_core.event_handler.log_command:Invoking command in '/home/mvibot/floorCleaningRobot_ws/build/higher_layer_mvibot': CMAKE_PREFIX_PATH=${CMAKE_PREFIX_PATH}:/home/mvibot/floorCleaningRobot_ws/install/opennav_coverage_demo:/opt/ros/jazzy DEBUGINFOD_URLS=https://debuginfod.ubuntu.com /usr/bin/cmake --build /home/mvibot/floorCleaningRobot_ws/build/higher_layer_mvibot -- -j8 -l8
[5.408s] DEBUG:colcon.colcon_core.event_handler.log_command:Invoked command in '/home/mvibot/floorCleaningRobot_ws/build/lower_layer_mvibot' returned '0': CMAKE_PREFIX_PATH=${CMAKE_PREFIX_PATH}:/home/mvibot/floorCleaningRobot_ws/install/opennav_coverage_demo:/opt/ros/jazzy DEBUGINFOD_URLS=https://debuginfod.ubuntu.com /usr/bin/cmake /home/mvibot/floorCleaningRobot_ws/src/lower_layer_mvibot -DCMAKE_BUILD_TYPE=Release -DAMENT_CMAKE_SYMLINK_INSTALL=1 -DCMAKE_INSTALL_PREFIX=/home/mvibot/floorCleaningRobot_ws/install/lower_layer_mvibot
[5.408s] DEBUG:colcon.colcon_core.event_handler.log_command:Invoking command in '/home/mvibot/floorCleaningRobot_ws/build/lower_layer_mvibot': CMAKE_PREFIX_PATH=${CMAKE_PREFIX_PATH}:/home/mvibot/floorCleaningRobot_ws/install/opennav_coverage_demo:/opt/ros/jazzy DEBUGINFOD_URLS=https://debuginfod.ubuntu.com /usr/bin/cmake --build /home/mvibot/floorCleaningRobot_ws/build/lower_layer_mvibot -- -j8 -l8
[5.409s] DEBUG:colcon.colcon_core.event_handler.log_command:Invoked command in '/home/mvibot/floorCleaningRobot_ws/build/pointcloud_to_laserscan' returned '0': CMAKE_PREFIX_PATH=${CMAKE_PREFIX_PATH}:/home/mvibot/floorCleaningRobot_ws/install/opennav_coverage_demo:/opt/ros/jazzy DEBUGINFOD_URLS=https://debuginfod.ubuntu.com /usr/bin/cmake /home/mvibot/floorCleaningRobot_ws/src/pointcloud_to_laserscan -DCMAKE_BUILD_TYPE=Release -DAMENT_CMAKE_SYMLINK_INSTALL=1 -DCMAKE_INSTALL_PREFIX=/home/mvibot/floorCleaningRobot_ws/install/pointcloud_to_laserscan
[5.409s] DEBUG:colcon.colcon_core.event_handler.log_command:Invoking command in '/home/mvibot/floorCleaningRobot_ws/build/pointcloud_to_laserscan': CMAKE_PREFIX_PATH=${CMAKE_PREFIX_PATH}:/home/mvibot/floorCleaningRobot_ws/install/opennav_coverage_demo:/opt/ros/jazzy DEBUGINFOD_URLS=https://debuginfod.ubuntu.com /usr/bin/cmake --build /home/mvibot/floorCleaningRobot_ws/build/pointcloud_to_laserscan -- -j8 -l8
[6.673s] DEBUG:colcon.colcon_core.event_handler.log_command:Invoked command in '/home/mvibot/floorCleaningRobot_ws/build/tf2_web_republisher_interfaces' returned '0': CMAKE_PREFIX_PATH=${CMAKE_PREFIX_PATH}:/home/mvibot/floorCleaningRobot_ws/install/opennav_coverage_demo:/opt/ros/jazzy DEBUGINFOD_URLS=https://debuginfod.ubuntu.com /usr/bin/cmake /home/mvibot/floorCleaningRobot_ws/src/tf2_web_republisher/tf2_web_republisher_interfaces -DCMAKE_BUILD_TYPE=Release -DAMENT_CMAKE_SYMLINK_INSTALL=1 -DCMAKE_INSTALL_PREFIX=/home/mvibot/floorCleaningRobot_ws/install/tf2_web_republisher_interfaces
[6.674s] DEBUG:colcon.colcon_core.event_handler.log_command:Invoking command in '/home/mvibot/floorCleaningRobot_ws/build/tf2_web_republisher_interfaces': CMAKE_PREFIX_PATH=${CMAKE_PREFIX_PATH}:/home/mvibot/floorCleaningRobot_ws/install/opennav_coverage_demo:/opt/ros/jazzy DEBUGINFOD_URLS=https://debuginfod.ubuntu.com /usr/bin/cmake --build /home/mvibot/floorCleaningRobot_ws/build/tf2_web_republisher_interfaces -- -j8 -l8
[7.051s] DEBUG:colcon.colcon_core.event_handler.log_command:Invoked command in '/home/mvibot/floorCleaningRobot_ws/build/realsense2_camera_msgs' returned '0': CMAKE_PREFIX_PATH=${CMAKE_PREFIX_PATH}:/home/mvibot/floorCleaningRobot_ws/install/opennav_coverage_demo:/opt/ros/jazzy DEBUGINFOD_URLS=https://debuginfod.ubuntu.com /usr/bin/cmake /home/mvibot/floorCleaningRobot_ws/src/realsense-ros/realsense2_camera_msgs -DCMAKE_BUILD_TYPE=Release -DAMENT_CMAKE_SYMLINK_INSTALL=1 -DCMAKE_INSTALL_PREFIX=/home/mvibot/floorCleaningRobot_ws/install/realsense2_camera_msgs
[7.051s] DEBUG:colcon.colcon_core.event_handler.log_command:Invoking command in '/home/mvibot/floorCleaningRobot_ws/build/realsense2_camera_msgs': CMAKE_PREFIX_PATH=${CMAKE_PREFIX_PATH}:/home/mvibot/floorCleaningRobot_ws/install/opennav_coverage_demo:/opt/ros/jazzy DEBUGINFOD_URLS=https://debuginfod.ubuntu.com /usr/bin/cmake --build /home/mvibot/floorCleaningRobot_ws/build/realsense2_camera_msgs -- -j8 -l8
[7.236s] DEBUG:colcon.colcon_core.event_handler.log_command:Invoked command in '/home/mvibot/floorCleaningRobot_ws/build/opennav_coverage_msgs' returned '0': CMAKE_PREFIX_PATH=${CMAKE_PREFIX_PATH}:/home/mvibot/floorCleaningRobot_ws/install/opennav_coverage_demo:/opt/ros/jazzy DEBUGINFOD_URLS=https://debuginfod.ubuntu.com /usr/bin/cmake /home/mvibot/floorCleaningRobot_ws/src/opennav_coverage/opennav_coverage_msgs -DCMAKE_BUILD_TYPE=Release -DAMENT_CMAKE_SYMLINK_INSTALL=1 -DCMAKE_INSTALL_PREFIX=/home/mvibot/floorCleaningRobot_ws/install/opennav_coverage_msgs
[7.241s] DEBUG:colcon.colcon_core.event_handler.log_command:Invoking command in '/home/mvibot/floorCleaningRobot_ws/build/opennav_coverage_msgs': CMAKE_PREFIX_PATH=${CMAKE_PREFIX_PATH}:/home/mvibot/floorCleaningRobot_ws/install/opennav_coverage_demo:/opt/ros/jazzy DEBUGINFOD_URLS=https://debuginfod.ubuntu.com /usr/bin/cmake --build /home/mvibot/floorCleaningRobot_ws/build/opennav_coverage_msgs -- -j8 -l8
[14.094s] DEBUG:colcon.colcon_core.event_handler.log_command:Invoked command in '/home/mvibot/floorCleaningRobot_ws/build/ira_laser_tools' returned '0': CMAKE_PREFIX_PATH=${CMAKE_PREFIX_PATH}:/home/mvibot/floorCleaningRobot_ws/install/opennav_coverage_demo:/opt/ros/jazzy DEBUGINFOD_URLS=https://debuginfod.ubuntu.com /usr/bin/cmake /home/mvibot/floorCleaningRobot_ws/src/ira_laser_tools -DCMAKE_BUILD_TYPE=Release -DAMENT_CMAKE_SYMLINK_INSTALL=1 -DCMAKE_INSTALL_PREFIX=/home/mvibot/floorCleaningRobot_ws/install/ira_laser_tools
[14.094s] DEBUG:colcon.colcon_core.event_handler.log_command:Invoking command in '/home/mvibot/floorCleaningRobot_ws/build/ira_laser_tools': CMAKE_PREFIX_PATH=${CMAKE_PREFIX_PATH}:/home/mvibot/floorCleaningRobot_ws/install/opennav_coverage_demo:/opt/ros/jazzy DEBUGINFOD_URLS=https://debuginfod.ubuntu.com /usr/bin/cmake --build /home/mvibot/floorCleaningRobot_ws/build/ira_laser_tools -- -j8 -l8
[20.320s] DEBUG:colcon.colcon_core.event_handler.log_command:Invoked command in '/home/mvibot/floorCleaningRobot_ws/build/fields2cover' returned '0': CMAKE_PREFIX_PATH=${CMAKE_PREFIX_PATH}:/home/mvibot/floorCleaningRobot_ws/install/opennav_coverage_demo:/opt/ros/jazzy DEBUGINFOD_URLS=https://debuginfod.ubuntu.com /usr/bin/cmake /home/mvibot/floorCleaningRobot_ws/src/Fields2Cover -DCMAKE_BUILD_TYPE=Release -DCMAKE_INSTALL_PREFIX=/home/mvibot/floorCleaningRobot_ws/install/fields2cover
[20.320s] DEBUG:colcon.colcon_core.event_handler.log_command:Invoking command in '/home/mvibot/floorCleaningRobot_ws/build/fields2cover': CMAKE_PREFIX_PATH=${CMAKE_PREFIX_PATH}:/home/mvibot/floorCleaningRobot_ws/install/opennav_coverage_demo:/opt/ros/jazzy DEBUGINFOD_URLS=https://debuginfod.ubuntu.com /usr/bin/cmake --build /home/mvibot/floorCleaningRobot_ws/build/fields2cover -- -j8 -l8
[43.266s] DEBUG:colcon.colcon_core.event_handler.log_command:Invoked command in '/home/mvibot/floorCleaningRobot_ws/build/tf2_web_republisher_interfaces' returned '0': CMAKE_PREFIX_PATH=${CMAKE_PREFIX_PATH}:/home/mvibot/floorCleaningRobot_ws/install/opennav_coverage_demo:/opt/ros/jazzy DEBUGINFOD_URLS=https://debuginfod.ubuntu.com /usr/bin/cmake --build /home/mvibot/floorCleaningRobot_ws/build/tf2_web_republisher_interfaces -- -j8 -l8
[43.358s] DEBUG:colcon.colcon_core.event_handler.log_command:Invoking command in '/home/mvibot/floorCleaningRobot_ws/build/tf2_web_republisher_interfaces': CMAKE_PREFIX_PATH=${CMAKE_PREFIX_PATH}:/home/mvibot/floorCleaningRobot_ws/install/opennav_coverage_demo:/opt/ros/jazzy DEBUGINFOD_URLS=https://debuginfod.ubuntu.com /usr/bin/cmake --install /home/mvibot/floorCleaningRobot_ws/build/tf2_web_republisher_interfaces
[67.880s] DEBUG:colcon.colcon_core.event_handler.log_command:Invoked command in '/home/mvibot/floorCleaningRobot_ws/build/pointcloud_to_laserscan' returned '0': CMAKE_PREFIX_PATH=${CMAKE_PREFIX_PATH}:/home/mvibot/floorCleaningRobot_ws/install/opennav_coverage_demo:/opt/ros/jazzy DEBUGINFOD_URLS=https://debuginfod.ubuntu.com /usr/bin/cmake --build /home/mvibot/floorCleaningRobot_ws/build/pointcloud_to_laserscan -- -j8 -l8
[67.881s] DEBUG:colcon.colcon_core.event_handler.log_command:Invoking command in '/home/mvibot/floorCleaningRobot_ws/build/pointcloud_to_laserscan': CMAKE_PREFIX_PATH=${CMAKE_PREFIX_PATH}:/home/mvibot/floorCleaningRobot_ws/install/opennav_coverage_demo:/opt/ros/jazzy DEBUGINFOD_URLS=https://debuginfod.ubuntu.com /usr/bin/cmake --install /home/mvibot/floorCleaningRobot_ws/build/pointcloud_to_laserscan
[72.509s] DEBUG:colcon.colcon_core.event_handler.log_command:Invoked command in '/home/mvibot/floorCleaningRobot_ws/build/ira_laser_tools' returned '0': CMAKE_PREFIX_PATH=${CMAKE_PREFIX_PATH}:/home/mvibot/floorCleaningRobot_ws/install/opennav_coverage_demo:/opt/ros/jazzy DEBUGINFOD_URLS=https://debuginfod.ubuntu.com /usr/bin/cmake --build /home/mvibot/floorCleaningRobot_ws/build/ira_laser_tools -- -j8 -l8
[72.536s] DEBUG:colcon.colcon_core.event_handler.log_command:Invoking command in '/home/mvibot/floorCleaningRobot_ws/build/ira_laser_tools': CMAKE_PREFIX_PATH=${CMAKE_PREFIX_PATH}:/home/mvibot/floorCleaningRobot_ws/install/opennav_coverage_demo:/opt/ros/jazzy DEBUGINFOD_URLS=https://debuginfod.ubuntu.com /usr/bin/cmake --install /home/mvibot/floorCleaningRobot_ws/build/ira_laser_tools
[73.119s] Level 1:colcon.colcon_core.environment:create_environment_scripts_only(tf2_web_republisher_interfaces)
[73.134s] DEBUG:colcon.colcon_core.event_handler.log_command:Invoked command in '/home/mvibot/floorCleaningRobot_ws/build/tf2_web_republisher_interfaces' returned '0': CMAKE_PREFIX_PATH=${CMAKE_PREFIX_PATH}:/home/mvibot/floorCleaningRobot_ws/install/opennav_coverage_demo:/opt/ros/jazzy DEBUGINFOD_URLS=https://debuginfod.ubuntu.com /usr/bin/cmake --install /home/mvibot/floorCleaningRobot_ws/build/tf2_web_republisher_interfaces
[73.190s] Level 1:colcon.colcon_core.environment:checking '/home/mvibot/floorCleaningRobot_ws/install/tf2_web_republisher_interfaces' for CMake module files
[73.193s] Level 1:colcon.colcon_core.environment:checking '/home/mvibot/floorCleaningRobot_ws/install/tf2_web_republisher_interfaces' for CMake config files
[73.201s] Level 1:colcon.colcon_core.shell:create_environment_hook('tf2_web_republisher_interfaces', 'cmake_prefix_path')
[73.204s] INFO:colcon.colcon_core.shell:Creating environment hook '/home/mvibot/floorCleaningRobot_ws/install/tf2_web_republisher_interfaces/share/tf2_web_republisher_interfaces/hook/cmake_prefix_path.ps1'
[73.219s] INFO:colcon.colcon_core.shell:Creating environment descriptor '/home/mvibot/floorCleaningRobot_ws/install/tf2_web_republisher_interfaces/share/tf2_web_republisher_interfaces/hook/cmake_prefix_path.dsv'
[73.223s] INFO:colcon.colcon_core.shell:Creating environment hook '/home/mvibot/floorCleaningRobot_ws/install/tf2_web_republisher_interfaces/share/tf2_web_republisher_interfaces/hook/cmake_prefix_path.sh'
[73.228s] Level 1:colcon.colcon_core.environment:checking '/home/mvibot/floorCleaningRobot_ws/install/tf2_web_republisher_interfaces/lib'
[73.228s] Level 1:colcon.colcon_core.shell:create_environment_hook('tf2_web_republisher_interfaces', 'ld_library_path_lib')
[73.229s] INFO:colcon.colcon_core.shell:Creating environment hook '/home/mvibot/floorCleaningRobot_ws/install/tf2_web_republisher_interfaces/share/tf2_web_republisher_interfaces/hook/ld_library_path_lib.ps1'
[73.230s] INFO:colcon.colcon_core.shell:Creating environment descriptor '/home/mvibot/floorCleaningRobot_ws/install/tf2_web_republisher_interfaces/share/tf2_web_republisher_interfaces/hook/ld_library_path_lib.dsv'
[73.231s] INFO:colcon.colcon_core.shell:Creating environment hook '/home/mvibot/floorCleaningRobot_ws/install/tf2_web_republisher_interfaces/share/tf2_web_republisher_interfaces/hook/ld_library_path_lib.sh'
[73.231s] Level 1:colcon.colcon_core.environment:checking '/home/mvibot/floorCleaningRobot_ws/install/tf2_web_republisher_interfaces/bin'
[73.231s] Level 1:colcon.colcon_core.environment:checking '/home/mvibot/floorCleaningRobot_ws/install/tf2_web_republisher_interfaces/lib/pkgconfig/tf2_web_republisher_interfaces.pc'
[73.239s] Level 1:colcon.colcon_core.environment:checking '/home/mvibot/floorCleaningRobot_ws/install/tf2_web_republisher_interfaces/lib/python3.12/site-packages'
[73.241s] Level 1:colcon.colcon_core.shell:create_environment_hook('tf2_web_republisher_interfaces', 'pythonpath')
[73.242s] INFO:colcon.colcon_core.shell:Creating environment hook '/home/mvibot/floorCleaningRobot_ws/install/tf2_web_republisher_interfaces/share/tf2_web_republisher_interfaces/hook/pythonpath.ps1'
[73.243s] INFO:colcon.colcon_core.shell:Creating environment descriptor '/home/mvibot/floorCleaningRobot_ws/install/tf2_web_republisher_interfaces/share/tf2_web_republisher_interfaces/hook/pythonpath.dsv'
[73.244s] INFO:colcon.colcon_core.shell:Creating environment hook '/home/mvibot/floorCleaningRobot_ws/install/tf2_web_republisher_interfaces/share/tf2_web_republisher_interfaces/hook/pythonpath.sh'
[73.246s] Level 1:colcon.colcon_core.environment:checking '/home/mvibot/floorCleaningRobot_ws/install/tf2_web_republisher_interfaces/bin'
[73.247s] INFO:colcon.colcon_core.shell:Creating package script '/home/mvibot/floorCleaningRobot_ws/install/tf2_web_republisher_interfaces/share/tf2_web_republisher_interfaces/package.ps1'
[73.251s] INFO:colcon.colcon_core.shell:Creating package descriptor '/home/mvibot/floorCleaningRobot_ws/install/tf2_web_republisher_interfaces/share/tf2_web_republisher_interfaces/package.dsv'
[73.254s] INFO:colcon.colcon_core.shell:Creating package script '/home/mvibot/floorCleaningRobot_ws/install/tf2_web_republisher_interfaces/share/tf2_web_republisher_interfaces/package.sh'
[73.256s] INFO:colcon.colcon_core.shell:Creating package script '/home/mvibot/floorCleaningRobot_ws/install/tf2_web_republisher_interfaces/share/tf2_web_republisher_interfaces/package.bash'
[73.259s] INFO:colcon.colcon_core.shell:Creating package script '/home/mvibot/floorCleaningRobot_ws/install/tf2_web_republisher_interfaces/share/tf2_web_republisher_interfaces/package.zsh'
[73.264s] Level 1:colcon.colcon_core.environment:create_file_with_runtime_dependencies(/home/mvibot/floorCleaningRobot_ws/install/tf2_web_republisher_interfaces/share/colcon-core/packages/tf2_web_republisher_interfaces)
[73.276s] Level 1:colcon.colcon_core.environment:create_environment_scripts_only(tf2_web_republisher_interfaces)
[73.277s] Level 1:colcon.colcon_core.environment:checking '/home/mvibot/floorCleaningRobot_ws/install/tf2_web_republisher_interfaces' for CMake module files
[73.278s] Level 1:colcon.colcon_core.environment:checking '/home/mvibot/floorCleaningRobot_ws/install/tf2_web_republisher_interfaces' for CMake config files
[73.282s] Level 1:colcon.colcon_core.shell:create_environment_hook('tf2_web_republisher_interfaces', 'cmake_prefix_path')
[73.282s] INFO:colcon.colcon_core.shell:Creating environment hook '/home/mvibot/floorCleaningRobot_ws/install/tf2_web_republisher_interfaces/share/tf2_web_republisher_interfaces/hook/cmake_prefix_path.ps1'
[73.283s] INFO:colcon.colcon_core.shell:Creating environment descriptor '/home/mvibot/floorCleaningRobot_ws/install/tf2_web_republisher_interfaces/share/tf2_web_republisher_interfaces/hook/cmake_prefix_path.dsv'
[73.284s] INFO:colcon.colcon_core.shell:Creating environment hook '/home/mvibot/floorCleaningRobot_ws/install/tf2_web_republisher_interfaces/share/tf2_web_republisher_interfaces/hook/cmake_prefix_path.sh'
[73.285s] Level 1:colcon.colcon_core.environment:checking '/home/mvibot/floorCleaningRobot_ws/install/tf2_web_republisher_interfaces/lib'
[73.285s] Level 1:colcon.colcon_core.shell:create_environment_hook('tf2_web_republisher_interfaces', 'ld_library_path_lib')
[73.286s] INFO:colcon.colcon_core.shell:Creating environment hook '/home/mvibot/floorCleaningRobot_ws/install/tf2_web_republisher_interfaces/share/tf2_web_republisher_interfaces/hook/ld_library_path_lib.ps1'
[73.286s] INFO:colcon.colcon_core.shell:Creating environment descriptor '/home/mvibot/floorCleaningRobot_ws/install/tf2_web_republisher_interfaces/share/tf2_web_republisher_interfaces/hook/ld_library_path_lib.dsv'
[73.287s] INFO:colcon.colcon_core.shell:Creating environment hook '/home/mvibot/floorCleaningRobot_ws/install/tf2_web_republisher_interfaces/share/tf2_web_republisher_interfaces/hook/ld_library_path_lib.sh'
[73.288s] Level 1:colcon.colcon_core.environment:checking '/home/mvibot/floorCleaningRobot_ws/install/tf2_web_republisher_interfaces/bin'
[73.288s] Level 1:colcon.colcon_core.environment:checking '/home/mvibot/floorCleaningRobot_ws/install/tf2_web_republisher_interfaces/lib/pkgconfig/tf2_web_republisher_interfaces.pc'
[73.288s] Level 1:colcon.colcon_core.environment:checking '/home/mvibot/floorCleaningRobot_ws/install/tf2_web_republisher_interfaces/lib/python3.12/site-packages'
[73.289s] Level 1:colcon.colcon_core.shell:create_environment_hook('tf2_web_republisher_interfaces', 'pythonpath')
[73.289s] INFO:colcon.colcon_core.shell:Creating environment hook '/home/mvibot/floorCleaningRobot_ws/install/tf2_web_republisher_interfaces/share/tf2_web_republisher_interfaces/hook/pythonpath.ps1'
[73.290s] INFO:colcon.colcon_core.shell:Creating environment descriptor '/home/mvibot/floorCleaningRobot_ws/install/tf2_web_republisher_interfaces/share/tf2_web_republisher_interfaces/hook/pythonpath.dsv'
[73.291s] INFO:colcon.colcon_core.shell:Creating environment hook '/home/mvibot/floorCleaningRobot_ws/install/tf2_web_republisher_interfaces/share/tf2_web_republisher_interfaces/hook/pythonpath.sh'
[73.292s] Level 1:colcon.colcon_core.environment:checking '/home/mvibot/floorCleaningRobot_ws/install/tf2_web_republisher_interfaces/bin'
[73.293s] INFO:colcon.colcon_core.shell:Creating package script '/home/mvibot/floorCleaningRobot_ws/install/tf2_web_republisher_interfaces/share/tf2_web_republisher_interfaces/package.ps1'
[73.294s] INFO:colcon.colcon_core.shell:Creating package descriptor '/home/mvibot/floorCleaningRobot_ws/install/tf2_web_republisher_interfaces/share/tf2_web_republisher_interfaces/package.dsv'
[73.297s] INFO:colcon.colcon_core.shell:Creating package script '/home/mvibot/floorCleaningRobot_ws/install/tf2_web_republisher_interfaces/share/tf2_web_republisher_interfaces/package.sh'
[73.298s] INFO:colcon.colcon_core.shell:Creating package script '/home/mvibot/floorCleaningRobot_ws/install/tf2_web_republisher_interfaces/share/tf2_web_republisher_interfaces/package.bash'
[73.299s] INFO:colcon.colcon_core.shell:Creating package script '/home/mvibot/floorCleaningRobot_ws/install/tf2_web_republisher_interfaces/share/tf2_web_republisher_interfaces/package.zsh'
[73.300s] Level 1:colcon.colcon_core.environment:create_file_with_runtime_dependencies(/home/mvibot/floorCleaningRobot_ws/install/tf2_web_republisher_interfaces/share/colcon-core/packages/tf2_web_republisher_interfaces)
[73.303s] INFO:colcon.colcon_ros.task.ament_cmake.build:Building ROS package in '/home/mvibot/floorCleaningRobot_ws/src/sllidar_ros2' with build type 'ament_cmake'
[73.307s] INFO:colcon.colcon_cmake.task.cmake.build:Building CMake package in '/home/mvibot/floorCleaningRobot_ws/src/sllidar_ros2'
[73.308s] INFO:colcon.colcon_core.shell:Skip shell extension 'powershell' for command environment: Not usable outside of PowerShell
[73.308s] DEBUG:colcon.colcon_core.shell:Skip shell extension 'dsv' for command environment
[73.325s] Level 1:colcon.colcon_core.environment:create_environment_scripts_only(pointcloud_to_laserscan)
[73.326s] Level 1:colcon.colcon_core.environment:checking '/home/mvibot/floorCleaningRobot_ws/install/pointcloud_to_laserscan' for CMake module files
[73.327s] DEBUG:colcon.colcon_core.event_handler.log_command:Invoked command in '/home/mvibot/floorCleaningRobot_ws/build/pointcloud_to_laserscan' returned '0': CMAKE_PREFIX_PATH=${CMAKE_PREFIX_PATH}:/home/mvibot/floorCleaningRobot_ws/install/opennav_coverage_demo:/opt/ros/jazzy DEBUGINFOD_URLS=https://debuginfod.ubuntu.com /usr/bin/cmake --install /home/mvibot/floorCleaningRobot_ws/build/pointcloud_to_laserscan
[73.328s] Level 1:colcon.colcon_core.environment:checking '/home/mvibot/floorCleaningRobot_ws/install/pointcloud_to_laserscan' for CMake config files
[73.328s] Level 1:colcon.colcon_core.shell:create_environment_hook('pointcloud_to_laserscan', 'cmake_prefix_path')
[73.329s] INFO:colcon.colcon_core.shell:Creating environment hook '/home/mvibot/floorCleaningRobot_ws/install/pointcloud_to_laserscan/share/pointcloud_to_laserscan/hook/cmake_prefix_path.ps1'
[73.330s] INFO:colcon.colcon_core.shell:Creating environment descriptor '/home/mvibot/floorCleaningRobot_ws/install/pointcloud_to_laserscan/share/pointcloud_to_laserscan/hook/cmake_prefix_path.dsv'
[73.330s] INFO:colcon.colcon_core.shell:Creating environment hook '/home/mvibot/floorCleaningRobot_ws/install/pointcloud_to_laserscan/share/pointcloud_to_laserscan/hook/cmake_prefix_path.sh'
[73.331s] Level 1:colcon.colcon_core.environment:checking '/home/mvibot/floorCleaningRobot_ws/install/pointcloud_to_laserscan/lib'
[73.331s] Level 1:colcon.colcon_core.shell:create_environment_hook('pointcloud_to_laserscan', 'ld_library_path_lib')
[73.332s] INFO:colcon.colcon_core.shell:Creating environment hook '/home/mvibot/floorCleaningRobot_ws/install/pointcloud_to_laserscan/share/pointcloud_to_laserscan/hook/ld_library_path_lib.ps1'
[73.333s] INFO:colcon.colcon_core.shell:Creating environment descriptor '/home/mvibot/floorCleaningRobot_ws/install/pointcloud_to_laserscan/share/pointcloud_to_laserscan/hook/ld_library_path_lib.dsv'
[73.333s] INFO:colcon.colcon_core.shell:Creating environment hook '/home/mvibot/floorCleaningRobot_ws/install/pointcloud_to_laserscan/share/pointcloud_to_laserscan/hook/ld_library_path_lib.sh'
[73.334s] Level 1:colcon.colcon_core.environment:checking '/home/mvibot/floorCleaningRobot_ws/install/pointcloud_to_laserscan/bin'
[73.334s] Level 1:colcon.colcon_core.environment:checking '/home/mvibot/floorCleaningRobot_ws/install/pointcloud_to_laserscan/lib/pkgconfig/pointcloud_to_laserscan.pc'
[73.334s] Level 1:colcon.colcon_core.environment:checking '/home/mvibot/floorCleaningRobot_ws/install/pointcloud_to_laserscan/lib/python3.12/site-packages'
[73.335s] Level 1:colcon.colcon_core.environment:checking '/home/mvibot/floorCleaningRobot_ws/install/pointcloud_to_laserscan/bin'
[73.335s] INFO:colcon.colcon_core.shell:Creating package script '/home/mvibot/floorCleaningRobot_ws/install/pointcloud_to_laserscan/share/pointcloud_to_laserscan/package.ps1'
[73.337s] INFO:colcon.colcon_core.shell:Creating package descriptor '/home/mvibot/floorCleaningRobot_ws/install/pointcloud_to_laserscan/share/pointcloud_to_laserscan/package.dsv'
[73.338s] INFO:colcon.colcon_core.shell:Creating package script '/home/mvibot/floorCleaningRobot_ws/install/pointcloud_to_laserscan/share/pointcloud_to_laserscan/package.sh'
[73.338s] INFO:colcon.colcon_core.shell:Creating package script '/home/mvibot/floorCleaningRobot_ws/install/pointcloud_to_laserscan/share/pointcloud_to_laserscan/package.bash'
[73.339s] INFO:colcon.colcon_core.shell:Creating package script '/home/mvibot/floorCleaningRobot_ws/install/pointcloud_to_laserscan/share/pointcloud_to_laserscan/package.zsh'
[73.339s] Level 1:colcon.colcon_core.environment:create_file_with_runtime_dependencies(/home/mvibot/floorCleaningRobot_ws/install/pointcloud_to_laserscan/share/colcon-core/packages/pointcloud_to_laserscan)
[73.341s] Level 1:colcon.colcon_core.environment:create_environment_scripts_only(pointcloud_to_laserscan)
[73.342s] Level 1:colcon.colcon_core.environment:checking '/home/mvibot/floorCleaningRobot_ws/install/pointcloud_to_laserscan' for CMake module files
[73.343s] Level 1:colcon.colcon_core.environment:checking '/home/mvibot/floorCleaningRobot_ws/install/pointcloud_to_laserscan' for CMake config files
[73.344s] Level 1:colcon.colcon_core.shell:create_environment_hook('pointcloud_to_laserscan', 'cmake_prefix_path')
[73.345s] INFO:colcon.colcon_core.shell:Creating environment hook '/home/mvibot/floorCleaningRobot_ws/install/pointcloud_to_laserscan/share/pointcloud_to_laserscan/hook/cmake_prefix_path.ps1'
[73.346s] INFO:colcon.colcon_core.shell:Creating environment descriptor '/home/mvibot/floorCleaningRobot_ws/install/pointcloud_to_laserscan/share/pointcloud_to_laserscan/hook/cmake_prefix_path.dsv'
[73.346s] INFO:colcon.colcon_core.shell:Creating environment hook '/home/mvibot/floorCleaningRobot_ws/install/pointcloud_to_laserscan/share/pointcloud_to_laserscan/hook/cmake_prefix_path.sh'
[73.348s] Level 1:colcon.colcon_core.environment:checking '/home/mvibot/floorCleaningRobot_ws/install/pointcloud_to_laserscan/lib'
[73.348s] Level 1:colcon.colcon_core.shell:create_environment_hook('pointcloud_to_laserscan', 'ld_library_path_lib')
[73.348s] INFO:colcon.colcon_core.shell:Creating environment hook '/home/mvibot/floorCleaningRobot_ws/install/pointcloud_to_laserscan/share/pointcloud_to_laserscan/hook/ld_library_path_lib.ps1'
[73.349s] INFO:colcon.colcon_core.shell:Creating environment descriptor '/home/mvibot/floorCleaningRobot_ws/install/pointcloud_to_laserscan/share/pointcloud_to_laserscan/hook/ld_library_path_lib.dsv'
[73.350s] INFO:colcon.colcon_core.shell:Creating environment hook '/home/mvibot/floorCleaningRobot_ws/install/pointcloud_to_laserscan/share/pointcloud_to_laserscan/hook/ld_library_path_lib.sh'
[73.350s] Level 1:colcon.colcon_core.environment:checking '/home/mvibot/floorCleaningRobot_ws/install/pointcloud_to_laserscan/bin'
[73.350s] Level 1:colcon.colcon_core.environment:checking '/home/mvibot/floorCleaningRobot_ws/install/pointcloud_to_laserscan/lib/pkgconfig/pointcloud_to_laserscan.pc'
[73.351s] Level 1:colcon.colcon_core.environment:checking '/home/mvibot/floorCleaningRobot_ws/install/pointcloud_to_laserscan/lib/python3.12/site-packages'
[73.352s] Level 1:colcon.colcon_core.environment:checking '/home/mvibot/floorCleaningRobot_ws/install/pointcloud_to_laserscan/bin'
[73.353s] INFO:colcon.colcon_core.shell:Creating package script '/home/mvibot/floorCleaningRobot_ws/install/pointcloud_to_laserscan/share/pointcloud_to_laserscan/package.ps1'
[73.354s] INFO:colcon.colcon_core.shell:Creating package descriptor '/home/mvibot/floorCleaningRobot_ws/install/pointcloud_to_laserscan/share/pointcloud_to_laserscan/package.dsv'
[73.355s] INFO:colcon.colcon_core.shell:Creating package script '/home/mvibot/floorCleaningRobot_ws/install/pointcloud_to_laserscan/share/pointcloud_to_laserscan/package.sh'
[73.357s] INFO:colcon.colcon_core.shell:Creating package script '/home/mvibot/floorCleaningRobot_ws/install/pointcloud_to_laserscan/share/pointcloud_to_laserscan/package.bash'
[73.357s] INFO:colcon.colcon_core.shell:Creating package script '/home/mvibot/floorCleaningRobot_ws/install/pointcloud_to_laserscan/share/pointcloud_to_laserscan/package.zsh'
[73.358s] Level 1:colcon.colcon_core.environment:create_file_with_runtime_dependencies(/home/mvibot/floorCleaningRobot_ws/install/pointcloud_to_laserscan/share/colcon-core/packages/pointcloud_to_laserscan)
[73.359s] Level 1:colcon.colcon_core.environment:create_environment_scripts_only(ira_laser_tools)
[73.360s] Level 1:colcon.colcon_core.environment:checking '/home/mvibot/floorCleaningRobot_ws/install/ira_laser_tools' for CMake module files
[73.361s] DEBUG:colcon.colcon_core.event_handler.log_command:Invoked command in '/home/mvibot/floorCleaningRobot_ws/build/ira_laser_tools' returned '0': CMAKE_PREFIX_PATH=${CMAKE_PREFIX_PATH}:/home/mvibot/floorCleaningRobot_ws/install/opennav_coverage_demo:/opt/ros/jazzy DEBUGINFOD_URLS=https://debuginfod.ubuntu.com /usr/bin/cmake --install /home/mvibot/floorCleaningRobot_ws/build/ira_laser_tools
[73.362s] Level 1:colcon.colcon_core.environment:checking '/home/mvibot/floorCleaningRobot_ws/install/ira_laser_tools' for CMake config files
[73.363s] Level 1:colcon.colcon_core.shell:create_environment_hook('ira_laser_tools', 'cmake_prefix_path')
[73.363s] INFO:colcon.colcon_core.shell:Creating environment hook '/home/mvibot/floorCleaningRobot_ws/install/ira_laser_tools/share/ira_laser_tools/hook/cmake_prefix_path.ps1'
[73.364s] INFO:colcon.colcon_core.shell:Creating environment descriptor '/home/mvibot/floorCleaningRobot_ws/install/ira_laser_tools/share/ira_laser_tools/hook/cmake_prefix_path.dsv'
[73.365s] INFO:colcon.colcon_core.shell:Creating environment hook '/home/mvibot/floorCleaningRobot_ws/install/ira_laser_tools/share/ira_laser_tools/hook/cmake_prefix_path.sh'
[73.366s] Level 1:colcon.colcon_core.environment:checking '/home/mvibot/floorCleaningRobot_ws/install/ira_laser_tools/lib'
[73.366s] Level 1:colcon.colcon_core.environment:checking '/home/mvibot/floorCleaningRobot_ws/install/ira_laser_tools/bin'
[73.366s] Level 1:colcon.colcon_core.environment:checking '/home/mvibot/floorCleaningRobot_ws/install/ira_laser_tools/lib/pkgconfig/ira_laser_tools.pc'
[73.366s] Level 1:colcon.colcon_core.environment:checking '/home/mvibot/floorCleaningRobot_ws/install/ira_laser_tools/lib/python3.12/site-packages'
[73.367s] Level 1:colcon.colcon_core.environment:checking '/home/mvibot/floorCleaningRobot_ws/install/ira_laser_tools/bin'
[73.368s] INFO:colcon.colcon_core.shell:Creating package script '/home/mvibot/floorCleaningRobot_ws/install/ira_laser_tools/share/ira_laser_tools/package.ps1'
[73.369s] INFO:colcon.colcon_core.shell:Creating package descriptor '/home/mvibot/floorCleaningRobot_ws/install/ira_laser_tools/share/ira_laser_tools/package.dsv'
[73.370s] INFO:colcon.colcon_core.shell:Creating package script '/home/mvibot/floorCleaningRobot_ws/install/ira_laser_tools/share/ira_laser_tools/package.sh'
[73.371s] INFO:colcon.colcon_core.shell:Creating package script '/home/mvibot/floorCleaningRobot_ws/install/ira_laser_tools/share/ira_laser_tools/package.bash'
[73.371s] INFO:colcon.colcon_core.shell:Creating package script '/home/mvibot/floorCleaningRobot_ws/install/ira_laser_tools/share/ira_laser_tools/package.zsh'
[73.372s] Level 1:colcon.colcon_core.environment:create_file_with_runtime_dependencies(/home/mvibot/floorCleaningRobot_ws/install/ira_laser_tools/share/colcon-core/packages/ira_laser_tools)
[73.374s] Level 1:colcon.colcon_core.environment:create_environment_scripts_only(ira_laser_tools)
[73.374s] Level 1:colcon.colcon_core.environment:checking '/home/mvibot/floorCleaningRobot_ws/install/ira_laser_tools' for CMake module files
[73.375s] Level 1:colcon.colcon_core.environment:checking '/home/mvibot/floorCleaningRobot_ws/install/ira_laser_tools' for CMake config files
[73.376s] Level 1:colcon.colcon_core.shell:create_environment_hook('ira_laser_tools', 'cmake_prefix_path')
[73.376s] INFO:colcon.colcon_core.shell:Creating environment hook '/home/mvibot/floorCleaningRobot_ws/install/ira_laser_tools/share/ira_laser_tools/hook/cmake_prefix_path.ps1'
[73.378s] INFO:colcon.colcon_core.shell:Creating environment descriptor '/home/mvibot/floorCleaningRobot_ws/install/ira_laser_tools/share/ira_laser_tools/hook/cmake_prefix_path.dsv'
[73.379s] INFO:colcon.colcon_core.shell:Creating environment hook '/home/mvibot/floorCleaningRobot_ws/install/ira_laser_tools/share/ira_laser_tools/hook/cmake_prefix_path.sh'
[73.380s] Level 1:colcon.colcon_core.environment:checking '/home/mvibot/floorCleaningRobot_ws/install/ira_laser_tools/lib'
[73.380s] Level 1:colcon.colcon_core.environment:checking '/home/mvibot/floorCleaningRobot_ws/install/ira_laser_tools/bin'
[73.380s] Level 1:colcon.colcon_core.environment:checking '/home/mvibot/floorCleaningRobot_ws/install/ira_laser_tools/lib/pkgconfig/ira_laser_tools.pc'
[73.381s] Level 1:colcon.colcon_core.environment:checking '/home/mvibot/floorCleaningRobot_ws/install/ira_laser_tools/lib/python3.12/site-packages'
[73.381s] Level 1:colcon.colcon_core.environment:checking '/home/mvibot/floorCleaningRobot_ws/install/ira_laser_tools/bin'
[73.382s] INFO:colcon.colcon_core.shell:Creating package script '/home/mvibot/floorCleaningRobot_ws/install/ira_laser_tools/share/ira_laser_tools/package.ps1'
[73.383s] INFO:colcon.colcon_core.shell:Creating package descriptor '/home/mvibot/floorCleaningRobot_ws/install/ira_laser_tools/share/ira_laser_tools/package.dsv'
[73.384s] INFO:colcon.colcon_core.shell:Creating package script '/home/mvibot/floorCleaningRobot_ws/install/ira_laser_tools/share/ira_laser_tools/package.sh'
[73.385s] INFO:colcon.colcon_core.shell:Creating package script '/home/mvibot/floorCleaningRobot_ws/install/ira_laser_tools/share/ira_laser_tools/package.bash'
[73.386s] INFO:colcon.colcon_core.shell:Creating package script '/home/mvibot/floorCleaningRobot_ws/install/ira_laser_tools/share/ira_laser_tools/package.zsh'
[73.387s] Level 1:colcon.colcon_core.environment:create_file_with_runtime_dependencies(/home/mvibot/floorCleaningRobot_ws/install/ira_laser_tools/share/colcon-core/packages/ira_laser_tools)
[73.391s] INFO:colcon.colcon_ros.task.ament_cmake.build:Building ROS package in '/home/mvibot/floorCleaningRobot_ws/src/tf2_web_republisher/tf2_web_republisher' with build type 'ament_cmake'
[73.391s] INFO:colcon.colcon_cmake.task.cmake.build:Building CMake package in '/home/mvibot/floorCleaningRobot_ws/src/tf2_web_republisher/tf2_web_republisher'
[73.391s] INFO:colcon.colcon_core.shell:Skip shell extension 'powershell' for command environment: Not usable outside of PowerShell
[73.392s] DEBUG:colcon.colcon_core.shell:Skip shell extension 'dsv' for command environment
[73.409s] DEBUG:colcon.colcon_core.event_handler.log_command:Invoking command in '/home/mvibot/floorCleaningRobot_ws/build/sllidar_ros2': CMAKE_PREFIX_PATH=${CMAKE_PREFIX_PATH}:/home/mvibot/floorCleaningRobot_ws/install/opennav_coverage_demo:/opt/ros/jazzy DEBUGINFOD_URLS=https://debuginfod.ubuntu.com /usr/bin/cmake /home/mvibot/floorCleaningRobot_ws/src/sllidar_ros2 -DCMAKE_BUILD_TYPE=Release -DAMENT_CMAKE_SYMLINK_INSTALL=1 -DCMAKE_INSTALL_PREFIX=/home/mvibot/floorCleaningRobot_ws/install/sllidar_ros2
[73.416s] DEBUG:colcon.colcon_core.event_handler.log_command:Invoking command in '/home/mvibot/floorCleaningRobot_ws/build/tf2_web_republisher': CMAKE_PREFIX_PATH=/home/mvibot/floorCleaningRobot_ws/install/tf2_web_republisher_interfaces:/home/mvibot/floorCleaningRobot_ws/install/tf2_web_republisher:/home/mvibot/floorCleaningRobot_ws/install/sllidar_ros2:/home/mvibot/floorCleaningRobot_ws/install/realsense2_description:/home/mvibot/floorCleaningRobot_ws/install/realsense2_camera:/home/mvibot/floorCleaningRobot_ws/install/realsense2_camera_msgs:/home/mvibot/floorCleaningRobot_ws/install/pointcloud_to_laserscan:/home/mvibot/floorCleaningRobot_ws/install/opennav_row_coverage:/home/mvibot/floorCleaningRobot_ws/install/opennav_coverage_navigator:/home/mvibot/floorCleaningRobot_ws/install/opennav_coverage_bt:/home/mvibot/floorCleaningRobot_ws/install/opennav_coverage:/home/mvibot/floorCleaningRobot_ws/install/mission_layer_mvibot:/home/mvibot/floorCleaningRobot_ws/install/opennav_coverage_msgs:/home/mvibot/floorCleaningRobot_ws/install/lower_layer_mvibot:/home/mvibot/floorCleaningRobot_ws/install/ira_laser_tools:/home/mvibot/floorCleaningRobot_ws/install/higher_layer_mvibot:/home/mvibot/floorCleaningRobot_ws/install/fields2cover:/opt/ros/jazzy/opt/gz_sim_vendor:/opt/ros/jazzy/opt/gz_sensors_vendor:/opt/ros/jazzy/opt/gz_physics_vendor:/opt/ros/jazzy/opt/sdformat_vendor:/opt/ros/jazzy/opt/gz_gui_vendor:/opt/ros/jazzy/opt/gz_transport_vendor:/opt/ros/jazzy/opt/gz_rendering_vendor:/opt/ros/jazzy/opt/gz_plugin_vendor:/opt/ros/jazzy/opt/gz_fuel_tools_vendor:/opt/ros/jazzy/opt/gz_msgs_vendor:/opt/ros/jazzy/opt/gz_common_vendor:/opt/ros/jazzy/opt/gz_math_vendor:/opt/ros/jazzy/opt/gz_utils_vendor:/opt/ros/jazzy/opt/gz_tools_vendor:/opt/ros/jazzy/opt/gz_ogre_next_vendor:/opt/ros/jazzy/opt/gz_dartsim_vendor:/opt/ros/jazzy/opt/gz_cmake_vendor:/home/mvibot/floorCleaningRobot_ws/install/opennav_coverage_demo:/opt/ros/jazzy DEBUGINFOD_URLS=https://debuginfod.ubuntu.com LD_LIBRARY_PATH=/home/mvibot/floorCleaningRobot_ws/install/tf2_web_republisher_interfaces/lib:/home/mvibot/floorCleaningRobot_ws/install/tf2_web_republisher/lib:/home/mvibot/floorCleaningRobot_ws/install/realsense2_camera/lib:/home/mvibot/floorCleaningRobot_ws/install/realsense2_camera_msgs/lib:/home/mvibot/floorCleaningRobot_ws/install/pointcloud_to_laserscan/lib:/home/mvibot/floorCleaningRobot_ws/install/opennav_row_coverage/lib:/home/mvibot/floorCleaningRobot_ws/install/opennav_coverage_navigator/lib:/home/mvibot/floorCleaningRobot_ws/install/opennav_coverage_bt/lib:/home/mvibot/floorCleaningRobot_ws/install/opennav_coverage/lib:/home/mvibot/floorCleaningRobot_ws/install/opennav_coverage_msgs/lib:/home/mvibot/floorCleaningRobot_ws/install/fields2cover/lib:/opt/ros/jazzy/opt/gz_sim_vendor/lib:/opt/ros/jazzy/opt/gz_sensors_vendor/lib:/opt/ros/jazzy/opt/gz_physics_vendor/lib:/opt/ros/jazzy/opt/sdformat_vendor/lib:/opt/ros/jazzy/opt/rviz_ogre_vendor/lib:/opt/ros/jazzy/lib/x86_64-linux-gnu:/opt/ros/jazzy/opt/gz_gui_vendor/lib:/opt/ros/jazzy/opt/gz_transport_vendor/lib:/opt/ros/jazzy/opt/gz_rendering_vendor/lib:/opt/ros/jazzy/opt/gz_plugin_vendor/lib:/opt/ros/jazzy/opt/gz_fuel_tools_vendor/lib:/opt/ros/jazzy/opt/gz_msgs_vendor/lib:/opt/ros/jazzy/opt/gz_common_vendor/lib:/opt/ros/jazzy/opt/gz_math_vendor/lib:/opt/ros/jazzy/opt/gz_utils_vendor/lib:/opt/ros/jazzy/opt/gz_tools_vendor/lib:/opt/ros/jazzy/opt/gz_ogre_next_vendor/lib:/opt/ros/jazzy/opt/gz_dartsim_vendor/lib:/opt/ros/jazzy/opt/gz_cmake_vendor/lib:/opt/ros/jazzy/lib /usr/bin/cmake /home/mvibot/floorCleaningRobot_ws/src/tf2_web_republisher/tf2_web_republisher -DCMAKE_BUILD_TYPE=Release -DAMENT_CMAKE_SYMLINK_INSTALL=1 -DCMAKE_INSTALL_PREFIX=/home/mvibot/floorCleaningRobot_ws/install/tf2_web_republisher
[76.697s] DEBUG:colcon.colcon_core.event_handler.log_command:Invoked command in '/home/mvibot/floorCleaningRobot_ws/build/sllidar_ros2' returned '0': CMAKE_PREFIX_PATH=${CMAKE_PREFIX_PATH}:/home/mvibot/floorCleaningRobot_ws/install/opennav_coverage_demo:/opt/ros/jazzy DEBUGINFOD_URLS=https://debuginfod.ubuntu.com /usr/bin/cmake /home/mvibot/floorCleaningRobot_ws/src/sllidar_ros2 -DCMAKE_BUILD_TYPE=Release -DAMENT_CMAKE_SYMLINK_INSTALL=1 -DCMAKE_INSTALL_PREFIX=/home/mvibot/floorCleaningRobot_ws/install/sllidar_ros2
[76.698s] DEBUG:colcon.colcon_core.event_handler.log_command:Invoking command in '/home/mvibot/floorCleaningRobot_ws/build/sllidar_ros2': CMAKE_PREFIX_PATH=${CMAKE_PREFIX_PATH}:/home/mvibot/floorCleaningRobot_ws/install/opennav_coverage_demo:/opt/ros/jazzy DEBUGINFOD_URLS=https://debuginfod.ubuntu.com /usr/bin/cmake --build /home/mvibot/floorCleaningRobot_ws/build/sllidar_ros2 -- -j8 -l8
[77.015s] DEBUG:colcon.colcon_core.event_handler.log_command:Invoked command in '/home/mvibot/floorCleaningRobot_ws/build/tf2_web_republisher' returned '0': CMAKE_PREFIX_PATH=/home/mvibot/floorCleaningRobot_ws/install/tf2_web_republisher_interfaces:/home/mvibot/floorCleaningRobot_ws/install/tf2_web_republisher:/home/mvibot/floorCleaningRobot_ws/install/sllidar_ros2:/home/mvibot/floorCleaningRobot_ws/install/realsense2_description:/home/mvibot/floorCleaningRobot_ws/install/realsense2_camera:/home/mvibot/floorCleaningRobot_ws/install/realsense2_camera_msgs:/home/mvibot/floorCleaningRobot_ws/install/pointcloud_to_laserscan:/home/mvibot/floorCleaningRobot_ws/install/opennav_row_coverage:/home/mvibot/floorCleaningRobot_ws/install/opennav_coverage_navigator:/home/mvibot/floorCleaningRobot_ws/install/opennav_coverage_bt:/home/mvibot/floorCleaningRobot_ws/install/opennav_coverage:/home/mvibot/floorCleaningRobot_ws/install/mission_layer_mvibot:/home/mvibot/floorCleaningRobot_ws/install/opennav_coverage_msgs:/home/mvibot/floorCleaningRobot_ws/install/lower_layer_mvibot:/home/mvibot/floorCleaningRobot_ws/install/ira_laser_tools:/home/mvibot/floorCleaningRobot_ws/install/higher_layer_mvibot:/home/mvibot/floorCleaningRobot_ws/install/fields2cover:/opt/ros/jazzy/opt/gz_sim_vendor:/opt/ros/jazzy/opt/gz_sensors_vendor:/opt/ros/jazzy/opt/gz_physics_vendor:/opt/ros/jazzy/opt/sdformat_vendor:/opt/ros/jazzy/opt/gz_gui_vendor:/opt/ros/jazzy/opt/gz_transport_vendor:/opt/ros/jazzy/opt/gz_rendering_vendor:/opt/ros/jazzy/opt/gz_plugin_vendor:/opt/ros/jazzy/opt/gz_fuel_tools_vendor:/opt/ros/jazzy/opt/gz_msgs_vendor:/opt/ros/jazzy/opt/gz_common_vendor:/opt/ros/jazzy/opt/gz_math_vendor:/opt/ros/jazzy/opt/gz_utils_vendor:/opt/ros/jazzy/opt/gz_tools_vendor:/opt/ros/jazzy/opt/gz_ogre_next_vendor:/opt/ros/jazzy/opt/gz_dartsim_vendor:/opt/ros/jazzy/opt/gz_cmake_vendor:/home/mvibot/floorCleaningRobot_ws/install/opennav_coverage_demo:/opt/ros/jazzy DEBUGINFOD_URLS=https://debuginfod.ubuntu.com LD_LIBRARY_PATH=/home/mvibot/floorCleaningRobot_ws/install/tf2_web_republisher_interfaces/lib:/home/mvibot/floorCleaningRobot_ws/install/tf2_web_republisher/lib:/home/mvibot/floorCleaningRobot_ws/install/realsense2_camera/lib:/home/mvibot/floorCleaningRobot_ws/install/realsense2_camera_msgs/lib:/home/mvibot/floorCleaningRobot_ws/install/pointcloud_to_laserscan/lib:/home/mvibot/floorCleaningRobot_ws/install/opennav_row_coverage/lib:/home/mvibot/floorCleaningRobot_ws/install/opennav_coverage_navigator/lib:/home/mvibot/floorCleaningRobot_ws/install/opennav_coverage_bt/lib:/home/mvibot/floorCleaningRobot_ws/install/opennav_coverage/lib:/home/mvibot/floorCleaningRobot_ws/install/opennav_coverage_msgs/lib:/home/mvibot/floorCleaningRobot_ws/install/fields2cover/lib:/opt/ros/jazzy/opt/gz_sim_vendor/lib:/opt/ros/jazzy/opt/gz_sensors_vendor/lib:/opt/ros/jazzy/opt/gz_physics_vendor/lib:/opt/ros/jazzy/opt/sdformat_vendor/lib:/opt/ros/jazzy/opt/rviz_ogre_vendor/lib:/opt/ros/jazzy/lib/x86_64-linux-gnu:/opt/ros/jazzy/opt/gz_gui_vendor/lib:/opt/ros/jazzy/opt/gz_transport_vendor/lib:/opt/ros/jazzy/opt/gz_rendering_vendor/lib:/opt/ros/jazzy/opt/gz_plugin_vendor/lib:/opt/ros/jazzy/opt/gz_fuel_tools_vendor/lib:/opt/ros/jazzy/opt/gz_msgs_vendor/lib:/opt/ros/jazzy/opt/gz_common_vendor/lib:/opt/ros/jazzy/opt/gz_math_vendor/lib:/opt/ros/jazzy/opt/gz_utils_vendor/lib:/opt/ros/jazzy/opt/gz_tools_vendor/lib:/opt/ros/jazzy/opt/gz_ogre_next_vendor/lib:/opt/ros/jazzy/opt/gz_dartsim_vendor/lib:/opt/ros/jazzy/opt/gz_cmake_vendor/lib:/opt/ros/jazzy/lib /usr/bin/cmake /home/mvibot/floorCleaningRobot_ws/src/tf2_web_republisher/tf2_web_republisher -DCMAKE_BUILD_TYPE=Release -DAMENT_CMAKE_SYMLINK_INSTALL=1 -DCMAKE_INSTALL_PREFIX=/home/mvibot/floorCleaningRobot_ws/install/tf2_web_republisher
[77.016s] DEBUG:colcon.colcon_core.event_handler.log_command:Invoking command in '/home/mvibot/floorCleaningRobot_ws/build/tf2_web_republisher': CMAKE_PREFIX_PATH=/home/mvibot/floorCleaningRobot_ws/install/tf2_web_republisher_interfaces:/home/mvibot/floorCleaningRobot_ws/install/tf2_web_republisher:/home/mvibot/floorCleaningRobot_ws/install/sllidar_ros2:/home/mvibot/floorCleaningRobot_ws/install/realsense2_description:/home/mvibot/floorCleaningRobot_ws/install/realsense2_camera:/home/mvibot/floorCleaningRobot_ws/install/realsense2_camera_msgs:/home/mvibot/floorCleaningRobot_ws/install/pointcloud_to_laserscan:/home/mvibot/floorCleaningRobot_ws/install/opennav_row_coverage:/home/mvibot/floorCleaningRobot_ws/install/opennav_coverage_navigator:/home/mvibot/floorCleaningRobot_ws/install/opennav_coverage_bt:/home/mvibot/floorCleaningRobot_ws/install/opennav_coverage:/home/mvibot/floorCleaningRobot_ws/install/mission_layer_mvibot:/home/mvibot/floorCleaningRobot_ws/install/opennav_coverage_msgs:/home/mvibot/floorCleaningRobot_ws/install/lower_layer_mvibot:/home/mvibot/floorCleaningRobot_ws/install/ira_laser_tools:/home/mvibot/floorCleaningRobot_ws/install/higher_layer_mvibot:/home/mvibot/floorCleaningRobot_ws/install/fields2cover:/opt/ros/jazzy/opt/gz_sim_vendor:/opt/ros/jazzy/opt/gz_sensors_vendor:/opt/ros/jazzy/opt/gz_physics_vendor:/opt/ros/jazzy/opt/sdformat_vendor:/opt/ros/jazzy/opt/gz_gui_vendor:/opt/ros/jazzy/opt/gz_transport_vendor:/opt/ros/jazzy/opt/gz_rendering_vendor:/opt/ros/jazzy/opt/gz_plugin_vendor:/opt/ros/jazzy/opt/gz_fuel_tools_vendor:/opt/ros/jazzy/opt/gz_msgs_vendor:/opt/ros/jazzy/opt/gz_common_vendor:/opt/ros/jazzy/opt/gz_math_vendor:/opt/ros/jazzy/opt/gz_utils_vendor:/opt/ros/jazzy/opt/gz_tools_vendor:/opt/ros/jazzy/opt/gz_ogre_next_vendor:/opt/ros/jazzy/opt/gz_dartsim_vendor:/opt/ros/jazzy/opt/gz_cmake_vendor:/home/mvibot/floorCleaningRobot_ws/install/opennav_coverage_demo:/opt/ros/jazzy DEBUGINFOD_URLS=https://debuginfod.ubuntu.com LD_LIBRARY_PATH=/home/mvibot/floorCleaningRobot_ws/install/tf2_web_republisher_interfaces/lib:/home/mvibot/floorCleaningRobot_ws/install/tf2_web_republisher/lib:/home/mvibot/floorCleaningRobot_ws/install/realsense2_camera/lib:/home/mvibot/floorCleaningRobot_ws/install/realsense2_camera_msgs/lib:/home/mvibot/floorCleaningRobot_ws/install/pointcloud_to_laserscan/lib:/home/mvibot/floorCleaningRobot_ws/install/opennav_row_coverage/lib:/home/mvibot/floorCleaningRobot_ws/install/opennav_coverage_navigator/lib:/home/mvibot/floorCleaningRobot_ws/install/opennav_coverage_bt/lib:/home/mvibot/floorCleaningRobot_ws/install/opennav_coverage/lib:/home/mvibot/floorCleaningRobot_ws/install/opennav_coverage_msgs/lib:/home/mvibot/floorCleaningRobot_ws/install/fields2cover/lib:/opt/ros/jazzy/opt/gz_sim_vendor/lib:/opt/ros/jazzy/opt/gz_sensors_vendor/lib:/opt/ros/jazzy/opt/gz_physics_vendor/lib:/opt/ros/jazzy/opt/sdformat_vendor/lib:/opt/ros/jazzy/opt/rviz_ogre_vendor/lib:/opt/ros/jazzy/lib/x86_64-linux-gnu:/opt/ros/jazzy/opt/gz_gui_vendor/lib:/opt/ros/jazzy/opt/gz_transport_vendor/lib:/opt/ros/jazzy/opt/gz_rendering_vendor/lib:/opt/ros/jazzy/opt/gz_plugin_vendor/lib:/opt/ros/jazzy/opt/gz_fuel_tools_vendor/lib:/opt/ros/jazzy/opt/gz_msgs_vendor/lib:/opt/ros/jazzy/opt/gz_common_vendor/lib:/opt/ros/jazzy/opt/gz_math_vendor/lib:/opt/ros/jazzy/opt/gz_utils_vendor/lib:/opt/ros/jazzy/opt/gz_tools_vendor/lib:/opt/ros/jazzy/opt/gz_ogre_next_vendor/lib:/opt/ros/jazzy/opt/gz_dartsim_vendor/lib:/opt/ros/jazzy/opt/gz_cmake_vendor/lib:/opt/ros/jazzy/lib /usr/bin/cmake --build /home/mvibot/floorCleaningRobot_ws/build/tf2_web_republisher -- -j8 -l8
[81.666s] DEBUG:colcon.colcon_core.event_handler.log_command:Invoked command in '/home/mvibot/floorCleaningRobot_ws/build/higher_layer_mvibot' returned '0': CMAKE_PREFIX_PATH=${CMAKE_PREFIX_PATH}:/home/mvibot/floorCleaningRobot_ws/install/opennav_coverage_demo:/opt/ros/jazzy DEBUGINFOD_URLS=https://debuginfod.ubuntu.com /usr/bin/cmake --build /home/mvibot/floorCleaningRobot_ws/build/higher_layer_mvibot -- -j8 -l8
[81.669s] DEBUG:colcon.colcon_core.event_handler.log_command:Invoking command in '/home/mvibot/floorCleaningRobot_ws/build/higher_layer_mvibot': CMAKE_PREFIX_PATH=${CMAKE_PREFIX_PATH}:/home/mvibot/floorCleaningRobot_ws/install/opennav_coverage_demo:/opt/ros/jazzy DEBUGINFOD_URLS=https://debuginfod.ubuntu.com /usr/bin/cmake --install /home/mvibot/floorCleaningRobot_ws/build/higher_layer_mvibot
[93.972s] Level 1:colcon.colcon_core.environment:create_environment_scripts_only(higher_layer_mvibot)
[93.972s] Level 1:colcon.colcon_core.environment:checking '/home/mvibot/floorCleaningRobot_ws/install/higher_layer_mvibot' for CMake module files
[93.974s] DEBUG:colcon.colcon_core.event_handler.log_command:Invoked command in '/home/mvibot/floorCleaningRobot_ws/build/realsense2_camera_msgs' returned '0': CMAKE_PREFIX_PATH=${CMAKE_PREFIX_PATH}:/home/mvibot/floorCleaningRobot_ws/install/opennav_coverage_demo:/opt/ros/jazzy DEBUGINFOD_URLS=https://debuginfod.ubuntu.com /usr/bin/cmake --build /home/mvibot/floorCleaningRobot_ws/build/realsense2_camera_msgs -- -j8 -l8
[93.974s] DEBUG:colcon.colcon_core.event_handler.log_command:Invoking command in '/home/mvibot/floorCleaningRobot_ws/build/realsense2_camera_msgs': CMAKE_PREFIX_PATH=${CMAKE_PREFIX_PATH}:/home/mvibot/floorCleaningRobot_ws/install/opennav_coverage_demo:/opt/ros/jazzy DEBUGINFOD_URLS=https://debuginfod.ubuntu.com /usr/bin/cmake --install /home/mvibot/floorCleaningRobot_ws/build/realsense2_camera_msgs
[93.975s] DEBUG:colcon.colcon_core.event_handler.log_command:Invoked command in '/home/mvibot/floorCleaningRobot_ws/build/higher_layer_mvibot' returned '0': CMAKE_PREFIX_PATH=${CMAKE_PREFIX_PATH}:/home/mvibot/floorCleaningRobot_ws/install/opennav_coverage_demo:/opt/ros/jazzy DEBUGINFOD_URLS=https://debuginfod.ubuntu.com /usr/bin/cmake --install /home/mvibot/floorCleaningRobot_ws/build/higher_layer_mvibot
[93.976s] Level 1:colcon.colcon_core.environment:checking '/home/mvibot/floorCleaningRobot_ws/install/higher_layer_mvibot' for CMake config files
[93.977s] Level 1:colcon.colcon_core.shell:create_environment_hook('higher_layer_mvibot', 'cmake_prefix_path')
[93.977s] INFO:colcon.colcon_core.shell:Creating environment hook '/home/mvibot/floorCleaningRobot_ws/install/higher_layer_mvibot/share/higher_layer_mvibot/hook/cmake_prefix_path.ps1'
[93.978s] INFO:colcon.colcon_core.shell:Creating environment descriptor '/home/mvibot/floorCleaningRobot_ws/install/higher_layer_mvibot/share/higher_layer_mvibot/hook/cmake_prefix_path.dsv'
[93.979s] INFO:colcon.colcon_core.shell:Creating environment hook '/home/mvibot/floorCleaningRobot_ws/install/higher_layer_mvibot/share/higher_layer_mvibot/hook/cmake_prefix_path.sh'
[93.980s] Level 1:colcon.colcon_core.environment:checking '/home/mvibot/floorCleaningRobot_ws/install/higher_layer_mvibot/lib'
[93.980s] Level 1:colcon.colcon_core.environment:checking '/home/mvibot/floorCleaningRobot_ws/install/higher_layer_mvibot/bin'
[93.980s] Level 1:colcon.colcon_core.environment:checking '/home/mvibot/floorCleaningRobot_ws/install/higher_layer_mvibot/lib/pkgconfig/higher_layer_mvibot.pc'
[93.981s] Level 1:colcon.colcon_core.environment:checking '/home/mvibot/floorCleaningRobot_ws/install/higher_layer_mvibot/lib/python3.12/site-packages'
[93.982s] Level 1:colcon.colcon_core.environment:checking '/home/mvibot/floorCleaningRobot_ws/install/higher_layer_mvibot/bin'
[93.983s] INFO:colcon.colcon_core.shell:Creating package script '/home/mvibot/floorCleaningRobot_ws/install/higher_layer_mvibot/share/higher_layer_mvibot/package.ps1'
[93.984s] INFO:colcon.colcon_core.shell:Creating package descriptor '/home/mvibot/floorCleaningRobot_ws/install/higher_layer_mvibot/share/higher_layer_mvibot/package.dsv'
[93.985s] INFO:colcon.colcon_core.shell:Creating package script '/home/mvibot/floorCleaningRobot_ws/install/higher_layer_mvibot/share/higher_layer_mvibot/package.sh'
[93.986s] INFO:colcon.colcon_core.shell:Creating package script '/home/mvibot/floorCleaningRobot_ws/install/higher_layer_mvibot/share/higher_layer_mvibot/package.bash'
[93.986s] INFO:colcon.colcon_core.shell:Creating package script '/home/mvibot/floorCleaningRobot_ws/install/higher_layer_mvibot/share/higher_layer_mvibot/package.zsh'
[93.986s] Level 1:colcon.colcon_core.environment:create_file_with_runtime_dependencies(/home/mvibot/floorCleaningRobot_ws/install/higher_layer_mvibot/share/colcon-core/packages/higher_layer_mvibot)
[93.992s] Level 1:colcon.colcon_core.environment:create_environment_scripts_only(higher_layer_mvibot)
[93.992s] Level 1:colcon.colcon_core.environment:checking '/home/mvibot/floorCleaningRobot_ws/install/higher_layer_mvibot' for CMake module files
[93.993s] Level 1:colcon.colcon_core.environment:checking '/home/mvibot/floorCleaningRobot_ws/install/higher_layer_mvibot' for CMake config files
[93.994s] Level 1:colcon.colcon_core.shell:create_environment_hook('higher_layer_mvibot', 'cmake_prefix_path')
[93.995s] INFO:colcon.colcon_core.shell:Creating environment hook '/home/mvibot/floorCleaningRobot_ws/install/higher_layer_mvibot/share/higher_layer_mvibot/hook/cmake_prefix_path.ps1'
[93.996s] INFO:colcon.colcon_core.shell:Creating environment descriptor '/home/mvibot/floorCleaningRobot_ws/install/higher_layer_mvibot/share/higher_layer_mvibot/hook/cmake_prefix_path.dsv'
[93.996s] INFO:colcon.colcon_core.shell:Creating environment hook '/home/mvibot/floorCleaningRobot_ws/install/higher_layer_mvibot/share/higher_layer_mvibot/hook/cmake_prefix_path.sh'
[93.997s] Level 1:colcon.colcon_core.environment:checking '/home/mvibot/floorCleaningRobot_ws/install/higher_layer_mvibot/lib'
[93.998s] Level 1:colcon.colcon_core.environment:checking '/home/mvibot/floorCleaningRobot_ws/install/higher_layer_mvibot/bin'
[93.998s] Level 1:colcon.colcon_core.environment:checking '/home/mvibot/floorCleaningRobot_ws/install/higher_layer_mvibot/lib/pkgconfig/higher_layer_mvibot.pc'
[93.998s] Level 1:colcon.colcon_core.environment:checking '/home/mvibot/floorCleaningRobot_ws/install/higher_layer_mvibot/lib/python3.12/site-packages'
[93.999s] Level 1:colcon.colcon_core.environment:checking '/home/mvibot/floorCleaningRobot_ws/install/higher_layer_mvibot/bin'
[94.000s] INFO:colcon.colcon_core.shell:Creating package script '/home/mvibot/floorCleaningRobot_ws/install/higher_layer_mvibot/share/higher_layer_mvibot/package.ps1'
[94.001s] INFO:colcon.colcon_core.shell:Creating package descriptor '/home/mvibot/floorCleaningRobot_ws/install/higher_layer_mvibot/share/higher_layer_mvibot/package.dsv'
[94.002s] INFO:colcon.colcon_core.shell:Creating package script '/home/mvibot/floorCleaningRobot_ws/install/higher_layer_mvibot/share/higher_layer_mvibot/package.sh'
[94.002s] INFO:colcon.colcon_core.shell:Creating package script '/home/mvibot/floorCleaningRobot_ws/install/higher_layer_mvibot/share/higher_layer_mvibot/package.bash'
[94.003s] INFO:colcon.colcon_core.shell:Creating package script '/home/mvibot/floorCleaningRobot_ws/install/higher_layer_mvibot/share/higher_layer_mvibot/package.zsh'
[94.004s] Level 1:colcon.colcon_core.environment:create_file_with_runtime_dependencies(/home/mvibot/floorCleaningRobot_ws/install/higher_layer_mvibot/share/colcon-core/packages/higher_layer_mvibot)
[97.417s] Level 1:colcon.colcon_core.environment:create_environment_scripts_only(realsense2_camera_msgs)
[97.417s] Level 1:colcon.colcon_core.environment:checking '/home/mvibot/floorCleaningRobot_ws/install/realsense2_camera_msgs' for CMake module files
[97.417s] DEBUG:colcon.colcon_core.event_handler.log_command:Invoked command in '/home/mvibot/floorCleaningRobot_ws/build/realsense2_camera_msgs' returned '0': CMAKE_PREFIX_PATH=${CMAKE_PREFIX_PATH}:/home/mvibot/floorCleaningRobot_ws/install/opennav_coverage_demo:/opt/ros/jazzy DEBUGINFOD_URLS=https://debuginfod.ubuntu.com /usr/bin/cmake --install /home/mvibot/floorCleaningRobot_ws/build/realsense2_camera_msgs
[97.418s] Level 1:colcon.colcon_core.environment:checking '/home/mvibot/floorCleaningRobot_ws/install/realsense2_camera_msgs' for CMake config files
[97.419s] Level 1:colcon.colcon_core.shell:create_environment_hook('realsense2_camera_msgs', 'cmake_prefix_path')
[97.420s] INFO:colcon.colcon_core.shell:Creating environment hook '/home/mvibot/floorCleaningRobot_ws/install/realsense2_camera_msgs/share/realsense2_camera_msgs/hook/cmake_prefix_path.ps1'
[97.421s] INFO:colcon.colcon_core.shell:Creating environment descriptor '/home/mvibot/floorCleaningRobot_ws/install/realsense2_camera_msgs/share/realsense2_camera_msgs/hook/cmake_prefix_path.dsv'
[97.421s] INFO:colcon.colcon_core.shell:Creating environment hook '/home/mvibot/floorCleaningRobot_ws/install/realsense2_camera_msgs/share/realsense2_camera_msgs/hook/cmake_prefix_path.sh'
[97.422s] Level 1:colcon.colcon_core.environment:checking '/home/mvibot/floorCleaningRobot_ws/install/realsense2_camera_msgs/lib'
[97.422s] Level 1:colcon.colcon_core.shell:create_environment_hook('realsense2_camera_msgs', 'ld_library_path_lib')
[97.423s] INFO:colcon.colcon_core.shell:Creating environment hook '/home/mvibot/floorCleaningRobot_ws/install/realsense2_camera_msgs/share/realsense2_camera_msgs/hook/ld_library_path_lib.ps1'
[97.423s] INFO:colcon.colcon_core.shell:Creating environment descriptor '/home/mvibot/floorCleaningRobot_ws/install/realsense2_camera_msgs/share/realsense2_camera_msgs/hook/ld_library_path_lib.dsv'
[97.424s] INFO:colcon.colcon_core.shell:Creating environment hook '/home/mvibot/floorCleaningRobot_ws/install/realsense2_camera_msgs/share/realsense2_camera_msgs/hook/ld_library_path_lib.sh'
[97.424s] Level 1:colcon.colcon_core.environment:checking '/home/mvibot/floorCleaningRobot_ws/install/realsense2_camera_msgs/bin'
[97.425s] Level 1:colcon.colcon_core.environment:checking '/home/mvibot/floorCleaningRobot_ws/install/realsense2_camera_msgs/lib/pkgconfig/realsense2_camera_msgs.pc'
[97.425s] Level 1:colcon.colcon_core.environment:checking '/home/mvibot/floorCleaningRobot_ws/install/realsense2_camera_msgs/lib/python3.12/site-packages'
[97.425s] Level 1:colcon.colcon_core.shell:create_environment_hook('realsense2_camera_msgs', 'pythonpath')
[97.426s] INFO:colcon.colcon_core.shell:Creating environment hook '/home/mvibot/floorCleaningRobot_ws/install/realsense2_camera_msgs/share/realsense2_camera_msgs/hook/pythonpath.ps1'
[97.426s] INFO:colcon.colcon_core.shell:Creating environment descriptor '/home/mvibot/floorCleaningRobot_ws/install/realsense2_camera_msgs/share/realsense2_camera_msgs/hook/pythonpath.dsv'
[97.427s] INFO:colcon.colcon_core.shell:Creating environment hook '/home/mvibot/floorCleaningRobot_ws/install/realsense2_camera_msgs/share/realsense2_camera_msgs/hook/pythonpath.sh'
[97.427s] Level 1:colcon.colcon_core.environment:checking '/home/mvibot/floorCleaningRobot_ws/install/realsense2_camera_msgs/bin'
[97.428s] INFO:colcon.colcon_core.shell:Creating package script '/home/mvibot/floorCleaningRobot_ws/install/realsense2_camera_msgs/share/realsense2_camera_msgs/package.ps1'
[97.429s] INFO:colcon.colcon_core.shell:Creating package descriptor '/home/mvibot/floorCleaningRobot_ws/install/realsense2_camera_msgs/share/realsense2_camera_msgs/package.dsv'
[97.430s] INFO:colcon.colcon_core.shell:Creating package script '/home/mvibot/floorCleaningRobot_ws/install/realsense2_camera_msgs/share/realsense2_camera_msgs/package.sh'
[97.431s] INFO:colcon.colcon_core.shell:Creating package script '/home/mvibot/floorCleaningRobot_ws/install/realsense2_camera_msgs/share/realsense2_camera_msgs/package.bash'
[97.431s] INFO:colcon.colcon_core.shell:Creating package script '/home/mvibot/floorCleaningRobot_ws/install/realsense2_camera_msgs/share/realsense2_camera_msgs/package.zsh'
[97.431s] Level 1:colcon.colcon_core.environment:create_file_with_runtime_dependencies(/home/mvibot/floorCleaningRobot_ws/install/realsense2_camera_msgs/share/colcon-core/packages/realsense2_camera_msgs)
[97.433s] Level 1:colcon.colcon_core.environment:create_environment_scripts_only(realsense2_camera_msgs)
[97.433s] Level 1:colcon.colcon_core.environment:checking '/home/mvibot/floorCleaningRobot_ws/install/realsense2_camera_msgs' for CMake module files
[97.434s] Level 1:colcon.colcon_core.environment:checking '/home/mvibot/floorCleaningRobot_ws/install/realsense2_camera_msgs' for CMake config files
[97.435s] Level 1:colcon.colcon_core.shell:create_environment_hook('realsense2_camera_msgs', 'cmake_prefix_path')
[97.435s] INFO:colcon.colcon_core.shell:Creating environment hook '/home/mvibot/floorCleaningRobot_ws/install/realsense2_camera_msgs/share/realsense2_camera_msgs/hook/cmake_prefix_path.ps1'
[97.436s] INFO:colcon.colcon_core.shell:Creating environment descriptor '/home/mvibot/floorCleaningRobot_ws/install/realsense2_camera_msgs/share/realsense2_camera_msgs/hook/cmake_prefix_path.dsv'
[97.436s] INFO:colcon.colcon_core.shell:Creating environment hook '/home/mvibot/floorCleaningRobot_ws/install/realsense2_camera_msgs/share/realsense2_camera_msgs/hook/cmake_prefix_path.sh'
[97.437s] Level 1:colcon.colcon_core.environment:checking '/home/mvibot/floorCleaningRobot_ws/install/realsense2_camera_msgs/lib'
[97.437s] Level 1:colcon.colcon_core.shell:create_environment_hook('realsense2_camera_msgs', 'ld_library_path_lib')
[97.437s] INFO:colcon.colcon_core.shell:Creating environment hook '/home/mvibot/floorCleaningRobot_ws/install/realsense2_camera_msgs/share/realsense2_camera_msgs/hook/ld_library_path_lib.ps1'
[97.438s] INFO:colcon.colcon_core.shell:Creating environment descriptor '/home/mvibot/floorCleaningRobot_ws/install/realsense2_camera_msgs/share/realsense2_camera_msgs/hook/ld_library_path_lib.dsv'
[97.438s] INFO:colcon.colcon_core.shell:Creating environment hook '/home/mvibot/floorCleaningRobot_ws/install/realsense2_camera_msgs/share/realsense2_camera_msgs/hook/ld_library_path_lib.sh'
[97.439s] Level 1:colcon.colcon_core.environment:checking '/home/mvibot/floorCleaningRobot_ws/install/realsense2_camera_msgs/bin'
[97.439s] Level 1:colcon.colcon_core.environment:checking '/home/mvibot/floorCleaningRobot_ws/install/realsense2_camera_msgs/lib/pkgconfig/realsense2_camera_msgs.pc'
[97.439s] Level 1:colcon.colcon_core.environment:checking '/home/mvibot/floorCleaningRobot_ws/install/realsense2_camera_msgs/lib/python3.12/site-packages'
[97.440s] Level 1:colcon.colcon_core.shell:create_environment_hook('realsense2_camera_msgs', 'pythonpath')
[97.440s] INFO:colcon.colcon_core.shell:Creating environment hook '/home/mvibot/floorCleaningRobot_ws/install/realsense2_camera_msgs/share/realsense2_camera_msgs/hook/pythonpath.ps1'
[97.441s] INFO:colcon.colcon_core.shell:Creating environment descriptor '/home/mvibot/floorCleaningRobot_ws/install/realsense2_camera_msgs/share/realsense2_camera_msgs/hook/pythonpath.dsv'
[97.441s] INFO:colcon.colcon_core.shell:Creating environment hook '/home/mvibot/floorCleaningRobot_ws/install/realsense2_camera_msgs/share/realsense2_camera_msgs/hook/pythonpath.sh'
[97.442s] Level 1:colcon.colcon_core.environment:checking '/home/mvibot/floorCleaningRobot_ws/install/realsense2_camera_msgs/bin'
[97.443s] INFO:colcon.colcon_core.shell:Creating package script '/home/mvibot/floorCleaningRobot_ws/install/realsense2_camera_msgs/share/realsense2_camera_msgs/package.ps1'
[97.444s] INFO:colcon.colcon_core.shell:Creating package descriptor '/home/mvibot/floorCleaningRobot_ws/install/realsense2_camera_msgs/share/realsense2_camera_msgs/package.dsv'
[97.445s] INFO:colcon.colcon_core.shell:Creating package script '/home/mvibot/floorCleaningRobot_ws/install/realsense2_camera_msgs/share/realsense2_camera_msgs/package.sh'
[97.445s] INFO:colcon.colcon_core.shell:Creating package script '/home/mvibot/floorCleaningRobot_ws/install/realsense2_camera_msgs/share/realsense2_camera_msgs/package.bash'
[97.446s] INFO:colcon.colcon_core.shell:Creating package script '/home/mvibot/floorCleaningRobot_ws/install/realsense2_camera_msgs/share/realsense2_camera_msgs/package.zsh'
[97.446s] Level 1:colcon.colcon_core.environment:create_file_with_runtime_dependencies(/home/mvibot/floorCleaningRobot_ws/install/realsense2_camera_msgs/share/colcon-core/packages/realsense2_camera_msgs)
[97.447s] INFO:colcon.colcon_ros.task.ament_cmake.build:Building ROS package in '/home/mvibot/floorCleaningRobot_ws/src/realsense-ros/realsense2_camera' with build type 'ament_cmake'
[97.447s] INFO:colcon.colcon_cmake.task.cmake.build:Building CMake package in '/home/mvibot/floorCleaningRobot_ws/src/realsense-ros/realsense2_camera'
[97.448s] INFO:colcon.colcon_core.shell:Skip shell extension 'powershell' for command environment: Not usable outside of PowerShell
[97.448s] DEBUG:colcon.colcon_core.shell:Skip shell extension 'dsv' for command environment
[97.454s] INFO:colcon.colcon_ros.task.ament_cmake.build:Building ROS package in '/home/mvibot/floorCleaningRobot_ws/src/realsense-ros/realsense2_description' with build type 'ament_cmake'
[97.455s] INFO:colcon.colcon_cmake.task.cmake.build:Building CMake package in '/home/mvibot/floorCleaningRobot_ws/src/realsense-ros/realsense2_description'
[97.455s] INFO:colcon.colcon_core.shell:Skip shell extension 'powershell' for command environment: Not usable outside of PowerShell
[97.455s] DEBUG:colcon.colcon_core.shell:Skip shell extension 'dsv' for command environment
[97.485s] DEBUG:colcon.colcon_core.event_handler.log_command:Invoking command in '/home/mvibot/floorCleaningRobot_ws/build/realsense2_camera': CMAKE_PREFIX_PATH=/home/mvibot/floorCleaningRobot_ws/install/realsense2_camera_msgs:/home/mvibot/floorCleaningRobot_ws/install/tf2_web_republisher:/home/mvibot/floorCleaningRobot_ws/install/tf2_web_republisher_interfaces:/home/mvibot/floorCleaningRobot_ws/install/sllidar_ros2:/home/mvibot/floorCleaningRobot_ws/install/realsense2_description:/home/mvibot/floorCleaningRobot_ws/install/realsense2_camera:/home/mvibot/floorCleaningRobot_ws/install/pointcloud_to_laserscan:/home/mvibot/floorCleaningRobot_ws/install/opennav_row_coverage:/home/mvibot/floorCleaningRobot_ws/install/opennav_coverage_navigator:/home/mvibot/floorCleaningRobot_ws/install/opennav_coverage_bt:/home/mvibot/floorCleaningRobot_ws/install/opennav_coverage:/home/mvibot/floorCleaningRobot_ws/install/mission_layer_mvibot:/home/mvibot/floorCleaningRobot_ws/install/opennav_coverage_msgs:/home/mvibot/floorCleaningRobot_ws/install/lower_layer_mvibot:/home/mvibot/floorCleaningRobot_ws/install/ira_laser_tools:/home/mvibot/floorCleaningRobot_ws/install/higher_layer_mvibot:/home/mvibot/floorCleaningRobot_ws/install/fields2cover:/opt/ros/jazzy/opt/gz_sim_vendor:/opt/ros/jazzy/opt/gz_sensors_vendor:/opt/ros/jazzy/opt/gz_physics_vendor:/opt/ros/jazzy/opt/sdformat_vendor:/opt/ros/jazzy/opt/gz_gui_vendor:/opt/ros/jazzy/opt/gz_transport_vendor:/opt/ros/jazzy/opt/gz_rendering_vendor:/opt/ros/jazzy/opt/gz_plugin_vendor:/opt/ros/jazzy/opt/gz_fuel_tools_vendor:/opt/ros/jazzy/opt/gz_msgs_vendor:/opt/ros/jazzy/opt/gz_common_vendor:/opt/ros/jazzy/opt/gz_math_vendor:/opt/ros/jazzy/opt/gz_utils_vendor:/opt/ros/jazzy/opt/gz_tools_vendor:/opt/ros/jazzy/opt/gz_ogre_next_vendor:/opt/ros/jazzy/opt/gz_dartsim_vendor:/opt/ros/jazzy/opt/gz_cmake_vendor:/home/mvibot/floorCleaningRobot_ws/install/opennav_coverage_demo:/opt/ros/jazzy DEBUGINFOD_URLS=https://debuginfod.ubuntu.com LD_LIBRARY_PATH=/home/mvibot/floorCleaningRobot_ws/install/realsense2_camera_msgs/lib:/home/mvibot/floorCleaningRobot_ws/install/tf2_web_republisher/lib:/home/mvibot/floorCleaningRobot_ws/install/tf2_web_republisher_interfaces/lib:/home/mvibot/floorCleaningRobot_ws/install/realsense2_camera/lib:/home/mvibot/floorCleaningRobot_ws/install/pointcloud_to_laserscan/lib:/home/mvibot/floorCleaningRobot_ws/install/opennav_row_coverage/lib:/home/mvibot/floorCleaningRobot_ws/install/opennav_coverage_navigator/lib:/home/mvibot/floorCleaningRobot_ws/install/opennav_coverage_bt/lib:/home/mvibot/floorCleaningRobot_ws/install/opennav_coverage/lib:/home/mvibot/floorCleaningRobot_ws/install/opennav_coverage_msgs/lib:/home/mvibot/floorCleaningRobot_ws/install/fields2cover/lib:/opt/ros/jazzy/opt/gz_sim_vendor/lib:/opt/ros/jazzy/opt/gz_sensors_vendor/lib:/opt/ros/jazzy/opt/gz_physics_vendor/lib:/opt/ros/jazzy/opt/sdformat_vendor/lib:/opt/ros/jazzy/opt/rviz_ogre_vendor/lib:/opt/ros/jazzy/lib/x86_64-linux-gnu:/opt/ros/jazzy/opt/gz_gui_vendor/lib:/opt/ros/jazzy/opt/gz_transport_vendor/lib:/opt/ros/jazzy/opt/gz_rendering_vendor/lib:/opt/ros/jazzy/opt/gz_plugin_vendor/lib:/opt/ros/jazzy/opt/gz_fuel_tools_vendor/lib:/opt/ros/jazzy/opt/gz_msgs_vendor/lib:/opt/ros/jazzy/opt/gz_common_vendor/lib:/opt/ros/jazzy/opt/gz_math_vendor/lib:/opt/ros/jazzy/opt/gz_utils_vendor/lib:/opt/ros/jazzy/opt/gz_tools_vendor/lib:/opt/ros/jazzy/opt/gz_ogre_next_vendor/lib:/opt/ros/jazzy/opt/gz_dartsim_vendor/lib:/opt/ros/jazzy/opt/gz_cmake_vendor/lib:/opt/ros/jazzy/lib PYTHONPATH=/home/mvibot/floorCleaningRobot_ws/install/realsense2_camera_msgs/lib/python3.12/site-packages:/home/mvibot/floorCleaningRobot_ws/install/tf2_web_republisher_interfaces/lib/python3.12/site-packages:/home/mvibot/floorCleaningRobot_ws/build/opennav_coverage_demo:/home/mvibot/floorCleaningRobot_ws/install/opennav_coverage_demo/lib/python3.12/site-packages:/home/mvibot/floorCleaningRobot_ws/install/opennav_coverage_msgs/lib/python3.12/site-packages:/opt/ros/jazzy/lib/python3.12/site-packages /usr/bin/cmake /home/mvibot/floorCleaningRobot_ws/src/realsense-ros/realsense2_camera -DCMAKE_BUILD_TYPE=Release -DAMENT_CMAKE_SYMLINK_INSTALL=1 -DCMAKE_INSTALL_PREFIX=/home/mvibot/floorCleaningRobot_ws/install/realsense2_camera
[97.488s] DEBUG:colcon.colcon_core.event_handler.log_command:Invoking command in '/home/mvibot/floorCleaningRobot_ws/build/realsense2_description': CMAKE_PREFIX_PATH=/home/mvibot/floorCleaningRobot_ws/install/realsense2_camera_msgs:/home/mvibot/floorCleaningRobot_ws/install/tf2_web_republisher:/home/mvibot/floorCleaningRobot_ws/install/tf2_web_republisher_interfaces:/home/mvibot/floorCleaningRobot_ws/install/sllidar_ros2:/home/mvibot/floorCleaningRobot_ws/install/realsense2_description:/home/mvibot/floorCleaningRobot_ws/install/realsense2_camera:/home/mvibot/floorCleaningRobot_ws/install/pointcloud_to_laserscan:/home/mvibot/floorCleaningRobot_ws/install/opennav_row_coverage:/home/mvibot/floorCleaningRobot_ws/install/opennav_coverage_navigator:/home/mvibot/floorCleaningRobot_ws/install/opennav_coverage_bt:/home/mvibot/floorCleaningRobot_ws/install/opennav_coverage:/home/mvibot/floorCleaningRobot_ws/install/mission_layer_mvibot:/home/mvibot/floorCleaningRobot_ws/install/opennav_coverage_msgs:/home/mvibot/floorCleaningRobot_ws/install/lower_layer_mvibot:/home/mvibot/floorCleaningRobot_ws/install/ira_laser_tools:/home/mvibot/floorCleaningRobot_ws/install/higher_layer_mvibot:/home/mvibot/floorCleaningRobot_ws/install/fields2cover:/opt/ros/jazzy/opt/gz_sim_vendor:/opt/ros/jazzy/opt/gz_sensors_vendor:/opt/ros/jazzy/opt/gz_physics_vendor:/opt/ros/jazzy/opt/sdformat_vendor:/opt/ros/jazzy/opt/gz_gui_vendor:/opt/ros/jazzy/opt/gz_transport_vendor:/opt/ros/jazzy/opt/gz_rendering_vendor:/opt/ros/jazzy/opt/gz_plugin_vendor:/opt/ros/jazzy/opt/gz_fuel_tools_vendor:/opt/ros/jazzy/opt/gz_msgs_vendor:/opt/ros/jazzy/opt/gz_common_vendor:/opt/ros/jazzy/opt/gz_math_vendor:/opt/ros/jazzy/opt/gz_utils_vendor:/opt/ros/jazzy/opt/gz_tools_vendor:/opt/ros/jazzy/opt/gz_ogre_next_vendor:/opt/ros/jazzy/opt/gz_dartsim_vendor:/opt/ros/jazzy/opt/gz_cmake_vendor:/home/mvibot/floorCleaningRobot_ws/install/opennav_coverage_demo:/opt/ros/jazzy DEBUGINFOD_URLS=https://debuginfod.ubuntu.com LD_LIBRARY_PATH=/home/mvibot/floorCleaningRobot_ws/install/realsense2_camera_msgs/lib:/home/mvibot/floorCleaningRobot_ws/install/tf2_web_republisher/lib:/home/mvibot/floorCleaningRobot_ws/install/tf2_web_republisher_interfaces/lib:/home/mvibot/floorCleaningRobot_ws/install/realsense2_camera/lib:/home/mvibot/floorCleaningRobot_ws/install/pointcloud_to_laserscan/lib:/home/mvibot/floorCleaningRobot_ws/install/opennav_row_coverage/lib:/home/mvibot/floorCleaningRobot_ws/install/opennav_coverage_navigator/lib:/home/mvibot/floorCleaningRobot_ws/install/opennav_coverage_bt/lib:/home/mvibot/floorCleaningRobot_ws/install/opennav_coverage/lib:/home/mvibot/floorCleaningRobot_ws/install/opennav_coverage_msgs/lib:/home/mvibot/floorCleaningRobot_ws/install/fields2cover/lib:/opt/ros/jazzy/opt/gz_sim_vendor/lib:/opt/ros/jazzy/opt/gz_sensors_vendor/lib:/opt/ros/jazzy/opt/gz_physics_vendor/lib:/opt/ros/jazzy/opt/sdformat_vendor/lib:/opt/ros/jazzy/opt/rviz_ogre_vendor/lib:/opt/ros/jazzy/lib/x86_64-linux-gnu:/opt/ros/jazzy/opt/gz_gui_vendor/lib:/opt/ros/jazzy/opt/gz_transport_vendor/lib:/opt/ros/jazzy/opt/gz_rendering_vendor/lib:/opt/ros/jazzy/opt/gz_plugin_vendor/lib:/opt/ros/jazzy/opt/gz_fuel_tools_vendor/lib:/opt/ros/jazzy/opt/gz_msgs_vendor/lib:/opt/ros/jazzy/opt/gz_common_vendor/lib:/opt/ros/jazzy/opt/gz_math_vendor/lib:/opt/ros/jazzy/opt/gz_utils_vendor/lib:/opt/ros/jazzy/opt/gz_tools_vendor/lib:/opt/ros/jazzy/opt/gz_ogre_next_vendor/lib:/opt/ros/jazzy/opt/gz_dartsim_vendor/lib:/opt/ros/jazzy/opt/gz_cmake_vendor/lib:/opt/ros/jazzy/lib PYTHONPATH=/home/mvibot/floorCleaningRobot_ws/install/realsense2_camera_msgs/lib/python3.12/site-packages:/home/mvibot/floorCleaningRobot_ws/install/tf2_web_republisher_interfaces/lib/python3.12/site-packages:/home/mvibot/floorCleaningRobot_ws/build/opennav_coverage_demo:/home/mvibot/floorCleaningRobot_ws/install/opennav_coverage_demo/lib/python3.12/site-packages:/home/mvibot/floorCleaningRobot_ws/install/opennav_coverage_msgs/lib/python3.12/site-packages:/opt/ros/jazzy/lib/python3.12/site-packages /usr/bin/cmake /home/mvibot/floorCleaningRobot_ws/src/realsense-ros/realsense2_description -DCMAKE_BUILD_TYPE=Release -DAMENT_CMAKE_SYMLINK_INSTALL=1 -DCMAKE_INSTALL_PREFIX=/home/mvibot/floorCleaningRobot_ws/install/realsense2_description
[103.319s] DEBUG:colcon.colcon_core.event_handler.log_command:Invoked command in '/home/mvibot/floorCleaningRobot_ws/build/opennav_coverage_msgs' returned '0': CMAKE_PREFIX_PATH=${CMAKE_PREFIX_PATH}:/home/mvibot/floorCleaningRobot_ws/install/opennav_coverage_demo:/opt/ros/jazzy DEBUGINFOD_URLS=https://debuginfod.ubuntu.com /usr/bin/cmake --build /home/mvibot/floorCleaningRobot_ws/build/opennav_coverage_msgs -- -j8 -l8
[103.322s] DEBUG:colcon.colcon_core.event_handler.log_command:Invoking command in '/home/mvibot/floorCleaningRobot_ws/build/opennav_coverage_msgs': CMAKE_PREFIX_PATH=${CMAKE_PREFIX_PATH}:/home/mvibot/floorCleaningRobot_ws/install/opennav_coverage_demo:/opt/ros/jazzy DEBUGINFOD_URLS=https://debuginfod.ubuntu.com /usr/bin/cmake --install /home/mvibot/floorCleaningRobot_ws/build/opennav_coverage_msgs
[103.324s] DEBUG:colcon.colcon_core.event_handler.log_command:Invoked command in '/home/mvibot/floorCleaningRobot_ws/build/realsense2_description' returned '0': CMAKE_PREFIX_PATH=/home/mvibot/floorCleaningRobot_ws/install/realsense2_camera_msgs:/home/mvibot/floorCleaningRobot_ws/install/tf2_web_republisher:/home/mvibot/floorCleaningRobot_ws/install/tf2_web_republisher_interfaces:/home/mvibot/floorCleaningRobot_ws/install/sllidar_ros2:/home/mvibot/floorCleaningRobot_ws/install/realsense2_description:/home/mvibot/floorCleaningRobot_ws/install/realsense2_camera:/home/mvibot/floorCleaningRobot_ws/install/pointcloud_to_laserscan:/home/mvibot/floorCleaningRobot_ws/install/opennav_row_coverage:/home/mvibot/floorCleaningRobot_ws/install/opennav_coverage_navigator:/home/mvibot/floorCleaningRobot_ws/install/opennav_coverage_bt:/home/mvibot/floorCleaningRobot_ws/install/opennav_coverage:/home/mvibot/floorCleaningRobot_ws/install/mission_layer_mvibot:/home/mvibot/floorCleaningRobot_ws/install/opennav_coverage_msgs:/home/mvibot/floorCleaningRobot_ws/install/lower_layer_mvibot:/home/mvibot/floorCleaningRobot_ws/install/ira_laser_tools:/home/mvibot/floorCleaningRobot_ws/install/higher_layer_mvibot:/home/mvibot/floorCleaningRobot_ws/install/fields2cover:/opt/ros/jazzy/opt/gz_sim_vendor:/opt/ros/jazzy/opt/gz_sensors_vendor:/opt/ros/jazzy/opt/gz_physics_vendor:/opt/ros/jazzy/opt/sdformat_vendor:/opt/ros/jazzy/opt/gz_gui_vendor:/opt/ros/jazzy/opt/gz_transport_vendor:/opt/ros/jazzy/opt/gz_rendering_vendor:/opt/ros/jazzy/opt/gz_plugin_vendor:/opt/ros/jazzy/opt/gz_fuel_tools_vendor:/opt/ros/jazzy/opt/gz_msgs_vendor:/opt/ros/jazzy/opt/gz_common_vendor:/opt/ros/jazzy/opt/gz_math_vendor:/opt/ros/jazzy/opt/gz_utils_vendor:/opt/ros/jazzy/opt/gz_tools_vendor:/opt/ros/jazzy/opt/gz_ogre_next_vendor:/opt/ros/jazzy/opt/gz_dartsim_vendor:/opt/ros/jazzy/opt/gz_cmake_vendor:/home/mvibot/floorCleaningRobot_ws/install/opennav_coverage_demo:/opt/ros/jazzy DEBUGINFOD_URLS=https://debuginfod.ubuntu.com LD_LIBRARY_PATH=/home/mvibot/floorCleaningRobot_ws/install/realsense2_camera_msgs/lib:/home/mvibot/floorCleaningRobot_ws/install/tf2_web_republisher/lib:/home/mvibot/floorCleaningRobot_ws/install/tf2_web_republisher_interfaces/lib:/home/mvibot/floorCleaningRobot_ws/install/realsense2_camera/lib:/home/mvibot/floorCleaningRobot_ws/install/pointcloud_to_laserscan/lib:/home/mvibot/floorCleaningRobot_ws/install/opennav_row_coverage/lib:/home/mvibot/floorCleaningRobot_ws/install/opennav_coverage_navigator/lib:/home/mvibot/floorCleaningRobot_ws/install/opennav_coverage_bt/lib:/home/mvibot/floorCleaningRobot_ws/install/opennav_coverage/lib:/home/mvibot/floorCleaningRobot_ws/install/opennav_coverage_msgs/lib:/home/mvibot/floorCleaningRobot_ws/install/fields2cover/lib:/opt/ros/jazzy/opt/gz_sim_vendor/lib:/opt/ros/jazzy/opt/gz_sensors_vendor/lib:/opt/ros/jazzy/opt/gz_physics_vendor/lib:/opt/ros/jazzy/opt/sdformat_vendor/lib:/opt/ros/jazzy/opt/rviz_ogre_vendor/lib:/opt/ros/jazzy/lib/x86_64-linux-gnu:/opt/ros/jazzy/opt/gz_gui_vendor/lib:/opt/ros/jazzy/opt/gz_transport_vendor/lib:/opt/ros/jazzy/opt/gz_rendering_vendor/lib:/opt/ros/jazzy/opt/gz_plugin_vendor/lib:/opt/ros/jazzy/opt/gz_fuel_tools_vendor/lib:/opt/ros/jazzy/opt/gz_msgs_vendor/lib:/opt/ros/jazzy/opt/gz_common_vendor/lib:/opt/ros/jazzy/opt/gz_math_vendor/lib:/opt/ros/jazzy/opt/gz_utils_vendor/lib:/opt/ros/jazzy/opt/gz_tools_vendor/lib:/opt/ros/jazzy/opt/gz_ogre_next_vendor/lib:/opt/ros/jazzy/opt/gz_dartsim_vendor/lib:/opt/ros/jazzy/opt/gz_cmake_vendor/lib:/opt/ros/jazzy/lib PYTHONPATH=/home/mvibot/floorCleaningRobot_ws/install/realsense2_camera_msgs/lib/python3.12/site-packages:/home/mvibot/floorCleaningRobot_ws/install/tf2_web_republisher_interfaces/lib/python3.12/site-packages:/home/mvibot/floorCleaningRobot_ws/build/opennav_coverage_demo:/home/mvibot/floorCleaningRobot_ws/install/opennav_coverage_demo/lib/python3.12/site-packages:/home/mvibot/floorCleaningRobot_ws/install/opennav_coverage_msgs/lib/python3.12/site-packages:/opt/ros/jazzy/lib/python3.12/site-packages /usr/bin/cmake /home/mvibot/floorCleaningRobot_ws/src/realsense-ros/realsense2_description -DCMAKE_BUILD_TYPE=Release -DAMENT_CMAKE_SYMLINK_INSTALL=1 -DCMAKE_INSTALL_PREFIX=/home/mvibot/floorCleaningRobot_ws/install/realsense2_description
[103.326s] DEBUG:colcon.colcon_core.event_handler.log_command:Invoking command in '/home/mvibot/floorCleaningRobot_ws/build/realsense2_description': CMAKE_PREFIX_PATH=/home/mvibot/floorCleaningRobot_ws/install/realsense2_camera_msgs:/home/mvibot/floorCleaningRobot_ws/install/tf2_web_republisher:/home/mvibot/floorCleaningRobot_ws/install/tf2_web_republisher_interfaces:/home/mvibot/floorCleaningRobot_ws/install/sllidar_ros2:/home/mvibot/floorCleaningRobot_ws/install/realsense2_description:/home/mvibot/floorCleaningRobot_ws/install/realsense2_camera:/home/mvibot/floorCleaningRobot_ws/install/pointcloud_to_laserscan:/home/mvibot/floorCleaningRobot_ws/install/opennav_row_coverage:/home/mvibot/floorCleaningRobot_ws/install/opennav_coverage_navigator:/home/mvibot/floorCleaningRobot_ws/install/opennav_coverage_bt:/home/mvibot/floorCleaningRobot_ws/install/opennav_coverage:/home/mvibot/floorCleaningRobot_ws/install/mission_layer_mvibot:/home/mvibot/floorCleaningRobot_ws/install/opennav_coverage_msgs:/home/mvibot/floorCleaningRobot_ws/install/lower_layer_mvibot:/home/mvibot/floorCleaningRobot_ws/install/ira_laser_tools:/home/mvibot/floorCleaningRobot_ws/install/higher_layer_mvibot:/home/mvibot/floorCleaningRobot_ws/install/fields2cover:/opt/ros/jazzy/opt/gz_sim_vendor:/opt/ros/jazzy/opt/gz_sensors_vendor:/opt/ros/jazzy/opt/gz_physics_vendor:/opt/ros/jazzy/opt/sdformat_vendor:/opt/ros/jazzy/opt/gz_gui_vendor:/opt/ros/jazzy/opt/gz_transport_vendor:/opt/ros/jazzy/opt/gz_rendering_vendor:/opt/ros/jazzy/opt/gz_plugin_vendor:/opt/ros/jazzy/opt/gz_fuel_tools_vendor:/opt/ros/jazzy/opt/gz_msgs_vendor:/opt/ros/jazzy/opt/gz_common_vendor:/opt/ros/jazzy/opt/gz_math_vendor:/opt/ros/jazzy/opt/gz_utils_vendor:/opt/ros/jazzy/opt/gz_tools_vendor:/opt/ros/jazzy/opt/gz_ogre_next_vendor:/opt/ros/jazzy/opt/gz_dartsim_vendor:/opt/ros/jazzy/opt/gz_cmake_vendor:/home/mvibot/floorCleaningRobot_ws/install/opennav_coverage_demo:/opt/ros/jazzy DEBUGINFOD_URLS=https://debuginfod.ubuntu.com LD_LIBRARY_PATH=/home/mvibot/floorCleaningRobot_ws/install/realsense2_camera_msgs/lib:/home/mvibot/floorCleaningRobot_ws/install/tf2_web_republisher/lib:/home/mvibot/floorCleaningRobot_ws/install/tf2_web_republisher_interfaces/lib:/home/mvibot/floorCleaningRobot_ws/install/realsense2_camera/lib:/home/mvibot/floorCleaningRobot_ws/install/pointcloud_to_laserscan/lib:/home/mvibot/floorCleaningRobot_ws/install/opennav_row_coverage/lib:/home/mvibot/floorCleaningRobot_ws/install/opennav_coverage_navigator/lib:/home/mvibot/floorCleaningRobot_ws/install/opennav_coverage_bt/lib:/home/mvibot/floorCleaningRobot_ws/install/opennav_coverage/lib:/home/mvibot/floorCleaningRobot_ws/install/opennav_coverage_msgs/lib:/home/mvibot/floorCleaningRobot_ws/install/fields2cover/lib:/opt/ros/jazzy/opt/gz_sim_vendor/lib:/opt/ros/jazzy/opt/gz_sensors_vendor/lib:/opt/ros/jazzy/opt/gz_physics_vendor/lib:/opt/ros/jazzy/opt/sdformat_vendor/lib:/opt/ros/jazzy/opt/rviz_ogre_vendor/lib:/opt/ros/jazzy/lib/x86_64-linux-gnu:/opt/ros/jazzy/opt/gz_gui_vendor/lib:/opt/ros/jazzy/opt/gz_transport_vendor/lib:/opt/ros/jazzy/opt/gz_rendering_vendor/lib:/opt/ros/jazzy/opt/gz_plugin_vendor/lib:/opt/ros/jazzy/opt/gz_fuel_tools_vendor/lib:/opt/ros/jazzy/opt/gz_msgs_vendor/lib:/opt/ros/jazzy/opt/gz_common_vendor/lib:/opt/ros/jazzy/opt/gz_math_vendor/lib:/opt/ros/jazzy/opt/gz_utils_vendor/lib:/opt/ros/jazzy/opt/gz_tools_vendor/lib:/opt/ros/jazzy/opt/gz_ogre_next_vendor/lib:/opt/ros/jazzy/opt/gz_dartsim_vendor/lib:/opt/ros/jazzy/opt/gz_cmake_vendor/lib:/opt/ros/jazzy/lib PYTHONPATH=/home/mvibot/floorCleaningRobot_ws/install/realsense2_camera_msgs/lib/python3.12/site-packages:/home/mvibot/floorCleaningRobot_ws/install/tf2_web_republisher_interfaces/lib/python3.12/site-packages:/home/mvibot/floorCleaningRobot_ws/build/opennav_coverage_demo:/home/mvibot/floorCleaningRobot_ws/install/opennav_coverage_demo/lib/python3.12/site-packages:/home/mvibot/floorCleaningRobot_ws/install/opennav_coverage_msgs/lib/python3.12/site-packages:/opt/ros/jazzy/lib/python3.12/site-packages /usr/bin/cmake --build /home/mvibot/floorCleaningRobot_ws/build/realsense2_description -- -j8 -l8
[107.852s] Level 1:colcon.colcon_core.environment:create_environment_scripts_only(opennav_coverage_msgs)
[107.853s] Level 1:colcon.colcon_core.environment:checking '/home/mvibot/floorCleaningRobot_ws/install/opennav_coverage_msgs' for CMake module files
[107.854s] DEBUG:colcon.colcon_core.event_handler.log_command:Invoked command in '/home/mvibot/floorCleaningRobot_ws/build/opennav_coverage_msgs' returned '0': CMAKE_PREFIX_PATH=${CMAKE_PREFIX_PATH}:/home/mvibot/floorCleaningRobot_ws/install/opennav_coverage_demo:/opt/ros/jazzy DEBUGINFOD_URLS=https://debuginfod.ubuntu.com /usr/bin/cmake --install /home/mvibot/floorCleaningRobot_ws/build/opennav_coverage_msgs
[107.855s] Level 1:colcon.colcon_core.environment:checking '/home/mvibot/floorCleaningRobot_ws/install/opennav_coverage_msgs' for CMake config files
[107.857s] Level 1:colcon.colcon_core.shell:create_environment_hook('opennav_coverage_msgs', 'cmake_prefix_path')
[107.858s] INFO:colcon.colcon_core.shell:Creating environment hook '/home/mvibot/floorCleaningRobot_ws/install/opennav_coverage_msgs/share/opennav_coverage_msgs/hook/cmake_prefix_path.ps1'
[107.859s] INFO:colcon.colcon_core.shell:Creating environment descriptor '/home/mvibot/floorCleaningRobot_ws/install/opennav_coverage_msgs/share/opennav_coverage_msgs/hook/cmake_prefix_path.dsv'
[107.860s] INFO:colcon.colcon_core.shell:Creating environment hook '/home/mvibot/floorCleaningRobot_ws/install/opennav_coverage_msgs/share/opennav_coverage_msgs/hook/cmake_prefix_path.sh'
[107.861s] Level 1:colcon.colcon_core.environment:checking '/home/mvibot/floorCleaningRobot_ws/install/opennav_coverage_msgs/lib'
[107.861s] Level 1:colcon.colcon_core.shell:create_environment_hook('opennav_coverage_msgs', 'ld_library_path_lib')
[107.862s] INFO:colcon.colcon_core.shell:Creating environment hook '/home/mvibot/floorCleaningRobot_ws/install/opennav_coverage_msgs/share/opennav_coverage_msgs/hook/ld_library_path_lib.ps1'
[107.862s] INFO:colcon.colcon_core.shell:Creating environment descriptor '/home/mvibot/floorCleaningRobot_ws/install/opennav_coverage_msgs/share/opennav_coverage_msgs/hook/ld_library_path_lib.dsv'
[107.863s] INFO:colcon.colcon_core.shell:Creating environment hook '/home/mvibot/floorCleaningRobot_ws/install/opennav_coverage_msgs/share/opennav_coverage_msgs/hook/ld_library_path_lib.sh'
[107.864s] Level 1:colcon.colcon_core.environment:checking '/home/mvibot/floorCleaningRobot_ws/install/opennav_coverage_msgs/bin'
[107.864s] Level 1:colcon.colcon_core.environment:checking '/home/mvibot/floorCleaningRobot_ws/install/opennav_coverage_msgs/lib/pkgconfig/opennav_coverage_msgs.pc'
[107.864s] Level 1:colcon.colcon_core.environment:checking '/home/mvibot/floorCleaningRobot_ws/install/opennav_coverage_msgs/lib/python3.12/site-packages'
[107.864s] Level 1:colcon.colcon_core.shell:create_environment_hook('opennav_coverage_msgs', 'pythonpath')
[107.865s] INFO:colcon.colcon_core.shell:Creating environment hook '/home/mvibot/floorCleaningRobot_ws/install/opennav_coverage_msgs/share/opennav_coverage_msgs/hook/pythonpath.ps1'
[107.865s] INFO:colcon.colcon_core.shell:Creating environment descriptor '/home/mvibot/floorCleaningRobot_ws/install/opennav_coverage_msgs/share/opennav_coverage_msgs/hook/pythonpath.dsv'
[107.866s] INFO:colcon.colcon_core.shell:Creating environment hook '/home/mvibot/floorCleaningRobot_ws/install/opennav_coverage_msgs/share/opennav_coverage_msgs/hook/pythonpath.sh'
[107.868s] Level 1:colcon.colcon_core.environment:checking '/home/mvibot/floorCleaningRobot_ws/install/opennav_coverage_msgs/bin'
[107.868s] INFO:colcon.colcon_core.shell:Creating package script '/home/mvibot/floorCleaningRobot_ws/install/opennav_coverage_msgs/share/opennav_coverage_msgs/package.ps1'
[107.870s] INFO:colcon.colcon_core.shell:Creating package descriptor '/home/mvibot/floorCleaningRobot_ws/install/opennav_coverage_msgs/share/opennav_coverage_msgs/package.dsv'
[107.871s] INFO:colcon.colcon_core.shell:Creating package script '/home/mvibot/floorCleaningRobot_ws/install/opennav_coverage_msgs/share/opennav_coverage_msgs/package.sh'
[107.871s] INFO:colcon.colcon_core.shell:Creating package script '/home/mvibot/floorCleaningRobot_ws/install/opennav_coverage_msgs/share/opennav_coverage_msgs/package.bash'
[107.872s] INFO:colcon.colcon_core.shell:Creating package script '/home/mvibot/floorCleaningRobot_ws/install/opennav_coverage_msgs/share/opennav_coverage_msgs/package.zsh'
[107.873s] Level 1:colcon.colcon_core.environment:create_file_with_runtime_dependencies(/home/mvibot/floorCleaningRobot_ws/install/opennav_coverage_msgs/share/colcon-core/packages/opennav_coverage_msgs)
[107.874s] Level 1:colcon.colcon_core.environment:create_environment_scripts_only(opennav_coverage_msgs)
[107.875s] Level 1:colcon.colcon_core.environment:checking '/home/mvibot/floorCleaningRobot_ws/install/opennav_coverage_msgs' for CMake module files
[107.876s] Level 1:colcon.colcon_core.environment:checking '/home/mvibot/floorCleaningRobot_ws/install/opennav_coverage_msgs' for CMake config files
[107.878s] Level 1:colcon.colcon_core.shell:create_environment_hook('opennav_coverage_msgs', 'cmake_prefix_path')
[107.879s] INFO:colcon.colcon_core.shell:Creating environment hook '/home/mvibot/floorCleaningRobot_ws/install/opennav_coverage_msgs/share/opennav_coverage_msgs/hook/cmake_prefix_path.ps1'
[107.879s] INFO:colcon.colcon_core.shell:Creating environment descriptor '/home/mvibot/floorCleaningRobot_ws/install/opennav_coverage_msgs/share/opennav_coverage_msgs/hook/cmake_prefix_path.dsv'
[107.880s] INFO:colcon.colcon_core.shell:Creating environment hook '/home/mvibot/floorCleaningRobot_ws/install/opennav_coverage_msgs/share/opennav_coverage_msgs/hook/cmake_prefix_path.sh'
[107.881s] Level 1:colcon.colcon_core.environment:checking '/home/mvibot/floorCleaningRobot_ws/install/opennav_coverage_msgs/lib'
[107.881s] Level 1:colcon.colcon_core.shell:create_environment_hook('opennav_coverage_msgs', 'ld_library_path_lib')
[107.882s] INFO:colcon.colcon_core.shell:Creating environment hook '/home/mvibot/floorCleaningRobot_ws/install/opennav_coverage_msgs/share/opennav_coverage_msgs/hook/ld_library_path_lib.ps1'
[107.882s] INFO:colcon.colcon_core.shell:Creating environment descriptor '/home/mvibot/floorCleaningRobot_ws/install/opennav_coverage_msgs/share/opennav_coverage_msgs/hook/ld_library_path_lib.dsv'
[107.884s] INFO:colcon.colcon_core.shell:Creating environment hook '/home/mvibot/floorCleaningRobot_ws/install/opennav_coverage_msgs/share/opennav_coverage_msgs/hook/ld_library_path_lib.sh'
[107.885s] Level 1:colcon.colcon_core.environment:checking '/home/mvibot/floorCleaningRobot_ws/install/opennav_coverage_msgs/bin'
[107.885s] Level 1:colcon.colcon_core.environment:checking '/home/mvibot/floorCleaningRobot_ws/install/opennav_coverage_msgs/lib/pkgconfig/opennav_coverage_msgs.pc'
[107.885s] Level 1:colcon.colcon_core.environment:checking '/home/mvibot/floorCleaningRobot_ws/install/opennav_coverage_msgs/lib/python3.12/site-packages'
[107.885s] Level 1:colcon.colcon_core.shell:create_environment_hook('opennav_coverage_msgs', 'pythonpath')
[107.886s] INFO:colcon.colcon_core.shell:Creating environment hook '/home/mvibot/floorCleaningRobot_ws/install/opennav_coverage_msgs/share/opennav_coverage_msgs/hook/pythonpath.ps1'
[107.886s] INFO:colcon.colcon_core.shell:Creating environment descriptor '/home/mvibot/floorCleaningRobot_ws/install/opennav_coverage_msgs/share/opennav_coverage_msgs/hook/pythonpath.dsv'
[107.887s] INFO:colcon.colcon_core.shell:Creating environment hook '/home/mvibot/floorCleaningRobot_ws/install/opennav_coverage_msgs/share/opennav_coverage_msgs/hook/pythonpath.sh'
[107.888s] Level 1:colcon.colcon_core.environment:checking '/home/mvibot/floorCleaningRobot_ws/install/opennav_coverage_msgs/bin'
[107.889s] INFO:colcon.colcon_core.shell:Creating package script '/home/mvibot/floorCleaningRobot_ws/install/opennav_coverage_msgs/share/opennav_coverage_msgs/package.ps1'
[107.891s] INFO:colcon.colcon_core.shell:Creating package descriptor '/home/mvibot/floorCleaningRobot_ws/install/opennav_coverage_msgs/share/opennav_coverage_msgs/package.dsv'
[107.892s] INFO:colcon.colcon_core.shell:Creating package script '/home/mvibot/floorCleaningRobot_ws/install/opennav_coverage_msgs/share/opennav_coverage_msgs/package.sh'
[107.893s] INFO:colcon.colcon_core.shell:Creating package script '/home/mvibot/floorCleaningRobot_ws/install/opennav_coverage_msgs/share/opennav_coverage_msgs/package.bash'
[107.894s] INFO:colcon.colcon_core.shell:Creating package script '/home/mvibot/floorCleaningRobot_ws/install/opennav_coverage_msgs/share/opennav_coverage_msgs/package.zsh'
[107.894s] Level 1:colcon.colcon_core.environment:create_file_with_runtime_dependencies(/home/mvibot/floorCleaningRobot_ws/install/opennav_coverage_msgs/share/colcon-core/packages/opennav_coverage_msgs)
[107.895s] INFO:colcon.colcon_ros.task.ament_cmake.build:Building ROS package in '/home/mvibot/floorCleaningRobot_ws/src/opennav_coverage/opennav_coverage_bt' with build type 'ament_cmake'
[107.896s] INFO:colcon.colcon_cmake.task.cmake.build:Building CMake package in '/home/mvibot/floorCleaningRobot_ws/src/opennav_coverage/opennav_coverage_bt'
[107.896s] INFO:colcon.colcon_core.shell:Skip shell extension 'powershell' for command environment: Not usable outside of PowerShell
[107.896s] DEBUG:colcon.colcon_core.shell:Skip shell extension 'dsv' for command environment
[107.905s] INFO:colcon.colcon_ros.task.ament_cmake.build:Building ROS package in '/home/mvibot/floorCleaningRobot_ws/src/mission_layer_mvibot' with build type 'ament_cmake'
[107.906s] INFO:colcon.colcon_cmake.task.cmake.build:Building CMake package in '/home/mvibot/floorCleaningRobot_ws/src/mission_layer_mvibot'
[107.907s] INFO:colcon.colcon_core.shell:Skip shell extension 'powershell' for command environment: Not usable outside of PowerShell
[107.907s] DEBUG:colcon.colcon_core.shell:Skip shell extension 'dsv' for command environment
[107.918s] DEBUG:colcon.colcon_core.event_handler.log_command:Invoked command in '/home/mvibot/floorCleaningRobot_ws/build/realsense2_description' returned '0': CMAKE_PREFIX_PATH=/home/mvibot/floorCleaningRobot_ws/install/realsense2_camera_msgs:/home/mvibot/floorCleaningRobot_ws/install/tf2_web_republisher:/home/mvibot/floorCleaningRobot_ws/install/tf2_web_republisher_interfaces:/home/mvibot/floorCleaningRobot_ws/install/sllidar_ros2:/home/mvibot/floorCleaningRobot_ws/install/realsense2_description:/home/mvibot/floorCleaningRobot_ws/install/realsense2_camera:/home/mvibot/floorCleaningRobot_ws/install/pointcloud_to_laserscan:/home/mvibot/floorCleaningRobot_ws/install/opennav_row_coverage:/home/mvibot/floorCleaningRobot_ws/install/opennav_coverage_navigator:/home/mvibot/floorCleaningRobot_ws/install/opennav_coverage_bt:/home/mvibot/floorCleaningRobot_ws/install/opennav_coverage:/home/mvibot/floorCleaningRobot_ws/install/mission_layer_mvibot:/home/mvibot/floorCleaningRobot_ws/install/opennav_coverage_msgs:/home/mvibot/floorCleaningRobot_ws/install/lower_layer_mvibot:/home/mvibot/floorCleaningRobot_ws/install/ira_laser_tools:/home/mvibot/floorCleaningRobot_ws/install/higher_layer_mvibot:/home/mvibot/floorCleaningRobot_ws/install/fields2cover:/opt/ros/jazzy/opt/gz_sim_vendor:/opt/ros/jazzy/opt/gz_sensors_vendor:/opt/ros/jazzy/opt/gz_physics_vendor:/opt/ros/jazzy/opt/sdformat_vendor:/opt/ros/jazzy/opt/gz_gui_vendor:/opt/ros/jazzy/opt/gz_transport_vendor:/opt/ros/jazzy/opt/gz_rendering_vendor:/opt/ros/jazzy/opt/gz_plugin_vendor:/opt/ros/jazzy/opt/gz_fuel_tools_vendor:/opt/ros/jazzy/opt/gz_msgs_vendor:/opt/ros/jazzy/opt/gz_common_vendor:/opt/ros/jazzy/opt/gz_math_vendor:/opt/ros/jazzy/opt/gz_utils_vendor:/opt/ros/jazzy/opt/gz_tools_vendor:/opt/ros/jazzy/opt/gz_ogre_next_vendor:/opt/ros/jazzy/opt/gz_dartsim_vendor:/opt/ros/jazzy/opt/gz_cmake_vendor:/home/mvibot/floorCleaningRobot_ws/install/opennav_coverage_demo:/opt/ros/jazzy DEBUGINFOD_URLS=https://debuginfod.ubuntu.com LD_LIBRARY_PATH=/home/mvibot/floorCleaningRobot_ws/install/realsense2_camera_msgs/lib:/home/mvibot/floorCleaningRobot_ws/install/tf2_web_republisher/lib:/home/mvibot/floorCleaningRobot_ws/install/tf2_web_republisher_interfaces/lib:/home/mvibot/floorCleaningRobot_ws/install/realsense2_camera/lib:/home/mvibot/floorCleaningRobot_ws/install/pointcloud_to_laserscan/lib:/home/mvibot/floorCleaningRobot_ws/install/opennav_row_coverage/lib:/home/mvibot/floorCleaningRobot_ws/install/opennav_coverage_navigator/lib:/home/mvibot/floorCleaningRobot_ws/install/opennav_coverage_bt/lib:/home/mvibot/floorCleaningRobot_ws/install/opennav_coverage/lib:/home/mvibot/floorCleaningRobot_ws/install/opennav_coverage_msgs/lib:/home/mvibot/floorCleaningRobot_ws/install/fields2cover/lib:/opt/ros/jazzy/opt/gz_sim_vendor/lib:/opt/ros/jazzy/opt/gz_sensors_vendor/lib:/opt/ros/jazzy/opt/gz_physics_vendor/lib:/opt/ros/jazzy/opt/sdformat_vendor/lib:/opt/ros/jazzy/opt/rviz_ogre_vendor/lib:/opt/ros/jazzy/lib/x86_64-linux-gnu:/opt/ros/jazzy/opt/gz_gui_vendor/lib:/opt/ros/jazzy/opt/gz_transport_vendor/lib:/opt/ros/jazzy/opt/gz_rendering_vendor/lib:/opt/ros/jazzy/opt/gz_plugin_vendor/lib:/opt/ros/jazzy/opt/gz_fuel_tools_vendor/lib:/opt/ros/jazzy/opt/gz_msgs_vendor/lib:/opt/ros/jazzy/opt/gz_common_vendor/lib:/opt/ros/jazzy/opt/gz_math_vendor/lib:/opt/ros/jazzy/opt/gz_utils_vendor/lib:/opt/ros/jazzy/opt/gz_tools_vendor/lib:/opt/ros/jazzy/opt/gz_ogre_next_vendor/lib:/opt/ros/jazzy/opt/gz_dartsim_vendor/lib:/opt/ros/jazzy/opt/gz_cmake_vendor/lib:/opt/ros/jazzy/lib PYTHONPATH=/home/mvibot/floorCleaningRobot_ws/install/realsense2_camera_msgs/lib/python3.12/site-packages:/home/mvibot/floorCleaningRobot_ws/install/tf2_web_republisher_interfaces/lib/python3.12/site-packages:/home/mvibot/floorCleaningRobot_ws/build/opennav_coverage_demo:/home/mvibot/floorCleaningRobot_ws/install/opennav_coverage_demo/lib/python3.12/site-packages:/home/mvibot/floorCleaningRobot_ws/install/opennav_coverage_msgs/lib/python3.12/site-packages:/opt/ros/jazzy/lib/python3.12/site-packages /usr/bin/cmake --build /home/mvibot/floorCleaningRobot_ws/build/realsense2_description -- -j8 -l8
[107.921s] DEBUG:colcon.colcon_core.event_handler.log_command:Invoking command in '/home/mvibot/floorCleaningRobot_ws/build/realsense2_description': CMAKE_PREFIX_PATH=/home/mvibot/floorCleaningRobot_ws/install/realsense2_camera_msgs:/home/mvibot/floorCleaningRobot_ws/install/tf2_web_republisher:/home/mvibot/floorCleaningRobot_ws/install/tf2_web_republisher_interfaces:/home/mvibot/floorCleaningRobot_ws/install/sllidar_ros2:/home/mvibot/floorCleaningRobot_ws/install/realsense2_description:/home/mvibot/floorCleaningRobot_ws/install/realsense2_camera:/home/mvibot/floorCleaningRobot_ws/install/pointcloud_to_laserscan:/home/mvibot/floorCleaningRobot_ws/install/opennav_row_coverage:/home/mvibot/floorCleaningRobot_ws/install/opennav_coverage_navigator:/home/mvibot/floorCleaningRobot_ws/install/opennav_coverage_bt:/home/mvibot/floorCleaningRobot_ws/install/opennav_coverage:/home/mvibot/floorCleaningRobot_ws/install/mission_layer_mvibot:/home/mvibot/floorCleaningRobot_ws/install/opennav_coverage_msgs:/home/mvibot/floorCleaningRobot_ws/install/lower_layer_mvibot:/home/mvibot/floorCleaningRobot_ws/install/ira_laser_tools:/home/mvibot/floorCleaningRobot_ws/install/higher_layer_mvibot:/home/mvibot/floorCleaningRobot_ws/install/fields2cover:/opt/ros/jazzy/opt/gz_sim_vendor:/opt/ros/jazzy/opt/gz_sensors_vendor:/opt/ros/jazzy/opt/gz_physics_vendor:/opt/ros/jazzy/opt/sdformat_vendor:/opt/ros/jazzy/opt/gz_gui_vendor:/opt/ros/jazzy/opt/gz_transport_vendor:/opt/ros/jazzy/opt/gz_rendering_vendor:/opt/ros/jazzy/opt/gz_plugin_vendor:/opt/ros/jazzy/opt/gz_fuel_tools_vendor:/opt/ros/jazzy/opt/gz_msgs_vendor:/opt/ros/jazzy/opt/gz_common_vendor:/opt/ros/jazzy/opt/gz_math_vendor:/opt/ros/jazzy/opt/gz_utils_vendor:/opt/ros/jazzy/opt/gz_tools_vendor:/opt/ros/jazzy/opt/gz_ogre_next_vendor:/opt/ros/jazzy/opt/gz_dartsim_vendor:/opt/ros/jazzy/opt/gz_cmake_vendor:/home/mvibot/floorCleaningRobot_ws/install/opennav_coverage_demo:/opt/ros/jazzy DEBUGINFOD_URLS=https://debuginfod.ubuntu.com LD_LIBRARY_PATH=/home/mvibot/floorCleaningRobot_ws/install/realsense2_camera_msgs/lib:/home/mvibot/floorCleaningRobot_ws/install/tf2_web_republisher/lib:/home/mvibot/floorCleaningRobot_ws/install/tf2_web_republisher_interfaces/lib:/home/mvibot/floorCleaningRobot_ws/install/realsense2_camera/lib:/home/mvibot/floorCleaningRobot_ws/install/pointcloud_to_laserscan/lib:/home/mvibot/floorCleaningRobot_ws/install/opennav_row_coverage/lib:/home/mvibot/floorCleaningRobot_ws/install/opennav_coverage_navigator/lib:/home/mvibot/floorCleaningRobot_ws/install/opennav_coverage_bt/lib:/home/mvibot/floorCleaningRobot_ws/install/opennav_coverage/lib:/home/mvibot/floorCleaningRobot_ws/install/opennav_coverage_msgs/lib:/home/mvibot/floorCleaningRobot_ws/install/fields2cover/lib:/opt/ros/jazzy/opt/gz_sim_vendor/lib:/opt/ros/jazzy/opt/gz_sensors_vendor/lib:/opt/ros/jazzy/opt/gz_physics_vendor/lib:/opt/ros/jazzy/opt/sdformat_vendor/lib:/opt/ros/jazzy/opt/rviz_ogre_vendor/lib:/opt/ros/jazzy/lib/x86_64-linux-gnu:/opt/ros/jazzy/opt/gz_gui_vendor/lib:/opt/ros/jazzy/opt/gz_transport_vendor/lib:/opt/ros/jazzy/opt/gz_rendering_vendor/lib:/opt/ros/jazzy/opt/gz_plugin_vendor/lib:/opt/ros/jazzy/opt/gz_fuel_tools_vendor/lib:/opt/ros/jazzy/opt/gz_msgs_vendor/lib:/opt/ros/jazzy/opt/gz_common_vendor/lib:/opt/ros/jazzy/opt/gz_math_vendor/lib:/opt/ros/jazzy/opt/gz_utils_vendor/lib:/opt/ros/jazzy/opt/gz_tools_vendor/lib:/opt/ros/jazzy/opt/gz_ogre_next_vendor/lib:/opt/ros/jazzy/opt/gz_dartsim_vendor/lib:/opt/ros/jazzy/opt/gz_cmake_vendor/lib:/opt/ros/jazzy/lib PYTHONPATH=/home/mvibot/floorCleaningRobot_ws/install/realsense2_camera_msgs/lib/python3.12/site-packages:/home/mvibot/floorCleaningRobot_ws/install/tf2_web_republisher_interfaces/lib/python3.12/site-packages:/home/mvibot/floorCleaningRobot_ws/build/opennav_coverage_demo:/home/mvibot/floorCleaningRobot_ws/install/opennav_coverage_demo/lib/python3.12/site-packages:/home/mvibot/floorCleaningRobot_ws/install/opennav_coverage_msgs/lib/python3.12/site-packages:/opt/ros/jazzy/lib/python3.12/site-packages /usr/bin/cmake --install /home/mvibot/floorCleaningRobot_ws/build/realsense2_description
[107.928s] DEBUG:colcon.colcon_core.event_handler.log_command:Invoking command in '/home/mvibot/floorCleaningRobot_ws/build/opennav_coverage_bt': CMAKE_PREFIX_PATH=/home/mvibot/floorCleaningRobot_ws/install/opennav_coverage_msgs:/home/mvibot/floorCleaningRobot_ws/install/tf2_web_republisher:/home/mvibot/floorCleaningRobot_ws/install/tf2_web_republisher_interfaces:/home/mvibot/floorCleaningRobot_ws/install/sllidar_ros2:/home/mvibot/floorCleaningRobot_ws/install/realsense2_description:/home/mvibot/floorCleaningRobot_ws/install/realsense2_camera:/home/mvibot/floorCleaningRobot_ws/install/realsense2_camera_msgs:/home/mvibot/floorCleaningRobot_ws/install/pointcloud_to_laserscan:/home/mvibot/floorCleaningRobot_ws/install/opennav_row_coverage:/home/mvibot/floorCleaningRobot_ws/install/opennav_coverage_navigator:/home/mvibot/floorCleaningRobot_ws/install/opennav_coverage_bt:/home/mvibot/floorCleaningRobot_ws/install/opennav_coverage:/home/mvibot/floorCleaningRobot_ws/install/mission_layer_mvibot:/home/mvibot/floorCleaningRobot_ws/install/lower_layer_mvibot:/home/mvibot/floorCleaningRobot_ws/install/ira_laser_tools:/home/mvibot/floorCleaningRobot_ws/install/higher_layer_mvibot:/home/mvibot/floorCleaningRobot_ws/install/fields2cover:/opt/ros/jazzy/opt/gz_sim_vendor:/opt/ros/jazzy/opt/gz_sensors_vendor:/opt/ros/jazzy/opt/gz_physics_vendor:/opt/ros/jazzy/opt/sdformat_vendor:/opt/ros/jazzy/opt/gz_gui_vendor:/opt/ros/jazzy/opt/gz_transport_vendor:/opt/ros/jazzy/opt/gz_rendering_vendor:/opt/ros/jazzy/opt/gz_plugin_vendor:/opt/ros/jazzy/opt/gz_fuel_tools_vendor:/opt/ros/jazzy/opt/gz_msgs_vendor:/opt/ros/jazzy/opt/gz_common_vendor:/opt/ros/jazzy/opt/gz_math_vendor:/opt/ros/jazzy/opt/gz_utils_vendor:/opt/ros/jazzy/opt/gz_tools_vendor:/opt/ros/jazzy/opt/gz_ogre_next_vendor:/opt/ros/jazzy/opt/gz_dartsim_vendor:/opt/ros/jazzy/opt/gz_cmake_vendor:/home/mvibot/floorCleaningRobot_ws/install/opennav_coverage_demo:/opt/ros/jazzy DEBUGINFOD_URLS=https://debuginfod.ubuntu.com LD_LIBRARY_PATH=/home/mvibot/floorCleaningRobot_ws/install/opennav_coverage_msgs/lib:/home/mvibot/floorCleaningRobot_ws/install/tf2_web_republisher/lib:/home/mvibot/floorCleaningRobot_ws/install/tf2_web_republisher_interfaces/lib:/home/mvibot/floorCleaningRobot_ws/install/realsense2_camera/lib:/home/mvibot/floorCleaningRobot_ws/install/realsense2_camera_msgs/lib:/home/mvibot/floorCleaningRobot_ws/install/pointcloud_to_laserscan/lib:/home/mvibot/floorCleaningRobot_ws/install/opennav_row_coverage/lib:/home/mvibot/floorCleaningRobot_ws/install/opennav_coverage_navigator/lib:/home/mvibot/floorCleaningRobot_ws/install/opennav_coverage_bt/lib:/home/mvibot/floorCleaningRobot_ws/install/opennav_coverage/lib:/home/mvibot/floorCleaningRobot_ws/install/fields2cover/lib:/opt/ros/jazzy/opt/gz_sim_vendor/lib:/opt/ros/jazzy/opt/gz_sensors_vendor/lib:/opt/ros/jazzy/opt/gz_physics_vendor/lib:/opt/ros/jazzy/opt/sdformat_vendor/lib:/opt/ros/jazzy/opt/rviz_ogre_vendor/lib:/opt/ros/jazzy/lib/x86_64-linux-gnu:/opt/ros/jazzy/opt/gz_gui_vendor/lib:/opt/ros/jazzy/opt/gz_transport_vendor/lib:/opt/ros/jazzy/opt/gz_rendering_vendor/lib:/opt/ros/jazzy/opt/gz_plugin_vendor/lib:/opt/ros/jazzy/opt/gz_fuel_tools_vendor/lib:/opt/ros/jazzy/opt/gz_msgs_vendor/lib:/opt/ros/jazzy/opt/gz_common_vendor/lib:/opt/ros/jazzy/opt/gz_math_vendor/lib:/opt/ros/jazzy/opt/gz_utils_vendor/lib:/opt/ros/jazzy/opt/gz_tools_vendor/lib:/opt/ros/jazzy/opt/gz_ogre_next_vendor/lib:/opt/ros/jazzy/opt/gz_dartsim_vendor/lib:/opt/ros/jazzy/opt/gz_cmake_vendor/lib:/opt/ros/jazzy/lib PYTHONPATH=/home/mvibot/floorCleaningRobot_ws/install/opennav_coverage_msgs/lib/python3.12/site-packages:/home/mvibot/floorCleaningRobot_ws/install/tf2_web_republisher_interfaces/lib/python3.12/site-packages:/home/mvibot/floorCleaningRobot_ws/install/realsense2_camera_msgs/lib/python3.12/site-packages:/home/mvibot/floorCleaningRobot_ws/build/opennav_coverage_demo:/home/mvibot/floorCleaningRobot_ws/install/opennav_coverage_demo/lib/python3.12/site-packages:/opt/ros/jazzy/lib/python3.12/site-packages /usr/bin/cmake /home/mvibot/floorCleaningRobot_ws/src/opennav_coverage/opennav_coverage_bt -DCMAKE_BUILD_TYPE=Release -DAMENT_CMAKE_SYMLINK_INSTALL=1 -DCMAKE_INSTALL_PREFIX=/home/mvibot/floorCleaningRobot_ws/install/opennav_coverage_bt
[107.931s] DEBUG:colcon.colcon_core.event_handler.log_command:Invoking command in '/home/mvibot/floorCleaningRobot_ws/build/mission_layer_mvibot': CMAKE_PREFIX_PATH=/home/mvibot/floorCleaningRobot_ws/install/opennav_coverage_msgs:/home/mvibot/floorCleaningRobot_ws/install/tf2_web_republisher:/home/mvibot/floorCleaningRobot_ws/install/tf2_web_republisher_interfaces:/home/mvibot/floorCleaningRobot_ws/install/sllidar_ros2:/home/mvibot/floorCleaningRobot_ws/install/realsense2_description:/home/mvibot/floorCleaningRobot_ws/install/realsense2_camera:/home/mvibot/floorCleaningRobot_ws/install/realsense2_camera_msgs:/home/mvibot/floorCleaningRobot_ws/install/pointcloud_to_laserscan:/home/mvibot/floorCleaningRobot_ws/install/opennav_row_coverage:/home/mvibot/floorCleaningRobot_ws/install/opennav_coverage_navigator:/home/mvibot/floorCleaningRobot_ws/install/opennav_coverage_bt:/home/mvibot/floorCleaningRobot_ws/install/opennav_coverage:/home/mvibot/floorCleaningRobot_ws/install/mission_layer_mvibot:/home/mvibot/floorCleaningRobot_ws/install/lower_layer_mvibot:/home/mvibot/floorCleaningRobot_ws/install/ira_laser_tools:/home/mvibot/floorCleaningRobot_ws/install/higher_layer_mvibot:/home/mvibot/floorCleaningRobot_ws/install/fields2cover:/opt/ros/jazzy/opt/gz_sim_vendor:/opt/ros/jazzy/opt/gz_sensors_vendor:/opt/ros/jazzy/opt/gz_physics_vendor:/opt/ros/jazzy/opt/sdformat_vendor:/opt/ros/jazzy/opt/gz_gui_vendor:/opt/ros/jazzy/opt/gz_transport_vendor:/opt/ros/jazzy/opt/gz_rendering_vendor:/opt/ros/jazzy/opt/gz_plugin_vendor:/opt/ros/jazzy/opt/gz_fuel_tools_vendor:/opt/ros/jazzy/opt/gz_msgs_vendor:/opt/ros/jazzy/opt/gz_common_vendor:/opt/ros/jazzy/opt/gz_math_vendor:/opt/ros/jazzy/opt/gz_utils_vendor:/opt/ros/jazzy/opt/gz_tools_vendor:/opt/ros/jazzy/opt/gz_ogre_next_vendor:/opt/ros/jazzy/opt/gz_dartsim_vendor:/opt/ros/jazzy/opt/gz_cmake_vendor:/home/mvibot/floorCleaningRobot_ws/install/opennav_coverage_demo:/opt/ros/jazzy DEBUGINFOD_URLS=https://debuginfod.ubuntu.com LD_LIBRARY_PATH=/home/mvibot/floorCleaningRobot_ws/install/opennav_coverage_msgs/lib:/home/mvibot/floorCleaningRobot_ws/install/tf2_web_republisher/lib:/home/mvibot/floorCleaningRobot_ws/install/tf2_web_republisher_interfaces/lib:/home/mvibot/floorCleaningRobot_ws/install/realsense2_camera/lib:/home/mvibot/floorCleaningRobot_ws/install/realsense2_camera_msgs/lib:/home/mvibot/floorCleaningRobot_ws/install/pointcloud_to_laserscan/lib:/home/mvibot/floorCleaningRobot_ws/install/opennav_row_coverage/lib:/home/mvibot/floorCleaningRobot_ws/install/opennav_coverage_navigator/lib:/home/mvibot/floorCleaningRobot_ws/install/opennav_coverage_bt/lib:/home/mvibot/floorCleaningRobot_ws/install/opennav_coverage/lib:/home/mvibot/floorCleaningRobot_ws/install/fields2cover/lib:/opt/ros/jazzy/opt/gz_sim_vendor/lib:/opt/ros/jazzy/opt/gz_sensors_vendor/lib:/opt/ros/jazzy/opt/gz_physics_vendor/lib:/opt/ros/jazzy/opt/sdformat_vendor/lib:/opt/ros/jazzy/opt/rviz_ogre_vendor/lib:/opt/ros/jazzy/lib/x86_64-linux-gnu:/opt/ros/jazzy/opt/gz_gui_vendor/lib:/opt/ros/jazzy/opt/gz_transport_vendor/lib:/opt/ros/jazzy/opt/gz_rendering_vendor/lib:/opt/ros/jazzy/opt/gz_plugin_vendor/lib:/opt/ros/jazzy/opt/gz_fuel_tools_vendor/lib:/opt/ros/jazzy/opt/gz_msgs_vendor/lib:/opt/ros/jazzy/opt/gz_common_vendor/lib:/opt/ros/jazzy/opt/gz_math_vendor/lib:/opt/ros/jazzy/opt/gz_utils_vendor/lib:/opt/ros/jazzy/opt/gz_tools_vendor/lib:/opt/ros/jazzy/opt/gz_ogre_next_vendor/lib:/opt/ros/jazzy/opt/gz_dartsim_vendor/lib:/opt/ros/jazzy/opt/gz_cmake_vendor/lib:/opt/ros/jazzy/lib PYTHONPATH=/home/mvibot/floorCleaningRobot_ws/install/opennav_coverage_msgs/lib/python3.12/site-packages:/home/mvibot/floorCleaningRobot_ws/install/tf2_web_republisher_interfaces/lib/python3.12/site-packages:/home/mvibot/floorCleaningRobot_ws/install/realsense2_camera_msgs/lib/python3.12/site-packages:/home/mvibot/floorCleaningRobot_ws/build/opennav_coverage_demo:/home/mvibot/floorCleaningRobot_ws/install/opennav_coverage_demo/lib/python3.12/site-packages:/opt/ros/jazzy/lib/python3.12/site-packages /usr/bin/cmake /home/mvibot/floorCleaningRobot_ws/src/mission_layer_mvibot -DCMAKE_BUILD_TYPE=Release -DAMENT_CMAKE_SYMLINK_INSTALL=1 -DCMAKE_INSTALL_PREFIX=/home/mvibot/floorCleaningRobot_ws/install/mission_layer_mvibot
[108.744s] Level 1:colcon.colcon_core.environment:create_environment_scripts_only(realsense2_description)
[108.744s] Level 1:colcon.colcon_core.environment:checking '/home/mvibot/floorCleaningRobot_ws/install/realsense2_description' for CMake module files
[108.745s] Level 1:colcon.colcon_core.environment:checking '/home/mvibot/floorCleaningRobot_ws/install/realsense2_description' for CMake config files
[108.746s] Level 1:colcon.colcon_core.shell:create_environment_hook('realsense2_description', 'cmake_prefix_path')
[108.747s] INFO:colcon.colcon_core.shell:Creating environment hook '/home/mvibot/floorCleaningRobot_ws/install/realsense2_description/share/realsense2_description/hook/cmake_prefix_path.ps1'
[108.747s] DEBUG:colcon.colcon_core.event_handler.log_command:Invoked command in '/home/mvibot/floorCleaningRobot_ws/build/realsense2_description' returned '0': CMAKE_PREFIX_PATH=/home/mvibot/floorCleaningRobot_ws/install/realsense2_camera_msgs:/home/mvibot/floorCleaningRobot_ws/install/tf2_web_republisher:/home/mvibot/floorCleaningRobot_ws/install/tf2_web_republisher_interfaces:/home/mvibot/floorCleaningRobot_ws/install/sllidar_ros2:/home/mvibot/floorCleaningRobot_ws/install/realsense2_description:/home/mvibot/floorCleaningRobot_ws/install/realsense2_camera:/home/mvibot/floorCleaningRobot_ws/install/pointcloud_to_laserscan:/home/mvibot/floorCleaningRobot_ws/install/opennav_row_coverage:/home/mvibot/floorCleaningRobot_ws/install/opennav_coverage_navigator:/home/mvibot/floorCleaningRobot_ws/install/opennav_coverage_bt:/home/mvibot/floorCleaningRobot_ws/install/opennav_coverage:/home/mvibot/floorCleaningRobot_ws/install/mission_layer_mvibot:/home/mvibot/floorCleaningRobot_ws/install/opennav_coverage_msgs:/home/mvibot/floorCleaningRobot_ws/install/lower_layer_mvibot:/home/mvibot/floorCleaningRobot_ws/install/ira_laser_tools:/home/mvibot/floorCleaningRobot_ws/install/higher_layer_mvibot:/home/mvibot/floorCleaningRobot_ws/install/fields2cover:/opt/ros/jazzy/opt/gz_sim_vendor:/opt/ros/jazzy/opt/gz_sensors_vendor:/opt/ros/jazzy/opt/gz_physics_vendor:/opt/ros/jazzy/opt/sdformat_vendor:/opt/ros/jazzy/opt/gz_gui_vendor:/opt/ros/jazzy/opt/gz_transport_vendor:/opt/ros/jazzy/opt/gz_rendering_vendor:/opt/ros/jazzy/opt/gz_plugin_vendor:/opt/ros/jazzy/opt/gz_fuel_tools_vendor:/opt/ros/jazzy/opt/gz_msgs_vendor:/opt/ros/jazzy/opt/gz_common_vendor:/opt/ros/jazzy/opt/gz_math_vendor:/opt/ros/jazzy/opt/gz_utils_vendor:/opt/ros/jazzy/opt/gz_tools_vendor:/opt/ros/jazzy/opt/gz_ogre_next_vendor:/opt/ros/jazzy/opt/gz_dartsim_vendor:/opt/ros/jazzy/opt/gz_cmake_vendor:/home/mvibot/floorCleaningRobot_ws/install/opennav_coverage_demo:/opt/ros/jazzy DEBUGINFOD_URLS=https://debuginfod.ubuntu.com LD_LIBRARY_PATH=/home/mvibot/floorCleaningRobot_ws/install/realsense2_camera_msgs/lib:/home/mvibot/floorCleaningRobot_ws/install/tf2_web_republisher/lib:/home/mvibot/floorCleaningRobot_ws/install/tf2_web_republisher_interfaces/lib:/home/mvibot/floorCleaningRobot_ws/install/realsense2_camera/lib:/home/mvibot/floorCleaningRobot_ws/install/pointcloud_to_laserscan/lib:/home/mvibot/floorCleaningRobot_ws/install/opennav_row_coverage/lib:/home/mvibot/floorCleaningRobot_ws/install/opennav_coverage_navigator/lib:/home/mvibot/floorCleaningRobot_ws/install/opennav_coverage_bt/lib:/home/mvibot/floorCleaningRobot_ws/install/opennav_coverage/lib:/home/mvibot/floorCleaningRobot_ws/install/opennav_coverage_msgs/lib:/home/mvibot/floorCleaningRobot_ws/install/fields2cover/lib:/opt/ros/jazzy/opt/gz_sim_vendor/lib:/opt/ros/jazzy/opt/gz_sensors_vendor/lib:/opt/ros/jazzy/opt/gz_physics_vendor/lib:/opt/ros/jazzy/opt/sdformat_vendor/lib:/opt/ros/jazzy/opt/rviz_ogre_vendor/lib:/opt/ros/jazzy/lib/x86_64-linux-gnu:/opt/ros/jazzy/opt/gz_gui_vendor/lib:/opt/ros/jazzy/opt/gz_transport_vendor/lib:/opt/ros/jazzy/opt/gz_rendering_vendor/lib:/opt/ros/jazzy/opt/gz_plugin_vendor/lib:/opt/ros/jazzy/opt/gz_fuel_tools_vendor/lib:/opt/ros/jazzy/opt/gz_msgs_vendor/lib:/opt/ros/jazzy/opt/gz_common_vendor/lib:/opt/ros/jazzy/opt/gz_math_vendor/lib:/opt/ros/jazzy/opt/gz_utils_vendor/lib:/opt/ros/jazzy/opt/gz_tools_vendor/lib:/opt/ros/jazzy/opt/gz_ogre_next_vendor/lib:/opt/ros/jazzy/opt/gz_dartsim_vendor/lib:/opt/ros/jazzy/opt/gz_cmake_vendor/lib:/opt/ros/jazzy/lib PYTHONPATH=/home/mvibot/floorCleaningRobot_ws/install/realsense2_camera_msgs/lib/python3.12/site-packages:/home/mvibot/floorCleaningRobot_ws/install/tf2_web_republisher_interfaces/lib/python3.12/site-packages:/home/mvibot/floorCleaningRobot_ws/build/opennav_coverage_demo:/home/mvibot/floorCleaningRobot_ws/install/opennav_coverage_demo/lib/python3.12/site-packages:/home/mvibot/floorCleaningRobot_ws/install/opennav_coverage_msgs/lib/python3.12/site-packages:/opt/ros/jazzy/lib/python3.12/site-packages /usr/bin/cmake --install /home/mvibot/floorCleaningRobot_ws/build/realsense2_description
[108.749s] INFO:colcon.colcon_core.shell:Creating environment descriptor '/home/mvibot/floorCleaningRobot_ws/install/realsense2_description/share/realsense2_description/hook/cmake_prefix_path.dsv'
[108.749s] INFO:colcon.colcon_core.shell:Creating environment hook '/home/mvibot/floorCleaningRobot_ws/install/realsense2_description/share/realsense2_description/hook/cmake_prefix_path.sh'
[108.750s] Level 1:colcon.colcon_core.environment:checking '/home/mvibot/floorCleaningRobot_ws/install/realsense2_description/bin'
[108.750s] Level 1:colcon.colcon_core.environment:checking '/home/mvibot/floorCleaningRobot_ws/install/realsense2_description/lib/pkgconfig/realsense2_description.pc'
[108.751s] Level 1:colcon.colcon_core.environment:checking '/home/mvibot/floorCleaningRobot_ws/install/realsense2_description/lib/python3.12/site-packages'
[108.752s] Level 1:colcon.colcon_core.environment:checking '/home/mvibot/floorCleaningRobot_ws/install/realsense2_description/bin'
[108.752s] INFO:colcon.colcon_core.shell:Creating package script '/home/mvibot/floorCleaningRobot_ws/install/realsense2_description/share/realsense2_description/package.ps1'
[108.753s] INFO:colcon.colcon_core.shell:Creating package descriptor '/home/mvibot/floorCleaningRobot_ws/install/realsense2_description/share/realsense2_description/package.dsv'
[108.755s] INFO:colcon.colcon_core.shell:Creating package script '/home/mvibot/floorCleaningRobot_ws/install/realsense2_description/share/realsense2_description/package.sh'
[108.755s] INFO:colcon.colcon_core.shell:Creating package script '/home/mvibot/floorCleaningRobot_ws/install/realsense2_description/share/realsense2_description/package.bash'
[108.756s] INFO:colcon.colcon_core.shell:Creating package script '/home/mvibot/floorCleaningRobot_ws/install/realsense2_description/share/realsense2_description/package.zsh'
[108.756s] Level 1:colcon.colcon_core.environment:create_file_with_runtime_dependencies(/home/mvibot/floorCleaningRobot_ws/install/realsense2_description/share/colcon-core/packages/realsense2_description)
[108.759s] Level 1:colcon.colcon_core.environment:create_environment_scripts_only(realsense2_description)
[108.759s] Level 1:colcon.colcon_core.environment:checking '/home/mvibot/floorCleaningRobot_ws/install/realsense2_description' for CMake module files
[108.760s] Level 1:colcon.colcon_core.environment:checking '/home/mvibot/floorCleaningRobot_ws/install/realsense2_description' for CMake config files
[108.764s] Level 1:colcon.colcon_core.shell:create_environment_hook('realsense2_description', 'cmake_prefix_path')
[108.765s] INFO:colcon.colcon_core.shell:Creating environment hook '/home/mvibot/floorCleaningRobot_ws/install/realsense2_description/share/realsense2_description/hook/cmake_prefix_path.ps1'
[108.767s] INFO:colcon.colcon_core.shell:Creating environment descriptor '/home/mvibot/floorCleaningRobot_ws/install/realsense2_description/share/realsense2_description/hook/cmake_prefix_path.dsv'
[108.767s] INFO:colcon.colcon_core.shell:Creating environment hook '/home/mvibot/floorCleaningRobot_ws/install/realsense2_description/share/realsense2_description/hook/cmake_prefix_path.sh'
[108.769s] Level 1:colcon.colcon_core.environment:checking '/home/mvibot/floorCleaningRobot_ws/install/realsense2_description/bin'
[108.769s] Level 1:colcon.colcon_core.environment:checking '/home/mvibot/floorCleaningRobot_ws/install/realsense2_description/lib/pkgconfig/realsense2_description.pc'
[108.769s] Level 1:colcon.colcon_core.environment:checking '/home/mvibot/floorCleaningRobot_ws/install/realsense2_description/lib/python3.12/site-packages'
[108.770s] Level 1:colcon.colcon_core.environment:checking '/home/mvibot/floorCleaningRobot_ws/install/realsense2_description/bin'
[108.771s] INFO:colcon.colcon_core.shell:Creating package script '/home/mvibot/floorCleaningRobot_ws/install/realsense2_description/share/realsense2_description/package.ps1'
[108.776s] INFO:colcon.colcon_core.shell:Creating package descriptor '/home/mvibot/floorCleaningRobot_ws/install/realsense2_description/share/realsense2_description/package.dsv'
[108.777s] INFO:colcon.colcon_core.shell:Creating package script '/home/mvibot/floorCleaningRobot_ws/install/realsense2_description/share/realsense2_description/package.sh'
[108.778s] INFO:colcon.colcon_core.shell:Creating package script '/home/mvibot/floorCleaningRobot_ws/install/realsense2_description/share/realsense2_description/package.bash'
[108.779s] INFO:colcon.colcon_core.shell:Creating package script '/home/mvibot/floorCleaningRobot_ws/install/realsense2_description/share/realsense2_description/package.zsh'
[108.780s] Level 1:colcon.colcon_core.environment:create_file_with_runtime_dependencies(/home/mvibot/floorCleaningRobot_ws/install/realsense2_description/share/colcon-core/packages/realsense2_description)
[113.602s] DEBUG:colcon.colcon_core.event_handler.log_command:Invoked command in '/home/mvibot/floorCleaningRobot_ws/build/opennav_coverage_bt' returned '0': CMAKE_PREFIX_PATH=/home/mvibot/floorCleaningRobot_ws/install/opennav_coverage_msgs:/home/mvibot/floorCleaningRobot_ws/install/tf2_web_republisher:/home/mvibot/floorCleaningRobot_ws/install/tf2_web_republisher_interfaces:/home/mvibot/floorCleaningRobot_ws/install/sllidar_ros2:/home/mvibot/floorCleaningRobot_ws/install/realsense2_description:/home/mvibot/floorCleaningRobot_ws/install/realsense2_camera:/home/mvibot/floorCleaningRobot_ws/install/realsense2_camera_msgs:/home/mvibot/floorCleaningRobot_ws/install/pointcloud_to_laserscan:/home/mvibot/floorCleaningRobot_ws/install/opennav_row_coverage:/home/mvibot/floorCleaningRobot_ws/install/opennav_coverage_navigator:/home/mvibot/floorCleaningRobot_ws/install/opennav_coverage_bt:/home/mvibot/floorCleaningRobot_ws/install/opennav_coverage:/home/mvibot/floorCleaningRobot_ws/install/mission_layer_mvibot:/home/mvibot/floorCleaningRobot_ws/install/lower_layer_mvibot:/home/mvibot/floorCleaningRobot_ws/install/ira_laser_tools:/home/mvibot/floorCleaningRobot_ws/install/higher_layer_mvibot:/home/mvibot/floorCleaningRobot_ws/install/fields2cover:/opt/ros/jazzy/opt/gz_sim_vendor:/opt/ros/jazzy/opt/gz_sensors_vendor:/opt/ros/jazzy/opt/gz_physics_vendor:/opt/ros/jazzy/opt/sdformat_vendor:/opt/ros/jazzy/opt/gz_gui_vendor:/opt/ros/jazzy/opt/gz_transport_vendor:/opt/ros/jazzy/opt/gz_rendering_vendor:/opt/ros/jazzy/opt/gz_plugin_vendor:/opt/ros/jazzy/opt/gz_fuel_tools_vendor:/opt/ros/jazzy/opt/gz_msgs_vendor:/opt/ros/jazzy/opt/gz_common_vendor:/opt/ros/jazzy/opt/gz_math_vendor:/opt/ros/jazzy/opt/gz_utils_vendor:/opt/ros/jazzy/opt/gz_tools_vendor:/opt/ros/jazzy/opt/gz_ogre_next_vendor:/opt/ros/jazzy/opt/gz_dartsim_vendor:/opt/ros/jazzy/opt/gz_cmake_vendor:/home/mvibot/floorCleaningRobot_ws/install/opennav_coverage_demo:/opt/ros/jazzy DEBUGINFOD_URLS=https://debuginfod.ubuntu.com LD_LIBRARY_PATH=/home/mvibot/floorCleaningRobot_ws/install/opennav_coverage_msgs/lib:/home/mvibot/floorCleaningRobot_ws/install/tf2_web_republisher/lib:/home/mvibot/floorCleaningRobot_ws/install/tf2_web_republisher_interfaces/lib:/home/mvibot/floorCleaningRobot_ws/install/realsense2_camera/lib:/home/mvibot/floorCleaningRobot_ws/install/realsense2_camera_msgs/lib:/home/mvibot/floorCleaningRobot_ws/install/pointcloud_to_laserscan/lib:/home/mvibot/floorCleaningRobot_ws/install/opennav_row_coverage/lib:/home/mvibot/floorCleaningRobot_ws/install/opennav_coverage_navigator/lib:/home/mvibot/floorCleaningRobot_ws/install/opennav_coverage_bt/lib:/home/mvibot/floorCleaningRobot_ws/install/opennav_coverage/lib:/home/mvibot/floorCleaningRobot_ws/install/fields2cover/lib:/opt/ros/jazzy/opt/gz_sim_vendor/lib:/opt/ros/jazzy/opt/gz_sensors_vendor/lib:/opt/ros/jazzy/opt/gz_physics_vendor/lib:/opt/ros/jazzy/opt/sdformat_vendor/lib:/opt/ros/jazzy/opt/rviz_ogre_vendor/lib:/opt/ros/jazzy/lib/x86_64-linux-gnu:/opt/ros/jazzy/opt/gz_gui_vendor/lib:/opt/ros/jazzy/opt/gz_transport_vendor/lib:/opt/ros/jazzy/opt/gz_rendering_vendor/lib:/opt/ros/jazzy/opt/gz_plugin_vendor/lib:/opt/ros/jazzy/opt/gz_fuel_tools_vendor/lib:/opt/ros/jazzy/opt/gz_msgs_vendor/lib:/opt/ros/jazzy/opt/gz_common_vendor/lib:/opt/ros/jazzy/opt/gz_math_vendor/lib:/opt/ros/jazzy/opt/gz_utils_vendor/lib:/opt/ros/jazzy/opt/gz_tools_vendor/lib:/opt/ros/jazzy/opt/gz_ogre_next_vendor/lib:/opt/ros/jazzy/opt/gz_dartsim_vendor/lib:/opt/ros/jazzy/opt/gz_cmake_vendor/lib:/opt/ros/jazzy/lib PYTHONPATH=/home/mvibot/floorCleaningRobot_ws/install/opennav_coverage_msgs/lib/python3.12/site-packages:/home/mvibot/floorCleaningRobot_ws/install/tf2_web_republisher_interfaces/lib/python3.12/site-packages:/home/mvibot/floorCleaningRobot_ws/install/realsense2_camera_msgs/lib/python3.12/site-packages:/home/mvibot/floorCleaningRobot_ws/build/opennav_coverage_demo:/home/mvibot/floorCleaningRobot_ws/install/opennav_coverage_demo/lib/python3.12/site-packages:/opt/ros/jazzy/lib/python3.12/site-packages /usr/bin/cmake /home/mvibot/floorCleaningRobot_ws/src/opennav_coverage/opennav_coverage_bt -DCMAKE_BUILD_TYPE=Release -DAMENT_CMAKE_SYMLINK_INSTALL=1 -DCMAKE_INSTALL_PREFIX=/home/mvibot/floorCleaningRobot_ws/install/opennav_coverage_bt
[113.716s] DEBUG:colcon.colcon_core.event_handler.log_command:Invoking command in '/home/mvibot/floorCleaningRobot_ws/build/opennav_coverage_bt': CMAKE_PREFIX_PATH=/home/mvibot/floorCleaningRobot_ws/install/opennav_coverage_msgs:/home/mvibot/floorCleaningRobot_ws/install/tf2_web_republisher:/home/mvibot/floorCleaningRobot_ws/install/tf2_web_republisher_interfaces:/home/mvibot/floorCleaningRobot_ws/install/sllidar_ros2:/home/mvibot/floorCleaningRobot_ws/install/realsense2_description:/home/mvibot/floorCleaningRobot_ws/install/realsense2_camera:/home/mvibot/floorCleaningRobot_ws/install/realsense2_camera_msgs:/home/mvibot/floorCleaningRobot_ws/install/pointcloud_to_laserscan:/home/mvibot/floorCleaningRobot_ws/install/opennav_row_coverage:/home/mvibot/floorCleaningRobot_ws/install/opennav_coverage_navigator:/home/mvibot/floorCleaningRobot_ws/install/opennav_coverage_bt:/home/mvibot/floorCleaningRobot_ws/install/opennav_coverage:/home/mvibot/floorCleaningRobot_ws/install/mission_layer_mvibot:/home/mvibot/floorCleaningRobot_ws/install/lower_layer_mvibot:/home/mvibot/floorCleaningRobot_ws/install/ira_laser_tools:/home/mvibot/floorCleaningRobot_ws/install/higher_layer_mvibot:/home/mvibot/floorCleaningRobot_ws/install/fields2cover:/opt/ros/jazzy/opt/gz_sim_vendor:/opt/ros/jazzy/opt/gz_sensors_vendor:/opt/ros/jazzy/opt/gz_physics_vendor:/opt/ros/jazzy/opt/sdformat_vendor:/opt/ros/jazzy/opt/gz_gui_vendor:/opt/ros/jazzy/opt/gz_transport_vendor:/opt/ros/jazzy/opt/gz_rendering_vendor:/opt/ros/jazzy/opt/gz_plugin_vendor:/opt/ros/jazzy/opt/gz_fuel_tools_vendor:/opt/ros/jazzy/opt/gz_msgs_vendor:/opt/ros/jazzy/opt/gz_common_vendor:/opt/ros/jazzy/opt/gz_math_vendor:/opt/ros/jazzy/opt/gz_utils_vendor:/opt/ros/jazzy/opt/gz_tools_vendor:/opt/ros/jazzy/opt/gz_ogre_next_vendor:/opt/ros/jazzy/opt/gz_dartsim_vendor:/opt/ros/jazzy/opt/gz_cmake_vendor:/home/mvibot/floorCleaningRobot_ws/install/opennav_coverage_demo:/opt/ros/jazzy DEBUGINFOD_URLS=https://debuginfod.ubuntu.com LD_LIBRARY_PATH=/home/mvibot/floorCleaningRobot_ws/install/opennav_coverage_msgs/lib:/home/mvibot/floorCleaningRobot_ws/install/tf2_web_republisher/lib:/home/mvibot/floorCleaningRobot_ws/install/tf2_web_republisher_interfaces/lib:/home/mvibot/floorCleaningRobot_ws/install/realsense2_camera/lib:/home/mvibot/floorCleaningRobot_ws/install/realsense2_camera_msgs/lib:/home/mvibot/floorCleaningRobot_ws/install/pointcloud_to_laserscan/lib:/home/mvibot/floorCleaningRobot_ws/install/opennav_row_coverage/lib:/home/mvibot/floorCleaningRobot_ws/install/opennav_coverage_navigator/lib:/home/mvibot/floorCleaningRobot_ws/install/opennav_coverage_bt/lib:/home/mvibot/floorCleaningRobot_ws/install/opennav_coverage/lib:/home/mvibot/floorCleaningRobot_ws/install/fields2cover/lib:/opt/ros/jazzy/opt/gz_sim_vendor/lib:/opt/ros/jazzy/opt/gz_sensors_vendor/lib:/opt/ros/jazzy/opt/gz_physics_vendor/lib:/opt/ros/jazzy/opt/sdformat_vendor/lib:/opt/ros/jazzy/opt/rviz_ogre_vendor/lib:/opt/ros/jazzy/lib/x86_64-linux-gnu:/opt/ros/jazzy/opt/gz_gui_vendor/lib:/opt/ros/jazzy/opt/gz_transport_vendor/lib:/opt/ros/jazzy/opt/gz_rendering_vendor/lib:/opt/ros/jazzy/opt/gz_plugin_vendor/lib:/opt/ros/jazzy/opt/gz_fuel_tools_vendor/lib:/opt/ros/jazzy/opt/gz_msgs_vendor/lib:/opt/ros/jazzy/opt/gz_common_vendor/lib:/opt/ros/jazzy/opt/gz_math_vendor/lib:/opt/ros/jazzy/opt/gz_utils_vendor/lib:/opt/ros/jazzy/opt/gz_tools_vendor/lib:/opt/ros/jazzy/opt/gz_ogre_next_vendor/lib:/opt/ros/jazzy/opt/gz_dartsim_vendor/lib:/opt/ros/jazzy/opt/gz_cmake_vendor/lib:/opt/ros/jazzy/lib PYTHONPATH=/home/mvibot/floorCleaningRobot_ws/install/opennav_coverage_msgs/lib/python3.12/site-packages:/home/mvibot/floorCleaningRobot_ws/install/tf2_web_republisher_interfaces/lib/python3.12/site-packages:/home/mvibot/floorCleaningRobot_ws/install/realsense2_camera_msgs/lib/python3.12/site-packages:/home/mvibot/floorCleaningRobot_ws/build/opennav_coverage_demo:/home/mvibot/floorCleaningRobot_ws/install/opennav_coverage_demo/lib/python3.12/site-packages:/opt/ros/jazzy/lib/python3.12/site-packages /usr/bin/cmake --build /home/mvibot/floorCleaningRobot_ws/build/opennav_coverage_bt -- -j8 -l8
[113.716s] DEBUG:colcon.colcon_core.event_handler.log_command:Invoked command in '/home/mvibot/floorCleaningRobot_ws/build/mission_layer_mvibot' returned '0': CMAKE_PREFIX_PATH=/home/mvibot/floorCleaningRobot_ws/install/opennav_coverage_msgs:/home/mvibot/floorCleaningRobot_ws/install/tf2_web_republisher:/home/mvibot/floorCleaningRobot_ws/install/tf2_web_republisher_interfaces:/home/mvibot/floorCleaningRobot_ws/install/sllidar_ros2:/home/mvibot/floorCleaningRobot_ws/install/realsense2_description:/home/mvibot/floorCleaningRobot_ws/install/realsense2_camera:/home/mvibot/floorCleaningRobot_ws/install/realsense2_camera_msgs:/home/mvibot/floorCleaningRobot_ws/install/pointcloud_to_laserscan:/home/mvibot/floorCleaningRobot_ws/install/opennav_row_coverage:/home/mvibot/floorCleaningRobot_ws/install/opennav_coverage_navigator:/home/mvibot/floorCleaningRobot_ws/install/opennav_coverage_bt:/home/mvibot/floorCleaningRobot_ws/install/opennav_coverage:/home/mvibot/floorCleaningRobot_ws/install/mission_layer_mvibot:/home/mvibot/floorCleaningRobot_ws/install/lower_layer_mvibot:/home/mvibot/floorCleaningRobot_ws/install/ira_laser_tools:/home/mvibot/floorCleaningRobot_ws/install/higher_layer_mvibot:/home/mvibot/floorCleaningRobot_ws/install/fields2cover:/opt/ros/jazzy/opt/gz_sim_vendor:/opt/ros/jazzy/opt/gz_sensors_vendor:/opt/ros/jazzy/opt/gz_physics_vendor:/opt/ros/jazzy/opt/sdformat_vendor:/opt/ros/jazzy/opt/gz_gui_vendor:/opt/ros/jazzy/opt/gz_transport_vendor:/opt/ros/jazzy/opt/gz_rendering_vendor:/opt/ros/jazzy/opt/gz_plugin_vendor:/opt/ros/jazzy/opt/gz_fuel_tools_vendor:/opt/ros/jazzy/opt/gz_msgs_vendor:/opt/ros/jazzy/opt/gz_common_vendor:/opt/ros/jazzy/opt/gz_math_vendor:/opt/ros/jazzy/opt/gz_utils_vendor:/opt/ros/jazzy/opt/gz_tools_vendor:/opt/ros/jazzy/opt/gz_ogre_next_vendor:/opt/ros/jazzy/opt/gz_dartsim_vendor:/opt/ros/jazzy/opt/gz_cmake_vendor:/home/mvibot/floorCleaningRobot_ws/install/opennav_coverage_demo:/opt/ros/jazzy DEBUGINFOD_URLS=https://debuginfod.ubuntu.com LD_LIBRARY_PATH=/home/mvibot/floorCleaningRobot_ws/install/opennav_coverage_msgs/lib:/home/mvibot/floorCleaningRobot_ws/install/tf2_web_republisher/lib:/home/mvibot/floorCleaningRobot_ws/install/tf2_web_republisher_interfaces/lib:/home/mvibot/floorCleaningRobot_ws/install/realsense2_camera/lib:/home/mvibot/floorCleaningRobot_ws/install/realsense2_camera_msgs/lib:/home/mvibot/floorCleaningRobot_ws/install/pointcloud_to_laserscan/lib:/home/mvibot/floorCleaningRobot_ws/install/opennav_row_coverage/lib:/home/mvibot/floorCleaningRobot_ws/install/opennav_coverage_navigator/lib:/home/mvibot/floorCleaningRobot_ws/install/opennav_coverage_bt/lib:/home/mvibot/floorCleaningRobot_ws/install/opennav_coverage/lib:/home/mvibot/floorCleaningRobot_ws/install/fields2cover/lib:/opt/ros/jazzy/opt/gz_sim_vendor/lib:/opt/ros/jazzy/opt/gz_sensors_vendor/lib:/opt/ros/jazzy/opt/gz_physics_vendor/lib:/opt/ros/jazzy/opt/sdformat_vendor/lib:/opt/ros/jazzy/opt/rviz_ogre_vendor/lib:/opt/ros/jazzy/lib/x86_64-linux-gnu:/opt/ros/jazzy/opt/gz_gui_vendor/lib:/opt/ros/jazzy/opt/gz_transport_vendor/lib:/opt/ros/jazzy/opt/gz_rendering_vendor/lib:/opt/ros/jazzy/opt/gz_plugin_vendor/lib:/opt/ros/jazzy/opt/gz_fuel_tools_vendor/lib:/opt/ros/jazzy/opt/gz_msgs_vendor/lib:/opt/ros/jazzy/opt/gz_common_vendor/lib:/opt/ros/jazzy/opt/gz_math_vendor/lib:/opt/ros/jazzy/opt/gz_utils_vendor/lib:/opt/ros/jazzy/opt/gz_tools_vendor/lib:/opt/ros/jazzy/opt/gz_ogre_next_vendor/lib:/opt/ros/jazzy/opt/gz_dartsim_vendor/lib:/opt/ros/jazzy/opt/gz_cmake_vendor/lib:/opt/ros/jazzy/lib PYTHONPATH=/home/mvibot/floorCleaningRobot_ws/install/opennav_coverage_msgs/lib/python3.12/site-packages:/home/mvibot/floorCleaningRobot_ws/install/tf2_web_republisher_interfaces/lib/python3.12/site-packages:/home/mvibot/floorCleaningRobot_ws/install/realsense2_camera_msgs/lib/python3.12/site-packages:/home/mvibot/floorCleaningRobot_ws/build/opennav_coverage_demo:/home/mvibot/floorCleaningRobot_ws/install/opennav_coverage_demo/lib/python3.12/site-packages:/opt/ros/jazzy/lib/python3.12/site-packages /usr/bin/cmake /home/mvibot/floorCleaningRobot_ws/src/mission_layer_mvibot -DCMAKE_BUILD_TYPE=Release -DAMENT_CMAKE_SYMLINK_INSTALL=1 -DCMAKE_INSTALL_PREFIX=/home/mvibot/floorCleaningRobot_ws/install/mission_layer_mvibot
[113.717s] DEBUG:colcon.colcon_core.event_handler.log_command:Invoking command in '/home/mvibot/floorCleaningRobot_ws/build/mission_layer_mvibot': CMAKE_PREFIX_PATH=/home/mvibot/floorCleaningRobot_ws/install/opennav_coverage_msgs:/home/mvibot/floorCleaningRobot_ws/install/tf2_web_republisher:/home/mvibot/floorCleaningRobot_ws/install/tf2_web_republisher_interfaces:/home/mvibot/floorCleaningRobot_ws/install/sllidar_ros2:/home/mvibot/floorCleaningRobot_ws/install/realsense2_description:/home/mvibot/floorCleaningRobot_ws/install/realsense2_camera:/home/mvibot/floorCleaningRobot_ws/install/realsense2_camera_msgs:/home/mvibot/floorCleaningRobot_ws/install/pointcloud_to_laserscan:/home/mvibot/floorCleaningRobot_ws/install/opennav_row_coverage:/home/mvibot/floorCleaningRobot_ws/install/opennav_coverage_navigator:/home/mvibot/floorCleaningRobot_ws/install/opennav_coverage_bt:/home/mvibot/floorCleaningRobot_ws/install/opennav_coverage:/home/mvibot/floorCleaningRobot_ws/install/mission_layer_mvibot:/home/mvibot/floorCleaningRobot_ws/install/lower_layer_mvibot:/home/mvibot/floorCleaningRobot_ws/install/ira_laser_tools:/home/mvibot/floorCleaningRobot_ws/install/higher_layer_mvibot:/home/mvibot/floorCleaningRobot_ws/install/fields2cover:/opt/ros/jazzy/opt/gz_sim_vendor:/opt/ros/jazzy/opt/gz_sensors_vendor:/opt/ros/jazzy/opt/gz_physics_vendor:/opt/ros/jazzy/opt/sdformat_vendor:/opt/ros/jazzy/opt/gz_gui_vendor:/opt/ros/jazzy/opt/gz_transport_vendor:/opt/ros/jazzy/opt/gz_rendering_vendor:/opt/ros/jazzy/opt/gz_plugin_vendor:/opt/ros/jazzy/opt/gz_fuel_tools_vendor:/opt/ros/jazzy/opt/gz_msgs_vendor:/opt/ros/jazzy/opt/gz_common_vendor:/opt/ros/jazzy/opt/gz_math_vendor:/opt/ros/jazzy/opt/gz_utils_vendor:/opt/ros/jazzy/opt/gz_tools_vendor:/opt/ros/jazzy/opt/gz_ogre_next_vendor:/opt/ros/jazzy/opt/gz_dartsim_vendor:/opt/ros/jazzy/opt/gz_cmake_vendor:/home/mvibot/floorCleaningRobot_ws/install/opennav_coverage_demo:/opt/ros/jazzy DEBUGINFOD_URLS=https://debuginfod.ubuntu.com LD_LIBRARY_PATH=/home/mvibot/floorCleaningRobot_ws/install/opennav_coverage_msgs/lib:/home/mvibot/floorCleaningRobot_ws/install/tf2_web_republisher/lib:/home/mvibot/floorCleaningRobot_ws/install/tf2_web_republisher_interfaces/lib:/home/mvibot/floorCleaningRobot_ws/install/realsense2_camera/lib:/home/mvibot/floorCleaningRobot_ws/install/realsense2_camera_msgs/lib:/home/mvibot/floorCleaningRobot_ws/install/pointcloud_to_laserscan/lib:/home/mvibot/floorCleaningRobot_ws/install/opennav_row_coverage/lib:/home/mvibot/floorCleaningRobot_ws/install/opennav_coverage_navigator/lib:/home/mvibot/floorCleaningRobot_ws/install/opennav_coverage_bt/lib:/home/mvibot/floorCleaningRobot_ws/install/opennav_coverage/lib:/home/mvibot/floorCleaningRobot_ws/install/fields2cover/lib:/opt/ros/jazzy/opt/gz_sim_vendor/lib:/opt/ros/jazzy/opt/gz_sensors_vendor/lib:/opt/ros/jazzy/opt/gz_physics_vendor/lib:/opt/ros/jazzy/opt/sdformat_vendor/lib:/opt/ros/jazzy/opt/rviz_ogre_vendor/lib:/opt/ros/jazzy/lib/x86_64-linux-gnu:/opt/ros/jazzy/opt/gz_gui_vendor/lib:/opt/ros/jazzy/opt/gz_transport_vendor/lib:/opt/ros/jazzy/opt/gz_rendering_vendor/lib:/opt/ros/jazzy/opt/gz_plugin_vendor/lib:/opt/ros/jazzy/opt/gz_fuel_tools_vendor/lib:/opt/ros/jazzy/opt/gz_msgs_vendor/lib:/opt/ros/jazzy/opt/gz_common_vendor/lib:/opt/ros/jazzy/opt/gz_math_vendor/lib:/opt/ros/jazzy/opt/gz_utils_vendor/lib:/opt/ros/jazzy/opt/gz_tools_vendor/lib:/opt/ros/jazzy/opt/gz_ogre_next_vendor/lib:/opt/ros/jazzy/opt/gz_dartsim_vendor/lib:/opt/ros/jazzy/opt/gz_cmake_vendor/lib:/opt/ros/jazzy/lib PYTHONPATH=/home/mvibot/floorCleaningRobot_ws/install/opennav_coverage_msgs/lib/python3.12/site-packages:/home/mvibot/floorCleaningRobot_ws/install/tf2_web_republisher_interfaces/lib/python3.12/site-packages:/home/mvibot/floorCleaningRobot_ws/install/realsense2_camera_msgs/lib/python3.12/site-packages:/home/mvibot/floorCleaningRobot_ws/build/opennav_coverage_demo:/home/mvibot/floorCleaningRobot_ws/install/opennav_coverage_demo/lib/python3.12/site-packages:/opt/ros/jazzy/lib/python3.12/site-packages /usr/bin/cmake --build /home/mvibot/floorCleaningRobot_ws/build/mission_layer_mvibot -- -j8 -l8
[115.933s] DEBUG:colcon.colcon_core.event_handler.log_command:Invoked command in '/home/mvibot/floorCleaningRobot_ws/build/realsense2_camera' returned '0': CMAKE_PREFIX_PATH=/home/mvibot/floorCleaningRobot_ws/install/realsense2_camera_msgs:/home/mvibot/floorCleaningRobot_ws/install/tf2_web_republisher:/home/mvibot/floorCleaningRobot_ws/install/tf2_web_republisher_interfaces:/home/mvibot/floorCleaningRobot_ws/install/sllidar_ros2:/home/mvibot/floorCleaningRobot_ws/install/realsense2_description:/home/mvibot/floorCleaningRobot_ws/install/realsense2_camera:/home/mvibot/floorCleaningRobot_ws/install/pointcloud_to_laserscan:/home/mvibot/floorCleaningRobot_ws/install/opennav_row_coverage:/home/mvibot/floorCleaningRobot_ws/install/opennav_coverage_navigator:/home/mvibot/floorCleaningRobot_ws/install/opennav_coverage_bt:/home/mvibot/floorCleaningRobot_ws/install/opennav_coverage:/home/mvibot/floorCleaningRobot_ws/install/mission_layer_mvibot:/home/mvibot/floorCleaningRobot_ws/install/opennav_coverage_msgs:/home/mvibot/floorCleaningRobot_ws/install/lower_layer_mvibot:/home/mvibot/floorCleaningRobot_ws/install/ira_laser_tools:/home/mvibot/floorCleaningRobot_ws/install/higher_layer_mvibot:/home/mvibot/floorCleaningRobot_ws/install/fields2cover:/opt/ros/jazzy/opt/gz_sim_vendor:/opt/ros/jazzy/opt/gz_sensors_vendor:/opt/ros/jazzy/opt/gz_physics_vendor:/opt/ros/jazzy/opt/sdformat_vendor:/opt/ros/jazzy/opt/gz_gui_vendor:/opt/ros/jazzy/opt/gz_transport_vendor:/opt/ros/jazzy/opt/gz_rendering_vendor:/opt/ros/jazzy/opt/gz_plugin_vendor:/opt/ros/jazzy/opt/gz_fuel_tools_vendor:/opt/ros/jazzy/opt/gz_msgs_vendor:/opt/ros/jazzy/opt/gz_common_vendor:/opt/ros/jazzy/opt/gz_math_vendor:/opt/ros/jazzy/opt/gz_utils_vendor:/opt/ros/jazzy/opt/gz_tools_vendor:/opt/ros/jazzy/opt/gz_ogre_next_vendor:/opt/ros/jazzy/opt/gz_dartsim_vendor:/opt/ros/jazzy/opt/gz_cmake_vendor:/home/mvibot/floorCleaningRobot_ws/install/opennav_coverage_demo:/opt/ros/jazzy DEBUGINFOD_URLS=https://debuginfod.ubuntu.com LD_LIBRARY_PATH=/home/mvibot/floorCleaningRobot_ws/install/realsense2_camera_msgs/lib:/home/mvibot/floorCleaningRobot_ws/install/tf2_web_republisher/lib:/home/mvibot/floorCleaningRobot_ws/install/tf2_web_republisher_interfaces/lib:/home/mvibot/floorCleaningRobot_ws/install/realsense2_camera/lib:/home/mvibot/floorCleaningRobot_ws/install/pointcloud_to_laserscan/lib:/home/mvibot/floorCleaningRobot_ws/install/opennav_row_coverage/lib:/home/mvibot/floorCleaningRobot_ws/install/opennav_coverage_navigator/lib:/home/mvibot/floorCleaningRobot_ws/install/opennav_coverage_bt/lib:/home/mvibot/floorCleaningRobot_ws/install/opennav_coverage/lib:/home/mvibot/floorCleaningRobot_ws/install/opennav_coverage_msgs/lib:/home/mvibot/floorCleaningRobot_ws/install/fields2cover/lib:/opt/ros/jazzy/opt/gz_sim_vendor/lib:/opt/ros/jazzy/opt/gz_sensors_vendor/lib:/opt/ros/jazzy/opt/gz_physics_vendor/lib:/opt/ros/jazzy/opt/sdformat_vendor/lib:/opt/ros/jazzy/opt/rviz_ogre_vendor/lib:/opt/ros/jazzy/lib/x86_64-linux-gnu:/opt/ros/jazzy/opt/gz_gui_vendor/lib:/opt/ros/jazzy/opt/gz_transport_vendor/lib:/opt/ros/jazzy/opt/gz_rendering_vendor/lib:/opt/ros/jazzy/opt/gz_plugin_vendor/lib:/opt/ros/jazzy/opt/gz_fuel_tools_vendor/lib:/opt/ros/jazzy/opt/gz_msgs_vendor/lib:/opt/ros/jazzy/opt/gz_common_vendor/lib:/opt/ros/jazzy/opt/gz_math_vendor/lib:/opt/ros/jazzy/opt/gz_utils_vendor/lib:/opt/ros/jazzy/opt/gz_tools_vendor/lib:/opt/ros/jazzy/opt/gz_ogre_next_vendor/lib:/opt/ros/jazzy/opt/gz_dartsim_vendor/lib:/opt/ros/jazzy/opt/gz_cmake_vendor/lib:/opt/ros/jazzy/lib PYTHONPATH=/home/mvibot/floorCleaningRobot_ws/install/realsense2_camera_msgs/lib/python3.12/site-packages:/home/mvibot/floorCleaningRobot_ws/install/tf2_web_republisher_interfaces/lib/python3.12/site-packages:/home/mvibot/floorCleaningRobot_ws/build/opennav_coverage_demo:/home/mvibot/floorCleaningRobot_ws/install/opennav_coverage_demo/lib/python3.12/site-packages:/home/mvibot/floorCleaningRobot_ws/install/opennav_coverage_msgs/lib/python3.12/site-packages:/opt/ros/jazzy/lib/python3.12/site-packages /usr/bin/cmake /home/mvibot/floorCleaningRobot_ws/src/realsense-ros/realsense2_camera -DCMAKE_BUILD_TYPE=Release -DAMENT_CMAKE_SYMLINK_INSTALL=1 -DCMAKE_INSTALL_PREFIX=/home/mvibot/floorCleaningRobot_ws/install/realsense2_camera
[115.934s] DEBUG:colcon.colcon_core.event_handler.log_command:Invoking command in '/home/mvibot/floorCleaningRobot_ws/build/realsense2_camera': CMAKE_PREFIX_PATH=/home/mvibot/floorCleaningRobot_ws/install/realsense2_camera_msgs:/home/mvibot/floorCleaningRobot_ws/install/tf2_web_republisher:/home/mvibot/floorCleaningRobot_ws/install/tf2_web_republisher_interfaces:/home/mvibot/floorCleaningRobot_ws/install/sllidar_ros2:/home/mvibot/floorCleaningRobot_ws/install/realsense2_description:/home/mvibot/floorCleaningRobot_ws/install/realsense2_camera:/home/mvibot/floorCleaningRobot_ws/install/pointcloud_to_laserscan:/home/mvibot/floorCleaningRobot_ws/install/opennav_row_coverage:/home/mvibot/floorCleaningRobot_ws/install/opennav_coverage_navigator:/home/mvibot/floorCleaningRobot_ws/install/opennav_coverage_bt:/home/mvibot/floorCleaningRobot_ws/install/opennav_coverage:/home/mvibot/floorCleaningRobot_ws/install/mission_layer_mvibot:/home/mvibot/floorCleaningRobot_ws/install/opennav_coverage_msgs:/home/mvibot/floorCleaningRobot_ws/install/lower_layer_mvibot:/home/mvibot/floorCleaningRobot_ws/install/ira_laser_tools:/home/mvibot/floorCleaningRobot_ws/install/higher_layer_mvibot:/home/mvibot/floorCleaningRobot_ws/install/fields2cover:/opt/ros/jazzy/opt/gz_sim_vendor:/opt/ros/jazzy/opt/gz_sensors_vendor:/opt/ros/jazzy/opt/gz_physics_vendor:/opt/ros/jazzy/opt/sdformat_vendor:/opt/ros/jazzy/opt/gz_gui_vendor:/opt/ros/jazzy/opt/gz_transport_vendor:/opt/ros/jazzy/opt/gz_rendering_vendor:/opt/ros/jazzy/opt/gz_plugin_vendor:/opt/ros/jazzy/opt/gz_fuel_tools_vendor:/opt/ros/jazzy/opt/gz_msgs_vendor:/opt/ros/jazzy/opt/gz_common_vendor:/opt/ros/jazzy/opt/gz_math_vendor:/opt/ros/jazzy/opt/gz_utils_vendor:/opt/ros/jazzy/opt/gz_tools_vendor:/opt/ros/jazzy/opt/gz_ogre_next_vendor:/opt/ros/jazzy/opt/gz_dartsim_vendor:/opt/ros/jazzy/opt/gz_cmake_vendor:/home/mvibot/floorCleaningRobot_ws/install/opennav_coverage_demo:/opt/ros/jazzy DEBUGINFOD_URLS=https://debuginfod.ubuntu.com LD_LIBRARY_PATH=/home/mvibot/floorCleaningRobot_ws/install/realsense2_camera_msgs/lib:/home/mvibot/floorCleaningRobot_ws/install/tf2_web_republisher/lib:/home/mvibot/floorCleaningRobot_ws/install/tf2_web_republisher_interfaces/lib:/home/mvibot/floorCleaningRobot_ws/install/realsense2_camera/lib:/home/mvibot/floorCleaningRobot_ws/install/pointcloud_to_laserscan/lib:/home/mvibot/floorCleaningRobot_ws/install/opennav_row_coverage/lib:/home/mvibot/floorCleaningRobot_ws/install/opennav_coverage_navigator/lib:/home/mvibot/floorCleaningRobot_ws/install/opennav_coverage_bt/lib:/home/mvibot/floorCleaningRobot_ws/install/opennav_coverage/lib:/home/mvibot/floorCleaningRobot_ws/install/opennav_coverage_msgs/lib:/home/mvibot/floorCleaningRobot_ws/install/fields2cover/lib:/opt/ros/jazzy/opt/gz_sim_vendor/lib:/opt/ros/jazzy/opt/gz_sensors_vendor/lib:/opt/ros/jazzy/opt/gz_physics_vendor/lib:/opt/ros/jazzy/opt/sdformat_vendor/lib:/opt/ros/jazzy/opt/rviz_ogre_vendor/lib:/opt/ros/jazzy/lib/x86_64-linux-gnu:/opt/ros/jazzy/opt/gz_gui_vendor/lib:/opt/ros/jazzy/opt/gz_transport_vendor/lib:/opt/ros/jazzy/opt/gz_rendering_vendor/lib:/opt/ros/jazzy/opt/gz_plugin_vendor/lib:/opt/ros/jazzy/opt/gz_fuel_tools_vendor/lib:/opt/ros/jazzy/opt/gz_msgs_vendor/lib:/opt/ros/jazzy/opt/gz_common_vendor/lib:/opt/ros/jazzy/opt/gz_math_vendor/lib:/opt/ros/jazzy/opt/gz_utils_vendor/lib:/opt/ros/jazzy/opt/gz_tools_vendor/lib:/opt/ros/jazzy/opt/gz_ogre_next_vendor/lib:/opt/ros/jazzy/opt/gz_dartsim_vendor/lib:/opt/ros/jazzy/opt/gz_cmake_vendor/lib:/opt/ros/jazzy/lib PYTHONPATH=/home/mvibot/floorCleaningRobot_ws/install/realsense2_camera_msgs/lib/python3.12/site-packages:/home/mvibot/floorCleaningRobot_ws/install/tf2_web_republisher_interfaces/lib/python3.12/site-packages:/home/mvibot/floorCleaningRobot_ws/build/opennav_coverage_demo:/home/mvibot/floorCleaningRobot_ws/install/opennav_coverage_demo/lib/python3.12/site-packages:/home/mvibot/floorCleaningRobot_ws/install/opennav_coverage_msgs/lib/python3.12/site-packages:/opt/ros/jazzy/lib/python3.12/site-packages /usr/bin/cmake --build /home/mvibot/floorCleaningRobot_ws/build/realsense2_camera -- -j8 -l8
[116.788s] DEBUG:colcon.colcon_core.event_handler.log_command:Invoked command in '/home/mvibot/floorCleaningRobot_ws/build/lower_layer_mvibot' returned '0': CMAKE_PREFIX_PATH=${CMAKE_PREFIX_PATH}:/home/mvibot/floorCleaningRobot_ws/install/opennav_coverage_demo:/opt/ros/jazzy DEBUGINFOD_URLS=https://debuginfod.ubuntu.com /usr/bin/cmake --build /home/mvibot/floorCleaningRobot_ws/build/lower_layer_mvibot -- -j8 -l8
[116.792s] DEBUG:colcon.colcon_core.event_handler.log_command:Invoking command in '/home/mvibot/floorCleaningRobot_ws/build/lower_layer_mvibot': CMAKE_PREFIX_PATH=${CMAKE_PREFIX_PATH}:/home/mvibot/floorCleaningRobot_ws/install/opennav_coverage_demo:/opt/ros/jazzy DEBUGINFOD_URLS=https://debuginfod.ubuntu.com /usr/bin/cmake --install /home/mvibot/floorCleaningRobot_ws/build/lower_layer_mvibot
[126.488s] DEBUG:colcon.colcon_core.event_handler.log_command:Invoked command in '/home/mvibot/floorCleaningRobot_ws/build/sllidar_ros2' returned '0': CMAKE_PREFIX_PATH=${CMAKE_PREFIX_PATH}:/home/mvibot/floorCleaningRobot_ws/install/opennav_coverage_demo:/opt/ros/jazzy DEBUGINFOD_URLS=https://debuginfod.ubuntu.com /usr/bin/cmake --build /home/mvibot/floorCleaningRobot_ws/build/sllidar_ros2 -- -j8 -l8
[126.489s] DEBUG:colcon.colcon_core.event_handler.log_command:Invoking command in '/home/mvibot/floorCleaningRobot_ws/build/sllidar_ros2': CMAKE_PREFIX_PATH=${CMAKE_PREFIX_PATH}:/home/mvibot/floorCleaningRobot_ws/install/opennav_coverage_demo:/opt/ros/jazzy DEBUGINFOD_URLS=https://debuginfod.ubuntu.com /usr/bin/cmake --install /home/mvibot/floorCleaningRobot_ws/build/sllidar_ros2
[126.490s] DEBUG:colcon.colcon_core.event_handler.log_command:Invoked command in '/home/mvibot/floorCleaningRobot_ws/build/lower_layer_mvibot' returned '0': CMAKE_PREFIX_PATH=${CMAKE_PREFIX_PATH}:/home/mvibot/floorCleaningRobot_ws/install/opennav_coverage_demo:/opt/ros/jazzy DEBUGINFOD_URLS=https://debuginfod.ubuntu.com /usr/bin/cmake --install /home/mvibot/floorCleaningRobot_ws/build/lower_layer_mvibot
[126.490s] Level 1:colcon.colcon_core.environment:create_environment_scripts_only(lower_layer_mvibot)
[126.491s] Level 1:colcon.colcon_core.environment:checking '/home/mvibot/floorCleaningRobot_ws/install/lower_layer_mvibot' for CMake module files
[126.492s] Level 1:colcon.colcon_core.environment:checking '/home/mvibot/floorCleaningRobot_ws/install/lower_layer_mvibot' for CMake config files
[126.493s] Level 1:colcon.colcon_core.shell:create_environment_hook('lower_layer_mvibot', 'cmake_prefix_path')
[126.493s] INFO:colcon.colcon_core.shell:Creating environment hook '/home/mvibot/floorCleaningRobot_ws/install/lower_layer_mvibot/share/lower_layer_mvibot/hook/cmake_prefix_path.ps1'
[126.494s] INFO:colcon.colcon_core.shell:Creating environment descriptor '/home/mvibot/floorCleaningRobot_ws/install/lower_layer_mvibot/share/lower_layer_mvibot/hook/cmake_prefix_path.dsv'
[126.495s] INFO:colcon.colcon_core.shell:Creating environment hook '/home/mvibot/floorCleaningRobot_ws/install/lower_layer_mvibot/share/lower_layer_mvibot/hook/cmake_prefix_path.sh'
[126.496s] Level 1:colcon.colcon_core.environment:checking '/home/mvibot/floorCleaningRobot_ws/install/lower_layer_mvibot/lib'
[126.496s] Level 1:colcon.colcon_core.environment:checking '/home/mvibot/floorCleaningRobot_ws/install/lower_layer_mvibot/bin'
[126.496s] Level 1:colcon.colcon_core.environment:checking '/home/mvibot/floorCleaningRobot_ws/install/lower_layer_mvibot/lib/pkgconfig/lower_layer_mvibot.pc'
[126.497s] Level 1:colcon.colcon_core.environment:checking '/home/mvibot/floorCleaningRobot_ws/install/lower_layer_mvibot/lib/python3.12/site-packages'
[126.497s] Level 1:colcon.colcon_core.environment:checking '/home/mvibot/floorCleaningRobot_ws/install/lower_layer_mvibot/bin'
[126.498s] INFO:colcon.colcon_core.shell:Creating package script '/home/mvibot/floorCleaningRobot_ws/install/lower_layer_mvibot/share/lower_layer_mvibot/package.ps1'
[126.499s] INFO:colcon.colcon_core.shell:Creating package descriptor '/home/mvibot/floorCleaningRobot_ws/install/lower_layer_mvibot/share/lower_layer_mvibot/package.dsv'
[126.500s] INFO:colcon.colcon_core.shell:Creating package script '/home/mvibot/floorCleaningRobot_ws/install/lower_layer_mvibot/share/lower_layer_mvibot/package.sh'
[126.501s] INFO:colcon.colcon_core.shell:Creating package script '/home/mvibot/floorCleaningRobot_ws/install/lower_layer_mvibot/share/lower_layer_mvibot/package.bash'
[126.501s] INFO:colcon.colcon_core.shell:Creating package script '/home/mvibot/floorCleaningRobot_ws/install/lower_layer_mvibot/share/lower_layer_mvibot/package.zsh'
[126.501s] Level 1:colcon.colcon_core.environment:create_file_with_runtime_dependencies(/home/mvibot/floorCleaningRobot_ws/install/lower_layer_mvibot/share/colcon-core/packages/lower_layer_mvibot)
[126.503s] Level 1:colcon.colcon_core.environment:create_environment_scripts_only(lower_layer_mvibot)
[126.503s] Level 1:colcon.colcon_core.environment:checking '/home/mvibot/floorCleaningRobot_ws/install/lower_layer_mvibot' for CMake module files
[126.504s] Level 1:colcon.colcon_core.environment:checking '/home/mvibot/floorCleaningRobot_ws/install/lower_layer_mvibot' for CMake config files
[126.505s] Level 1:colcon.colcon_core.shell:create_environment_hook('lower_layer_mvibot', 'cmake_prefix_path')
[126.505s] INFO:colcon.colcon_core.shell:Creating environment hook '/home/mvibot/floorCleaningRobot_ws/install/lower_layer_mvibot/share/lower_layer_mvibot/hook/cmake_prefix_path.ps1'
[126.506s] INFO:colcon.colcon_core.shell:Creating environment descriptor '/home/mvibot/floorCleaningRobot_ws/install/lower_layer_mvibot/share/lower_layer_mvibot/hook/cmake_prefix_path.dsv'
[126.507s] INFO:colcon.colcon_core.shell:Creating environment hook '/home/mvibot/floorCleaningRobot_ws/install/lower_layer_mvibot/share/lower_layer_mvibot/hook/cmake_prefix_path.sh'
[126.508s] Level 1:colcon.colcon_core.environment:checking '/home/mvibot/floorCleaningRobot_ws/install/lower_layer_mvibot/lib'
[126.508s] Level 1:colcon.colcon_core.environment:checking '/home/mvibot/floorCleaningRobot_ws/install/lower_layer_mvibot/bin'
[126.508s] Level 1:colcon.colcon_core.environment:checking '/home/mvibot/floorCleaningRobot_ws/install/lower_layer_mvibot/lib/pkgconfig/lower_layer_mvibot.pc'
[126.508s] Level 1:colcon.colcon_core.environment:checking '/home/mvibot/floorCleaningRobot_ws/install/lower_layer_mvibot/lib/python3.12/site-packages'
[126.509s] Level 1:colcon.colcon_core.environment:checking '/home/mvibot/floorCleaningRobot_ws/install/lower_layer_mvibot/bin'
[126.510s] INFO:colcon.colcon_core.shell:Creating package script '/home/mvibot/floorCleaningRobot_ws/install/lower_layer_mvibot/share/lower_layer_mvibot/package.ps1'
[126.511s] INFO:colcon.colcon_core.shell:Creating package descriptor '/home/mvibot/floorCleaningRobot_ws/install/lower_layer_mvibot/share/lower_layer_mvibot/package.dsv'
[126.512s] INFO:colcon.colcon_core.shell:Creating package script '/home/mvibot/floorCleaningRobot_ws/install/lower_layer_mvibot/share/lower_layer_mvibot/package.sh'
[126.512s] INFO:colcon.colcon_core.shell:Creating package script '/home/mvibot/floorCleaningRobot_ws/install/lower_layer_mvibot/share/lower_layer_mvibot/package.bash'
[126.513s] INFO:colcon.colcon_core.shell:Creating package script '/home/mvibot/floorCleaningRobot_ws/install/lower_layer_mvibot/share/lower_layer_mvibot/package.zsh'
[126.513s] Level 1:colcon.colcon_core.environment:create_file_with_runtime_dependencies(/home/mvibot/floorCleaningRobot_ws/install/lower_layer_mvibot/share/colcon-core/packages/lower_layer_mvibot)
[127.400s] Level 1:colcon.colcon_core.environment:create_environment_scripts_only(sllidar_ros2)
[127.401s] Level 1:colcon.colcon_core.environment:checking '/home/mvibot/floorCleaningRobot_ws/install/sllidar_ros2' for CMake module files
[127.403s] Level 1:colcon.colcon_core.environment:checking '/home/mvibot/floorCleaningRobot_ws/install/sllidar_ros2' for CMake config files
[127.404s] Level 1:colcon.colcon_core.shell:create_environment_hook('sllidar_ros2', 'cmake_prefix_path')
[127.404s] INFO:colcon.colcon_core.shell:Creating environment hook '/home/mvibot/floorCleaningRobot_ws/install/sllidar_ros2/share/sllidar_ros2/hook/cmake_prefix_path.ps1'
[127.404s] DEBUG:colcon.colcon_core.event_handler.log_command:Invoked command in '/home/mvibot/floorCleaningRobot_ws/build/sllidar_ros2' returned '0': CMAKE_PREFIX_PATH=${CMAKE_PREFIX_PATH}:/home/mvibot/floorCleaningRobot_ws/install/opennav_coverage_demo:/opt/ros/jazzy DEBUGINFOD_URLS=https://debuginfod.ubuntu.com /usr/bin/cmake --install /home/mvibot/floorCleaningRobot_ws/build/sllidar_ros2
[127.405s] INFO:colcon.colcon_core.shell:Creating environment descriptor '/home/mvibot/floorCleaningRobot_ws/install/sllidar_ros2/share/sllidar_ros2/hook/cmake_prefix_path.dsv'
[127.406s] INFO:colcon.colcon_core.shell:Creating environment hook '/home/mvibot/floorCleaningRobot_ws/install/sllidar_ros2/share/sllidar_ros2/hook/cmake_prefix_path.sh'
[127.407s] Level 1:colcon.colcon_core.environment:checking '/home/mvibot/floorCleaningRobot_ws/install/sllidar_ros2/lib'
[127.407s] Level 1:colcon.colcon_core.environment:checking '/home/mvibot/floorCleaningRobot_ws/install/sllidar_ros2/bin'
[127.407s] Level 1:colcon.colcon_core.environment:checking '/home/mvibot/floorCleaningRobot_ws/install/sllidar_ros2/lib/pkgconfig/sllidar_ros2.pc'
[127.408s] Level 1:colcon.colcon_core.environment:checking '/home/mvibot/floorCleaningRobot_ws/install/sllidar_ros2/lib/python3.12/site-packages'
[127.408s] Level 1:colcon.colcon_core.environment:checking '/home/mvibot/floorCleaningRobot_ws/install/sllidar_ros2/bin'
[127.409s] INFO:colcon.colcon_core.shell:Creating package script '/home/mvibot/floorCleaningRobot_ws/install/sllidar_ros2/share/sllidar_ros2/package.ps1'
[127.443s] INFO:colcon.colcon_core.shell:Creating package descriptor '/home/mvibot/floorCleaningRobot_ws/install/sllidar_ros2/share/sllidar_ros2/package.dsv'
[127.444s] INFO:colcon.colcon_core.shell:Creating package script '/home/mvibot/floorCleaningRobot_ws/install/sllidar_ros2/share/sllidar_ros2/package.sh'
[127.445s] INFO:colcon.colcon_core.shell:Creating package script '/home/mvibot/floorCleaningRobot_ws/install/sllidar_ros2/share/sllidar_ros2/package.bash'
[127.445s] INFO:colcon.colcon_core.shell:Creating package script '/home/mvibot/floorCleaningRobot_ws/install/sllidar_ros2/share/sllidar_ros2/package.zsh'
[127.446s] Level 1:colcon.colcon_core.environment:create_file_with_runtime_dependencies(/home/mvibot/floorCleaningRobot_ws/install/sllidar_ros2/share/colcon-core/packages/sllidar_ros2)
[127.447s] Level 1:colcon.colcon_core.environment:create_environment_scripts_only(sllidar_ros2)
[127.448s] Level 1:colcon.colcon_core.environment:checking '/home/mvibot/floorCleaningRobot_ws/install/sllidar_ros2' for CMake module files
[127.449s] Level 1:colcon.colcon_core.environment:checking '/home/mvibot/floorCleaningRobot_ws/install/sllidar_ros2' for CMake config files
[127.450s] Level 1:colcon.colcon_core.shell:create_environment_hook('sllidar_ros2', 'cmake_prefix_path')
[127.450s] INFO:colcon.colcon_core.shell:Creating environment hook '/home/mvibot/floorCleaningRobot_ws/install/sllidar_ros2/share/sllidar_ros2/hook/cmake_prefix_path.ps1'
[127.451s] INFO:colcon.colcon_core.shell:Creating environment descriptor '/home/mvibot/floorCleaningRobot_ws/install/sllidar_ros2/share/sllidar_ros2/hook/cmake_prefix_path.dsv'
[127.452s] INFO:colcon.colcon_core.shell:Creating environment hook '/home/mvibot/floorCleaningRobot_ws/install/sllidar_ros2/share/sllidar_ros2/hook/cmake_prefix_path.sh'
[127.453s] Level 1:colcon.colcon_core.environment:checking '/home/mvibot/floorCleaningRobot_ws/install/sllidar_ros2/lib'
[127.453s] Level 1:colcon.colcon_core.environment:checking '/home/mvibot/floorCleaningRobot_ws/install/sllidar_ros2/bin'
[127.453s] Level 1:colcon.colcon_core.environment:checking '/home/mvibot/floorCleaningRobot_ws/install/sllidar_ros2/lib/pkgconfig/sllidar_ros2.pc'
[127.453s] Level 1:colcon.colcon_core.environment:checking '/home/mvibot/floorCleaningRobot_ws/install/sllidar_ros2/lib/python3.12/site-packages'
[127.454s] Level 1:colcon.colcon_core.environment:checking '/home/mvibot/floorCleaningRobot_ws/install/sllidar_ros2/bin'
[127.455s] INFO:colcon.colcon_core.shell:Creating package script '/home/mvibot/floorCleaningRobot_ws/install/sllidar_ros2/share/sllidar_ros2/package.ps1'
[127.456s] INFO:colcon.colcon_core.shell:Creating package descriptor '/home/mvibot/floorCleaningRobot_ws/install/sllidar_ros2/share/sllidar_ros2/package.dsv'
[127.457s] INFO:colcon.colcon_core.shell:Creating package script '/home/mvibot/floorCleaningRobot_ws/install/sllidar_ros2/share/sllidar_ros2/package.sh'
[127.458s] INFO:colcon.colcon_core.shell:Creating package script '/home/mvibot/floorCleaningRobot_ws/install/sllidar_ros2/share/sllidar_ros2/package.bash'
[127.458s] INFO:colcon.colcon_core.shell:Creating package script '/home/mvibot/floorCleaningRobot_ws/install/sllidar_ros2/share/sllidar_ros2/package.zsh'
[127.460s] Level 1:colcon.colcon_core.environment:create_file_with_runtime_dependencies(/home/mvibot/floorCleaningRobot_ws/install/sllidar_ros2/share/colcon-core/packages/sllidar_ros2)
[129.874s] DEBUG:colcon.colcon_core.event_handler.log_command:Invoked command in '/home/mvibot/floorCleaningRobot_ws/build/tf2_web_republisher' returned '0': CMAKE_PREFIX_PATH=/home/mvibot/floorCleaningRobot_ws/install/tf2_web_republisher_interfaces:/home/mvibot/floorCleaningRobot_ws/install/tf2_web_republisher:/home/mvibot/floorCleaningRobot_ws/install/sllidar_ros2:/home/mvibot/floorCleaningRobot_ws/install/realsense2_description:/home/mvibot/floorCleaningRobot_ws/install/realsense2_camera:/home/mvibot/floorCleaningRobot_ws/install/realsense2_camera_msgs:/home/mvibot/floorCleaningRobot_ws/install/pointcloud_to_laserscan:/home/mvibot/floorCleaningRobot_ws/install/opennav_row_coverage:/home/mvibot/floorCleaningRobot_ws/install/opennav_coverage_navigator:/home/mvibot/floorCleaningRobot_ws/install/opennav_coverage_bt:/home/mvibot/floorCleaningRobot_ws/install/opennav_coverage:/home/mvibot/floorCleaningRobot_ws/install/mission_layer_mvibot:/home/mvibot/floorCleaningRobot_ws/install/opennav_coverage_msgs:/home/mvibot/floorCleaningRobot_ws/install/lower_layer_mvibot:/home/mvibot/floorCleaningRobot_ws/install/ira_laser_tools:/home/mvibot/floorCleaningRobot_ws/install/higher_layer_mvibot:/home/mvibot/floorCleaningRobot_ws/install/fields2cover:/opt/ros/jazzy/opt/gz_sim_vendor:/opt/ros/jazzy/opt/gz_sensors_vendor:/opt/ros/jazzy/opt/gz_physics_vendor:/opt/ros/jazzy/opt/sdformat_vendor:/opt/ros/jazzy/opt/gz_gui_vendor:/opt/ros/jazzy/opt/gz_transport_vendor:/opt/ros/jazzy/opt/gz_rendering_vendor:/opt/ros/jazzy/opt/gz_plugin_vendor:/opt/ros/jazzy/opt/gz_fuel_tools_vendor:/opt/ros/jazzy/opt/gz_msgs_vendor:/opt/ros/jazzy/opt/gz_common_vendor:/opt/ros/jazzy/opt/gz_math_vendor:/opt/ros/jazzy/opt/gz_utils_vendor:/opt/ros/jazzy/opt/gz_tools_vendor:/opt/ros/jazzy/opt/gz_ogre_next_vendor:/opt/ros/jazzy/opt/gz_dartsim_vendor:/opt/ros/jazzy/opt/gz_cmake_vendor:/home/mvibot/floorCleaningRobot_ws/install/opennav_coverage_demo:/opt/ros/jazzy DEBUGINFOD_URLS=https://debuginfod.ubuntu.com LD_LIBRARY_PATH=/home/mvibot/floorCleaningRobot_ws/install/tf2_web_republisher_interfaces/lib:/home/mvibot/floorCleaningRobot_ws/install/tf2_web_republisher/lib:/home/mvibot/floorCleaningRobot_ws/install/realsense2_camera/lib:/home/mvibot/floorCleaningRobot_ws/install/realsense2_camera_msgs/lib:/home/mvibot/floorCleaningRobot_ws/install/pointcloud_to_laserscan/lib:/home/mvibot/floorCleaningRobot_ws/install/opennav_row_coverage/lib:/home/mvibot/floorCleaningRobot_ws/install/opennav_coverage_navigator/lib:/home/mvibot/floorCleaningRobot_ws/install/opennav_coverage_bt/lib:/home/mvibot/floorCleaningRobot_ws/install/opennav_coverage/lib:/home/mvibot/floorCleaningRobot_ws/install/opennav_coverage_msgs/lib:/home/mvibot/floorCleaningRobot_ws/install/fields2cover/lib:/opt/ros/jazzy/opt/gz_sim_vendor/lib:/opt/ros/jazzy/opt/gz_sensors_vendor/lib:/opt/ros/jazzy/opt/gz_physics_vendor/lib:/opt/ros/jazzy/opt/sdformat_vendor/lib:/opt/ros/jazzy/opt/rviz_ogre_vendor/lib:/opt/ros/jazzy/lib/x86_64-linux-gnu:/opt/ros/jazzy/opt/gz_gui_vendor/lib:/opt/ros/jazzy/opt/gz_transport_vendor/lib:/opt/ros/jazzy/opt/gz_rendering_vendor/lib:/opt/ros/jazzy/opt/gz_plugin_vendor/lib:/opt/ros/jazzy/opt/gz_fuel_tools_vendor/lib:/opt/ros/jazzy/opt/gz_msgs_vendor/lib:/opt/ros/jazzy/opt/gz_common_vendor/lib:/opt/ros/jazzy/opt/gz_math_vendor/lib:/opt/ros/jazzy/opt/gz_utils_vendor/lib:/opt/ros/jazzy/opt/gz_tools_vendor/lib:/opt/ros/jazzy/opt/gz_ogre_next_vendor/lib:/opt/ros/jazzy/opt/gz_dartsim_vendor/lib:/opt/ros/jazzy/opt/gz_cmake_vendor/lib:/opt/ros/jazzy/lib /usr/bin/cmake --build /home/mvibot/floorCleaningRobot_ws/build/tf2_web_republisher -- -j8 -l8
[129.877s] DEBUG:colcon.colcon_core.event_handler.log_command:Invoking command in '/home/mvibot/floorCleaningRobot_ws/build/tf2_web_republisher': CMAKE_PREFIX_PATH=/home/mvibot/floorCleaningRobot_ws/install/tf2_web_republisher_interfaces:/home/mvibot/floorCleaningRobot_ws/install/tf2_web_republisher:/home/mvibot/floorCleaningRobot_ws/install/sllidar_ros2:/home/mvibot/floorCleaningRobot_ws/install/realsense2_description:/home/mvibot/floorCleaningRobot_ws/install/realsense2_camera:/home/mvibot/floorCleaningRobot_ws/install/realsense2_camera_msgs:/home/mvibot/floorCleaningRobot_ws/install/pointcloud_to_laserscan:/home/mvibot/floorCleaningRobot_ws/install/opennav_row_coverage:/home/mvibot/floorCleaningRobot_ws/install/opennav_coverage_navigator:/home/mvibot/floorCleaningRobot_ws/install/opennav_coverage_bt:/home/mvibot/floorCleaningRobot_ws/install/opennav_coverage:/home/mvibot/floorCleaningRobot_ws/install/mission_layer_mvibot:/home/mvibot/floorCleaningRobot_ws/install/opennav_coverage_msgs:/home/mvibot/floorCleaningRobot_ws/install/lower_layer_mvibot:/home/mvibot/floorCleaningRobot_ws/install/ira_laser_tools:/home/mvibot/floorCleaningRobot_ws/install/higher_layer_mvibot:/home/mvibot/floorCleaningRobot_ws/install/fields2cover:/opt/ros/jazzy/opt/gz_sim_vendor:/opt/ros/jazzy/opt/gz_sensors_vendor:/opt/ros/jazzy/opt/gz_physics_vendor:/opt/ros/jazzy/opt/sdformat_vendor:/opt/ros/jazzy/opt/gz_gui_vendor:/opt/ros/jazzy/opt/gz_transport_vendor:/opt/ros/jazzy/opt/gz_rendering_vendor:/opt/ros/jazzy/opt/gz_plugin_vendor:/opt/ros/jazzy/opt/gz_fuel_tools_vendor:/opt/ros/jazzy/opt/gz_msgs_vendor:/opt/ros/jazzy/opt/gz_common_vendor:/opt/ros/jazzy/opt/gz_math_vendor:/opt/ros/jazzy/opt/gz_utils_vendor:/opt/ros/jazzy/opt/gz_tools_vendor:/opt/ros/jazzy/opt/gz_ogre_next_vendor:/opt/ros/jazzy/opt/gz_dartsim_vendor:/opt/ros/jazzy/opt/gz_cmake_vendor:/home/mvibot/floorCleaningRobot_ws/install/opennav_coverage_demo:/opt/ros/jazzy DEBUGINFOD_URLS=https://debuginfod.ubuntu.com LD_LIBRARY_PATH=/home/mvibot/floorCleaningRobot_ws/install/tf2_web_republisher_interfaces/lib:/home/mvibot/floorCleaningRobot_ws/install/tf2_web_republisher/lib:/home/mvibot/floorCleaningRobot_ws/install/realsense2_camera/lib:/home/mvibot/floorCleaningRobot_ws/install/realsense2_camera_msgs/lib:/home/mvibot/floorCleaningRobot_ws/install/pointcloud_to_laserscan/lib:/home/mvibot/floorCleaningRobot_ws/install/opennav_row_coverage/lib:/home/mvibot/floorCleaningRobot_ws/install/opennav_coverage_navigator/lib:/home/mvibot/floorCleaningRobot_ws/install/opennav_coverage_bt/lib:/home/mvibot/floorCleaningRobot_ws/install/opennav_coverage/lib:/home/mvibot/floorCleaningRobot_ws/install/opennav_coverage_msgs/lib:/home/mvibot/floorCleaningRobot_ws/install/fields2cover/lib:/opt/ros/jazzy/opt/gz_sim_vendor/lib:/opt/ros/jazzy/opt/gz_sensors_vendor/lib:/opt/ros/jazzy/opt/gz_physics_vendor/lib:/opt/ros/jazzy/opt/sdformat_vendor/lib:/opt/ros/jazzy/opt/rviz_ogre_vendor/lib:/opt/ros/jazzy/lib/x86_64-linux-gnu:/opt/ros/jazzy/opt/gz_gui_vendor/lib:/opt/ros/jazzy/opt/gz_transport_vendor/lib:/opt/ros/jazzy/opt/gz_rendering_vendor/lib:/opt/ros/jazzy/opt/gz_plugin_vendor/lib:/opt/ros/jazzy/opt/gz_fuel_tools_vendor/lib:/opt/ros/jazzy/opt/gz_msgs_vendor/lib:/opt/ros/jazzy/opt/gz_common_vendor/lib:/opt/ros/jazzy/opt/gz_math_vendor/lib:/opt/ros/jazzy/opt/gz_utils_vendor/lib:/opt/ros/jazzy/opt/gz_tools_vendor/lib:/opt/ros/jazzy/opt/gz_ogre_next_vendor/lib:/opt/ros/jazzy/opt/gz_dartsim_vendor/lib:/opt/ros/jazzy/opt/gz_cmake_vendor/lib:/opt/ros/jazzy/lib /usr/bin/cmake --install /home/mvibot/floorCleaningRobot_ws/build/tf2_web_republisher
[130.153s] Level 1:colcon.colcon_core.environment:create_environment_scripts_only(tf2_web_republisher)
[130.154s] Level 1:colcon.colcon_core.environment:checking '/home/mvibot/floorCleaningRobot_ws/install/tf2_web_republisher' for CMake module files
[130.154s] DEBUG:colcon.colcon_core.event_handler.log_command:Invoked command in '/home/mvibot/floorCleaningRobot_ws/build/tf2_web_republisher' returned '0': CMAKE_PREFIX_PATH=/home/mvibot/floorCleaningRobot_ws/install/tf2_web_republisher_interfaces:/home/mvibot/floorCleaningRobot_ws/install/tf2_web_republisher:/home/mvibot/floorCleaningRobot_ws/install/sllidar_ros2:/home/mvibot/floorCleaningRobot_ws/install/realsense2_description:/home/mvibot/floorCleaningRobot_ws/install/realsense2_camera:/home/mvibot/floorCleaningRobot_ws/install/realsense2_camera_msgs:/home/mvibot/floorCleaningRobot_ws/install/pointcloud_to_laserscan:/home/mvibot/floorCleaningRobot_ws/install/opennav_row_coverage:/home/mvibot/floorCleaningRobot_ws/install/opennav_coverage_navigator:/home/mvibot/floorCleaningRobot_ws/install/opennav_coverage_bt:/home/mvibot/floorCleaningRobot_ws/install/opennav_coverage:/home/mvibot/floorCleaningRobot_ws/install/mission_layer_mvibot:/home/mvibot/floorCleaningRobot_ws/install/opennav_coverage_msgs:/home/mvibot/floorCleaningRobot_ws/install/lower_layer_mvibot:/home/mvibot/floorCleaningRobot_ws/install/ira_laser_tools:/home/mvibot/floorCleaningRobot_ws/install/higher_layer_mvibot:/home/mvibot/floorCleaningRobot_ws/install/fields2cover:/opt/ros/jazzy/opt/gz_sim_vendor:/opt/ros/jazzy/opt/gz_sensors_vendor:/opt/ros/jazzy/opt/gz_physics_vendor:/opt/ros/jazzy/opt/sdformat_vendor:/opt/ros/jazzy/opt/gz_gui_vendor:/opt/ros/jazzy/opt/gz_transport_vendor:/opt/ros/jazzy/opt/gz_rendering_vendor:/opt/ros/jazzy/opt/gz_plugin_vendor:/opt/ros/jazzy/opt/gz_fuel_tools_vendor:/opt/ros/jazzy/opt/gz_msgs_vendor:/opt/ros/jazzy/opt/gz_common_vendor:/opt/ros/jazzy/opt/gz_math_vendor:/opt/ros/jazzy/opt/gz_utils_vendor:/opt/ros/jazzy/opt/gz_tools_vendor:/opt/ros/jazzy/opt/gz_ogre_next_vendor:/opt/ros/jazzy/opt/gz_dartsim_vendor:/opt/ros/jazzy/opt/gz_cmake_vendor:/home/mvibot/floorCleaningRobot_ws/install/opennav_coverage_demo:/opt/ros/jazzy DEBUGINFOD_URLS=https://debuginfod.ubuntu.com LD_LIBRARY_PATH=/home/mvibot/floorCleaningRobot_ws/install/tf2_web_republisher_interfaces/lib:/home/mvibot/floorCleaningRobot_ws/install/tf2_web_republisher/lib:/home/mvibot/floorCleaningRobot_ws/install/realsense2_camera/lib:/home/mvibot/floorCleaningRobot_ws/install/realsense2_camera_msgs/lib:/home/mvibot/floorCleaningRobot_ws/install/pointcloud_to_laserscan/lib:/home/mvibot/floorCleaningRobot_ws/install/opennav_row_coverage/lib:/home/mvibot/floorCleaningRobot_ws/install/opennav_coverage_navigator/lib:/home/mvibot/floorCleaningRobot_ws/install/opennav_coverage_bt/lib:/home/mvibot/floorCleaningRobot_ws/install/opennav_coverage/lib:/home/mvibot/floorCleaningRobot_ws/install/opennav_coverage_msgs/lib:/home/mvibot/floorCleaningRobot_ws/install/fields2cover/lib:/opt/ros/jazzy/opt/gz_sim_vendor/lib:/opt/ros/jazzy/opt/gz_sensors_vendor/lib:/opt/ros/jazzy/opt/gz_physics_vendor/lib:/opt/ros/jazzy/opt/sdformat_vendor/lib:/opt/ros/jazzy/opt/rviz_ogre_vendor/lib:/opt/ros/jazzy/lib/x86_64-linux-gnu:/opt/ros/jazzy/opt/gz_gui_vendor/lib:/opt/ros/jazzy/opt/gz_transport_vendor/lib:/opt/ros/jazzy/opt/gz_rendering_vendor/lib:/opt/ros/jazzy/opt/gz_plugin_vendor/lib:/opt/ros/jazzy/opt/gz_fuel_tools_vendor/lib:/opt/ros/jazzy/opt/gz_msgs_vendor/lib:/opt/ros/jazzy/opt/gz_common_vendor/lib:/opt/ros/jazzy/opt/gz_math_vendor/lib:/opt/ros/jazzy/opt/gz_utils_vendor/lib:/opt/ros/jazzy/opt/gz_tools_vendor/lib:/opt/ros/jazzy/opt/gz_ogre_next_vendor/lib:/opt/ros/jazzy/opt/gz_dartsim_vendor/lib:/opt/ros/jazzy/opt/gz_cmake_vendor/lib:/opt/ros/jazzy/lib /usr/bin/cmake --install /home/mvibot/floorCleaningRobot_ws/build/tf2_web_republisher
[130.155s] Level 1:colcon.colcon_core.environment:checking '/home/mvibot/floorCleaningRobot_ws/install/tf2_web_republisher' for CMake config files
[130.155s] Level 1:colcon.colcon_core.shell:create_environment_hook('tf2_web_republisher', 'cmake_prefix_path')
[130.156s] INFO:colcon.colcon_core.shell:Creating environment hook '/home/mvibot/floorCleaningRobot_ws/install/tf2_web_republisher/share/tf2_web_republisher/hook/cmake_prefix_path.ps1'
[130.157s] INFO:colcon.colcon_core.shell:Creating environment descriptor '/home/mvibot/floorCleaningRobot_ws/install/tf2_web_republisher/share/tf2_web_republisher/hook/cmake_prefix_path.dsv'
[130.157s] INFO:colcon.colcon_core.shell:Creating environment hook '/home/mvibot/floorCleaningRobot_ws/install/tf2_web_republisher/share/tf2_web_republisher/hook/cmake_prefix_path.sh'
[130.158s] Level 1:colcon.colcon_core.environment:checking '/home/mvibot/floorCleaningRobot_ws/install/tf2_web_republisher/lib'
[130.158s] Level 1:colcon.colcon_core.shell:create_environment_hook('tf2_web_republisher', 'ld_library_path_lib')
[130.158s] INFO:colcon.colcon_core.shell:Creating environment hook '/home/mvibot/floorCleaningRobot_ws/install/tf2_web_republisher/share/tf2_web_republisher/hook/ld_library_path_lib.ps1'
[130.159s] INFO:colcon.colcon_core.shell:Creating environment descriptor '/home/mvibot/floorCleaningRobot_ws/install/tf2_web_republisher/share/tf2_web_republisher/hook/ld_library_path_lib.dsv'
[130.160s] INFO:colcon.colcon_core.shell:Creating environment hook '/home/mvibot/floorCleaningRobot_ws/install/tf2_web_republisher/share/tf2_web_republisher/hook/ld_library_path_lib.sh'
[130.160s] Level 1:colcon.colcon_core.environment:checking '/home/mvibot/floorCleaningRobot_ws/install/tf2_web_republisher/bin'
[130.160s] Level 1:colcon.colcon_core.environment:checking '/home/mvibot/floorCleaningRobot_ws/install/tf2_web_republisher/lib/pkgconfig/tf2_web_republisher.pc'
[130.160s] Level 1:colcon.colcon_core.environment:checking '/home/mvibot/floorCleaningRobot_ws/install/tf2_web_republisher/lib/python3.12/site-packages'
[130.161s] Level 1:colcon.colcon_core.environment:checking '/home/mvibot/floorCleaningRobot_ws/install/tf2_web_republisher/bin'
[130.161s] INFO:colcon.colcon_core.shell:Creating package script '/home/mvibot/floorCleaningRobot_ws/install/tf2_web_republisher/share/tf2_web_republisher/package.ps1'
[130.162s] INFO:colcon.colcon_core.shell:Creating package descriptor '/home/mvibot/floorCleaningRobot_ws/install/tf2_web_republisher/share/tf2_web_republisher/package.dsv'
[130.163s] INFO:colcon.colcon_core.shell:Creating package script '/home/mvibot/floorCleaningRobot_ws/install/tf2_web_republisher/share/tf2_web_republisher/package.sh'
[130.163s] INFO:colcon.colcon_core.shell:Creating package script '/home/mvibot/floorCleaningRobot_ws/install/tf2_web_republisher/share/tf2_web_republisher/package.bash'
[130.164s] INFO:colcon.colcon_core.shell:Creating package script '/home/mvibot/floorCleaningRobot_ws/install/tf2_web_republisher/share/tf2_web_republisher/package.zsh'
[130.164s] Level 1:colcon.colcon_core.environment:create_file_with_runtime_dependencies(/home/mvibot/floorCleaningRobot_ws/install/tf2_web_republisher/share/colcon-core/packages/tf2_web_republisher)
[130.165s] Level 1:colcon.colcon_core.environment:create_environment_scripts_only(tf2_web_republisher)
[130.166s] Level 1:colcon.colcon_core.environment:checking '/home/mvibot/floorCleaningRobot_ws/install/tf2_web_republisher' for CMake module files
[130.166s] Level 1:colcon.colcon_core.environment:checking '/home/mvibot/floorCleaningRobot_ws/install/tf2_web_republisher' for CMake config files
[130.167s] Level 1:colcon.colcon_core.shell:create_environment_hook('tf2_web_republisher', 'cmake_prefix_path')
[130.167s] INFO:colcon.colcon_core.shell:Creating environment hook '/home/mvibot/floorCleaningRobot_ws/install/tf2_web_republisher/share/tf2_web_republisher/hook/cmake_prefix_path.ps1'
[130.167s] INFO:colcon.colcon_core.shell:Creating environment descriptor '/home/mvibot/floorCleaningRobot_ws/install/tf2_web_republisher/share/tf2_web_republisher/hook/cmake_prefix_path.dsv'
[130.168s] INFO:colcon.colcon_core.shell:Creating environment hook '/home/mvibot/floorCleaningRobot_ws/install/tf2_web_republisher/share/tf2_web_republisher/hook/cmake_prefix_path.sh'
[130.168s] Level 1:colcon.colcon_core.environment:checking '/home/mvibot/floorCleaningRobot_ws/install/tf2_web_republisher/lib'
[130.168s] Level 1:colcon.colcon_core.shell:create_environment_hook('tf2_web_republisher', 'ld_library_path_lib')
[130.169s] INFO:colcon.colcon_core.shell:Creating environment hook '/home/mvibot/floorCleaningRobot_ws/install/tf2_web_republisher/share/tf2_web_republisher/hook/ld_library_path_lib.ps1'
[130.169s] INFO:colcon.colcon_core.shell:Creating environment descriptor '/home/mvibot/floorCleaningRobot_ws/install/tf2_web_republisher/share/tf2_web_republisher/hook/ld_library_path_lib.dsv'
[130.170s] INFO:colcon.colcon_core.shell:Creating environment hook '/home/mvibot/floorCleaningRobot_ws/install/tf2_web_republisher/share/tf2_web_republisher/hook/ld_library_path_lib.sh'
[130.170s] Level 1:colcon.colcon_core.environment:checking '/home/mvibot/floorCleaningRobot_ws/install/tf2_web_republisher/bin'
[130.170s] Level 1:colcon.colcon_core.environment:checking '/home/mvibot/floorCleaningRobot_ws/install/tf2_web_republisher/lib/pkgconfig/tf2_web_republisher.pc'
[130.170s] Level 1:colcon.colcon_core.environment:checking '/home/mvibot/floorCleaningRobot_ws/install/tf2_web_republisher/lib/python3.12/site-packages'
[130.171s] Level 1:colcon.colcon_core.environment:checking '/home/mvibot/floorCleaningRobot_ws/install/tf2_web_republisher/bin'
[130.171s] INFO:colcon.colcon_core.shell:Creating package script '/home/mvibot/floorCleaningRobot_ws/install/tf2_web_republisher/share/tf2_web_republisher/package.ps1'
[130.172s] INFO:colcon.colcon_core.shell:Creating package descriptor '/home/mvibot/floorCleaningRobot_ws/install/tf2_web_republisher/share/tf2_web_republisher/package.dsv'
[130.173s] INFO:colcon.colcon_core.shell:Creating package script '/home/mvibot/floorCleaningRobot_ws/install/tf2_web_republisher/share/tf2_web_republisher/package.sh'
[130.174s] INFO:colcon.colcon_core.shell:Creating package script '/home/mvibot/floorCleaningRobot_ws/install/tf2_web_republisher/share/tf2_web_republisher/package.bash'
[130.174s] INFO:colcon.colcon_core.shell:Creating package script '/home/mvibot/floorCleaningRobot_ws/install/tf2_web_republisher/share/tf2_web_republisher/package.zsh'
[130.175s] Level 1:colcon.colcon_core.environment:create_file_with_runtime_dependencies(/home/mvibot/floorCleaningRobot_ws/install/tf2_web_republisher/share/colcon-core/packages/tf2_web_republisher)
[189.079s] DEBUG:colcon.colcon_core.event_handler.log_command:Invoked command in '/home/mvibot/floorCleaningRobot_ws/build/opennav_coverage_bt' returned '0': CMAKE_PREFIX_PATH=/home/mvibot/floorCleaningRobot_ws/install/opennav_coverage_msgs:/home/mvibot/floorCleaningRobot_ws/install/tf2_web_republisher:/home/mvibot/floorCleaningRobot_ws/install/tf2_web_republisher_interfaces:/home/mvibot/floorCleaningRobot_ws/install/sllidar_ros2:/home/mvibot/floorCleaningRobot_ws/install/realsense2_description:/home/mvibot/floorCleaningRobot_ws/install/realsense2_camera:/home/mvibot/floorCleaningRobot_ws/install/realsense2_camera_msgs:/home/mvibot/floorCleaningRobot_ws/install/pointcloud_to_laserscan:/home/mvibot/floorCleaningRobot_ws/install/opennav_row_coverage:/home/mvibot/floorCleaningRobot_ws/install/opennav_coverage_navigator:/home/mvibot/floorCleaningRobot_ws/install/opennav_coverage_bt:/home/mvibot/floorCleaningRobot_ws/install/opennav_coverage:/home/mvibot/floorCleaningRobot_ws/install/mission_layer_mvibot:/home/mvibot/floorCleaningRobot_ws/install/lower_layer_mvibot:/home/mvibot/floorCleaningRobot_ws/install/ira_laser_tools:/home/mvibot/floorCleaningRobot_ws/install/higher_layer_mvibot:/home/mvibot/floorCleaningRobot_ws/install/fields2cover:/opt/ros/jazzy/opt/gz_sim_vendor:/opt/ros/jazzy/opt/gz_sensors_vendor:/opt/ros/jazzy/opt/gz_physics_vendor:/opt/ros/jazzy/opt/sdformat_vendor:/opt/ros/jazzy/opt/gz_gui_vendor:/opt/ros/jazzy/opt/gz_transport_vendor:/opt/ros/jazzy/opt/gz_rendering_vendor:/opt/ros/jazzy/opt/gz_plugin_vendor:/opt/ros/jazzy/opt/gz_fuel_tools_vendor:/opt/ros/jazzy/opt/gz_msgs_vendor:/opt/ros/jazzy/opt/gz_common_vendor:/opt/ros/jazzy/opt/gz_math_vendor:/opt/ros/jazzy/opt/gz_utils_vendor:/opt/ros/jazzy/opt/gz_tools_vendor:/opt/ros/jazzy/opt/gz_ogre_next_vendor:/opt/ros/jazzy/opt/gz_dartsim_vendor:/opt/ros/jazzy/opt/gz_cmake_vendor:/home/mvibot/floorCleaningRobot_ws/install/opennav_coverage_demo:/opt/ros/jazzy DEBUGINFOD_URLS=https://debuginfod.ubuntu.com LD_LIBRARY_PATH=/home/mvibot/floorCleaningRobot_ws/install/opennav_coverage_msgs/lib:/home/mvibot/floorCleaningRobot_ws/install/tf2_web_republisher/lib:/home/mvibot/floorCleaningRobot_ws/install/tf2_web_republisher_interfaces/lib:/home/mvibot/floorCleaningRobot_ws/install/realsense2_camera/lib:/home/mvibot/floorCleaningRobot_ws/install/realsense2_camera_msgs/lib:/home/mvibot/floorCleaningRobot_ws/install/pointcloud_to_laserscan/lib:/home/mvibot/floorCleaningRobot_ws/install/opennav_row_coverage/lib:/home/mvibot/floorCleaningRobot_ws/install/opennav_coverage_navigator/lib:/home/mvibot/floorCleaningRobot_ws/install/opennav_coverage_bt/lib:/home/mvibot/floorCleaningRobot_ws/install/opennav_coverage/lib:/home/mvibot/floorCleaningRobot_ws/install/fields2cover/lib:/opt/ros/jazzy/opt/gz_sim_vendor/lib:/opt/ros/jazzy/opt/gz_sensors_vendor/lib:/opt/ros/jazzy/opt/gz_physics_vendor/lib:/opt/ros/jazzy/opt/sdformat_vendor/lib:/opt/ros/jazzy/opt/rviz_ogre_vendor/lib:/opt/ros/jazzy/lib/x86_64-linux-gnu:/opt/ros/jazzy/opt/gz_gui_vendor/lib:/opt/ros/jazzy/opt/gz_transport_vendor/lib:/opt/ros/jazzy/opt/gz_rendering_vendor/lib:/opt/ros/jazzy/opt/gz_plugin_vendor/lib:/opt/ros/jazzy/opt/gz_fuel_tools_vendor/lib:/opt/ros/jazzy/opt/gz_msgs_vendor/lib:/opt/ros/jazzy/opt/gz_common_vendor/lib:/opt/ros/jazzy/opt/gz_math_vendor/lib:/opt/ros/jazzy/opt/gz_utils_vendor/lib:/opt/ros/jazzy/opt/gz_tools_vendor/lib:/opt/ros/jazzy/opt/gz_ogre_next_vendor/lib:/opt/ros/jazzy/opt/gz_dartsim_vendor/lib:/opt/ros/jazzy/opt/gz_cmake_vendor/lib:/opt/ros/jazzy/lib PYTHONPATH=/home/mvibot/floorCleaningRobot_ws/install/opennav_coverage_msgs/lib/python3.12/site-packages:/home/mvibot/floorCleaningRobot_ws/install/tf2_web_republisher_interfaces/lib/python3.12/site-packages:/home/mvibot/floorCleaningRobot_ws/install/realsense2_camera_msgs/lib/python3.12/site-packages:/home/mvibot/floorCleaningRobot_ws/build/opennav_coverage_demo:/home/mvibot/floorCleaningRobot_ws/install/opennav_coverage_demo/lib/python3.12/site-packages:/opt/ros/jazzy/lib/python3.12/site-packages /usr/bin/cmake --build /home/mvibot/floorCleaningRobot_ws/build/opennav_coverage_bt -- -j8 -l8
[189.086s] DEBUG:colcon.colcon_core.event_handler.log_command:Invoking command in '/home/mvibot/floorCleaningRobot_ws/build/opennav_coverage_bt': CMAKE_PREFIX_PATH=/home/mvibot/floorCleaningRobot_ws/install/opennav_coverage_msgs:/home/mvibot/floorCleaningRobot_ws/install/tf2_web_republisher:/home/mvibot/floorCleaningRobot_ws/install/tf2_web_republisher_interfaces:/home/mvibot/floorCleaningRobot_ws/install/sllidar_ros2:/home/mvibot/floorCleaningRobot_ws/install/realsense2_description:/home/mvibot/floorCleaningRobot_ws/install/realsense2_camera:/home/mvibot/floorCleaningRobot_ws/install/realsense2_camera_msgs:/home/mvibot/floorCleaningRobot_ws/install/pointcloud_to_laserscan:/home/mvibot/floorCleaningRobot_ws/install/opennav_row_coverage:/home/mvibot/floorCleaningRobot_ws/install/opennav_coverage_navigator:/home/mvibot/floorCleaningRobot_ws/install/opennav_coverage_bt:/home/mvibot/floorCleaningRobot_ws/install/opennav_coverage:/home/mvibot/floorCleaningRobot_ws/install/mission_layer_mvibot:/home/mvibot/floorCleaningRobot_ws/install/lower_layer_mvibot:/home/mvibot/floorCleaningRobot_ws/install/ira_laser_tools:/home/mvibot/floorCleaningRobot_ws/install/higher_layer_mvibot:/home/mvibot/floorCleaningRobot_ws/install/fields2cover:/opt/ros/jazzy/opt/gz_sim_vendor:/opt/ros/jazzy/opt/gz_sensors_vendor:/opt/ros/jazzy/opt/gz_physics_vendor:/opt/ros/jazzy/opt/sdformat_vendor:/opt/ros/jazzy/opt/gz_gui_vendor:/opt/ros/jazzy/opt/gz_transport_vendor:/opt/ros/jazzy/opt/gz_rendering_vendor:/opt/ros/jazzy/opt/gz_plugin_vendor:/opt/ros/jazzy/opt/gz_fuel_tools_vendor:/opt/ros/jazzy/opt/gz_msgs_vendor:/opt/ros/jazzy/opt/gz_common_vendor:/opt/ros/jazzy/opt/gz_math_vendor:/opt/ros/jazzy/opt/gz_utils_vendor:/opt/ros/jazzy/opt/gz_tools_vendor:/opt/ros/jazzy/opt/gz_ogre_next_vendor:/opt/ros/jazzy/opt/gz_dartsim_vendor:/opt/ros/jazzy/opt/gz_cmake_vendor:/home/mvibot/floorCleaningRobot_ws/install/opennav_coverage_demo:/opt/ros/jazzy DEBUGINFOD_URLS=https://debuginfod.ubuntu.com LD_LIBRARY_PATH=/home/mvibot/floorCleaningRobot_ws/install/opennav_coverage_msgs/lib:/home/mvibot/floorCleaningRobot_ws/install/tf2_web_republisher/lib:/home/mvibot/floorCleaningRobot_ws/install/tf2_web_republisher_interfaces/lib:/home/mvibot/floorCleaningRobot_ws/install/realsense2_camera/lib:/home/mvibot/floorCleaningRobot_ws/install/realsense2_camera_msgs/lib:/home/mvibot/floorCleaningRobot_ws/install/pointcloud_to_laserscan/lib:/home/mvibot/floorCleaningRobot_ws/install/opennav_row_coverage/lib:/home/mvibot/floorCleaningRobot_ws/install/opennav_coverage_navigator/lib:/home/mvibot/floorCleaningRobot_ws/install/opennav_coverage_bt/lib:/home/mvibot/floorCleaningRobot_ws/install/opennav_coverage/lib:/home/mvibot/floorCleaningRobot_ws/install/fields2cover/lib:/opt/ros/jazzy/opt/gz_sim_vendor/lib:/opt/ros/jazzy/opt/gz_sensors_vendor/lib:/opt/ros/jazzy/opt/gz_physics_vendor/lib:/opt/ros/jazzy/opt/sdformat_vendor/lib:/opt/ros/jazzy/opt/rviz_ogre_vendor/lib:/opt/ros/jazzy/lib/x86_64-linux-gnu:/opt/ros/jazzy/opt/gz_gui_vendor/lib:/opt/ros/jazzy/opt/gz_transport_vendor/lib:/opt/ros/jazzy/opt/gz_rendering_vendor/lib:/opt/ros/jazzy/opt/gz_plugin_vendor/lib:/opt/ros/jazzy/opt/gz_fuel_tools_vendor/lib:/opt/ros/jazzy/opt/gz_msgs_vendor/lib:/opt/ros/jazzy/opt/gz_common_vendor/lib:/opt/ros/jazzy/opt/gz_math_vendor/lib:/opt/ros/jazzy/opt/gz_utils_vendor/lib:/opt/ros/jazzy/opt/gz_tools_vendor/lib:/opt/ros/jazzy/opt/gz_ogre_next_vendor/lib:/opt/ros/jazzy/opt/gz_dartsim_vendor/lib:/opt/ros/jazzy/opt/gz_cmake_vendor/lib:/opt/ros/jazzy/lib PYTHONPATH=/home/mvibot/floorCleaningRobot_ws/install/opennav_coverage_msgs/lib/python3.12/site-packages:/home/mvibot/floorCleaningRobot_ws/install/tf2_web_republisher_interfaces/lib/python3.12/site-packages:/home/mvibot/floorCleaningRobot_ws/install/realsense2_camera_msgs/lib/python3.12/site-packages:/home/mvibot/floorCleaningRobot_ws/build/opennav_coverage_demo:/home/mvibot/floorCleaningRobot_ws/install/opennav_coverage_demo/lib/python3.12/site-packages:/opt/ros/jazzy/lib/python3.12/site-packages /usr/bin/cmake --install /home/mvibot/floorCleaningRobot_ws/build/opennav_coverage_bt
[189.856s] Level 1:colcon.colcon_core.environment:create_environment_scripts_only(opennav_coverage_bt)
[189.857s] DEBUG:colcon.colcon_core.event_handler.log_command:Invoked command in '/home/mvibot/floorCleaningRobot_ws/build/opennav_coverage_bt' returned '0': CMAKE_PREFIX_PATH=/home/mvibot/floorCleaningRobot_ws/install/opennav_coverage_msgs:/home/mvibot/floorCleaningRobot_ws/install/tf2_web_republisher:/home/mvibot/floorCleaningRobot_ws/install/tf2_web_republisher_interfaces:/home/mvibot/floorCleaningRobot_ws/install/sllidar_ros2:/home/mvibot/floorCleaningRobot_ws/install/realsense2_description:/home/mvibot/floorCleaningRobot_ws/install/realsense2_camera:/home/mvibot/floorCleaningRobot_ws/install/realsense2_camera_msgs:/home/mvibot/floorCleaningRobot_ws/install/pointcloud_to_laserscan:/home/mvibot/floorCleaningRobot_ws/install/opennav_row_coverage:/home/mvibot/floorCleaningRobot_ws/install/opennav_coverage_navigator:/home/mvibot/floorCleaningRobot_ws/install/opennav_coverage_bt:/home/mvibot/floorCleaningRobot_ws/install/opennav_coverage:/home/mvibot/floorCleaningRobot_ws/install/mission_layer_mvibot:/home/mvibot/floorCleaningRobot_ws/install/lower_layer_mvibot:/home/mvibot/floorCleaningRobot_ws/install/ira_laser_tools:/home/mvibot/floorCleaningRobot_ws/install/higher_layer_mvibot:/home/mvibot/floorCleaningRobot_ws/install/fields2cover:/opt/ros/jazzy/opt/gz_sim_vendor:/opt/ros/jazzy/opt/gz_sensors_vendor:/opt/ros/jazzy/opt/gz_physics_vendor:/opt/ros/jazzy/opt/sdformat_vendor:/opt/ros/jazzy/opt/gz_gui_vendor:/opt/ros/jazzy/opt/gz_transport_vendor:/opt/ros/jazzy/opt/gz_rendering_vendor:/opt/ros/jazzy/opt/gz_plugin_vendor:/opt/ros/jazzy/opt/gz_fuel_tools_vendor:/opt/ros/jazzy/opt/gz_msgs_vendor:/opt/ros/jazzy/opt/gz_common_vendor:/opt/ros/jazzy/opt/gz_math_vendor:/opt/ros/jazzy/opt/gz_utils_vendor:/opt/ros/jazzy/opt/gz_tools_vendor:/opt/ros/jazzy/opt/gz_ogre_next_vendor:/opt/ros/jazzy/opt/gz_dartsim_vendor:/opt/ros/jazzy/opt/gz_cmake_vendor:/home/mvibot/floorCleaningRobot_ws/install/opennav_coverage_demo:/opt/ros/jazzy DEBUGINFOD_URLS=https://debuginfod.ubuntu.com LD_LIBRARY_PATH=/home/mvibot/floorCleaningRobot_ws/install/opennav_coverage_msgs/lib:/home/mvibot/floorCleaningRobot_ws/install/tf2_web_republisher/lib:/home/mvibot/floorCleaningRobot_ws/install/tf2_web_republisher_interfaces/lib:/home/mvibot/floorCleaningRobot_ws/install/realsense2_camera/lib:/home/mvibot/floorCleaningRobot_ws/install/realsense2_camera_msgs/lib:/home/mvibot/floorCleaningRobot_ws/install/pointcloud_to_laserscan/lib:/home/mvibot/floorCleaningRobot_ws/install/opennav_row_coverage/lib:/home/mvibot/floorCleaningRobot_ws/install/opennav_coverage_navigator/lib:/home/mvibot/floorCleaningRobot_ws/install/opennav_coverage_bt/lib:/home/mvibot/floorCleaningRobot_ws/install/opennav_coverage/lib:/home/mvibot/floorCleaningRobot_ws/install/fields2cover/lib:/opt/ros/jazzy/opt/gz_sim_vendor/lib:/opt/ros/jazzy/opt/gz_sensors_vendor/lib:/opt/ros/jazzy/opt/gz_physics_vendor/lib:/opt/ros/jazzy/opt/sdformat_vendor/lib:/opt/ros/jazzy/opt/rviz_ogre_vendor/lib:/opt/ros/jazzy/lib/x86_64-linux-gnu:/opt/ros/jazzy/opt/gz_gui_vendor/lib:/opt/ros/jazzy/opt/gz_transport_vendor/lib:/opt/ros/jazzy/opt/gz_rendering_vendor/lib:/opt/ros/jazzy/opt/gz_plugin_vendor/lib:/opt/ros/jazzy/opt/gz_fuel_tools_vendor/lib:/opt/ros/jazzy/opt/gz_msgs_vendor/lib:/opt/ros/jazzy/opt/gz_common_vendor/lib:/opt/ros/jazzy/opt/gz_math_vendor/lib:/opt/ros/jazzy/opt/gz_utils_vendor/lib:/opt/ros/jazzy/opt/gz_tools_vendor/lib:/opt/ros/jazzy/opt/gz_ogre_next_vendor/lib:/opt/ros/jazzy/opt/gz_dartsim_vendor/lib:/opt/ros/jazzy/opt/gz_cmake_vendor/lib:/opt/ros/jazzy/lib PYTHONPATH=/home/mvibot/floorCleaningRobot_ws/install/opennav_coverage_msgs/lib/python3.12/site-packages:/home/mvibot/floorCleaningRobot_ws/install/tf2_web_republisher_interfaces/lib/python3.12/site-packages:/home/mvibot/floorCleaningRobot_ws/install/realsense2_camera_msgs/lib/python3.12/site-packages:/home/mvibot/floorCleaningRobot_ws/build/opennav_coverage_demo:/home/mvibot/floorCleaningRobot_ws/install/opennav_coverage_demo/lib/python3.12/site-packages:/opt/ros/jazzy/lib/python3.12/site-packages /usr/bin/cmake --install /home/mvibot/floorCleaningRobot_ws/build/opennav_coverage_bt
[189.858s] Level 1:colcon.colcon_core.environment:checking '/home/mvibot/floorCleaningRobot_ws/install/opennav_coverage_bt' for CMake module files
[189.861s] Level 1:colcon.colcon_core.environment:checking '/home/mvibot/floorCleaningRobot_ws/install/opennav_coverage_bt' for CMake config files
[189.862s] Level 1:colcon.colcon_core.shell:create_environment_hook('opennav_coverage_bt', 'cmake_prefix_path')
[189.862s] INFO:colcon.colcon_core.shell:Creating environment hook '/home/mvibot/floorCleaningRobot_ws/install/opennav_coverage_bt/share/opennav_coverage_bt/hook/cmake_prefix_path.ps1'
[189.864s] INFO:colcon.colcon_core.shell:Creating environment descriptor '/home/mvibot/floorCleaningRobot_ws/install/opennav_coverage_bt/share/opennav_coverage_bt/hook/cmake_prefix_path.dsv'
[189.864s] INFO:colcon.colcon_core.shell:Creating environment hook '/home/mvibot/floorCleaningRobot_ws/install/opennav_coverage_bt/share/opennav_coverage_bt/hook/cmake_prefix_path.sh'
[189.866s] Level 1:colcon.colcon_core.environment:checking '/home/mvibot/floorCleaningRobot_ws/install/opennav_coverage_bt/lib'
[189.866s] Level 1:colcon.colcon_core.shell:create_environment_hook('opennav_coverage_bt', 'ld_library_path_lib')
[189.866s] INFO:colcon.colcon_core.shell:Creating environment hook '/home/mvibot/floorCleaningRobot_ws/install/opennav_coverage_bt/share/opennav_coverage_bt/hook/ld_library_path_lib.ps1'
[189.867s] INFO:colcon.colcon_core.shell:Creating environment descriptor '/home/mvibot/floorCleaningRobot_ws/install/opennav_coverage_bt/share/opennav_coverage_bt/hook/ld_library_path_lib.dsv'
[189.868s] INFO:colcon.colcon_core.shell:Creating environment hook '/home/mvibot/floorCleaningRobot_ws/install/opennav_coverage_bt/share/opennav_coverage_bt/hook/ld_library_path_lib.sh'
[189.869s] Level 1:colcon.colcon_core.environment:checking '/home/mvibot/floorCleaningRobot_ws/install/opennav_coverage_bt/bin'
[189.869s] Level 1:colcon.colcon_core.environment:checking '/home/mvibot/floorCleaningRobot_ws/install/opennav_coverage_bt/lib/pkgconfig/opennav_coverage_bt.pc'
[189.870s] Level 1:colcon.colcon_core.environment:checking '/home/mvibot/floorCleaningRobot_ws/install/opennav_coverage_bt/lib/python3.12/site-packages'
[189.870s] Level 1:colcon.colcon_core.environment:checking '/home/mvibot/floorCleaningRobot_ws/install/opennav_coverage_bt/bin'
[189.871s] INFO:colcon.colcon_core.shell:Creating package script '/home/mvibot/floorCleaningRobot_ws/install/opennav_coverage_bt/share/opennav_coverage_bt/package.ps1'
[189.873s] INFO:colcon.colcon_core.shell:Creating package descriptor '/home/mvibot/floorCleaningRobot_ws/install/opennav_coverage_bt/share/opennav_coverage_bt/package.dsv'
[189.874s] INFO:colcon.colcon_core.shell:Creating package script '/home/mvibot/floorCleaningRobot_ws/install/opennav_coverage_bt/share/opennav_coverage_bt/package.sh'
[189.875s] INFO:colcon.colcon_core.shell:Creating package script '/home/mvibot/floorCleaningRobot_ws/install/opennav_coverage_bt/share/opennav_coverage_bt/package.bash'
[189.878s] INFO:colcon.colcon_core.shell:Creating package script '/home/mvibot/floorCleaningRobot_ws/install/opennav_coverage_bt/share/opennav_coverage_bt/package.zsh'
[189.879s] Level 1:colcon.colcon_core.environment:create_file_with_runtime_dependencies(/home/mvibot/floorCleaningRobot_ws/install/opennav_coverage_bt/share/colcon-core/packages/opennav_coverage_bt)
[189.881s] Level 1:colcon.colcon_core.environment:create_environment_scripts_only(opennav_coverage_bt)
[189.881s] Level 1:colcon.colcon_core.environment:checking '/home/mvibot/floorCleaningRobot_ws/install/opennav_coverage_bt' for CMake module files
[189.882s] Level 1:colcon.colcon_core.environment:checking '/home/mvibot/floorCleaningRobot_ws/install/opennav_coverage_bt' for CMake config files
[189.883s] Level 1:colcon.colcon_core.shell:create_environment_hook('opennav_coverage_bt', 'cmake_prefix_path')
[189.883s] INFO:colcon.colcon_core.shell:Creating environment hook '/home/mvibot/floorCleaningRobot_ws/install/opennav_coverage_bt/share/opennav_coverage_bt/hook/cmake_prefix_path.ps1'
[189.886s] INFO:colcon.colcon_core.shell:Creating environment descriptor '/home/mvibot/floorCleaningRobot_ws/install/opennav_coverage_bt/share/opennav_coverage_bt/hook/cmake_prefix_path.dsv'
[189.886s] INFO:colcon.colcon_core.shell:Creating environment hook '/home/mvibot/floorCleaningRobot_ws/install/opennav_coverage_bt/share/opennav_coverage_bt/hook/cmake_prefix_path.sh'
[189.887s] Level 1:colcon.colcon_core.environment:checking '/home/mvibot/floorCleaningRobot_ws/install/opennav_coverage_bt/lib'
[189.888s] Level 1:colcon.colcon_core.shell:create_environment_hook('opennav_coverage_bt', 'ld_library_path_lib')
[189.888s] INFO:colcon.colcon_core.shell:Creating environment hook '/home/mvibot/floorCleaningRobot_ws/install/opennav_coverage_bt/share/opennav_coverage_bt/hook/ld_library_path_lib.ps1'
[189.889s] INFO:colcon.colcon_core.shell:Creating environment descriptor '/home/mvibot/floorCleaningRobot_ws/install/opennav_coverage_bt/share/opennav_coverage_bt/hook/ld_library_path_lib.dsv'
[189.894s] INFO:colcon.colcon_core.shell:Creating environment hook '/home/mvibot/floorCleaningRobot_ws/install/opennav_coverage_bt/share/opennav_coverage_bt/hook/ld_library_path_lib.sh'
[189.896s] Level 1:colcon.colcon_core.environment:checking '/home/mvibot/floorCleaningRobot_ws/install/opennav_coverage_bt/bin'
[189.896s] Level 1:colcon.colcon_core.environment:checking '/home/mvibot/floorCleaningRobot_ws/install/opennav_coverage_bt/lib/pkgconfig/opennav_coverage_bt.pc'
[189.896s] Level 1:colcon.colcon_core.environment:checking '/home/mvibot/floorCleaningRobot_ws/install/opennav_coverage_bt/lib/python3.12/site-packages'
[189.897s] Level 1:colcon.colcon_core.environment:checking '/home/mvibot/floorCleaningRobot_ws/install/opennav_coverage_bt/bin'
[189.898s] INFO:colcon.colcon_core.shell:Creating package script '/home/mvibot/floorCleaningRobot_ws/install/opennav_coverage_bt/share/opennav_coverage_bt/package.ps1'
[189.902s] INFO:colcon.colcon_core.shell:Creating package descriptor '/home/mvibot/floorCleaningRobot_ws/install/opennav_coverage_bt/share/opennav_coverage_bt/package.dsv'
[189.903s] INFO:colcon.colcon_core.shell:Creating package script '/home/mvibot/floorCleaningRobot_ws/install/opennav_coverage_bt/share/opennav_coverage_bt/package.sh'
[189.904s] INFO:colcon.colcon_core.shell:Creating package script '/home/mvibot/floorCleaningRobot_ws/install/opennav_coverage_bt/share/opennav_coverage_bt/package.bash'
[189.904s] INFO:colcon.colcon_core.shell:Creating package script '/home/mvibot/floorCleaningRobot_ws/install/opennav_coverage_bt/share/opennav_coverage_bt/package.zsh'
[189.905s] Level 1:colcon.colcon_core.environment:create_file_with_runtime_dependencies(/home/mvibot/floorCleaningRobot_ws/install/opennav_coverage_bt/share/colcon-core/packages/opennav_coverage_bt)
[225.280s] DEBUG:colcon.colcon_core.event_handler.log_command:Invoked command in '/home/mvibot/floorCleaningRobot_ws/build/realsense2_camera' returned '0': CMAKE_PREFIX_PATH=/home/mvibot/floorCleaningRobot_ws/install/realsense2_camera_msgs:/home/mvibot/floorCleaningRobot_ws/install/tf2_web_republisher:/home/mvibot/floorCleaningRobot_ws/install/tf2_web_republisher_interfaces:/home/mvibot/floorCleaningRobot_ws/install/sllidar_ros2:/home/mvibot/floorCleaningRobot_ws/install/realsense2_description:/home/mvibot/floorCleaningRobot_ws/install/realsense2_camera:/home/mvibot/floorCleaningRobot_ws/install/pointcloud_to_laserscan:/home/mvibot/floorCleaningRobot_ws/install/opennav_row_coverage:/home/mvibot/floorCleaningRobot_ws/install/opennav_coverage_navigator:/home/mvibot/floorCleaningRobot_ws/install/opennav_coverage_bt:/home/mvibot/floorCleaningRobot_ws/install/opennav_coverage:/home/mvibot/floorCleaningRobot_ws/install/mission_layer_mvibot:/home/mvibot/floorCleaningRobot_ws/install/opennav_coverage_msgs:/home/mvibot/floorCleaningRobot_ws/install/lower_layer_mvibot:/home/mvibot/floorCleaningRobot_ws/install/ira_laser_tools:/home/mvibot/floorCleaningRobot_ws/install/higher_layer_mvibot:/home/mvibot/floorCleaningRobot_ws/install/fields2cover:/opt/ros/jazzy/opt/gz_sim_vendor:/opt/ros/jazzy/opt/gz_sensors_vendor:/opt/ros/jazzy/opt/gz_physics_vendor:/opt/ros/jazzy/opt/sdformat_vendor:/opt/ros/jazzy/opt/gz_gui_vendor:/opt/ros/jazzy/opt/gz_transport_vendor:/opt/ros/jazzy/opt/gz_rendering_vendor:/opt/ros/jazzy/opt/gz_plugin_vendor:/opt/ros/jazzy/opt/gz_fuel_tools_vendor:/opt/ros/jazzy/opt/gz_msgs_vendor:/opt/ros/jazzy/opt/gz_common_vendor:/opt/ros/jazzy/opt/gz_math_vendor:/opt/ros/jazzy/opt/gz_utils_vendor:/opt/ros/jazzy/opt/gz_tools_vendor:/opt/ros/jazzy/opt/gz_ogre_next_vendor:/opt/ros/jazzy/opt/gz_dartsim_vendor:/opt/ros/jazzy/opt/gz_cmake_vendor:/home/mvibot/floorCleaningRobot_ws/install/opennav_coverage_demo:/opt/ros/jazzy DEBUGINFOD_URLS=https://debuginfod.ubuntu.com LD_LIBRARY_PATH=/home/mvibot/floorCleaningRobot_ws/install/realsense2_camera_msgs/lib:/home/mvibot/floorCleaningRobot_ws/install/tf2_web_republisher/lib:/home/mvibot/floorCleaningRobot_ws/install/tf2_web_republisher_interfaces/lib:/home/mvibot/floorCleaningRobot_ws/install/realsense2_camera/lib:/home/mvibot/floorCleaningRobot_ws/install/pointcloud_to_laserscan/lib:/home/mvibot/floorCleaningRobot_ws/install/opennav_row_coverage/lib:/home/mvibot/floorCleaningRobot_ws/install/opennav_coverage_navigator/lib:/home/mvibot/floorCleaningRobot_ws/install/opennav_coverage_bt/lib:/home/mvibot/floorCleaningRobot_ws/install/opennav_coverage/lib:/home/mvibot/floorCleaningRobot_ws/install/opennav_coverage_msgs/lib:/home/mvibot/floorCleaningRobot_ws/install/fields2cover/lib:/opt/ros/jazzy/opt/gz_sim_vendor/lib:/opt/ros/jazzy/opt/gz_sensors_vendor/lib:/opt/ros/jazzy/opt/gz_physics_vendor/lib:/opt/ros/jazzy/opt/sdformat_vendor/lib:/opt/ros/jazzy/opt/rviz_ogre_vendor/lib:/opt/ros/jazzy/lib/x86_64-linux-gnu:/opt/ros/jazzy/opt/gz_gui_vendor/lib:/opt/ros/jazzy/opt/gz_transport_vendor/lib:/opt/ros/jazzy/opt/gz_rendering_vendor/lib:/opt/ros/jazzy/opt/gz_plugin_vendor/lib:/opt/ros/jazzy/opt/gz_fuel_tools_vendor/lib:/opt/ros/jazzy/opt/gz_msgs_vendor/lib:/opt/ros/jazzy/opt/gz_common_vendor/lib:/opt/ros/jazzy/opt/gz_math_vendor/lib:/opt/ros/jazzy/opt/gz_utils_vendor/lib:/opt/ros/jazzy/opt/gz_tools_vendor/lib:/opt/ros/jazzy/opt/gz_ogre_next_vendor/lib:/opt/ros/jazzy/opt/gz_dartsim_vendor/lib:/opt/ros/jazzy/opt/gz_cmake_vendor/lib:/opt/ros/jazzy/lib PYTHONPATH=/home/mvibot/floorCleaningRobot_ws/install/realsense2_camera_msgs/lib/python3.12/site-packages:/home/mvibot/floorCleaningRobot_ws/install/tf2_web_republisher_interfaces/lib/python3.12/site-packages:/home/mvibot/floorCleaningRobot_ws/build/opennav_coverage_demo:/home/mvibot/floorCleaningRobot_ws/install/opennav_coverage_demo/lib/python3.12/site-packages:/home/mvibot/floorCleaningRobot_ws/install/opennav_coverage_msgs/lib/python3.12/site-packages:/opt/ros/jazzy/lib/python3.12/site-packages /usr/bin/cmake --build /home/mvibot/floorCleaningRobot_ws/build/realsense2_camera -- -j8 -l8
[225.282s] DEBUG:colcon.colcon_core.event_handler.log_command:Invoking command in '/home/mvibot/floorCleaningRobot_ws/build/realsense2_camera': CMAKE_PREFIX_PATH=/home/mvibot/floorCleaningRobot_ws/install/realsense2_camera_msgs:/home/mvibot/floorCleaningRobot_ws/install/tf2_web_republisher:/home/mvibot/floorCleaningRobot_ws/install/tf2_web_republisher_interfaces:/home/mvibot/floorCleaningRobot_ws/install/sllidar_ros2:/home/mvibot/floorCleaningRobot_ws/install/realsense2_description:/home/mvibot/floorCleaningRobot_ws/install/realsense2_camera:/home/mvibot/floorCleaningRobot_ws/install/pointcloud_to_laserscan:/home/mvibot/floorCleaningRobot_ws/install/opennav_row_coverage:/home/mvibot/floorCleaningRobot_ws/install/opennav_coverage_navigator:/home/mvibot/floorCleaningRobot_ws/install/opennav_coverage_bt:/home/mvibot/floorCleaningRobot_ws/install/opennav_coverage:/home/mvibot/floorCleaningRobot_ws/install/mission_layer_mvibot:/home/mvibot/floorCleaningRobot_ws/install/opennav_coverage_msgs:/home/mvibot/floorCleaningRobot_ws/install/lower_layer_mvibot:/home/mvibot/floorCleaningRobot_ws/install/ira_laser_tools:/home/mvibot/floorCleaningRobot_ws/install/higher_layer_mvibot:/home/mvibot/floorCleaningRobot_ws/install/fields2cover:/opt/ros/jazzy/opt/gz_sim_vendor:/opt/ros/jazzy/opt/gz_sensors_vendor:/opt/ros/jazzy/opt/gz_physics_vendor:/opt/ros/jazzy/opt/sdformat_vendor:/opt/ros/jazzy/opt/gz_gui_vendor:/opt/ros/jazzy/opt/gz_transport_vendor:/opt/ros/jazzy/opt/gz_rendering_vendor:/opt/ros/jazzy/opt/gz_plugin_vendor:/opt/ros/jazzy/opt/gz_fuel_tools_vendor:/opt/ros/jazzy/opt/gz_msgs_vendor:/opt/ros/jazzy/opt/gz_common_vendor:/opt/ros/jazzy/opt/gz_math_vendor:/opt/ros/jazzy/opt/gz_utils_vendor:/opt/ros/jazzy/opt/gz_tools_vendor:/opt/ros/jazzy/opt/gz_ogre_next_vendor:/opt/ros/jazzy/opt/gz_dartsim_vendor:/opt/ros/jazzy/opt/gz_cmake_vendor:/home/mvibot/floorCleaningRobot_ws/install/opennav_coverage_demo:/opt/ros/jazzy DEBUGINFOD_URLS=https://debuginfod.ubuntu.com LD_LIBRARY_PATH=/home/mvibot/floorCleaningRobot_ws/install/realsense2_camera_msgs/lib:/home/mvibot/floorCleaningRobot_ws/install/tf2_web_republisher/lib:/home/mvibot/floorCleaningRobot_ws/install/tf2_web_republisher_interfaces/lib:/home/mvibot/floorCleaningRobot_ws/install/realsense2_camera/lib:/home/mvibot/floorCleaningRobot_ws/install/pointcloud_to_laserscan/lib:/home/mvibot/floorCleaningRobot_ws/install/opennav_row_coverage/lib:/home/mvibot/floorCleaningRobot_ws/install/opennav_coverage_navigator/lib:/home/mvibot/floorCleaningRobot_ws/install/opennav_coverage_bt/lib:/home/mvibot/floorCleaningRobot_ws/install/opennav_coverage/lib:/home/mvibot/floorCleaningRobot_ws/install/opennav_coverage_msgs/lib:/home/mvibot/floorCleaningRobot_ws/install/fields2cover/lib:/opt/ros/jazzy/opt/gz_sim_vendor/lib:/opt/ros/jazzy/opt/gz_sensors_vendor/lib:/opt/ros/jazzy/opt/gz_physics_vendor/lib:/opt/ros/jazzy/opt/sdformat_vendor/lib:/opt/ros/jazzy/opt/rviz_ogre_vendor/lib:/opt/ros/jazzy/lib/x86_64-linux-gnu:/opt/ros/jazzy/opt/gz_gui_vendor/lib:/opt/ros/jazzy/opt/gz_transport_vendor/lib:/opt/ros/jazzy/opt/gz_rendering_vendor/lib:/opt/ros/jazzy/opt/gz_plugin_vendor/lib:/opt/ros/jazzy/opt/gz_fuel_tools_vendor/lib:/opt/ros/jazzy/opt/gz_msgs_vendor/lib:/opt/ros/jazzy/opt/gz_common_vendor/lib:/opt/ros/jazzy/opt/gz_math_vendor/lib:/opt/ros/jazzy/opt/gz_utils_vendor/lib:/opt/ros/jazzy/opt/gz_tools_vendor/lib:/opt/ros/jazzy/opt/gz_ogre_next_vendor/lib:/opt/ros/jazzy/opt/gz_dartsim_vendor/lib:/opt/ros/jazzy/opt/gz_cmake_vendor/lib:/opt/ros/jazzy/lib PYTHONPATH=/home/mvibot/floorCleaningRobot_ws/install/realsense2_camera_msgs/lib/python3.12/site-packages:/home/mvibot/floorCleaningRobot_ws/install/tf2_web_republisher_interfaces/lib/python3.12/site-packages:/home/mvibot/floorCleaningRobot_ws/build/opennav_coverage_demo:/home/mvibot/floorCleaningRobot_ws/install/opennav_coverage_demo/lib/python3.12/site-packages:/home/mvibot/floorCleaningRobot_ws/install/opennav_coverage_msgs/lib/python3.12/site-packages:/opt/ros/jazzy/lib/python3.12/site-packages /usr/bin/cmake --install /home/mvibot/floorCleaningRobot_ws/build/realsense2_camera
[226.038s] Level 1:colcon.colcon_core.environment:create_environment_scripts_only(realsense2_camera)
[226.038s] Level 1:colcon.colcon_core.environment:checking '/home/mvibot/floorCleaningRobot_ws/install/realsense2_camera' for CMake module files
[226.039s] DEBUG:colcon.colcon_core.event_handler.log_command:Invoked command in '/home/mvibot/floorCleaningRobot_ws/build/realsense2_camera' returned '0': CMAKE_PREFIX_PATH=/home/mvibot/floorCleaningRobot_ws/install/realsense2_camera_msgs:/home/mvibot/floorCleaningRobot_ws/install/tf2_web_republisher:/home/mvibot/floorCleaningRobot_ws/install/tf2_web_republisher_interfaces:/home/mvibot/floorCleaningRobot_ws/install/sllidar_ros2:/home/mvibot/floorCleaningRobot_ws/install/realsense2_description:/home/mvibot/floorCleaningRobot_ws/install/realsense2_camera:/home/mvibot/floorCleaningRobot_ws/install/pointcloud_to_laserscan:/home/mvibot/floorCleaningRobot_ws/install/opennav_row_coverage:/home/mvibot/floorCleaningRobot_ws/install/opennav_coverage_navigator:/home/mvibot/floorCleaningRobot_ws/install/opennav_coverage_bt:/home/mvibot/floorCleaningRobot_ws/install/opennav_coverage:/home/mvibot/floorCleaningRobot_ws/install/mission_layer_mvibot:/home/mvibot/floorCleaningRobot_ws/install/opennav_coverage_msgs:/home/mvibot/floorCleaningRobot_ws/install/lower_layer_mvibot:/home/mvibot/floorCleaningRobot_ws/install/ira_laser_tools:/home/mvibot/floorCleaningRobot_ws/install/higher_layer_mvibot:/home/mvibot/floorCleaningRobot_ws/install/fields2cover:/opt/ros/jazzy/opt/gz_sim_vendor:/opt/ros/jazzy/opt/gz_sensors_vendor:/opt/ros/jazzy/opt/gz_physics_vendor:/opt/ros/jazzy/opt/sdformat_vendor:/opt/ros/jazzy/opt/gz_gui_vendor:/opt/ros/jazzy/opt/gz_transport_vendor:/opt/ros/jazzy/opt/gz_rendering_vendor:/opt/ros/jazzy/opt/gz_plugin_vendor:/opt/ros/jazzy/opt/gz_fuel_tools_vendor:/opt/ros/jazzy/opt/gz_msgs_vendor:/opt/ros/jazzy/opt/gz_common_vendor:/opt/ros/jazzy/opt/gz_math_vendor:/opt/ros/jazzy/opt/gz_utils_vendor:/opt/ros/jazzy/opt/gz_tools_vendor:/opt/ros/jazzy/opt/gz_ogre_next_vendor:/opt/ros/jazzy/opt/gz_dartsim_vendor:/opt/ros/jazzy/opt/gz_cmake_vendor:/home/mvibot/floorCleaningRobot_ws/install/opennav_coverage_demo:/opt/ros/jazzy DEBUGINFOD_URLS=https://debuginfod.ubuntu.com LD_LIBRARY_PATH=/home/mvibot/floorCleaningRobot_ws/install/realsense2_camera_msgs/lib:/home/mvibot/floorCleaningRobot_ws/install/tf2_web_republisher/lib:/home/mvibot/floorCleaningRobot_ws/install/tf2_web_republisher_interfaces/lib:/home/mvibot/floorCleaningRobot_ws/install/realsense2_camera/lib:/home/mvibot/floorCleaningRobot_ws/install/pointcloud_to_laserscan/lib:/home/mvibot/floorCleaningRobot_ws/install/opennav_row_coverage/lib:/home/mvibot/floorCleaningRobot_ws/install/opennav_coverage_navigator/lib:/home/mvibot/floorCleaningRobot_ws/install/opennav_coverage_bt/lib:/home/mvibot/floorCleaningRobot_ws/install/opennav_coverage/lib:/home/mvibot/floorCleaningRobot_ws/install/opennav_coverage_msgs/lib:/home/mvibot/floorCleaningRobot_ws/install/fields2cover/lib:/opt/ros/jazzy/opt/gz_sim_vendor/lib:/opt/ros/jazzy/opt/gz_sensors_vendor/lib:/opt/ros/jazzy/opt/gz_physics_vendor/lib:/opt/ros/jazzy/opt/sdformat_vendor/lib:/opt/ros/jazzy/opt/rviz_ogre_vendor/lib:/opt/ros/jazzy/lib/x86_64-linux-gnu:/opt/ros/jazzy/opt/gz_gui_vendor/lib:/opt/ros/jazzy/opt/gz_transport_vendor/lib:/opt/ros/jazzy/opt/gz_rendering_vendor/lib:/opt/ros/jazzy/opt/gz_plugin_vendor/lib:/opt/ros/jazzy/opt/gz_fuel_tools_vendor/lib:/opt/ros/jazzy/opt/gz_msgs_vendor/lib:/opt/ros/jazzy/opt/gz_common_vendor/lib:/opt/ros/jazzy/opt/gz_math_vendor/lib:/opt/ros/jazzy/opt/gz_utils_vendor/lib:/opt/ros/jazzy/opt/gz_tools_vendor/lib:/opt/ros/jazzy/opt/gz_ogre_next_vendor/lib:/opt/ros/jazzy/opt/gz_dartsim_vendor/lib:/opt/ros/jazzy/opt/gz_cmake_vendor/lib:/opt/ros/jazzy/lib PYTHONPATH=/home/mvibot/floorCleaningRobot_ws/install/realsense2_camera_msgs/lib/python3.12/site-packages:/home/mvibot/floorCleaningRobot_ws/install/tf2_web_republisher_interfaces/lib/python3.12/site-packages:/home/mvibot/floorCleaningRobot_ws/build/opennav_coverage_demo:/home/mvibot/floorCleaningRobot_ws/install/opennav_coverage_demo/lib/python3.12/site-packages:/home/mvibot/floorCleaningRobot_ws/install/opennav_coverage_msgs/lib/python3.12/site-packages:/opt/ros/jazzy/lib/python3.12/site-packages /usr/bin/cmake --install /home/mvibot/floorCleaningRobot_ws/build/realsense2_camera
[226.040s] Level 1:colcon.colcon_core.environment:checking '/home/mvibot/floorCleaningRobot_ws/install/realsense2_camera' for CMake config files
[226.041s] Level 1:colcon.colcon_core.shell:create_environment_hook('realsense2_camera', 'cmake_prefix_path')
[226.041s] INFO:colcon.colcon_core.shell:Creating environment hook '/home/mvibot/floorCleaningRobot_ws/install/realsense2_camera/share/realsense2_camera/hook/cmake_prefix_path.ps1'
[226.042s] INFO:colcon.colcon_core.shell:Creating environment descriptor '/home/mvibot/floorCleaningRobot_ws/install/realsense2_camera/share/realsense2_camera/hook/cmake_prefix_path.dsv'
[226.042s] INFO:colcon.colcon_core.shell:Creating environment hook '/home/mvibot/floorCleaningRobot_ws/install/realsense2_camera/share/realsense2_camera/hook/cmake_prefix_path.sh'
[226.043s] Level 1:colcon.colcon_core.environment:checking '/home/mvibot/floorCleaningRobot_ws/install/realsense2_camera/lib'
[226.043s] Level 1:colcon.colcon_core.shell:create_environment_hook('realsense2_camera', 'ld_library_path_lib')
[226.044s] INFO:colcon.colcon_core.shell:Creating environment hook '/home/mvibot/floorCleaningRobot_ws/install/realsense2_camera/share/realsense2_camera/hook/ld_library_path_lib.ps1'
[226.045s] INFO:colcon.colcon_core.shell:Creating environment descriptor '/home/mvibot/floorCleaningRobot_ws/install/realsense2_camera/share/realsense2_camera/hook/ld_library_path_lib.dsv'
[226.045s] INFO:colcon.colcon_core.shell:Creating environment hook '/home/mvibot/floorCleaningRobot_ws/install/realsense2_camera/share/realsense2_camera/hook/ld_library_path_lib.sh'
[226.046s] Level 1:colcon.colcon_core.environment:checking '/home/mvibot/floorCleaningRobot_ws/install/realsense2_camera/bin'
[226.046s] Level 1:colcon.colcon_core.environment:checking '/home/mvibot/floorCleaningRobot_ws/install/realsense2_camera/lib/pkgconfig/realsense2_camera.pc'
[226.046s] Level 1:colcon.colcon_core.environment:checking '/home/mvibot/floorCleaningRobot_ws/install/realsense2_camera/lib/python3.12/site-packages'
[226.047s] Level 1:colcon.colcon_core.environment:checking '/home/mvibot/floorCleaningRobot_ws/install/realsense2_camera/bin'
[226.048s] INFO:colcon.colcon_core.shell:Creating package script '/home/mvibot/floorCleaningRobot_ws/install/realsense2_camera/share/realsense2_camera/package.ps1'
[226.049s] INFO:colcon.colcon_core.shell:Creating package descriptor '/home/mvibot/floorCleaningRobot_ws/install/realsense2_camera/share/realsense2_camera/package.dsv'
[226.049s] INFO:colcon.colcon_core.shell:Creating package script '/home/mvibot/floorCleaningRobot_ws/install/realsense2_camera/share/realsense2_camera/package.sh'
[226.050s] INFO:colcon.colcon_core.shell:Creating package script '/home/mvibot/floorCleaningRobot_ws/install/realsense2_camera/share/realsense2_camera/package.bash'
[226.051s] INFO:colcon.colcon_core.shell:Creating package script '/home/mvibot/floorCleaningRobot_ws/install/realsense2_camera/share/realsense2_camera/package.zsh'
[226.052s] Level 1:colcon.colcon_core.environment:create_file_with_runtime_dependencies(/home/mvibot/floorCleaningRobot_ws/install/realsense2_camera/share/colcon-core/packages/realsense2_camera)
[226.053s] Level 1:colcon.colcon_core.environment:create_environment_scripts_only(realsense2_camera)
[226.054s] Level 1:colcon.colcon_core.environment:checking '/home/mvibot/floorCleaningRobot_ws/install/realsense2_camera' for CMake module files
[226.055s] Level 1:colcon.colcon_core.environment:checking '/home/mvibot/floorCleaningRobot_ws/install/realsense2_camera' for CMake config files
[226.056s] Level 1:colcon.colcon_core.shell:create_environment_hook('realsense2_camera', 'cmake_prefix_path')
[226.056s] INFO:colcon.colcon_core.shell:Creating environment hook '/home/mvibot/floorCleaningRobot_ws/install/realsense2_camera/share/realsense2_camera/hook/cmake_prefix_path.ps1'
[226.057s] INFO:colcon.colcon_core.shell:Creating environment descriptor '/home/mvibot/floorCleaningRobot_ws/install/realsense2_camera/share/realsense2_camera/hook/cmake_prefix_path.dsv'
[226.057s] INFO:colcon.colcon_core.shell:Creating environment hook '/home/mvibot/floorCleaningRobot_ws/install/realsense2_camera/share/realsense2_camera/hook/cmake_prefix_path.sh'
[226.058s] Level 1:colcon.colcon_core.environment:checking '/home/mvibot/floorCleaningRobot_ws/install/realsense2_camera/lib'
[226.058s] Level 1:colcon.colcon_core.shell:create_environment_hook('realsense2_camera', 'ld_library_path_lib')
[226.059s] INFO:colcon.colcon_core.shell:Creating environment hook '/home/mvibot/floorCleaningRobot_ws/install/realsense2_camera/share/realsense2_camera/hook/ld_library_path_lib.ps1'
[226.060s] INFO:colcon.colcon_core.shell:Creating environment descriptor '/home/mvibot/floorCleaningRobot_ws/install/realsense2_camera/share/realsense2_camera/hook/ld_library_path_lib.dsv'
[226.060s] INFO:colcon.colcon_core.shell:Creating environment hook '/home/mvibot/floorCleaningRobot_ws/install/realsense2_camera/share/realsense2_camera/hook/ld_library_path_lib.sh'
[226.061s] Level 1:colcon.colcon_core.environment:checking '/home/mvibot/floorCleaningRobot_ws/install/realsense2_camera/bin'
[226.061s] Level 1:colcon.colcon_core.environment:checking '/home/mvibot/floorCleaningRobot_ws/install/realsense2_camera/lib/pkgconfig/realsense2_camera.pc'
[226.062s] Level 1:colcon.colcon_core.environment:checking '/home/mvibot/floorCleaningRobot_ws/install/realsense2_camera/lib/python3.12/site-packages'
[226.062s] Level 1:colcon.colcon_core.environment:checking '/home/mvibot/floorCleaningRobot_ws/install/realsense2_camera/bin'
[226.063s] INFO:colcon.colcon_core.shell:Creating package script '/home/mvibot/floorCleaningRobot_ws/install/realsense2_camera/share/realsense2_camera/package.ps1'
[226.064s] INFO:colcon.colcon_core.shell:Creating package descriptor '/home/mvibot/floorCleaningRobot_ws/install/realsense2_camera/share/realsense2_camera/package.dsv'
[226.065s] INFO:colcon.colcon_core.shell:Creating package script '/home/mvibot/floorCleaningRobot_ws/install/realsense2_camera/share/realsense2_camera/package.sh'
[226.066s] INFO:colcon.colcon_core.shell:Creating package script '/home/mvibot/floorCleaningRobot_ws/install/realsense2_camera/share/realsense2_camera/package.bash'
[226.067s] INFO:colcon.colcon_core.shell:Creating package script '/home/mvibot/floorCleaningRobot_ws/install/realsense2_camera/share/realsense2_camera/package.zsh'
[226.067s] Level 1:colcon.colcon_core.environment:create_file_with_runtime_dependencies(/home/mvibot/floorCleaningRobot_ws/install/realsense2_camera/share/colcon-core/packages/realsense2_camera)
[236.683s] DEBUG:colcon.colcon_core.event_handler.log_command:Invoked command in '/home/mvibot/floorCleaningRobot_ws/build/mission_layer_mvibot' returned '0': CMAKE_PREFIX_PATH=/home/mvibot/floorCleaningRobot_ws/install/opennav_coverage_msgs:/home/mvibot/floorCleaningRobot_ws/install/tf2_web_republisher:/home/mvibot/floorCleaningRobot_ws/install/tf2_web_republisher_interfaces:/home/mvibot/floorCleaningRobot_ws/install/sllidar_ros2:/home/mvibot/floorCleaningRobot_ws/install/realsense2_description:/home/mvibot/floorCleaningRobot_ws/install/realsense2_camera:/home/mvibot/floorCleaningRobot_ws/install/realsense2_camera_msgs:/home/mvibot/floorCleaningRobot_ws/install/pointcloud_to_laserscan:/home/mvibot/floorCleaningRobot_ws/install/opennav_row_coverage:/home/mvibot/floorCleaningRobot_ws/install/opennav_coverage_navigator:/home/mvibot/floorCleaningRobot_ws/install/opennav_coverage_bt:/home/mvibot/floorCleaningRobot_ws/install/opennav_coverage:/home/mvibot/floorCleaningRobot_ws/install/mission_layer_mvibot:/home/mvibot/floorCleaningRobot_ws/install/lower_layer_mvibot:/home/mvibot/floorCleaningRobot_ws/install/ira_laser_tools:/home/mvibot/floorCleaningRobot_ws/install/higher_layer_mvibot:/home/mvibot/floorCleaningRobot_ws/install/fields2cover:/opt/ros/jazzy/opt/gz_sim_vendor:/opt/ros/jazzy/opt/gz_sensors_vendor:/opt/ros/jazzy/opt/gz_physics_vendor:/opt/ros/jazzy/opt/sdformat_vendor:/opt/ros/jazzy/opt/gz_gui_vendor:/opt/ros/jazzy/opt/gz_transport_vendor:/opt/ros/jazzy/opt/gz_rendering_vendor:/opt/ros/jazzy/opt/gz_plugin_vendor:/opt/ros/jazzy/opt/gz_fuel_tools_vendor:/opt/ros/jazzy/opt/gz_msgs_vendor:/opt/ros/jazzy/opt/gz_common_vendor:/opt/ros/jazzy/opt/gz_math_vendor:/opt/ros/jazzy/opt/gz_utils_vendor:/opt/ros/jazzy/opt/gz_tools_vendor:/opt/ros/jazzy/opt/gz_ogre_next_vendor:/opt/ros/jazzy/opt/gz_dartsim_vendor:/opt/ros/jazzy/opt/gz_cmake_vendor:/home/mvibot/floorCleaningRobot_ws/install/opennav_coverage_demo:/opt/ros/jazzy DEBUGINFOD_URLS=https://debuginfod.ubuntu.com LD_LIBRARY_PATH=/home/mvibot/floorCleaningRobot_ws/install/opennav_coverage_msgs/lib:/home/mvibot/floorCleaningRobot_ws/install/tf2_web_republisher/lib:/home/mvibot/floorCleaningRobot_ws/install/tf2_web_republisher_interfaces/lib:/home/mvibot/floorCleaningRobot_ws/install/realsense2_camera/lib:/home/mvibot/floorCleaningRobot_ws/install/realsense2_camera_msgs/lib:/home/mvibot/floorCleaningRobot_ws/install/pointcloud_to_laserscan/lib:/home/mvibot/floorCleaningRobot_ws/install/opennav_row_coverage/lib:/home/mvibot/floorCleaningRobot_ws/install/opennav_coverage_navigator/lib:/home/mvibot/floorCleaningRobot_ws/install/opennav_coverage_bt/lib:/home/mvibot/floorCleaningRobot_ws/install/opennav_coverage/lib:/home/mvibot/floorCleaningRobot_ws/install/fields2cover/lib:/opt/ros/jazzy/opt/gz_sim_vendor/lib:/opt/ros/jazzy/opt/gz_sensors_vendor/lib:/opt/ros/jazzy/opt/gz_physics_vendor/lib:/opt/ros/jazzy/opt/sdformat_vendor/lib:/opt/ros/jazzy/opt/rviz_ogre_vendor/lib:/opt/ros/jazzy/lib/x86_64-linux-gnu:/opt/ros/jazzy/opt/gz_gui_vendor/lib:/opt/ros/jazzy/opt/gz_transport_vendor/lib:/opt/ros/jazzy/opt/gz_rendering_vendor/lib:/opt/ros/jazzy/opt/gz_plugin_vendor/lib:/opt/ros/jazzy/opt/gz_fuel_tools_vendor/lib:/opt/ros/jazzy/opt/gz_msgs_vendor/lib:/opt/ros/jazzy/opt/gz_common_vendor/lib:/opt/ros/jazzy/opt/gz_math_vendor/lib:/opt/ros/jazzy/opt/gz_utils_vendor/lib:/opt/ros/jazzy/opt/gz_tools_vendor/lib:/opt/ros/jazzy/opt/gz_ogre_next_vendor/lib:/opt/ros/jazzy/opt/gz_dartsim_vendor/lib:/opt/ros/jazzy/opt/gz_cmake_vendor/lib:/opt/ros/jazzy/lib PYTHONPATH=/home/mvibot/floorCleaningRobot_ws/install/opennav_coverage_msgs/lib/python3.12/site-packages:/home/mvibot/floorCleaningRobot_ws/install/tf2_web_republisher_interfaces/lib/python3.12/site-packages:/home/mvibot/floorCleaningRobot_ws/install/realsense2_camera_msgs/lib/python3.12/site-packages:/home/mvibot/floorCleaningRobot_ws/build/opennav_coverage_demo:/home/mvibot/floorCleaningRobot_ws/install/opennav_coverage_demo/lib/python3.12/site-packages:/opt/ros/jazzy/lib/python3.12/site-packages /usr/bin/cmake --build /home/mvibot/floorCleaningRobot_ws/build/mission_layer_mvibot -- -j8 -l8
[236.685s] DEBUG:colcon.colcon_core.event_handler.log_command:Invoking command in '/home/mvibot/floorCleaningRobot_ws/build/mission_layer_mvibot': CMAKE_PREFIX_PATH=/home/mvibot/floorCleaningRobot_ws/install/opennav_coverage_msgs:/home/mvibot/floorCleaningRobot_ws/install/tf2_web_republisher:/home/mvibot/floorCleaningRobot_ws/install/tf2_web_republisher_interfaces:/home/mvibot/floorCleaningRobot_ws/install/sllidar_ros2:/home/mvibot/floorCleaningRobot_ws/install/realsense2_description:/home/mvibot/floorCleaningRobot_ws/install/realsense2_camera:/home/mvibot/floorCleaningRobot_ws/install/realsense2_camera_msgs:/home/mvibot/floorCleaningRobot_ws/install/pointcloud_to_laserscan:/home/mvibot/floorCleaningRobot_ws/install/opennav_row_coverage:/home/mvibot/floorCleaningRobot_ws/install/opennav_coverage_navigator:/home/mvibot/floorCleaningRobot_ws/install/opennav_coverage_bt:/home/mvibot/floorCleaningRobot_ws/install/opennav_coverage:/home/mvibot/floorCleaningRobot_ws/install/mission_layer_mvibot:/home/mvibot/floorCleaningRobot_ws/install/lower_layer_mvibot:/home/mvibot/floorCleaningRobot_ws/install/ira_laser_tools:/home/mvibot/floorCleaningRobot_ws/install/higher_layer_mvibot:/home/mvibot/floorCleaningRobot_ws/install/fields2cover:/opt/ros/jazzy/opt/gz_sim_vendor:/opt/ros/jazzy/opt/gz_sensors_vendor:/opt/ros/jazzy/opt/gz_physics_vendor:/opt/ros/jazzy/opt/sdformat_vendor:/opt/ros/jazzy/opt/gz_gui_vendor:/opt/ros/jazzy/opt/gz_transport_vendor:/opt/ros/jazzy/opt/gz_rendering_vendor:/opt/ros/jazzy/opt/gz_plugin_vendor:/opt/ros/jazzy/opt/gz_fuel_tools_vendor:/opt/ros/jazzy/opt/gz_msgs_vendor:/opt/ros/jazzy/opt/gz_common_vendor:/opt/ros/jazzy/opt/gz_math_vendor:/opt/ros/jazzy/opt/gz_utils_vendor:/opt/ros/jazzy/opt/gz_tools_vendor:/opt/ros/jazzy/opt/gz_ogre_next_vendor:/opt/ros/jazzy/opt/gz_dartsim_vendor:/opt/ros/jazzy/opt/gz_cmake_vendor:/home/mvibot/floorCleaningRobot_ws/install/opennav_coverage_demo:/opt/ros/jazzy DEBUGINFOD_URLS=https://debuginfod.ubuntu.com LD_LIBRARY_PATH=/home/mvibot/floorCleaningRobot_ws/install/opennav_coverage_msgs/lib:/home/mvibot/floorCleaningRobot_ws/install/tf2_web_republisher/lib:/home/mvibot/floorCleaningRobot_ws/install/tf2_web_republisher_interfaces/lib:/home/mvibot/floorCleaningRobot_ws/install/realsense2_camera/lib:/home/mvibot/floorCleaningRobot_ws/install/realsense2_camera_msgs/lib:/home/mvibot/floorCleaningRobot_ws/install/pointcloud_to_laserscan/lib:/home/mvibot/floorCleaningRobot_ws/install/opennav_row_coverage/lib:/home/mvibot/floorCleaningRobot_ws/install/opennav_coverage_navigator/lib:/home/mvibot/floorCleaningRobot_ws/install/opennav_coverage_bt/lib:/home/mvibot/floorCleaningRobot_ws/install/opennav_coverage/lib:/home/mvibot/floorCleaningRobot_ws/install/fields2cover/lib:/opt/ros/jazzy/opt/gz_sim_vendor/lib:/opt/ros/jazzy/opt/gz_sensors_vendor/lib:/opt/ros/jazzy/opt/gz_physics_vendor/lib:/opt/ros/jazzy/opt/sdformat_vendor/lib:/opt/ros/jazzy/opt/rviz_ogre_vendor/lib:/opt/ros/jazzy/lib/x86_64-linux-gnu:/opt/ros/jazzy/opt/gz_gui_vendor/lib:/opt/ros/jazzy/opt/gz_transport_vendor/lib:/opt/ros/jazzy/opt/gz_rendering_vendor/lib:/opt/ros/jazzy/opt/gz_plugin_vendor/lib:/opt/ros/jazzy/opt/gz_fuel_tools_vendor/lib:/opt/ros/jazzy/opt/gz_msgs_vendor/lib:/opt/ros/jazzy/opt/gz_common_vendor/lib:/opt/ros/jazzy/opt/gz_math_vendor/lib:/opt/ros/jazzy/opt/gz_utils_vendor/lib:/opt/ros/jazzy/opt/gz_tools_vendor/lib:/opt/ros/jazzy/opt/gz_ogre_next_vendor/lib:/opt/ros/jazzy/opt/gz_dartsim_vendor/lib:/opt/ros/jazzy/opt/gz_cmake_vendor/lib:/opt/ros/jazzy/lib PYTHONPATH=/home/mvibot/floorCleaningRobot_ws/install/opennav_coverage_msgs/lib/python3.12/site-packages:/home/mvibot/floorCleaningRobot_ws/install/tf2_web_republisher_interfaces/lib/python3.12/site-packages:/home/mvibot/floorCleaningRobot_ws/install/realsense2_camera_msgs/lib/python3.12/site-packages:/home/mvibot/floorCleaningRobot_ws/build/opennav_coverage_demo:/home/mvibot/floorCleaningRobot_ws/install/opennav_coverage_demo/lib/python3.12/site-packages:/opt/ros/jazzy/lib/python3.12/site-packages /usr/bin/cmake --install /home/mvibot/floorCleaningRobot_ws/build/mission_layer_mvibot
[237.017s] Level 1:colcon.colcon_core.environment:create_environment_scripts_only(mission_layer_mvibot)
[237.018s] Level 1:colcon.colcon_core.environment:checking '/home/mvibot/floorCleaningRobot_ws/install/mission_layer_mvibot' for CMake module files
[237.019s] DEBUG:colcon.colcon_core.event_handler.log_command:Invoked command in '/home/mvibot/floorCleaningRobot_ws/build/mission_layer_mvibot' returned '0': CMAKE_PREFIX_PATH=/home/mvibot/floorCleaningRobot_ws/install/opennav_coverage_msgs:/home/mvibot/floorCleaningRobot_ws/install/tf2_web_republisher:/home/mvibot/floorCleaningRobot_ws/install/tf2_web_republisher_interfaces:/home/mvibot/floorCleaningRobot_ws/install/sllidar_ros2:/home/mvibot/floorCleaningRobot_ws/install/realsense2_description:/home/mvibot/floorCleaningRobot_ws/install/realsense2_camera:/home/mvibot/floorCleaningRobot_ws/install/realsense2_camera_msgs:/home/mvibot/floorCleaningRobot_ws/install/pointcloud_to_laserscan:/home/mvibot/floorCleaningRobot_ws/install/opennav_row_coverage:/home/mvibot/floorCleaningRobot_ws/install/opennav_coverage_navigator:/home/mvibot/floorCleaningRobot_ws/install/opennav_coverage_bt:/home/mvibot/floorCleaningRobot_ws/install/opennav_coverage:/home/mvibot/floorCleaningRobot_ws/install/mission_layer_mvibot:/home/mvibot/floorCleaningRobot_ws/install/lower_layer_mvibot:/home/mvibot/floorCleaningRobot_ws/install/ira_laser_tools:/home/mvibot/floorCleaningRobot_ws/install/higher_layer_mvibot:/home/mvibot/floorCleaningRobot_ws/install/fields2cover:/opt/ros/jazzy/opt/gz_sim_vendor:/opt/ros/jazzy/opt/gz_sensors_vendor:/opt/ros/jazzy/opt/gz_physics_vendor:/opt/ros/jazzy/opt/sdformat_vendor:/opt/ros/jazzy/opt/gz_gui_vendor:/opt/ros/jazzy/opt/gz_transport_vendor:/opt/ros/jazzy/opt/gz_rendering_vendor:/opt/ros/jazzy/opt/gz_plugin_vendor:/opt/ros/jazzy/opt/gz_fuel_tools_vendor:/opt/ros/jazzy/opt/gz_msgs_vendor:/opt/ros/jazzy/opt/gz_common_vendor:/opt/ros/jazzy/opt/gz_math_vendor:/opt/ros/jazzy/opt/gz_utils_vendor:/opt/ros/jazzy/opt/gz_tools_vendor:/opt/ros/jazzy/opt/gz_ogre_next_vendor:/opt/ros/jazzy/opt/gz_dartsim_vendor:/opt/ros/jazzy/opt/gz_cmake_vendor:/home/mvibot/floorCleaningRobot_ws/install/opennav_coverage_demo:/opt/ros/jazzy DEBUGINFOD_URLS=https://debuginfod.ubuntu.com LD_LIBRARY_PATH=/home/mvibot/floorCleaningRobot_ws/install/opennav_coverage_msgs/lib:/home/mvibot/floorCleaningRobot_ws/install/tf2_web_republisher/lib:/home/mvibot/floorCleaningRobot_ws/install/tf2_web_republisher_interfaces/lib:/home/mvibot/floorCleaningRobot_ws/install/realsense2_camera/lib:/home/mvibot/floorCleaningRobot_ws/install/realsense2_camera_msgs/lib:/home/mvibot/floorCleaningRobot_ws/install/pointcloud_to_laserscan/lib:/home/mvibot/floorCleaningRobot_ws/install/opennav_row_coverage/lib:/home/mvibot/floorCleaningRobot_ws/install/opennav_coverage_navigator/lib:/home/mvibot/floorCleaningRobot_ws/install/opennav_coverage_bt/lib:/home/mvibot/floorCleaningRobot_ws/install/opennav_coverage/lib:/home/mvibot/floorCleaningRobot_ws/install/fields2cover/lib:/opt/ros/jazzy/opt/gz_sim_vendor/lib:/opt/ros/jazzy/opt/gz_sensors_vendor/lib:/opt/ros/jazzy/opt/gz_physics_vendor/lib:/opt/ros/jazzy/opt/sdformat_vendor/lib:/opt/ros/jazzy/opt/rviz_ogre_vendor/lib:/opt/ros/jazzy/lib/x86_64-linux-gnu:/opt/ros/jazzy/opt/gz_gui_vendor/lib:/opt/ros/jazzy/opt/gz_transport_vendor/lib:/opt/ros/jazzy/opt/gz_rendering_vendor/lib:/opt/ros/jazzy/opt/gz_plugin_vendor/lib:/opt/ros/jazzy/opt/gz_fuel_tools_vendor/lib:/opt/ros/jazzy/opt/gz_msgs_vendor/lib:/opt/ros/jazzy/opt/gz_common_vendor/lib:/opt/ros/jazzy/opt/gz_math_vendor/lib:/opt/ros/jazzy/opt/gz_utils_vendor/lib:/opt/ros/jazzy/opt/gz_tools_vendor/lib:/opt/ros/jazzy/opt/gz_ogre_next_vendor/lib:/opt/ros/jazzy/opt/gz_dartsim_vendor/lib:/opt/ros/jazzy/opt/gz_cmake_vendor/lib:/opt/ros/jazzy/lib PYTHONPATH=/home/mvibot/floorCleaningRobot_ws/install/opennav_coverage_msgs/lib/python3.12/site-packages:/home/mvibot/floorCleaningRobot_ws/install/tf2_web_republisher_interfaces/lib/python3.12/site-packages:/home/mvibot/floorCleaningRobot_ws/install/realsense2_camera_msgs/lib/python3.12/site-packages:/home/mvibot/floorCleaningRobot_ws/build/opennav_coverage_demo:/home/mvibot/floorCleaningRobot_ws/install/opennav_coverage_demo/lib/python3.12/site-packages:/opt/ros/jazzy/lib/python3.12/site-packages /usr/bin/cmake --install /home/mvibot/floorCleaningRobot_ws/build/mission_layer_mvibot
[237.019s] Level 1:colcon.colcon_core.environment:checking '/home/mvibot/floorCleaningRobot_ws/install/mission_layer_mvibot' for CMake config files
[237.020s] Level 1:colcon.colcon_core.shell:create_environment_hook('mission_layer_mvibot', 'cmake_prefix_path')
[237.020s] INFO:colcon.colcon_core.shell:Creating environment hook '/home/mvibot/floorCleaningRobot_ws/install/mission_layer_mvibot/share/mission_layer_mvibot/hook/cmake_prefix_path.ps1'
[237.021s] INFO:colcon.colcon_core.shell:Creating environment descriptor '/home/mvibot/floorCleaningRobot_ws/install/mission_layer_mvibot/share/mission_layer_mvibot/hook/cmake_prefix_path.dsv'
[237.021s] INFO:colcon.colcon_core.shell:Creating environment hook '/home/mvibot/floorCleaningRobot_ws/install/mission_layer_mvibot/share/mission_layer_mvibot/hook/cmake_prefix_path.sh'
[237.022s] Level 1:colcon.colcon_core.environment:checking '/home/mvibot/floorCleaningRobot_ws/install/mission_layer_mvibot/lib'
[237.022s] Level 1:colcon.colcon_core.environment:checking '/home/mvibot/floorCleaningRobot_ws/install/mission_layer_mvibot/bin'
[237.023s] Level 1:colcon.colcon_core.environment:checking '/home/mvibot/floorCleaningRobot_ws/install/mission_layer_mvibot/lib/pkgconfig/mission_layer_mvibot.pc'
[237.023s] Level 1:colcon.colcon_core.environment:checking '/home/mvibot/floorCleaningRobot_ws/install/mission_layer_mvibot/lib/python3.12/site-packages'
[237.024s] Level 1:colcon.colcon_core.environment:checking '/home/mvibot/floorCleaningRobot_ws/install/mission_layer_mvibot/bin'
[237.024s] INFO:colcon.colcon_core.shell:Creating package script '/home/mvibot/floorCleaningRobot_ws/install/mission_layer_mvibot/share/mission_layer_mvibot/package.ps1'
[237.025s] INFO:colcon.colcon_core.shell:Creating package descriptor '/home/mvibot/floorCleaningRobot_ws/install/mission_layer_mvibot/share/mission_layer_mvibot/package.dsv'
[237.026s] INFO:colcon.colcon_core.shell:Creating package script '/home/mvibot/floorCleaningRobot_ws/install/mission_layer_mvibot/share/mission_layer_mvibot/package.sh'
[237.026s] INFO:colcon.colcon_core.shell:Creating package script '/home/mvibot/floorCleaningRobot_ws/install/mission_layer_mvibot/share/mission_layer_mvibot/package.bash'
[237.027s] INFO:colcon.colcon_core.shell:Creating package script '/home/mvibot/floorCleaningRobot_ws/install/mission_layer_mvibot/share/mission_layer_mvibot/package.zsh'
[237.027s] Level 1:colcon.colcon_core.environment:create_file_with_runtime_dependencies(/home/mvibot/floorCleaningRobot_ws/install/mission_layer_mvibot/share/colcon-core/packages/mission_layer_mvibot)
[237.028s] Level 1:colcon.colcon_core.environment:create_environment_scripts_only(mission_layer_mvibot)
[237.029s] Level 1:colcon.colcon_core.environment:checking '/home/mvibot/floorCleaningRobot_ws/install/mission_layer_mvibot' for CMake module files
[237.030s] Level 1:colcon.colcon_core.environment:checking '/home/mvibot/floorCleaningRobot_ws/install/mission_layer_mvibot' for CMake config files
[237.030s] Level 1:colcon.colcon_core.shell:create_environment_hook('mission_layer_mvibot', 'cmake_prefix_path')
[237.030s] INFO:colcon.colcon_core.shell:Creating environment hook '/home/mvibot/floorCleaningRobot_ws/install/mission_layer_mvibot/share/mission_layer_mvibot/hook/cmake_prefix_path.ps1'
[237.031s] INFO:colcon.colcon_core.shell:Creating environment descriptor '/home/mvibot/floorCleaningRobot_ws/install/mission_layer_mvibot/share/mission_layer_mvibot/hook/cmake_prefix_path.dsv'
[237.032s] INFO:colcon.colcon_core.shell:Creating environment hook '/home/mvibot/floorCleaningRobot_ws/install/mission_layer_mvibot/share/mission_layer_mvibot/hook/cmake_prefix_path.sh'
[237.033s] Level 1:colcon.colcon_core.environment:checking '/home/mvibot/floorCleaningRobot_ws/install/mission_layer_mvibot/lib'
[237.033s] Level 1:colcon.colcon_core.environment:checking '/home/mvibot/floorCleaningRobot_ws/install/mission_layer_mvibot/bin'
[237.033s] Level 1:colcon.colcon_core.environment:checking '/home/mvibot/floorCleaningRobot_ws/install/mission_layer_mvibot/lib/pkgconfig/mission_layer_mvibot.pc'
[237.033s] Level 1:colcon.colcon_core.environment:checking '/home/mvibot/floorCleaningRobot_ws/install/mission_layer_mvibot/lib/python3.12/site-packages'
[237.034s] Level 1:colcon.colcon_core.environment:checking '/home/mvibot/floorCleaningRobot_ws/install/mission_layer_mvibot/bin'
[237.034s] INFO:colcon.colcon_core.shell:Creating package script '/home/mvibot/floorCleaningRobot_ws/install/mission_layer_mvibot/share/mission_layer_mvibot/package.ps1'
[237.035s] INFO:colcon.colcon_core.shell:Creating package descriptor '/home/mvibot/floorCleaningRobot_ws/install/mission_layer_mvibot/share/mission_layer_mvibot/package.dsv'
[237.036s] INFO:colcon.colcon_core.shell:Creating package script '/home/mvibot/floorCleaningRobot_ws/install/mission_layer_mvibot/share/mission_layer_mvibot/package.sh'
[237.037s] INFO:colcon.colcon_core.shell:Creating package script '/home/mvibot/floorCleaningRobot_ws/install/mission_layer_mvibot/share/mission_layer_mvibot/package.bash'
[237.037s] INFO:colcon.colcon_core.shell:Creating package script '/home/mvibot/floorCleaningRobot_ws/install/mission_layer_mvibot/share/mission_layer_mvibot/package.zsh'
[237.038s] Level 1:colcon.colcon_core.environment:create_file_with_runtime_dependencies(/home/mvibot/floorCleaningRobot_ws/install/mission_layer_mvibot/share/colcon-core/packages/mission_layer_mvibot)
[249.665s] DEBUG:colcon.colcon_core.event_handler.log_command:Invoked command in '/home/mvibot/floorCleaningRobot_ws/build/fields2cover' returned '0': CMAKE_PREFIX_PATH=${CMAKE_PREFIX_PATH}:/home/mvibot/floorCleaningRobot_ws/install/opennav_coverage_demo:/opt/ros/jazzy DEBUGINFOD_URLS=https://debuginfod.ubuntu.com /usr/bin/cmake --build /home/mvibot/floorCleaningRobot_ws/build/fields2cover -- -j8 -l8
[249.668s] DEBUG:colcon.colcon_core.event_handler.log_command:Invoking command in '/home/mvibot/floorCleaningRobot_ws/build/fields2cover': CMAKE_PREFIX_PATH=${CMAKE_PREFIX_PATH}:/home/mvibot/floorCleaningRobot_ws/install/opennav_coverage_demo:/opt/ros/jazzy DEBUGINFOD_URLS=https://debuginfod.ubuntu.com /usr/bin/cmake --install /home/mvibot/floorCleaningRobot_ws/build/fields2cover
[249.705s] DEBUG:colcon.colcon_core.event_handler.log_command:Invoked command in '/home/mvibot/floorCleaningRobot_ws/build/fields2cover' returned '0': CMAKE_PREFIX_PATH=${CMAKE_PREFIX_PATH}:/home/mvibot/floorCleaningRobot_ws/install/opennav_coverage_demo:/opt/ros/jazzy DEBUGINFOD_URLS=https://debuginfod.ubuntu.com /usr/bin/cmake --install /home/mvibot/floorCleaningRobot_ws/build/fields2cover
[249.706s] Level 1:colcon.colcon_core.shell:create_environment_hook('fields2cover', 'pkg_config_path')
[249.706s] INFO:colcon.colcon_core.shell:Creating environment hook '/home/mvibot/floorCleaningRobot_ws/install/fields2cover/share/fields2cover/hook/pkg_config_path.ps1'
[249.707s] INFO:colcon.colcon_core.shell:Creating environment descriptor '/home/mvibot/floorCleaningRobot_ws/install/fields2cover/share/fields2cover/hook/pkg_config_path.dsv'
[249.707s] INFO:colcon.colcon_core.shell:Creating environment hook '/home/mvibot/floorCleaningRobot_ws/install/fields2cover/share/fields2cover/hook/pkg_config_path.sh'
[249.711s] Level 1:colcon.colcon_core.shell:create_environment_hook('fields2cover', 'pkg_config_path_multiarch')
[249.711s] INFO:colcon.colcon_core.shell:Creating environment hook '/home/mvibot/floorCleaningRobot_ws/install/fields2cover/share/fields2cover/hook/pkg_config_path_multiarch.ps1'
[249.712s] INFO:colcon.colcon_core.shell:Creating environment descriptor '/home/mvibot/floorCleaningRobot_ws/install/fields2cover/share/fields2cover/hook/pkg_config_path_multiarch.dsv'
[249.712s] INFO:colcon.colcon_core.shell:Creating environment hook '/home/mvibot/floorCleaningRobot_ws/install/fields2cover/share/fields2cover/hook/pkg_config_path_multiarch.sh'
[249.712s] Level 1:colcon.colcon_core.environment:create_environment_scripts_only(fields2cover)
[249.712s] Level 1:colcon.colcon_core.environment:checking '/home/mvibot/floorCleaningRobot_ws/install/fields2cover' for CMake module files
[249.713s] Level 1:colcon.colcon_core.environment:checking '/home/mvibot/floorCleaningRobot_ws/install/fields2cover' for CMake config files
[249.713s] Level 1:colcon.colcon_core.shell:create_environment_hook('fields2cover', 'cmake_prefix_path')
[249.713s] INFO:colcon.colcon_core.shell:Creating environment hook '/home/mvibot/floorCleaningRobot_ws/install/fields2cover/share/fields2cover/hook/cmake_prefix_path.ps1'
[249.713s] INFO:colcon.colcon_core.shell:Creating environment descriptor '/home/mvibot/floorCleaningRobot_ws/install/fields2cover/share/fields2cover/hook/cmake_prefix_path.dsv'
[249.714s] INFO:colcon.colcon_core.shell:Creating environment hook '/home/mvibot/floorCleaningRobot_ws/install/fields2cover/share/fields2cover/hook/cmake_prefix_path.sh'
[249.714s] Level 1:colcon.colcon_core.environment:checking '/home/mvibot/floorCleaningRobot_ws/install/fields2cover/lib'
[249.714s] Level 1:colcon.colcon_core.shell:create_environment_hook('fields2cover', 'ld_library_path_lib')
[249.714s] INFO:colcon.colcon_core.shell:Creating environment hook '/home/mvibot/floorCleaningRobot_ws/install/fields2cover/share/fields2cover/hook/ld_library_path_lib.ps1'
[249.715s] INFO:colcon.colcon_core.shell:Creating environment descriptor '/home/mvibot/floorCleaningRobot_ws/install/fields2cover/share/fields2cover/hook/ld_library_path_lib.dsv'
[249.715s] INFO:colcon.colcon_core.shell:Creating environment hook '/home/mvibot/floorCleaningRobot_ws/install/fields2cover/share/fields2cover/hook/ld_library_path_lib.sh'
[249.716s] Level 1:colcon.colcon_core.environment:checking '/home/mvibot/floorCleaningRobot_ws/install/fields2cover/bin'
[249.716s] Level 1:colcon.colcon_core.environment:checking '/home/mvibot/floorCleaningRobot_ws/install/fields2cover/lib/pkgconfig/fields2cover.pc'
[249.716s] Level 1:colcon.colcon_core.environment:checking '/home/mvibot/floorCleaningRobot_ws/install/fields2cover/lib/python3.12/site-packages'
[249.717s] Level 1:colcon.colcon_core.environment:checking '/home/mvibot/floorCleaningRobot_ws/install/fields2cover/bin'
[249.717s] INFO:colcon.colcon_core.shell:Creating package script '/home/mvibot/floorCleaningRobot_ws/install/fields2cover/share/fields2cover/package.ps1'
[249.718s] INFO:colcon.colcon_core.shell:Creating package descriptor '/home/mvibot/floorCleaningRobot_ws/install/fields2cover/share/fields2cover/package.dsv'
[249.719s] INFO:colcon.colcon_core.shell:Creating package script '/home/mvibot/floorCleaningRobot_ws/install/fields2cover/share/fields2cover/package.sh'
[249.719s] INFO:colcon.colcon_core.shell:Creating package script '/home/mvibot/floorCleaningRobot_ws/install/fields2cover/share/fields2cover/package.bash'
[249.720s] INFO:colcon.colcon_core.shell:Creating package script '/home/mvibot/floorCleaningRobot_ws/install/fields2cover/share/fields2cover/package.zsh'
[249.720s] Level 1:colcon.colcon_core.environment:create_file_with_runtime_dependencies(/home/mvibot/floorCleaningRobot_ws/install/fields2cover/share/colcon-core/packages/fields2cover)
[249.721s] INFO:colcon.colcon_ros.task.ament_cmake.build:Building ROS package in '/home/mvibot/floorCleaningRobot_ws/src/opennav_coverage/opennav_coverage' with build type 'ament_cmake'
[249.722s] INFO:colcon.colcon_cmake.task.cmake.build:Building CMake package in '/home/mvibot/floorCleaningRobot_ws/src/opennav_coverage/opennav_coverage'
[249.722s] INFO:colcon.colcon_core.shell:Skip shell extension 'powershell' for command environment: Not usable outside of PowerShell
[249.722s] DEBUG:colcon.colcon_core.shell:Skip shell extension 'dsv' for command environment
[249.738s] DEBUG:colcon.colcon_core.event_handler.log_command:Invoking command in '/home/mvibot/floorCleaningRobot_ws/build/opennav_coverage': CMAKE_PREFIX_PATH=/home/mvibot/floorCleaningRobot_ws/install/opennav_coverage_msgs:/home/mvibot/floorCleaningRobot_ws/install/fields2cover:/home/mvibot/floorCleaningRobot_ws/install/tf2_web_republisher:/home/mvibot/floorCleaningRobot_ws/install/tf2_web_republisher_interfaces:/home/mvibot/floorCleaningRobot_ws/install/sllidar_ros2:/home/mvibot/floorCleaningRobot_ws/install/realsense2_description:/home/mvibot/floorCleaningRobot_ws/install/realsense2_camera:/home/mvibot/floorCleaningRobot_ws/install/realsense2_camera_msgs:/home/mvibot/floorCleaningRobot_ws/install/pointcloud_to_laserscan:/home/mvibot/floorCleaningRobot_ws/install/opennav_row_coverage:/home/mvibot/floorCleaningRobot_ws/install/opennav_coverage_navigator:/home/mvibot/floorCleaningRobot_ws/install/opennav_coverage_bt:/home/mvibot/floorCleaningRobot_ws/install/opennav_coverage:/home/mvibot/floorCleaningRobot_ws/install/mission_layer_mvibot:/home/mvibot/floorCleaningRobot_ws/install/lower_layer_mvibot:/home/mvibot/floorCleaningRobot_ws/install/ira_laser_tools:/home/mvibot/floorCleaningRobot_ws/install/higher_layer_mvibot:/opt/ros/jazzy/opt/gz_sim_vendor:/opt/ros/jazzy/opt/gz_sensors_vendor:/opt/ros/jazzy/opt/gz_physics_vendor:/opt/ros/jazzy/opt/sdformat_vendor:/opt/ros/jazzy/opt/gz_gui_vendor:/opt/ros/jazzy/opt/gz_transport_vendor:/opt/ros/jazzy/opt/gz_rendering_vendor:/opt/ros/jazzy/opt/gz_plugin_vendor:/opt/ros/jazzy/opt/gz_fuel_tools_vendor:/opt/ros/jazzy/opt/gz_msgs_vendor:/opt/ros/jazzy/opt/gz_common_vendor:/opt/ros/jazzy/opt/gz_math_vendor:/opt/ros/jazzy/opt/gz_utils_vendor:/opt/ros/jazzy/opt/gz_tools_vendor:/opt/ros/jazzy/opt/gz_ogre_next_vendor:/opt/ros/jazzy/opt/gz_dartsim_vendor:/opt/ros/jazzy/opt/gz_cmake_vendor:/home/mvibot/floorCleaningRobot_ws/install/opennav_coverage_demo:/opt/ros/jazzy DEBUGINFOD_URLS=https://debuginfod.ubuntu.com LD_LIBRARY_PATH=/home/mvibot/floorCleaningRobot_ws/install/opennav_coverage_msgs/lib:/home/mvibot/floorCleaningRobot_ws/install/fields2cover/lib:/home/mvibot/floorCleaningRobot_ws/install/tf2_web_republisher/lib:/home/mvibot/floorCleaningRobot_ws/install/tf2_web_republisher_interfaces/lib:/home/mvibot/floorCleaningRobot_ws/install/realsense2_camera/lib:/home/mvibot/floorCleaningRobot_ws/install/realsense2_camera_msgs/lib:/home/mvibot/floorCleaningRobot_ws/install/pointcloud_to_laserscan/lib:/home/mvibot/floorCleaningRobot_ws/install/opennav_row_coverage/lib:/home/mvibot/floorCleaningRobot_ws/install/opennav_coverage_navigator/lib:/home/mvibot/floorCleaningRobot_ws/install/opennav_coverage_bt/lib:/home/mvibot/floorCleaningRobot_ws/install/opennav_coverage/lib:/opt/ros/jazzy/opt/gz_sim_vendor/lib:/opt/ros/jazzy/opt/gz_sensors_vendor/lib:/opt/ros/jazzy/opt/gz_physics_vendor/lib:/opt/ros/jazzy/opt/sdformat_vendor/lib:/opt/ros/jazzy/opt/rviz_ogre_vendor/lib:/opt/ros/jazzy/lib/x86_64-linux-gnu:/opt/ros/jazzy/opt/gz_gui_vendor/lib:/opt/ros/jazzy/opt/gz_transport_vendor/lib:/opt/ros/jazzy/opt/gz_rendering_vendor/lib:/opt/ros/jazzy/opt/gz_plugin_vendor/lib:/opt/ros/jazzy/opt/gz_fuel_tools_vendor/lib:/opt/ros/jazzy/opt/gz_msgs_vendor/lib:/opt/ros/jazzy/opt/gz_common_vendor/lib:/opt/ros/jazzy/opt/gz_math_vendor/lib:/opt/ros/jazzy/opt/gz_utils_vendor/lib:/opt/ros/jazzy/opt/gz_tools_vendor/lib:/opt/ros/jazzy/opt/gz_ogre_next_vendor/lib:/opt/ros/jazzy/opt/gz_dartsim_vendor/lib:/opt/ros/jazzy/opt/gz_cmake_vendor/lib:/opt/ros/jazzy/lib PYTHONPATH=/home/mvibot/floorCleaningRobot_ws/install/opennav_coverage_msgs/lib/python3.12/site-packages:/home/mvibot/floorCleaningRobot_ws/install/tf2_web_republisher_interfaces/lib/python3.12/site-packages:/home/mvibot/floorCleaningRobot_ws/install/realsense2_camera_msgs/lib/python3.12/site-packages:/home/mvibot/floorCleaningRobot_ws/build/opennav_coverage_demo:/home/mvibot/floorCleaningRobot_ws/install/opennav_coverage_demo/lib/python3.12/site-packages:/opt/ros/jazzy/lib/python3.12/site-packages /usr/bin/cmake /home/mvibot/floorCleaningRobot_ws/src/opennav_coverage/opennav_coverage -DCMAKE_BUILD_TYPE=Release -DAMENT_CMAKE_SYMLINK_INSTALL=1 -DCMAKE_INSTALL_PREFIX=/home/mvibot/floorCleaningRobot_ws/install/opennav_coverage
[251.463s] DEBUG:colcon.colcon_core.event_handler.log_command:Invoked command in '/home/mvibot/floorCleaningRobot_ws/build/opennav_coverage' returned '0': CMAKE_PREFIX_PATH=/home/mvibot/floorCleaningRobot_ws/install/opennav_coverage_msgs:/home/mvibot/floorCleaningRobot_ws/install/fields2cover:/home/mvibot/floorCleaningRobot_ws/install/tf2_web_republisher:/home/mvibot/floorCleaningRobot_ws/install/tf2_web_republisher_interfaces:/home/mvibot/floorCleaningRobot_ws/install/sllidar_ros2:/home/mvibot/floorCleaningRobot_ws/install/realsense2_description:/home/mvibot/floorCleaningRobot_ws/install/realsense2_camera:/home/mvibot/floorCleaningRobot_ws/install/realsense2_camera_msgs:/home/mvibot/floorCleaningRobot_ws/install/pointcloud_to_laserscan:/home/mvibot/floorCleaningRobot_ws/install/opennav_row_coverage:/home/mvibot/floorCleaningRobot_ws/install/opennav_coverage_navigator:/home/mvibot/floorCleaningRobot_ws/install/opennav_coverage_bt:/home/mvibot/floorCleaningRobot_ws/install/opennav_coverage:/home/mvibot/floorCleaningRobot_ws/install/mission_layer_mvibot:/home/mvibot/floorCleaningRobot_ws/install/lower_layer_mvibot:/home/mvibot/floorCleaningRobot_ws/install/ira_laser_tools:/home/mvibot/floorCleaningRobot_ws/install/higher_layer_mvibot:/opt/ros/jazzy/opt/gz_sim_vendor:/opt/ros/jazzy/opt/gz_sensors_vendor:/opt/ros/jazzy/opt/gz_physics_vendor:/opt/ros/jazzy/opt/sdformat_vendor:/opt/ros/jazzy/opt/gz_gui_vendor:/opt/ros/jazzy/opt/gz_transport_vendor:/opt/ros/jazzy/opt/gz_rendering_vendor:/opt/ros/jazzy/opt/gz_plugin_vendor:/opt/ros/jazzy/opt/gz_fuel_tools_vendor:/opt/ros/jazzy/opt/gz_msgs_vendor:/opt/ros/jazzy/opt/gz_common_vendor:/opt/ros/jazzy/opt/gz_math_vendor:/opt/ros/jazzy/opt/gz_utils_vendor:/opt/ros/jazzy/opt/gz_tools_vendor:/opt/ros/jazzy/opt/gz_ogre_next_vendor:/opt/ros/jazzy/opt/gz_dartsim_vendor:/opt/ros/jazzy/opt/gz_cmake_vendor:/home/mvibot/floorCleaningRobot_ws/install/opennav_coverage_demo:/opt/ros/jazzy DEBUGINFOD_URLS=https://debuginfod.ubuntu.com LD_LIBRARY_PATH=/home/mvibot/floorCleaningRobot_ws/install/opennav_coverage_msgs/lib:/home/mvibot/floorCleaningRobot_ws/install/fields2cover/lib:/home/mvibot/floorCleaningRobot_ws/install/tf2_web_republisher/lib:/home/mvibot/floorCleaningRobot_ws/install/tf2_web_republisher_interfaces/lib:/home/mvibot/floorCleaningRobot_ws/install/realsense2_camera/lib:/home/mvibot/floorCleaningRobot_ws/install/realsense2_camera_msgs/lib:/home/mvibot/floorCleaningRobot_ws/install/pointcloud_to_laserscan/lib:/home/mvibot/floorCleaningRobot_ws/install/opennav_row_coverage/lib:/home/mvibot/floorCleaningRobot_ws/install/opennav_coverage_navigator/lib:/home/mvibot/floorCleaningRobot_ws/install/opennav_coverage_bt/lib:/home/mvibot/floorCleaningRobot_ws/install/opennav_coverage/lib:/opt/ros/jazzy/opt/gz_sim_vendor/lib:/opt/ros/jazzy/opt/gz_sensors_vendor/lib:/opt/ros/jazzy/opt/gz_physics_vendor/lib:/opt/ros/jazzy/opt/sdformat_vendor/lib:/opt/ros/jazzy/opt/rviz_ogre_vendor/lib:/opt/ros/jazzy/lib/x86_64-linux-gnu:/opt/ros/jazzy/opt/gz_gui_vendor/lib:/opt/ros/jazzy/opt/gz_transport_vendor/lib:/opt/ros/jazzy/opt/gz_rendering_vendor/lib:/opt/ros/jazzy/opt/gz_plugin_vendor/lib:/opt/ros/jazzy/opt/gz_fuel_tools_vendor/lib:/opt/ros/jazzy/opt/gz_msgs_vendor/lib:/opt/ros/jazzy/opt/gz_common_vendor/lib:/opt/ros/jazzy/opt/gz_math_vendor/lib:/opt/ros/jazzy/opt/gz_utils_vendor/lib:/opt/ros/jazzy/opt/gz_tools_vendor/lib:/opt/ros/jazzy/opt/gz_ogre_next_vendor/lib:/opt/ros/jazzy/opt/gz_dartsim_vendor/lib:/opt/ros/jazzy/opt/gz_cmake_vendor/lib:/opt/ros/jazzy/lib PYTHONPATH=/home/mvibot/floorCleaningRobot_ws/install/opennav_coverage_msgs/lib/python3.12/site-packages:/home/mvibot/floorCleaningRobot_ws/install/tf2_web_republisher_interfaces/lib/python3.12/site-packages:/home/mvibot/floorCleaningRobot_ws/install/realsense2_camera_msgs/lib/python3.12/site-packages:/home/mvibot/floorCleaningRobot_ws/build/opennav_coverage_demo:/home/mvibot/floorCleaningRobot_ws/install/opennav_coverage_demo/lib/python3.12/site-packages:/opt/ros/jazzy/lib/python3.12/site-packages /usr/bin/cmake /home/mvibot/floorCleaningRobot_ws/src/opennav_coverage/opennav_coverage -DCMAKE_BUILD_TYPE=Release -DAMENT_CMAKE_SYMLINK_INSTALL=1 -DCMAKE_INSTALL_PREFIX=/home/mvibot/floorCleaningRobot_ws/install/opennav_coverage
[251.463s] DEBUG:colcon.colcon_core.event_handler.log_command:Invoking command in '/home/mvibot/floorCleaningRobot_ws/build/opennav_coverage': CMAKE_PREFIX_PATH=/home/mvibot/floorCleaningRobot_ws/install/opennav_coverage_msgs:/home/mvibot/floorCleaningRobot_ws/install/fields2cover:/home/mvibot/floorCleaningRobot_ws/install/tf2_web_republisher:/home/mvibot/floorCleaningRobot_ws/install/tf2_web_republisher_interfaces:/home/mvibot/floorCleaningRobot_ws/install/sllidar_ros2:/home/mvibot/floorCleaningRobot_ws/install/realsense2_description:/home/mvibot/floorCleaningRobot_ws/install/realsense2_camera:/home/mvibot/floorCleaningRobot_ws/install/realsense2_camera_msgs:/home/mvibot/floorCleaningRobot_ws/install/pointcloud_to_laserscan:/home/mvibot/floorCleaningRobot_ws/install/opennav_row_coverage:/home/mvibot/floorCleaningRobot_ws/install/opennav_coverage_navigator:/home/mvibot/floorCleaningRobot_ws/install/opennav_coverage_bt:/home/mvibot/floorCleaningRobot_ws/install/opennav_coverage:/home/mvibot/floorCleaningRobot_ws/install/mission_layer_mvibot:/home/mvibot/floorCleaningRobot_ws/install/lower_layer_mvibot:/home/mvibot/floorCleaningRobot_ws/install/ira_laser_tools:/home/mvibot/floorCleaningRobot_ws/install/higher_layer_mvibot:/opt/ros/jazzy/opt/gz_sim_vendor:/opt/ros/jazzy/opt/gz_sensors_vendor:/opt/ros/jazzy/opt/gz_physics_vendor:/opt/ros/jazzy/opt/sdformat_vendor:/opt/ros/jazzy/opt/gz_gui_vendor:/opt/ros/jazzy/opt/gz_transport_vendor:/opt/ros/jazzy/opt/gz_rendering_vendor:/opt/ros/jazzy/opt/gz_plugin_vendor:/opt/ros/jazzy/opt/gz_fuel_tools_vendor:/opt/ros/jazzy/opt/gz_msgs_vendor:/opt/ros/jazzy/opt/gz_common_vendor:/opt/ros/jazzy/opt/gz_math_vendor:/opt/ros/jazzy/opt/gz_utils_vendor:/opt/ros/jazzy/opt/gz_tools_vendor:/opt/ros/jazzy/opt/gz_ogre_next_vendor:/opt/ros/jazzy/opt/gz_dartsim_vendor:/opt/ros/jazzy/opt/gz_cmake_vendor:/home/mvibot/floorCleaningRobot_ws/install/opennav_coverage_demo:/opt/ros/jazzy DEBUGINFOD_URLS=https://debuginfod.ubuntu.com LD_LIBRARY_PATH=/home/mvibot/floorCleaningRobot_ws/install/opennav_coverage_msgs/lib:/home/mvibot/floorCleaningRobot_ws/install/fields2cover/lib:/home/mvibot/floorCleaningRobot_ws/install/tf2_web_republisher/lib:/home/mvibot/floorCleaningRobot_ws/install/tf2_web_republisher_interfaces/lib:/home/mvibot/floorCleaningRobot_ws/install/realsense2_camera/lib:/home/mvibot/floorCleaningRobot_ws/install/realsense2_camera_msgs/lib:/home/mvibot/floorCleaningRobot_ws/install/pointcloud_to_laserscan/lib:/home/mvibot/floorCleaningRobot_ws/install/opennav_row_coverage/lib:/home/mvibot/floorCleaningRobot_ws/install/opennav_coverage_navigator/lib:/home/mvibot/floorCleaningRobot_ws/install/opennav_coverage_bt/lib:/home/mvibot/floorCleaningRobot_ws/install/opennav_coverage/lib:/opt/ros/jazzy/opt/gz_sim_vendor/lib:/opt/ros/jazzy/opt/gz_sensors_vendor/lib:/opt/ros/jazzy/opt/gz_physics_vendor/lib:/opt/ros/jazzy/opt/sdformat_vendor/lib:/opt/ros/jazzy/opt/rviz_ogre_vendor/lib:/opt/ros/jazzy/lib/x86_64-linux-gnu:/opt/ros/jazzy/opt/gz_gui_vendor/lib:/opt/ros/jazzy/opt/gz_transport_vendor/lib:/opt/ros/jazzy/opt/gz_rendering_vendor/lib:/opt/ros/jazzy/opt/gz_plugin_vendor/lib:/opt/ros/jazzy/opt/gz_fuel_tools_vendor/lib:/opt/ros/jazzy/opt/gz_msgs_vendor/lib:/opt/ros/jazzy/opt/gz_common_vendor/lib:/opt/ros/jazzy/opt/gz_math_vendor/lib:/opt/ros/jazzy/opt/gz_utils_vendor/lib:/opt/ros/jazzy/opt/gz_tools_vendor/lib:/opt/ros/jazzy/opt/gz_ogre_next_vendor/lib:/opt/ros/jazzy/opt/gz_dartsim_vendor/lib:/opt/ros/jazzy/opt/gz_cmake_vendor/lib:/opt/ros/jazzy/lib PYTHONPATH=/home/mvibot/floorCleaningRobot_ws/install/opennav_coverage_msgs/lib/python3.12/site-packages:/home/mvibot/floorCleaningRobot_ws/install/tf2_web_republisher_interfaces/lib/python3.12/site-packages:/home/mvibot/floorCleaningRobot_ws/install/realsense2_camera_msgs/lib/python3.12/site-packages:/home/mvibot/floorCleaningRobot_ws/build/opennav_coverage_demo:/home/mvibot/floorCleaningRobot_ws/install/opennav_coverage_demo/lib/python3.12/site-packages:/opt/ros/jazzy/lib/python3.12/site-packages /usr/bin/cmake --build /home/mvibot/floorCleaningRobot_ws/build/opennav_coverage -- -j8 -l8
[270.026s] DEBUG:colcon.colcon_core.event_handler.log_command:Invoked command in '/home/mvibot/floorCleaningRobot_ws/build/opennav_coverage' returned '0': CMAKE_PREFIX_PATH=/home/mvibot/floorCleaningRobot_ws/install/opennav_coverage_msgs:/home/mvibot/floorCleaningRobot_ws/install/fields2cover:/home/mvibot/floorCleaningRobot_ws/install/tf2_web_republisher:/home/mvibot/floorCleaningRobot_ws/install/tf2_web_republisher_interfaces:/home/mvibot/floorCleaningRobot_ws/install/sllidar_ros2:/home/mvibot/floorCleaningRobot_ws/install/realsense2_description:/home/mvibot/floorCleaningRobot_ws/install/realsense2_camera:/home/mvibot/floorCleaningRobot_ws/install/realsense2_camera_msgs:/home/mvibot/floorCleaningRobot_ws/install/pointcloud_to_laserscan:/home/mvibot/floorCleaningRobot_ws/install/opennav_row_coverage:/home/mvibot/floorCleaningRobot_ws/install/opennav_coverage_navigator:/home/mvibot/floorCleaningRobot_ws/install/opennav_coverage_bt:/home/mvibot/floorCleaningRobot_ws/install/opennav_coverage:/home/mvibot/floorCleaningRobot_ws/install/mission_layer_mvibot:/home/mvibot/floorCleaningRobot_ws/install/lower_layer_mvibot:/home/mvibot/floorCleaningRobot_ws/install/ira_laser_tools:/home/mvibot/floorCleaningRobot_ws/install/higher_layer_mvibot:/opt/ros/jazzy/opt/gz_sim_vendor:/opt/ros/jazzy/opt/gz_sensors_vendor:/opt/ros/jazzy/opt/gz_physics_vendor:/opt/ros/jazzy/opt/sdformat_vendor:/opt/ros/jazzy/opt/gz_gui_vendor:/opt/ros/jazzy/opt/gz_transport_vendor:/opt/ros/jazzy/opt/gz_rendering_vendor:/opt/ros/jazzy/opt/gz_plugin_vendor:/opt/ros/jazzy/opt/gz_fuel_tools_vendor:/opt/ros/jazzy/opt/gz_msgs_vendor:/opt/ros/jazzy/opt/gz_common_vendor:/opt/ros/jazzy/opt/gz_math_vendor:/opt/ros/jazzy/opt/gz_utils_vendor:/opt/ros/jazzy/opt/gz_tools_vendor:/opt/ros/jazzy/opt/gz_ogre_next_vendor:/opt/ros/jazzy/opt/gz_dartsim_vendor:/opt/ros/jazzy/opt/gz_cmake_vendor:/home/mvibot/floorCleaningRobot_ws/install/opennav_coverage_demo:/opt/ros/jazzy DEBUGINFOD_URLS=https://debuginfod.ubuntu.com LD_LIBRARY_PATH=/home/mvibot/floorCleaningRobot_ws/install/opennav_coverage_msgs/lib:/home/mvibot/floorCleaningRobot_ws/install/fields2cover/lib:/home/mvibot/floorCleaningRobot_ws/install/tf2_web_republisher/lib:/home/mvibot/floorCleaningRobot_ws/install/tf2_web_republisher_interfaces/lib:/home/mvibot/floorCleaningRobot_ws/install/realsense2_camera/lib:/home/mvibot/floorCleaningRobot_ws/install/realsense2_camera_msgs/lib:/home/mvibot/floorCleaningRobot_ws/install/pointcloud_to_laserscan/lib:/home/mvibot/floorCleaningRobot_ws/install/opennav_row_coverage/lib:/home/mvibot/floorCleaningRobot_ws/install/opennav_coverage_navigator/lib:/home/mvibot/floorCleaningRobot_ws/install/opennav_coverage_bt/lib:/home/mvibot/floorCleaningRobot_ws/install/opennav_coverage/lib:/opt/ros/jazzy/opt/gz_sim_vendor/lib:/opt/ros/jazzy/opt/gz_sensors_vendor/lib:/opt/ros/jazzy/opt/gz_physics_vendor/lib:/opt/ros/jazzy/opt/sdformat_vendor/lib:/opt/ros/jazzy/opt/rviz_ogre_vendor/lib:/opt/ros/jazzy/lib/x86_64-linux-gnu:/opt/ros/jazzy/opt/gz_gui_vendor/lib:/opt/ros/jazzy/opt/gz_transport_vendor/lib:/opt/ros/jazzy/opt/gz_rendering_vendor/lib:/opt/ros/jazzy/opt/gz_plugin_vendor/lib:/opt/ros/jazzy/opt/gz_fuel_tools_vendor/lib:/opt/ros/jazzy/opt/gz_msgs_vendor/lib:/opt/ros/jazzy/opt/gz_common_vendor/lib:/opt/ros/jazzy/opt/gz_math_vendor/lib:/opt/ros/jazzy/opt/gz_utils_vendor/lib:/opt/ros/jazzy/opt/gz_tools_vendor/lib:/opt/ros/jazzy/opt/gz_ogre_next_vendor/lib:/opt/ros/jazzy/opt/gz_dartsim_vendor/lib:/opt/ros/jazzy/opt/gz_cmake_vendor/lib:/opt/ros/jazzy/lib PYTHONPATH=/home/mvibot/floorCleaningRobot_ws/install/opennav_coverage_msgs/lib/python3.12/site-packages:/home/mvibot/floorCleaningRobot_ws/install/tf2_web_republisher_interfaces/lib/python3.12/site-packages:/home/mvibot/floorCleaningRobot_ws/install/realsense2_camera_msgs/lib/python3.12/site-packages:/home/mvibot/floorCleaningRobot_ws/build/opennav_coverage_demo:/home/mvibot/floorCleaningRobot_ws/install/opennav_coverage_demo/lib/python3.12/site-packages:/opt/ros/jazzy/lib/python3.12/site-packages /usr/bin/cmake --build /home/mvibot/floorCleaningRobot_ws/build/opennav_coverage -- -j8 -l8
[270.027s] DEBUG:colcon.colcon_core.event_handler.log_command:Invoking command in '/home/mvibot/floorCleaningRobot_ws/build/opennav_coverage': CMAKE_PREFIX_PATH=/home/mvibot/floorCleaningRobot_ws/install/opennav_coverage_msgs:/home/mvibot/floorCleaningRobot_ws/install/fields2cover:/home/mvibot/floorCleaningRobot_ws/install/tf2_web_republisher:/home/mvibot/floorCleaningRobot_ws/install/tf2_web_republisher_interfaces:/home/mvibot/floorCleaningRobot_ws/install/sllidar_ros2:/home/mvibot/floorCleaningRobot_ws/install/realsense2_description:/home/mvibot/floorCleaningRobot_ws/install/realsense2_camera:/home/mvibot/floorCleaningRobot_ws/install/realsense2_camera_msgs:/home/mvibot/floorCleaningRobot_ws/install/pointcloud_to_laserscan:/home/mvibot/floorCleaningRobot_ws/install/opennav_row_coverage:/home/mvibot/floorCleaningRobot_ws/install/opennav_coverage_navigator:/home/mvibot/floorCleaningRobot_ws/install/opennav_coverage_bt:/home/mvibot/floorCleaningRobot_ws/install/opennav_coverage:/home/mvibot/floorCleaningRobot_ws/install/mission_layer_mvibot:/home/mvibot/floorCleaningRobot_ws/install/lower_layer_mvibot:/home/mvibot/floorCleaningRobot_ws/install/ira_laser_tools:/home/mvibot/floorCleaningRobot_ws/install/higher_layer_mvibot:/opt/ros/jazzy/opt/gz_sim_vendor:/opt/ros/jazzy/opt/gz_sensors_vendor:/opt/ros/jazzy/opt/gz_physics_vendor:/opt/ros/jazzy/opt/sdformat_vendor:/opt/ros/jazzy/opt/gz_gui_vendor:/opt/ros/jazzy/opt/gz_transport_vendor:/opt/ros/jazzy/opt/gz_rendering_vendor:/opt/ros/jazzy/opt/gz_plugin_vendor:/opt/ros/jazzy/opt/gz_fuel_tools_vendor:/opt/ros/jazzy/opt/gz_msgs_vendor:/opt/ros/jazzy/opt/gz_common_vendor:/opt/ros/jazzy/opt/gz_math_vendor:/opt/ros/jazzy/opt/gz_utils_vendor:/opt/ros/jazzy/opt/gz_tools_vendor:/opt/ros/jazzy/opt/gz_ogre_next_vendor:/opt/ros/jazzy/opt/gz_dartsim_vendor:/opt/ros/jazzy/opt/gz_cmake_vendor:/home/mvibot/floorCleaningRobot_ws/install/opennav_coverage_demo:/opt/ros/jazzy DEBUGINFOD_URLS=https://debuginfod.ubuntu.com LD_LIBRARY_PATH=/home/mvibot/floorCleaningRobot_ws/install/opennav_coverage_msgs/lib:/home/mvibot/floorCleaningRobot_ws/install/fields2cover/lib:/home/mvibot/floorCleaningRobot_ws/install/tf2_web_republisher/lib:/home/mvibot/floorCleaningRobot_ws/install/tf2_web_republisher_interfaces/lib:/home/mvibot/floorCleaningRobot_ws/install/realsense2_camera/lib:/home/mvibot/floorCleaningRobot_ws/install/realsense2_camera_msgs/lib:/home/mvibot/floorCleaningRobot_ws/install/pointcloud_to_laserscan/lib:/home/mvibot/floorCleaningRobot_ws/install/opennav_row_coverage/lib:/home/mvibot/floorCleaningRobot_ws/install/opennav_coverage_navigator/lib:/home/mvibot/floorCleaningRobot_ws/install/opennav_coverage_bt/lib:/home/mvibot/floorCleaningRobot_ws/install/opennav_coverage/lib:/opt/ros/jazzy/opt/gz_sim_vendor/lib:/opt/ros/jazzy/opt/gz_sensors_vendor/lib:/opt/ros/jazzy/opt/gz_physics_vendor/lib:/opt/ros/jazzy/opt/sdformat_vendor/lib:/opt/ros/jazzy/opt/rviz_ogre_vendor/lib:/opt/ros/jazzy/lib/x86_64-linux-gnu:/opt/ros/jazzy/opt/gz_gui_vendor/lib:/opt/ros/jazzy/opt/gz_transport_vendor/lib:/opt/ros/jazzy/opt/gz_rendering_vendor/lib:/opt/ros/jazzy/opt/gz_plugin_vendor/lib:/opt/ros/jazzy/opt/gz_fuel_tools_vendor/lib:/opt/ros/jazzy/opt/gz_msgs_vendor/lib:/opt/ros/jazzy/opt/gz_common_vendor/lib:/opt/ros/jazzy/opt/gz_math_vendor/lib:/opt/ros/jazzy/opt/gz_utils_vendor/lib:/opt/ros/jazzy/opt/gz_tools_vendor/lib:/opt/ros/jazzy/opt/gz_ogre_next_vendor/lib:/opt/ros/jazzy/opt/gz_dartsim_vendor/lib:/opt/ros/jazzy/opt/gz_cmake_vendor/lib:/opt/ros/jazzy/lib PYTHONPATH=/home/mvibot/floorCleaningRobot_ws/install/opennav_coverage_msgs/lib/python3.12/site-packages:/home/mvibot/floorCleaningRobot_ws/install/tf2_web_republisher_interfaces/lib/python3.12/site-packages:/home/mvibot/floorCleaningRobot_ws/install/realsense2_camera_msgs/lib/python3.12/site-packages:/home/mvibot/floorCleaningRobot_ws/build/opennav_coverage_demo:/home/mvibot/floorCleaningRobot_ws/install/opennav_coverage_demo/lib/python3.12/site-packages:/opt/ros/jazzy/lib/python3.12/site-packages /usr/bin/cmake --install /home/mvibot/floorCleaningRobot_ws/build/opennav_coverage
[270.288s] Level 1:colcon.colcon_core.environment:create_environment_scripts_only(opennav_coverage)
[270.288s] Level 1:colcon.colcon_core.environment:checking '/home/mvibot/floorCleaningRobot_ws/install/opennav_coverage' for CMake module files
[270.289s] DEBUG:colcon.colcon_core.event_handler.log_command:Invoked command in '/home/mvibot/floorCleaningRobot_ws/build/opennav_coverage' returned '0': CMAKE_PREFIX_PATH=/home/mvibot/floorCleaningRobot_ws/install/opennav_coverage_msgs:/home/mvibot/floorCleaningRobot_ws/install/fields2cover:/home/mvibot/floorCleaningRobot_ws/install/tf2_web_republisher:/home/mvibot/floorCleaningRobot_ws/install/tf2_web_republisher_interfaces:/home/mvibot/floorCleaningRobot_ws/install/sllidar_ros2:/home/mvibot/floorCleaningRobot_ws/install/realsense2_description:/home/mvibot/floorCleaningRobot_ws/install/realsense2_camera:/home/mvibot/floorCleaningRobot_ws/install/realsense2_camera_msgs:/home/mvibot/floorCleaningRobot_ws/install/pointcloud_to_laserscan:/home/mvibot/floorCleaningRobot_ws/install/opennav_row_coverage:/home/mvibot/floorCleaningRobot_ws/install/opennav_coverage_navigator:/home/mvibot/floorCleaningRobot_ws/install/opennav_coverage_bt:/home/mvibot/floorCleaningRobot_ws/install/opennav_coverage:/home/mvibot/floorCleaningRobot_ws/install/mission_layer_mvibot:/home/mvibot/floorCleaningRobot_ws/install/lower_layer_mvibot:/home/mvibot/floorCleaningRobot_ws/install/ira_laser_tools:/home/mvibot/floorCleaningRobot_ws/install/higher_layer_mvibot:/opt/ros/jazzy/opt/gz_sim_vendor:/opt/ros/jazzy/opt/gz_sensors_vendor:/opt/ros/jazzy/opt/gz_physics_vendor:/opt/ros/jazzy/opt/sdformat_vendor:/opt/ros/jazzy/opt/gz_gui_vendor:/opt/ros/jazzy/opt/gz_transport_vendor:/opt/ros/jazzy/opt/gz_rendering_vendor:/opt/ros/jazzy/opt/gz_plugin_vendor:/opt/ros/jazzy/opt/gz_fuel_tools_vendor:/opt/ros/jazzy/opt/gz_msgs_vendor:/opt/ros/jazzy/opt/gz_common_vendor:/opt/ros/jazzy/opt/gz_math_vendor:/opt/ros/jazzy/opt/gz_utils_vendor:/opt/ros/jazzy/opt/gz_tools_vendor:/opt/ros/jazzy/opt/gz_ogre_next_vendor:/opt/ros/jazzy/opt/gz_dartsim_vendor:/opt/ros/jazzy/opt/gz_cmake_vendor:/home/mvibot/floorCleaningRobot_ws/install/opennav_coverage_demo:/opt/ros/jazzy DEBUGINFOD_URLS=https://debuginfod.ubuntu.com LD_LIBRARY_PATH=/home/mvibot/floorCleaningRobot_ws/install/opennav_coverage_msgs/lib:/home/mvibot/floorCleaningRobot_ws/install/fields2cover/lib:/home/mvibot/floorCleaningRobot_ws/install/tf2_web_republisher/lib:/home/mvibot/floorCleaningRobot_ws/install/tf2_web_republisher_interfaces/lib:/home/mvibot/floorCleaningRobot_ws/install/realsense2_camera/lib:/home/mvibot/floorCleaningRobot_ws/install/realsense2_camera_msgs/lib:/home/mvibot/floorCleaningRobot_ws/install/pointcloud_to_laserscan/lib:/home/mvibot/floorCleaningRobot_ws/install/opennav_row_coverage/lib:/home/mvibot/floorCleaningRobot_ws/install/opennav_coverage_navigator/lib:/home/mvibot/floorCleaningRobot_ws/install/opennav_coverage_bt/lib:/home/mvibot/floorCleaningRobot_ws/install/opennav_coverage/lib:/opt/ros/jazzy/opt/gz_sim_vendor/lib:/opt/ros/jazzy/opt/gz_sensors_vendor/lib:/opt/ros/jazzy/opt/gz_physics_vendor/lib:/opt/ros/jazzy/opt/sdformat_vendor/lib:/opt/ros/jazzy/opt/rviz_ogre_vendor/lib:/opt/ros/jazzy/lib/x86_64-linux-gnu:/opt/ros/jazzy/opt/gz_gui_vendor/lib:/opt/ros/jazzy/opt/gz_transport_vendor/lib:/opt/ros/jazzy/opt/gz_rendering_vendor/lib:/opt/ros/jazzy/opt/gz_plugin_vendor/lib:/opt/ros/jazzy/opt/gz_fuel_tools_vendor/lib:/opt/ros/jazzy/opt/gz_msgs_vendor/lib:/opt/ros/jazzy/opt/gz_common_vendor/lib:/opt/ros/jazzy/opt/gz_math_vendor/lib:/opt/ros/jazzy/opt/gz_utils_vendor/lib:/opt/ros/jazzy/opt/gz_tools_vendor/lib:/opt/ros/jazzy/opt/gz_ogre_next_vendor/lib:/opt/ros/jazzy/opt/gz_dartsim_vendor/lib:/opt/ros/jazzy/opt/gz_cmake_vendor/lib:/opt/ros/jazzy/lib PYTHONPATH=/home/mvibot/floorCleaningRobot_ws/install/opennav_coverage_msgs/lib/python3.12/site-packages:/home/mvibot/floorCleaningRobot_ws/install/tf2_web_republisher_interfaces/lib/python3.12/site-packages:/home/mvibot/floorCleaningRobot_ws/install/realsense2_camera_msgs/lib/python3.12/site-packages:/home/mvibot/floorCleaningRobot_ws/build/opennav_coverage_demo:/home/mvibot/floorCleaningRobot_ws/install/opennav_coverage_demo/lib/python3.12/site-packages:/opt/ros/jazzy/lib/python3.12/site-packages /usr/bin/cmake --install /home/mvibot/floorCleaningRobot_ws/build/opennav_coverage
[270.289s] Level 1:colcon.colcon_core.environment:checking '/home/mvibot/floorCleaningRobot_ws/install/opennav_coverage' for CMake config files
[270.289s] Level 1:colcon.colcon_core.shell:create_environment_hook('opennav_coverage', 'cmake_prefix_path')
[270.289s] INFO:colcon.colcon_core.shell:Creating environment hook '/home/mvibot/floorCleaningRobot_ws/install/opennav_coverage/share/opennav_coverage/hook/cmake_prefix_path.ps1'
[270.290s] INFO:colcon.colcon_core.shell:Creating environment descriptor '/home/mvibot/floorCleaningRobot_ws/install/opennav_coverage/share/opennav_coverage/hook/cmake_prefix_path.dsv'
[270.290s] INFO:colcon.colcon_core.shell:Creating environment hook '/home/mvibot/floorCleaningRobot_ws/install/opennav_coverage/share/opennav_coverage/hook/cmake_prefix_path.sh'
[270.290s] Level 1:colcon.colcon_core.environment:checking '/home/mvibot/floorCleaningRobot_ws/install/opennav_coverage/lib'
[270.290s] Level 1:colcon.colcon_core.shell:create_environment_hook('opennav_coverage', 'ld_library_path_lib')
[270.291s] INFO:colcon.colcon_core.shell:Creating environment hook '/home/mvibot/floorCleaningRobot_ws/install/opennav_coverage/share/opennav_coverage/hook/ld_library_path_lib.ps1'
[270.292s] INFO:colcon.colcon_core.shell:Creating environment descriptor '/home/mvibot/floorCleaningRobot_ws/install/opennav_coverage/share/opennav_coverage/hook/ld_library_path_lib.dsv'
[270.292s] INFO:colcon.colcon_core.shell:Creating environment hook '/home/mvibot/floorCleaningRobot_ws/install/opennav_coverage/share/opennav_coverage/hook/ld_library_path_lib.sh'
[270.293s] Level 1:colcon.colcon_core.environment:checking '/home/mvibot/floorCleaningRobot_ws/install/opennav_coverage/bin'
[270.293s] Level 1:colcon.colcon_core.environment:checking '/home/mvibot/floorCleaningRobot_ws/install/opennav_coverage/lib/pkgconfig/opennav_coverage.pc'
[270.293s] Level 1:colcon.colcon_core.environment:checking '/home/mvibot/floorCleaningRobot_ws/install/opennav_coverage/lib/python3.12/site-packages'
[270.293s] Level 1:colcon.colcon_core.environment:checking '/home/mvibot/floorCleaningRobot_ws/install/opennav_coverage/bin'
[270.293s] INFO:colcon.colcon_core.shell:Creating package script '/home/mvibot/floorCleaningRobot_ws/install/opennav_coverage/share/opennav_coverage/package.ps1'
[270.294s] INFO:colcon.colcon_core.shell:Creating package descriptor '/home/mvibot/floorCleaningRobot_ws/install/opennav_coverage/share/opennav_coverage/package.dsv'
[270.294s] INFO:colcon.colcon_core.shell:Creating package script '/home/mvibot/floorCleaningRobot_ws/install/opennav_coverage/share/opennav_coverage/package.sh'
[270.294s] INFO:colcon.colcon_core.shell:Creating package script '/home/mvibot/floorCleaningRobot_ws/install/opennav_coverage/share/opennav_coverage/package.bash'
[270.294s] INFO:colcon.colcon_core.shell:Creating package script '/home/mvibot/floorCleaningRobot_ws/install/opennav_coverage/share/opennav_coverage/package.zsh'
[270.295s] Level 1:colcon.colcon_core.environment:create_file_with_runtime_dependencies(/home/mvibot/floorCleaningRobot_ws/install/opennav_coverage/share/colcon-core/packages/opennav_coverage)
[270.295s] Level 1:colcon.colcon_core.environment:create_environment_scripts_only(opennav_coverage)
[270.295s] Level 1:colcon.colcon_core.environment:checking '/home/mvibot/floorCleaningRobot_ws/install/opennav_coverage' for CMake module files
[270.296s] Level 1:colcon.colcon_core.environment:checking '/home/mvibot/floorCleaningRobot_ws/install/opennav_coverage' for CMake config files
[270.296s] Level 1:colcon.colcon_core.shell:create_environment_hook('opennav_coverage', 'cmake_prefix_path')
[270.296s] INFO:colcon.colcon_core.shell:Creating environment hook '/home/mvibot/floorCleaningRobot_ws/install/opennav_coverage/share/opennav_coverage/hook/cmake_prefix_path.ps1'
[270.296s] INFO:colcon.colcon_core.shell:Creating environment descriptor '/home/mvibot/floorCleaningRobot_ws/install/opennav_coverage/share/opennav_coverage/hook/cmake_prefix_path.dsv'
[270.296s] INFO:colcon.colcon_core.shell:Creating environment hook '/home/mvibot/floorCleaningRobot_ws/install/opennav_coverage/share/opennav_coverage/hook/cmake_prefix_path.sh'
[270.297s] Level 1:colcon.colcon_core.environment:checking '/home/mvibot/floorCleaningRobot_ws/install/opennav_coverage/lib'
[270.298s] Level 1:colcon.colcon_core.shell:create_environment_hook('opennav_coverage', 'ld_library_path_lib')
[270.298s] INFO:colcon.colcon_core.shell:Creating environment hook '/home/mvibot/floorCleaningRobot_ws/install/opennav_coverage/share/opennav_coverage/hook/ld_library_path_lib.ps1'
[270.298s] INFO:colcon.colcon_core.shell:Creating environment descriptor '/home/mvibot/floorCleaningRobot_ws/install/opennav_coverage/share/opennav_coverage/hook/ld_library_path_lib.dsv'
[270.298s] INFO:colcon.colcon_core.shell:Creating environment hook '/home/mvibot/floorCleaningRobot_ws/install/opennav_coverage/share/opennav_coverage/hook/ld_library_path_lib.sh'
[270.299s] Level 1:colcon.colcon_core.environment:checking '/home/mvibot/floorCleaningRobot_ws/install/opennav_coverage/bin'
[270.299s] Level 1:colcon.colcon_core.environment:checking '/home/mvibot/floorCleaningRobot_ws/install/opennav_coverage/lib/pkgconfig/opennav_coverage.pc'
[270.299s] Level 1:colcon.colcon_core.environment:checking '/home/mvibot/floorCleaningRobot_ws/install/opennav_coverage/lib/python3.12/site-packages'
[270.299s] Level 1:colcon.colcon_core.environment:checking '/home/mvibot/floorCleaningRobot_ws/install/opennav_coverage/bin'
[270.299s] INFO:colcon.colcon_core.shell:Creating package script '/home/mvibot/floorCleaningRobot_ws/install/opennav_coverage/share/opennav_coverage/package.ps1'
[270.300s] INFO:colcon.colcon_core.shell:Creating package descriptor '/home/mvibot/floorCleaningRobot_ws/install/opennav_coverage/share/opennav_coverage/package.dsv'
[270.300s] INFO:colcon.colcon_core.shell:Creating package script '/home/mvibot/floorCleaningRobot_ws/install/opennav_coverage/share/opennav_coverage/package.sh'
[270.300s] INFO:colcon.colcon_core.shell:Creating package script '/home/mvibot/floorCleaningRobot_ws/install/opennav_coverage/share/opennav_coverage/package.bash'
[270.301s] INFO:colcon.colcon_core.shell:Creating package script '/home/mvibot/floorCleaningRobot_ws/install/opennav_coverage/share/opennav_coverage/package.zsh'
[270.301s] Level 1:colcon.colcon_core.environment:create_file_with_runtime_dependencies(/home/mvibot/floorCleaningRobot_ws/install/opennav_coverage/share/colcon-core/packages/opennav_coverage)
[270.301s] INFO:colcon.colcon_ros.task.ament_cmake.build:Building ROS package in '/home/mvibot/floorCleaningRobot_ws/src/opennav_coverage/opennav_coverage_navigator' with build type 'ament_cmake'
[270.301s] INFO:colcon.colcon_cmake.task.cmake.build:Building CMake package in '/home/mvibot/floorCleaningRobot_ws/src/opennav_coverage/opennav_coverage_navigator'
[270.301s] INFO:colcon.colcon_core.shell:Skip shell extension 'powershell' for command environment: Not usable outside of PowerShell
[270.301s] DEBUG:colcon.colcon_core.shell:Skip shell extension 'dsv' for command environment
[270.306s] INFO:colcon.colcon_ros.task.ament_cmake.build:Building ROS package in '/home/mvibot/floorCleaningRobot_ws/src/opennav_coverage/opennav_row_coverage' with build type 'ament_cmake'
[270.306s] INFO:colcon.colcon_cmake.task.cmake.build:Building CMake package in '/home/mvibot/floorCleaningRobot_ws/src/opennav_coverage/opennav_row_coverage'
[270.306s] INFO:colcon.colcon_core.shell:Skip shell extension 'powershell' for command environment: Not usable outside of PowerShell
[270.306s] DEBUG:colcon.colcon_core.shell:Skip shell extension 'dsv' for command environment
[270.316s] DEBUG:colcon.colcon_core.event_handler.log_command:Invoking command in '/home/mvibot/floorCleaningRobot_ws/build/opennav_coverage_navigator': CMAKE_PREFIX_PATH=/home/mvibot/floorCleaningRobot_ws/install/opennav_coverage_bt:/home/mvibot/floorCleaningRobot_ws/install/opennav_coverage:/home/mvibot/floorCleaningRobot_ws/install/opennav_coverage_msgs:/home/mvibot/floorCleaningRobot_ws/install/fields2cover:/home/mvibot/floorCleaningRobot_ws/install/tf2_web_republisher:/home/mvibot/floorCleaningRobot_ws/install/tf2_web_republisher_interfaces:/home/mvibot/floorCleaningRobot_ws/install/sllidar_ros2:/home/mvibot/floorCleaningRobot_ws/install/realsense2_description:/home/mvibot/floorCleaningRobot_ws/install/realsense2_camera:/home/mvibot/floorCleaningRobot_ws/install/realsense2_camera_msgs:/home/mvibot/floorCleaningRobot_ws/install/pointcloud_to_laserscan:/home/mvibot/floorCleaningRobot_ws/install/opennav_row_coverage:/home/mvibot/floorCleaningRobot_ws/install/opennav_coverage_navigator:/home/mvibot/floorCleaningRobot_ws/install/mission_layer_mvibot:/home/mvibot/floorCleaningRobot_ws/install/lower_layer_mvibot:/home/mvibot/floorCleaningRobot_ws/install/ira_laser_tools:/home/mvibot/floorCleaningRobot_ws/install/higher_layer_mvibot:/opt/ros/jazzy/opt/gz_sim_vendor:/opt/ros/jazzy/opt/gz_sensors_vendor:/opt/ros/jazzy/opt/gz_physics_vendor:/opt/ros/jazzy/opt/sdformat_vendor:/opt/ros/jazzy/opt/gz_gui_vendor:/opt/ros/jazzy/opt/gz_transport_vendor:/opt/ros/jazzy/opt/gz_rendering_vendor:/opt/ros/jazzy/opt/gz_plugin_vendor:/opt/ros/jazzy/opt/gz_fuel_tools_vendor:/opt/ros/jazzy/opt/gz_msgs_vendor:/opt/ros/jazzy/opt/gz_common_vendor:/opt/ros/jazzy/opt/gz_math_vendor:/opt/ros/jazzy/opt/gz_utils_vendor:/opt/ros/jazzy/opt/gz_tools_vendor:/opt/ros/jazzy/opt/gz_ogre_next_vendor:/opt/ros/jazzy/opt/gz_dartsim_vendor:/opt/ros/jazzy/opt/gz_cmake_vendor:/home/mvibot/floorCleaningRobot_ws/install/opennav_coverage_demo:/opt/ros/jazzy DEBUGINFOD_URLS=https://debuginfod.ubuntu.com LD_LIBRARY_PATH=/home/mvibot/floorCleaningRobot_ws/install/opennav_coverage_bt/lib:/home/mvibot/floorCleaningRobot_ws/install/opennav_coverage/lib:/home/mvibot/floorCleaningRobot_ws/install/opennav_coverage_msgs/lib:/home/mvibot/floorCleaningRobot_ws/install/fields2cover/lib:/home/mvibot/floorCleaningRobot_ws/install/tf2_web_republisher/lib:/home/mvibot/floorCleaningRobot_ws/install/tf2_web_republisher_interfaces/lib:/home/mvibot/floorCleaningRobot_ws/install/realsense2_camera/lib:/home/mvibot/floorCleaningRobot_ws/install/realsense2_camera_msgs/lib:/home/mvibot/floorCleaningRobot_ws/install/pointcloud_to_laserscan/lib:/home/mvibot/floorCleaningRobot_ws/install/opennav_row_coverage/lib:/home/mvibot/floorCleaningRobot_ws/install/opennav_coverage_navigator/lib:/opt/ros/jazzy/opt/gz_sim_vendor/lib:/opt/ros/jazzy/opt/gz_sensors_vendor/lib:/opt/ros/jazzy/opt/gz_physics_vendor/lib:/opt/ros/jazzy/opt/sdformat_vendor/lib:/opt/ros/jazzy/opt/rviz_ogre_vendor/lib:/opt/ros/jazzy/lib/x86_64-linux-gnu:/opt/ros/jazzy/opt/gz_gui_vendor/lib:/opt/ros/jazzy/opt/gz_transport_vendor/lib:/opt/ros/jazzy/opt/gz_rendering_vendor/lib:/opt/ros/jazzy/opt/gz_plugin_vendor/lib:/opt/ros/jazzy/opt/gz_fuel_tools_vendor/lib:/opt/ros/jazzy/opt/gz_msgs_vendor/lib:/opt/ros/jazzy/opt/gz_common_vendor/lib:/opt/ros/jazzy/opt/gz_math_vendor/lib:/opt/ros/jazzy/opt/gz_utils_vendor/lib:/opt/ros/jazzy/opt/gz_tools_vendor/lib:/opt/ros/jazzy/opt/gz_ogre_next_vendor/lib:/opt/ros/jazzy/opt/gz_dartsim_vendor/lib:/opt/ros/jazzy/opt/gz_cmake_vendor/lib:/opt/ros/jazzy/lib PYTHONPATH=/home/mvibot/floorCleaningRobot_ws/install/opennav_coverage_msgs/lib/python3.12/site-packages:/home/mvibot/floorCleaningRobot_ws/install/tf2_web_republisher_interfaces/lib/python3.12/site-packages:/home/mvibot/floorCleaningRobot_ws/install/realsense2_camera_msgs/lib/python3.12/site-packages:/home/mvibot/floorCleaningRobot_ws/build/opennav_coverage_demo:/home/mvibot/floorCleaningRobot_ws/install/opennav_coverage_demo/lib/python3.12/site-packages:/opt/ros/jazzy/lib/python3.12/site-packages /usr/bin/cmake /home/mvibot/floorCleaningRobot_ws/src/opennav_coverage/opennav_coverage_navigator -DCMAKE_BUILD_TYPE=Release -DAMENT_CMAKE_SYMLINK_INSTALL=1 -DCMAKE_INSTALL_PREFIX=/home/mvibot/floorCleaningRobot_ws/install/opennav_coverage_navigator
[270.318s] DEBUG:colcon.colcon_core.event_handler.log_command:Invoking command in '/home/mvibot/floorCleaningRobot_ws/build/opennav_row_coverage': CMAKE_PREFIX_PATH=/home/mvibot/floorCleaningRobot_ws/install/opennav_coverage:/home/mvibot/floorCleaningRobot_ws/install/opennav_coverage_msgs:/home/mvibot/floorCleaningRobot_ws/install/fields2cover:/home/mvibot/floorCleaningRobot_ws/install/tf2_web_republisher:/home/mvibot/floorCleaningRobot_ws/install/tf2_web_republisher_interfaces:/home/mvibot/floorCleaningRobot_ws/install/sllidar_ros2:/home/mvibot/floorCleaningRobot_ws/install/realsense2_description:/home/mvibot/floorCleaningRobot_ws/install/realsense2_camera:/home/mvibot/floorCleaningRobot_ws/install/realsense2_camera_msgs:/home/mvibot/floorCleaningRobot_ws/install/pointcloud_to_laserscan:/home/mvibot/floorCleaningRobot_ws/install/opennav_row_coverage:/home/mvibot/floorCleaningRobot_ws/install/opennav_coverage_navigator:/home/mvibot/floorCleaningRobot_ws/install/opennav_coverage_bt:/home/mvibot/floorCleaningRobot_ws/install/mission_layer_mvibot:/home/mvibot/floorCleaningRobot_ws/install/lower_layer_mvibot:/home/mvibot/floorCleaningRobot_ws/install/ira_laser_tools:/home/mvibot/floorCleaningRobot_ws/install/higher_layer_mvibot:/opt/ros/jazzy/opt/gz_sim_vendor:/opt/ros/jazzy/opt/gz_sensors_vendor:/opt/ros/jazzy/opt/gz_physics_vendor:/opt/ros/jazzy/opt/sdformat_vendor:/opt/ros/jazzy/opt/gz_gui_vendor:/opt/ros/jazzy/opt/gz_transport_vendor:/opt/ros/jazzy/opt/gz_rendering_vendor:/opt/ros/jazzy/opt/gz_plugin_vendor:/opt/ros/jazzy/opt/gz_fuel_tools_vendor:/opt/ros/jazzy/opt/gz_msgs_vendor:/opt/ros/jazzy/opt/gz_common_vendor:/opt/ros/jazzy/opt/gz_math_vendor:/opt/ros/jazzy/opt/gz_utils_vendor:/opt/ros/jazzy/opt/gz_tools_vendor:/opt/ros/jazzy/opt/gz_ogre_next_vendor:/opt/ros/jazzy/opt/gz_dartsim_vendor:/opt/ros/jazzy/opt/gz_cmake_vendor:/home/mvibot/floorCleaningRobot_ws/install/opennav_coverage_demo:/opt/ros/jazzy DEBUGINFOD_URLS=https://debuginfod.ubuntu.com LD_LIBRARY_PATH=/home/mvibot/floorCleaningRobot_ws/install/opennav_coverage/lib:/home/mvibot/floorCleaningRobot_ws/install/opennav_coverage_msgs/lib:/home/mvibot/floorCleaningRobot_ws/install/fields2cover/lib:/home/mvibot/floorCleaningRobot_ws/install/tf2_web_republisher/lib:/home/mvibot/floorCleaningRobot_ws/install/tf2_web_republisher_interfaces/lib:/home/mvibot/floorCleaningRobot_ws/install/realsense2_camera/lib:/home/mvibot/floorCleaningRobot_ws/install/realsense2_camera_msgs/lib:/home/mvibot/floorCleaningRobot_ws/install/pointcloud_to_laserscan/lib:/home/mvibot/floorCleaningRobot_ws/install/opennav_row_coverage/lib:/home/mvibot/floorCleaningRobot_ws/install/opennav_coverage_navigator/lib:/home/mvibot/floorCleaningRobot_ws/install/opennav_coverage_bt/lib:/opt/ros/jazzy/opt/gz_sim_vendor/lib:/opt/ros/jazzy/opt/gz_sensors_vendor/lib:/opt/ros/jazzy/opt/gz_physics_vendor/lib:/opt/ros/jazzy/opt/sdformat_vendor/lib:/opt/ros/jazzy/opt/rviz_ogre_vendor/lib:/opt/ros/jazzy/lib/x86_64-linux-gnu:/opt/ros/jazzy/opt/gz_gui_vendor/lib:/opt/ros/jazzy/opt/gz_transport_vendor/lib:/opt/ros/jazzy/opt/gz_rendering_vendor/lib:/opt/ros/jazzy/opt/gz_plugin_vendor/lib:/opt/ros/jazzy/opt/gz_fuel_tools_vendor/lib:/opt/ros/jazzy/opt/gz_msgs_vendor/lib:/opt/ros/jazzy/opt/gz_common_vendor/lib:/opt/ros/jazzy/opt/gz_math_vendor/lib:/opt/ros/jazzy/opt/gz_utils_vendor/lib:/opt/ros/jazzy/opt/gz_tools_vendor/lib:/opt/ros/jazzy/opt/gz_ogre_next_vendor/lib:/opt/ros/jazzy/opt/gz_dartsim_vendor/lib:/opt/ros/jazzy/opt/gz_cmake_vendor/lib:/opt/ros/jazzy/lib PYTHONPATH=/home/mvibot/floorCleaningRobot_ws/install/opennav_coverage_msgs/lib/python3.12/site-packages:/home/mvibot/floorCleaningRobot_ws/install/tf2_web_republisher_interfaces/lib/python3.12/site-packages:/home/mvibot/floorCleaningRobot_ws/install/realsense2_camera_msgs/lib/python3.12/site-packages:/home/mvibot/floorCleaningRobot_ws/build/opennav_coverage_demo:/home/mvibot/floorCleaningRobot_ws/install/opennav_coverage_demo/lib/python3.12/site-packages:/opt/ros/jazzy/lib/python3.12/site-packages /usr/bin/cmake /home/mvibot/floorCleaningRobot_ws/src/opennav_coverage/opennav_row_coverage -DCMAKE_BUILD_TYPE=Release -DAMENT_CMAKE_SYMLINK_INSTALL=1 -DCMAKE_INSTALL_PREFIX=/home/mvibot/floorCleaningRobot_ws/install/opennav_row_coverage
[272.295s] DEBUG:colcon.colcon_core.event_handler.log_command:Invoked command in '/home/mvibot/floorCleaningRobot_ws/build/opennav_row_coverage' returned '0': CMAKE_PREFIX_PATH=/home/mvibot/floorCleaningRobot_ws/install/opennav_coverage:/home/mvibot/floorCleaningRobot_ws/install/opennav_coverage_msgs:/home/mvibot/floorCleaningRobot_ws/install/fields2cover:/home/mvibot/floorCleaningRobot_ws/install/tf2_web_republisher:/home/mvibot/floorCleaningRobot_ws/install/tf2_web_republisher_interfaces:/home/mvibot/floorCleaningRobot_ws/install/sllidar_ros2:/home/mvibot/floorCleaningRobot_ws/install/realsense2_description:/home/mvibot/floorCleaningRobot_ws/install/realsense2_camera:/home/mvibot/floorCleaningRobot_ws/install/realsense2_camera_msgs:/home/mvibot/floorCleaningRobot_ws/install/pointcloud_to_laserscan:/home/mvibot/floorCleaningRobot_ws/install/opennav_row_coverage:/home/mvibot/floorCleaningRobot_ws/install/opennav_coverage_navigator:/home/mvibot/floorCleaningRobot_ws/install/opennav_coverage_bt:/home/mvibot/floorCleaningRobot_ws/install/mission_layer_mvibot:/home/mvibot/floorCleaningRobot_ws/install/lower_layer_mvibot:/home/mvibot/floorCleaningRobot_ws/install/ira_laser_tools:/home/mvibot/floorCleaningRobot_ws/install/higher_layer_mvibot:/opt/ros/jazzy/opt/gz_sim_vendor:/opt/ros/jazzy/opt/gz_sensors_vendor:/opt/ros/jazzy/opt/gz_physics_vendor:/opt/ros/jazzy/opt/sdformat_vendor:/opt/ros/jazzy/opt/gz_gui_vendor:/opt/ros/jazzy/opt/gz_transport_vendor:/opt/ros/jazzy/opt/gz_rendering_vendor:/opt/ros/jazzy/opt/gz_plugin_vendor:/opt/ros/jazzy/opt/gz_fuel_tools_vendor:/opt/ros/jazzy/opt/gz_msgs_vendor:/opt/ros/jazzy/opt/gz_common_vendor:/opt/ros/jazzy/opt/gz_math_vendor:/opt/ros/jazzy/opt/gz_utils_vendor:/opt/ros/jazzy/opt/gz_tools_vendor:/opt/ros/jazzy/opt/gz_ogre_next_vendor:/opt/ros/jazzy/opt/gz_dartsim_vendor:/opt/ros/jazzy/opt/gz_cmake_vendor:/home/mvibot/floorCleaningRobot_ws/install/opennav_coverage_demo:/opt/ros/jazzy DEBUGINFOD_URLS=https://debuginfod.ubuntu.com LD_LIBRARY_PATH=/home/mvibot/floorCleaningRobot_ws/install/opennav_coverage/lib:/home/mvibot/floorCleaningRobot_ws/install/opennav_coverage_msgs/lib:/home/mvibot/floorCleaningRobot_ws/install/fields2cover/lib:/home/mvibot/floorCleaningRobot_ws/install/tf2_web_republisher/lib:/home/mvibot/floorCleaningRobot_ws/install/tf2_web_republisher_interfaces/lib:/home/mvibot/floorCleaningRobot_ws/install/realsense2_camera/lib:/home/mvibot/floorCleaningRobot_ws/install/realsense2_camera_msgs/lib:/home/mvibot/floorCleaningRobot_ws/install/pointcloud_to_laserscan/lib:/home/mvibot/floorCleaningRobot_ws/install/opennav_row_coverage/lib:/home/mvibot/floorCleaningRobot_ws/install/opennav_coverage_navigator/lib:/home/mvibot/floorCleaningRobot_ws/install/opennav_coverage_bt/lib:/opt/ros/jazzy/opt/gz_sim_vendor/lib:/opt/ros/jazzy/opt/gz_sensors_vendor/lib:/opt/ros/jazzy/opt/gz_physics_vendor/lib:/opt/ros/jazzy/opt/sdformat_vendor/lib:/opt/ros/jazzy/opt/rviz_ogre_vendor/lib:/opt/ros/jazzy/lib/x86_64-linux-gnu:/opt/ros/jazzy/opt/gz_gui_vendor/lib:/opt/ros/jazzy/opt/gz_transport_vendor/lib:/opt/ros/jazzy/opt/gz_rendering_vendor/lib:/opt/ros/jazzy/opt/gz_plugin_vendor/lib:/opt/ros/jazzy/opt/gz_fuel_tools_vendor/lib:/opt/ros/jazzy/opt/gz_msgs_vendor/lib:/opt/ros/jazzy/opt/gz_common_vendor/lib:/opt/ros/jazzy/opt/gz_math_vendor/lib:/opt/ros/jazzy/opt/gz_utils_vendor/lib:/opt/ros/jazzy/opt/gz_tools_vendor/lib:/opt/ros/jazzy/opt/gz_ogre_next_vendor/lib:/opt/ros/jazzy/opt/gz_dartsim_vendor/lib:/opt/ros/jazzy/opt/gz_cmake_vendor/lib:/opt/ros/jazzy/lib PYTHONPATH=/home/mvibot/floorCleaningRobot_ws/install/opennav_coverage_msgs/lib/python3.12/site-packages:/home/mvibot/floorCleaningRobot_ws/install/tf2_web_republisher_interfaces/lib/python3.12/site-packages:/home/mvibot/floorCleaningRobot_ws/install/realsense2_camera_msgs/lib/python3.12/site-packages:/home/mvibot/floorCleaningRobot_ws/build/opennav_coverage_demo:/home/mvibot/floorCleaningRobot_ws/install/opennav_coverage_demo/lib/python3.12/site-packages:/opt/ros/jazzy/lib/python3.12/site-packages /usr/bin/cmake /home/mvibot/floorCleaningRobot_ws/src/opennav_coverage/opennav_row_coverage -DCMAKE_BUILD_TYPE=Release -DAMENT_CMAKE_SYMLINK_INSTALL=1 -DCMAKE_INSTALL_PREFIX=/home/mvibot/floorCleaningRobot_ws/install/opennav_row_coverage
[272.296s] DEBUG:colcon.colcon_core.event_handler.log_command:Invoking command in '/home/mvibot/floorCleaningRobot_ws/build/opennav_row_coverage': CMAKE_PREFIX_PATH=/home/mvibot/floorCleaningRobot_ws/install/opennav_coverage:/home/mvibot/floorCleaningRobot_ws/install/opennav_coverage_msgs:/home/mvibot/floorCleaningRobot_ws/install/fields2cover:/home/mvibot/floorCleaningRobot_ws/install/tf2_web_republisher:/home/mvibot/floorCleaningRobot_ws/install/tf2_web_republisher_interfaces:/home/mvibot/floorCleaningRobot_ws/install/sllidar_ros2:/home/mvibot/floorCleaningRobot_ws/install/realsense2_description:/home/mvibot/floorCleaningRobot_ws/install/realsense2_camera:/home/mvibot/floorCleaningRobot_ws/install/realsense2_camera_msgs:/home/mvibot/floorCleaningRobot_ws/install/pointcloud_to_laserscan:/home/mvibot/floorCleaningRobot_ws/install/opennav_row_coverage:/home/mvibot/floorCleaningRobot_ws/install/opennav_coverage_navigator:/home/mvibot/floorCleaningRobot_ws/install/opennav_coverage_bt:/home/mvibot/floorCleaningRobot_ws/install/mission_layer_mvibot:/home/mvibot/floorCleaningRobot_ws/install/lower_layer_mvibot:/home/mvibot/floorCleaningRobot_ws/install/ira_laser_tools:/home/mvibot/floorCleaningRobot_ws/install/higher_layer_mvibot:/opt/ros/jazzy/opt/gz_sim_vendor:/opt/ros/jazzy/opt/gz_sensors_vendor:/opt/ros/jazzy/opt/gz_physics_vendor:/opt/ros/jazzy/opt/sdformat_vendor:/opt/ros/jazzy/opt/gz_gui_vendor:/opt/ros/jazzy/opt/gz_transport_vendor:/opt/ros/jazzy/opt/gz_rendering_vendor:/opt/ros/jazzy/opt/gz_plugin_vendor:/opt/ros/jazzy/opt/gz_fuel_tools_vendor:/opt/ros/jazzy/opt/gz_msgs_vendor:/opt/ros/jazzy/opt/gz_common_vendor:/opt/ros/jazzy/opt/gz_math_vendor:/opt/ros/jazzy/opt/gz_utils_vendor:/opt/ros/jazzy/opt/gz_tools_vendor:/opt/ros/jazzy/opt/gz_ogre_next_vendor:/opt/ros/jazzy/opt/gz_dartsim_vendor:/opt/ros/jazzy/opt/gz_cmake_vendor:/home/mvibot/floorCleaningRobot_ws/install/opennav_coverage_demo:/opt/ros/jazzy DEBUGINFOD_URLS=https://debuginfod.ubuntu.com LD_LIBRARY_PATH=/home/mvibot/floorCleaningRobot_ws/install/opennav_coverage/lib:/home/mvibot/floorCleaningRobot_ws/install/opennav_coverage_msgs/lib:/home/mvibot/floorCleaningRobot_ws/install/fields2cover/lib:/home/mvibot/floorCleaningRobot_ws/install/tf2_web_republisher/lib:/home/mvibot/floorCleaningRobot_ws/install/tf2_web_republisher_interfaces/lib:/home/mvibot/floorCleaningRobot_ws/install/realsense2_camera/lib:/home/mvibot/floorCleaningRobot_ws/install/realsense2_camera_msgs/lib:/home/mvibot/floorCleaningRobot_ws/install/pointcloud_to_laserscan/lib:/home/mvibot/floorCleaningRobot_ws/install/opennav_row_coverage/lib:/home/mvibot/floorCleaningRobot_ws/install/opennav_coverage_navigator/lib:/home/mvibot/floorCleaningRobot_ws/install/opennav_coverage_bt/lib:/opt/ros/jazzy/opt/gz_sim_vendor/lib:/opt/ros/jazzy/opt/gz_sensors_vendor/lib:/opt/ros/jazzy/opt/gz_physics_vendor/lib:/opt/ros/jazzy/opt/sdformat_vendor/lib:/opt/ros/jazzy/opt/rviz_ogre_vendor/lib:/opt/ros/jazzy/lib/x86_64-linux-gnu:/opt/ros/jazzy/opt/gz_gui_vendor/lib:/opt/ros/jazzy/opt/gz_transport_vendor/lib:/opt/ros/jazzy/opt/gz_rendering_vendor/lib:/opt/ros/jazzy/opt/gz_plugin_vendor/lib:/opt/ros/jazzy/opt/gz_fuel_tools_vendor/lib:/opt/ros/jazzy/opt/gz_msgs_vendor/lib:/opt/ros/jazzy/opt/gz_common_vendor/lib:/opt/ros/jazzy/opt/gz_math_vendor/lib:/opt/ros/jazzy/opt/gz_utils_vendor/lib:/opt/ros/jazzy/opt/gz_tools_vendor/lib:/opt/ros/jazzy/opt/gz_ogre_next_vendor/lib:/opt/ros/jazzy/opt/gz_dartsim_vendor/lib:/opt/ros/jazzy/opt/gz_cmake_vendor/lib:/opt/ros/jazzy/lib PYTHONPATH=/home/mvibot/floorCleaningRobot_ws/install/opennav_coverage_msgs/lib/python3.12/site-packages:/home/mvibot/floorCleaningRobot_ws/install/tf2_web_republisher_interfaces/lib/python3.12/site-packages:/home/mvibot/floorCleaningRobot_ws/install/realsense2_camera_msgs/lib/python3.12/site-packages:/home/mvibot/floorCleaningRobot_ws/build/opennav_coverage_demo:/home/mvibot/floorCleaningRobot_ws/install/opennav_coverage_demo/lib/python3.12/site-packages:/opt/ros/jazzy/lib/python3.12/site-packages /usr/bin/cmake --build /home/mvibot/floorCleaningRobot_ws/build/opennav_row_coverage -- -j8 -l8
[272.692s] DEBUG:colcon.colcon_core.event_handler.log_command:Invoked command in '/home/mvibot/floorCleaningRobot_ws/build/opennav_coverage_navigator' returned '0': CMAKE_PREFIX_PATH=/home/mvibot/floorCleaningRobot_ws/install/opennav_coverage_bt:/home/mvibot/floorCleaningRobot_ws/install/opennav_coverage:/home/mvibot/floorCleaningRobot_ws/install/opennav_coverage_msgs:/home/mvibot/floorCleaningRobot_ws/install/fields2cover:/home/mvibot/floorCleaningRobot_ws/install/tf2_web_republisher:/home/mvibot/floorCleaningRobot_ws/install/tf2_web_republisher_interfaces:/home/mvibot/floorCleaningRobot_ws/install/sllidar_ros2:/home/mvibot/floorCleaningRobot_ws/install/realsense2_description:/home/mvibot/floorCleaningRobot_ws/install/realsense2_camera:/home/mvibot/floorCleaningRobot_ws/install/realsense2_camera_msgs:/home/mvibot/floorCleaningRobot_ws/install/pointcloud_to_laserscan:/home/mvibot/floorCleaningRobot_ws/install/opennav_row_coverage:/home/mvibot/floorCleaningRobot_ws/install/opennav_coverage_navigator:/home/mvibot/floorCleaningRobot_ws/install/mission_layer_mvibot:/home/mvibot/floorCleaningRobot_ws/install/lower_layer_mvibot:/home/mvibot/floorCleaningRobot_ws/install/ira_laser_tools:/home/mvibot/floorCleaningRobot_ws/install/higher_layer_mvibot:/opt/ros/jazzy/opt/gz_sim_vendor:/opt/ros/jazzy/opt/gz_sensors_vendor:/opt/ros/jazzy/opt/gz_physics_vendor:/opt/ros/jazzy/opt/sdformat_vendor:/opt/ros/jazzy/opt/gz_gui_vendor:/opt/ros/jazzy/opt/gz_transport_vendor:/opt/ros/jazzy/opt/gz_rendering_vendor:/opt/ros/jazzy/opt/gz_plugin_vendor:/opt/ros/jazzy/opt/gz_fuel_tools_vendor:/opt/ros/jazzy/opt/gz_msgs_vendor:/opt/ros/jazzy/opt/gz_common_vendor:/opt/ros/jazzy/opt/gz_math_vendor:/opt/ros/jazzy/opt/gz_utils_vendor:/opt/ros/jazzy/opt/gz_tools_vendor:/opt/ros/jazzy/opt/gz_ogre_next_vendor:/opt/ros/jazzy/opt/gz_dartsim_vendor:/opt/ros/jazzy/opt/gz_cmake_vendor:/home/mvibot/floorCleaningRobot_ws/install/opennav_coverage_demo:/opt/ros/jazzy DEBUGINFOD_URLS=https://debuginfod.ubuntu.com LD_LIBRARY_PATH=/home/mvibot/floorCleaningRobot_ws/install/opennav_coverage_bt/lib:/home/mvibot/floorCleaningRobot_ws/install/opennav_coverage/lib:/home/mvibot/floorCleaningRobot_ws/install/opennav_coverage_msgs/lib:/home/mvibot/floorCleaningRobot_ws/install/fields2cover/lib:/home/mvibot/floorCleaningRobot_ws/install/tf2_web_republisher/lib:/home/mvibot/floorCleaningRobot_ws/install/tf2_web_republisher_interfaces/lib:/home/mvibot/floorCleaningRobot_ws/install/realsense2_camera/lib:/home/mvibot/floorCleaningRobot_ws/install/realsense2_camera_msgs/lib:/home/mvibot/floorCleaningRobot_ws/install/pointcloud_to_laserscan/lib:/home/mvibot/floorCleaningRobot_ws/install/opennav_row_coverage/lib:/home/mvibot/floorCleaningRobot_ws/install/opennav_coverage_navigator/lib:/opt/ros/jazzy/opt/gz_sim_vendor/lib:/opt/ros/jazzy/opt/gz_sensors_vendor/lib:/opt/ros/jazzy/opt/gz_physics_vendor/lib:/opt/ros/jazzy/opt/sdformat_vendor/lib:/opt/ros/jazzy/opt/rviz_ogre_vendor/lib:/opt/ros/jazzy/lib/x86_64-linux-gnu:/opt/ros/jazzy/opt/gz_gui_vendor/lib:/opt/ros/jazzy/opt/gz_transport_vendor/lib:/opt/ros/jazzy/opt/gz_rendering_vendor/lib:/opt/ros/jazzy/opt/gz_plugin_vendor/lib:/opt/ros/jazzy/opt/gz_fuel_tools_vendor/lib:/opt/ros/jazzy/opt/gz_msgs_vendor/lib:/opt/ros/jazzy/opt/gz_common_vendor/lib:/opt/ros/jazzy/opt/gz_math_vendor/lib:/opt/ros/jazzy/opt/gz_utils_vendor/lib:/opt/ros/jazzy/opt/gz_tools_vendor/lib:/opt/ros/jazzy/opt/gz_ogre_next_vendor/lib:/opt/ros/jazzy/opt/gz_dartsim_vendor/lib:/opt/ros/jazzy/opt/gz_cmake_vendor/lib:/opt/ros/jazzy/lib PYTHONPATH=/home/mvibot/floorCleaningRobot_ws/install/opennav_coverage_msgs/lib/python3.12/site-packages:/home/mvibot/floorCleaningRobot_ws/install/tf2_web_republisher_interfaces/lib/python3.12/site-packages:/home/mvibot/floorCleaningRobot_ws/install/realsense2_camera_msgs/lib/python3.12/site-packages:/home/mvibot/floorCleaningRobot_ws/build/opennav_coverage_demo:/home/mvibot/floorCleaningRobot_ws/install/opennav_coverage_demo/lib/python3.12/site-packages:/opt/ros/jazzy/lib/python3.12/site-packages /usr/bin/cmake /home/mvibot/floorCleaningRobot_ws/src/opennav_coverage/opennav_coverage_navigator -DCMAKE_BUILD_TYPE=Release -DAMENT_CMAKE_SYMLINK_INSTALL=1 -DCMAKE_INSTALL_PREFIX=/home/mvibot/floorCleaningRobot_ws/install/opennav_coverage_navigator
[272.693s] DEBUG:colcon.colcon_core.event_handler.log_command:Invoking command in '/home/mvibot/floorCleaningRobot_ws/build/opennav_coverage_navigator': CMAKE_PREFIX_PATH=/home/mvibot/floorCleaningRobot_ws/install/opennav_coverage_bt:/home/mvibot/floorCleaningRobot_ws/install/opennav_coverage:/home/mvibot/floorCleaningRobot_ws/install/opennav_coverage_msgs:/home/mvibot/floorCleaningRobot_ws/install/fields2cover:/home/mvibot/floorCleaningRobot_ws/install/tf2_web_republisher:/home/mvibot/floorCleaningRobot_ws/install/tf2_web_republisher_interfaces:/home/mvibot/floorCleaningRobot_ws/install/sllidar_ros2:/home/mvibot/floorCleaningRobot_ws/install/realsense2_description:/home/mvibot/floorCleaningRobot_ws/install/realsense2_camera:/home/mvibot/floorCleaningRobot_ws/install/realsense2_camera_msgs:/home/mvibot/floorCleaningRobot_ws/install/pointcloud_to_laserscan:/home/mvibot/floorCleaningRobot_ws/install/opennav_row_coverage:/home/mvibot/floorCleaningRobot_ws/install/opennav_coverage_navigator:/home/mvibot/floorCleaningRobot_ws/install/mission_layer_mvibot:/home/mvibot/floorCleaningRobot_ws/install/lower_layer_mvibot:/home/mvibot/floorCleaningRobot_ws/install/ira_laser_tools:/home/mvibot/floorCleaningRobot_ws/install/higher_layer_mvibot:/opt/ros/jazzy/opt/gz_sim_vendor:/opt/ros/jazzy/opt/gz_sensors_vendor:/opt/ros/jazzy/opt/gz_physics_vendor:/opt/ros/jazzy/opt/sdformat_vendor:/opt/ros/jazzy/opt/gz_gui_vendor:/opt/ros/jazzy/opt/gz_transport_vendor:/opt/ros/jazzy/opt/gz_rendering_vendor:/opt/ros/jazzy/opt/gz_plugin_vendor:/opt/ros/jazzy/opt/gz_fuel_tools_vendor:/opt/ros/jazzy/opt/gz_msgs_vendor:/opt/ros/jazzy/opt/gz_common_vendor:/opt/ros/jazzy/opt/gz_math_vendor:/opt/ros/jazzy/opt/gz_utils_vendor:/opt/ros/jazzy/opt/gz_tools_vendor:/opt/ros/jazzy/opt/gz_ogre_next_vendor:/opt/ros/jazzy/opt/gz_dartsim_vendor:/opt/ros/jazzy/opt/gz_cmake_vendor:/home/mvibot/floorCleaningRobot_ws/install/opennav_coverage_demo:/opt/ros/jazzy DEBUGINFOD_URLS=https://debuginfod.ubuntu.com LD_LIBRARY_PATH=/home/mvibot/floorCleaningRobot_ws/install/opennav_coverage_bt/lib:/home/mvibot/floorCleaningRobot_ws/install/opennav_coverage/lib:/home/mvibot/floorCleaningRobot_ws/install/opennav_coverage_msgs/lib:/home/mvibot/floorCleaningRobot_ws/install/fields2cover/lib:/home/mvibot/floorCleaningRobot_ws/install/tf2_web_republisher/lib:/home/mvibot/floorCleaningRobot_ws/install/tf2_web_republisher_interfaces/lib:/home/mvibot/floorCleaningRobot_ws/install/realsense2_camera/lib:/home/mvibot/floorCleaningRobot_ws/install/realsense2_camera_msgs/lib:/home/mvibot/floorCleaningRobot_ws/install/pointcloud_to_laserscan/lib:/home/mvibot/floorCleaningRobot_ws/install/opennav_row_coverage/lib:/home/mvibot/floorCleaningRobot_ws/install/opennav_coverage_navigator/lib:/opt/ros/jazzy/opt/gz_sim_vendor/lib:/opt/ros/jazzy/opt/gz_sensors_vendor/lib:/opt/ros/jazzy/opt/gz_physics_vendor/lib:/opt/ros/jazzy/opt/sdformat_vendor/lib:/opt/ros/jazzy/opt/rviz_ogre_vendor/lib:/opt/ros/jazzy/lib/x86_64-linux-gnu:/opt/ros/jazzy/opt/gz_gui_vendor/lib:/opt/ros/jazzy/opt/gz_transport_vendor/lib:/opt/ros/jazzy/opt/gz_rendering_vendor/lib:/opt/ros/jazzy/opt/gz_plugin_vendor/lib:/opt/ros/jazzy/opt/gz_fuel_tools_vendor/lib:/opt/ros/jazzy/opt/gz_msgs_vendor/lib:/opt/ros/jazzy/opt/gz_common_vendor/lib:/opt/ros/jazzy/opt/gz_math_vendor/lib:/opt/ros/jazzy/opt/gz_utils_vendor/lib:/opt/ros/jazzy/opt/gz_tools_vendor/lib:/opt/ros/jazzy/opt/gz_ogre_next_vendor/lib:/opt/ros/jazzy/opt/gz_dartsim_vendor/lib:/opt/ros/jazzy/opt/gz_cmake_vendor/lib:/opt/ros/jazzy/lib PYTHONPATH=/home/mvibot/floorCleaningRobot_ws/install/opennav_coverage_msgs/lib/python3.12/site-packages:/home/mvibot/floorCleaningRobot_ws/install/tf2_web_republisher_interfaces/lib/python3.12/site-packages:/home/mvibot/floorCleaningRobot_ws/install/realsense2_camera_msgs/lib/python3.12/site-packages:/home/mvibot/floorCleaningRobot_ws/build/opennav_coverage_demo:/home/mvibot/floorCleaningRobot_ws/install/opennav_coverage_demo/lib/python3.12/site-packages:/opt/ros/jazzy/lib/python3.12/site-packages /usr/bin/cmake --build /home/mvibot/floorCleaningRobot_ws/build/opennav_coverage_navigator -- -j8 -l8
[292.345s] DEBUG:colcon.colcon_core.event_handler.log_command:Invoked command in '/home/mvibot/floorCleaningRobot_ws/build/opennav_row_coverage' returned '0': CMAKE_PREFIX_PATH=/home/mvibot/floorCleaningRobot_ws/install/opennav_coverage:/home/mvibot/floorCleaningRobot_ws/install/opennav_coverage_msgs:/home/mvibot/floorCleaningRobot_ws/install/fields2cover:/home/mvibot/floorCleaningRobot_ws/install/tf2_web_republisher:/home/mvibot/floorCleaningRobot_ws/install/tf2_web_republisher_interfaces:/home/mvibot/floorCleaningRobot_ws/install/sllidar_ros2:/home/mvibot/floorCleaningRobot_ws/install/realsense2_description:/home/mvibot/floorCleaningRobot_ws/install/realsense2_camera:/home/mvibot/floorCleaningRobot_ws/install/realsense2_camera_msgs:/home/mvibot/floorCleaningRobot_ws/install/pointcloud_to_laserscan:/home/mvibot/floorCleaningRobot_ws/install/opennav_row_coverage:/home/mvibot/floorCleaningRobot_ws/install/opennav_coverage_navigator:/home/mvibot/floorCleaningRobot_ws/install/opennav_coverage_bt:/home/mvibot/floorCleaningRobot_ws/install/mission_layer_mvibot:/home/mvibot/floorCleaningRobot_ws/install/lower_layer_mvibot:/home/mvibot/floorCleaningRobot_ws/install/ira_laser_tools:/home/mvibot/floorCleaningRobot_ws/install/higher_layer_mvibot:/opt/ros/jazzy/opt/gz_sim_vendor:/opt/ros/jazzy/opt/gz_sensors_vendor:/opt/ros/jazzy/opt/gz_physics_vendor:/opt/ros/jazzy/opt/sdformat_vendor:/opt/ros/jazzy/opt/gz_gui_vendor:/opt/ros/jazzy/opt/gz_transport_vendor:/opt/ros/jazzy/opt/gz_rendering_vendor:/opt/ros/jazzy/opt/gz_plugin_vendor:/opt/ros/jazzy/opt/gz_fuel_tools_vendor:/opt/ros/jazzy/opt/gz_msgs_vendor:/opt/ros/jazzy/opt/gz_common_vendor:/opt/ros/jazzy/opt/gz_math_vendor:/opt/ros/jazzy/opt/gz_utils_vendor:/opt/ros/jazzy/opt/gz_tools_vendor:/opt/ros/jazzy/opt/gz_ogre_next_vendor:/opt/ros/jazzy/opt/gz_dartsim_vendor:/opt/ros/jazzy/opt/gz_cmake_vendor:/home/mvibot/floorCleaningRobot_ws/install/opennav_coverage_demo:/opt/ros/jazzy DEBUGINFOD_URLS=https://debuginfod.ubuntu.com LD_LIBRARY_PATH=/home/mvibot/floorCleaningRobot_ws/install/opennav_coverage/lib:/home/mvibot/floorCleaningRobot_ws/install/opennav_coverage_msgs/lib:/home/mvibot/floorCleaningRobot_ws/install/fields2cover/lib:/home/mvibot/floorCleaningRobot_ws/install/tf2_web_republisher/lib:/home/mvibot/floorCleaningRobot_ws/install/tf2_web_republisher_interfaces/lib:/home/mvibot/floorCleaningRobot_ws/install/realsense2_camera/lib:/home/mvibot/floorCleaningRobot_ws/install/realsense2_camera_msgs/lib:/home/mvibot/floorCleaningRobot_ws/install/pointcloud_to_laserscan/lib:/home/mvibot/floorCleaningRobot_ws/install/opennav_row_coverage/lib:/home/mvibot/floorCleaningRobot_ws/install/opennav_coverage_navigator/lib:/home/mvibot/floorCleaningRobot_ws/install/opennav_coverage_bt/lib:/opt/ros/jazzy/opt/gz_sim_vendor/lib:/opt/ros/jazzy/opt/gz_sensors_vendor/lib:/opt/ros/jazzy/opt/gz_physics_vendor/lib:/opt/ros/jazzy/opt/sdformat_vendor/lib:/opt/ros/jazzy/opt/rviz_ogre_vendor/lib:/opt/ros/jazzy/lib/x86_64-linux-gnu:/opt/ros/jazzy/opt/gz_gui_vendor/lib:/opt/ros/jazzy/opt/gz_transport_vendor/lib:/opt/ros/jazzy/opt/gz_rendering_vendor/lib:/opt/ros/jazzy/opt/gz_plugin_vendor/lib:/opt/ros/jazzy/opt/gz_fuel_tools_vendor/lib:/opt/ros/jazzy/opt/gz_msgs_vendor/lib:/opt/ros/jazzy/opt/gz_common_vendor/lib:/opt/ros/jazzy/opt/gz_math_vendor/lib:/opt/ros/jazzy/opt/gz_utils_vendor/lib:/opt/ros/jazzy/opt/gz_tools_vendor/lib:/opt/ros/jazzy/opt/gz_ogre_next_vendor/lib:/opt/ros/jazzy/opt/gz_dartsim_vendor/lib:/opt/ros/jazzy/opt/gz_cmake_vendor/lib:/opt/ros/jazzy/lib PYTHONPATH=/home/mvibot/floorCleaningRobot_ws/install/opennav_coverage_msgs/lib/python3.12/site-packages:/home/mvibot/floorCleaningRobot_ws/install/tf2_web_republisher_interfaces/lib/python3.12/site-packages:/home/mvibot/floorCleaningRobot_ws/install/realsense2_camera_msgs/lib/python3.12/site-packages:/home/mvibot/floorCleaningRobot_ws/build/opennav_coverage_demo:/home/mvibot/floorCleaningRobot_ws/install/opennav_coverage_demo/lib/python3.12/site-packages:/opt/ros/jazzy/lib/python3.12/site-packages /usr/bin/cmake --build /home/mvibot/floorCleaningRobot_ws/build/opennav_row_coverage -- -j8 -l8
[292.346s] DEBUG:colcon.colcon_core.event_handler.log_command:Invoking command in '/home/mvibot/floorCleaningRobot_ws/build/opennav_row_coverage': CMAKE_PREFIX_PATH=/home/mvibot/floorCleaningRobot_ws/install/opennav_coverage:/home/mvibot/floorCleaningRobot_ws/install/opennav_coverage_msgs:/home/mvibot/floorCleaningRobot_ws/install/fields2cover:/home/mvibot/floorCleaningRobot_ws/install/tf2_web_republisher:/home/mvibot/floorCleaningRobot_ws/install/tf2_web_republisher_interfaces:/home/mvibot/floorCleaningRobot_ws/install/sllidar_ros2:/home/mvibot/floorCleaningRobot_ws/install/realsense2_description:/home/mvibot/floorCleaningRobot_ws/install/realsense2_camera:/home/mvibot/floorCleaningRobot_ws/install/realsense2_camera_msgs:/home/mvibot/floorCleaningRobot_ws/install/pointcloud_to_laserscan:/home/mvibot/floorCleaningRobot_ws/install/opennav_row_coverage:/home/mvibot/floorCleaningRobot_ws/install/opennav_coverage_navigator:/home/mvibot/floorCleaningRobot_ws/install/opennav_coverage_bt:/home/mvibot/floorCleaningRobot_ws/install/mission_layer_mvibot:/home/mvibot/floorCleaningRobot_ws/install/lower_layer_mvibot:/home/mvibot/floorCleaningRobot_ws/install/ira_laser_tools:/home/mvibot/floorCleaningRobot_ws/install/higher_layer_mvibot:/opt/ros/jazzy/opt/gz_sim_vendor:/opt/ros/jazzy/opt/gz_sensors_vendor:/opt/ros/jazzy/opt/gz_physics_vendor:/opt/ros/jazzy/opt/sdformat_vendor:/opt/ros/jazzy/opt/gz_gui_vendor:/opt/ros/jazzy/opt/gz_transport_vendor:/opt/ros/jazzy/opt/gz_rendering_vendor:/opt/ros/jazzy/opt/gz_plugin_vendor:/opt/ros/jazzy/opt/gz_fuel_tools_vendor:/opt/ros/jazzy/opt/gz_msgs_vendor:/opt/ros/jazzy/opt/gz_common_vendor:/opt/ros/jazzy/opt/gz_math_vendor:/opt/ros/jazzy/opt/gz_utils_vendor:/opt/ros/jazzy/opt/gz_tools_vendor:/opt/ros/jazzy/opt/gz_ogre_next_vendor:/opt/ros/jazzy/opt/gz_dartsim_vendor:/opt/ros/jazzy/opt/gz_cmake_vendor:/home/mvibot/floorCleaningRobot_ws/install/opennav_coverage_demo:/opt/ros/jazzy DEBUGINFOD_URLS=https://debuginfod.ubuntu.com LD_LIBRARY_PATH=/home/mvibot/floorCleaningRobot_ws/install/opennav_coverage/lib:/home/mvibot/floorCleaningRobot_ws/install/opennav_coverage_msgs/lib:/home/mvibot/floorCleaningRobot_ws/install/fields2cover/lib:/home/mvibot/floorCleaningRobot_ws/install/tf2_web_republisher/lib:/home/mvibot/floorCleaningRobot_ws/install/tf2_web_republisher_interfaces/lib:/home/mvibot/floorCleaningRobot_ws/install/realsense2_camera/lib:/home/mvibot/floorCleaningRobot_ws/install/realsense2_camera_msgs/lib:/home/mvibot/floorCleaningRobot_ws/install/pointcloud_to_laserscan/lib:/home/mvibot/floorCleaningRobot_ws/install/opennav_row_coverage/lib:/home/mvibot/floorCleaningRobot_ws/install/opennav_coverage_navigator/lib:/home/mvibot/floorCleaningRobot_ws/install/opennav_coverage_bt/lib:/opt/ros/jazzy/opt/gz_sim_vendor/lib:/opt/ros/jazzy/opt/gz_sensors_vendor/lib:/opt/ros/jazzy/opt/gz_physics_vendor/lib:/opt/ros/jazzy/opt/sdformat_vendor/lib:/opt/ros/jazzy/opt/rviz_ogre_vendor/lib:/opt/ros/jazzy/lib/x86_64-linux-gnu:/opt/ros/jazzy/opt/gz_gui_vendor/lib:/opt/ros/jazzy/opt/gz_transport_vendor/lib:/opt/ros/jazzy/opt/gz_rendering_vendor/lib:/opt/ros/jazzy/opt/gz_plugin_vendor/lib:/opt/ros/jazzy/opt/gz_fuel_tools_vendor/lib:/opt/ros/jazzy/opt/gz_msgs_vendor/lib:/opt/ros/jazzy/opt/gz_common_vendor/lib:/opt/ros/jazzy/opt/gz_math_vendor/lib:/opt/ros/jazzy/opt/gz_utils_vendor/lib:/opt/ros/jazzy/opt/gz_tools_vendor/lib:/opt/ros/jazzy/opt/gz_ogre_next_vendor/lib:/opt/ros/jazzy/opt/gz_dartsim_vendor/lib:/opt/ros/jazzy/opt/gz_cmake_vendor/lib:/opt/ros/jazzy/lib PYTHONPATH=/home/mvibot/floorCleaningRobot_ws/install/opennav_coverage_msgs/lib/python3.12/site-packages:/home/mvibot/floorCleaningRobot_ws/install/tf2_web_republisher_interfaces/lib/python3.12/site-packages:/home/mvibot/floorCleaningRobot_ws/install/realsense2_camera_msgs/lib/python3.12/site-packages:/home/mvibot/floorCleaningRobot_ws/build/opennav_coverage_demo:/home/mvibot/floorCleaningRobot_ws/install/opennav_coverage_demo/lib/python3.12/site-packages:/opt/ros/jazzy/lib/python3.12/site-packages /usr/bin/cmake --install /home/mvibot/floorCleaningRobot_ws/build/opennav_row_coverage
[292.613s] Level 1:colcon.colcon_core.environment:create_environment_scripts_only(opennav_row_coverage)
[292.613s] Level 1:colcon.colcon_core.environment:checking '/home/mvibot/floorCleaningRobot_ws/install/opennav_row_coverage' for CMake module files
[292.614s] DEBUG:colcon.colcon_core.event_handler.log_command:Invoked command in '/home/mvibot/floorCleaningRobot_ws/build/opennav_row_coverage' returned '0': CMAKE_PREFIX_PATH=/home/mvibot/floorCleaningRobot_ws/install/opennav_coverage:/home/mvibot/floorCleaningRobot_ws/install/opennav_coverage_msgs:/home/mvibot/floorCleaningRobot_ws/install/fields2cover:/home/mvibot/floorCleaningRobot_ws/install/tf2_web_republisher:/home/mvibot/floorCleaningRobot_ws/install/tf2_web_republisher_interfaces:/home/mvibot/floorCleaningRobot_ws/install/sllidar_ros2:/home/mvibot/floorCleaningRobot_ws/install/realsense2_description:/home/mvibot/floorCleaningRobot_ws/install/realsense2_camera:/home/mvibot/floorCleaningRobot_ws/install/realsense2_camera_msgs:/home/mvibot/floorCleaningRobot_ws/install/pointcloud_to_laserscan:/home/mvibot/floorCleaningRobot_ws/install/opennav_row_coverage:/home/mvibot/floorCleaningRobot_ws/install/opennav_coverage_navigator:/home/mvibot/floorCleaningRobot_ws/install/opennav_coverage_bt:/home/mvibot/floorCleaningRobot_ws/install/mission_layer_mvibot:/home/mvibot/floorCleaningRobot_ws/install/lower_layer_mvibot:/home/mvibot/floorCleaningRobot_ws/install/ira_laser_tools:/home/mvibot/floorCleaningRobot_ws/install/higher_layer_mvibot:/opt/ros/jazzy/opt/gz_sim_vendor:/opt/ros/jazzy/opt/gz_sensors_vendor:/opt/ros/jazzy/opt/gz_physics_vendor:/opt/ros/jazzy/opt/sdformat_vendor:/opt/ros/jazzy/opt/gz_gui_vendor:/opt/ros/jazzy/opt/gz_transport_vendor:/opt/ros/jazzy/opt/gz_rendering_vendor:/opt/ros/jazzy/opt/gz_plugin_vendor:/opt/ros/jazzy/opt/gz_fuel_tools_vendor:/opt/ros/jazzy/opt/gz_msgs_vendor:/opt/ros/jazzy/opt/gz_common_vendor:/opt/ros/jazzy/opt/gz_math_vendor:/opt/ros/jazzy/opt/gz_utils_vendor:/opt/ros/jazzy/opt/gz_tools_vendor:/opt/ros/jazzy/opt/gz_ogre_next_vendor:/opt/ros/jazzy/opt/gz_dartsim_vendor:/opt/ros/jazzy/opt/gz_cmake_vendor:/home/mvibot/floorCleaningRobot_ws/install/opennav_coverage_demo:/opt/ros/jazzy DEBUGINFOD_URLS=https://debuginfod.ubuntu.com LD_LIBRARY_PATH=/home/mvibot/floorCleaningRobot_ws/install/opennav_coverage/lib:/home/mvibot/floorCleaningRobot_ws/install/opennav_coverage_msgs/lib:/home/mvibot/floorCleaningRobot_ws/install/fields2cover/lib:/home/mvibot/floorCleaningRobot_ws/install/tf2_web_republisher/lib:/home/mvibot/floorCleaningRobot_ws/install/tf2_web_republisher_interfaces/lib:/home/mvibot/floorCleaningRobot_ws/install/realsense2_camera/lib:/home/mvibot/floorCleaningRobot_ws/install/realsense2_camera_msgs/lib:/home/mvibot/floorCleaningRobot_ws/install/pointcloud_to_laserscan/lib:/home/mvibot/floorCleaningRobot_ws/install/opennav_row_coverage/lib:/home/mvibot/floorCleaningRobot_ws/install/opennav_coverage_navigator/lib:/home/mvibot/floorCleaningRobot_ws/install/opennav_coverage_bt/lib:/opt/ros/jazzy/opt/gz_sim_vendor/lib:/opt/ros/jazzy/opt/gz_sensors_vendor/lib:/opt/ros/jazzy/opt/gz_physics_vendor/lib:/opt/ros/jazzy/opt/sdformat_vendor/lib:/opt/ros/jazzy/opt/rviz_ogre_vendor/lib:/opt/ros/jazzy/lib/x86_64-linux-gnu:/opt/ros/jazzy/opt/gz_gui_vendor/lib:/opt/ros/jazzy/opt/gz_transport_vendor/lib:/opt/ros/jazzy/opt/gz_rendering_vendor/lib:/opt/ros/jazzy/opt/gz_plugin_vendor/lib:/opt/ros/jazzy/opt/gz_fuel_tools_vendor/lib:/opt/ros/jazzy/opt/gz_msgs_vendor/lib:/opt/ros/jazzy/opt/gz_common_vendor/lib:/opt/ros/jazzy/opt/gz_math_vendor/lib:/opt/ros/jazzy/opt/gz_utils_vendor/lib:/opt/ros/jazzy/opt/gz_tools_vendor/lib:/opt/ros/jazzy/opt/gz_ogre_next_vendor/lib:/opt/ros/jazzy/opt/gz_dartsim_vendor/lib:/opt/ros/jazzy/opt/gz_cmake_vendor/lib:/opt/ros/jazzy/lib PYTHONPATH=/home/mvibot/floorCleaningRobot_ws/install/opennav_coverage_msgs/lib/python3.12/site-packages:/home/mvibot/floorCleaningRobot_ws/install/tf2_web_republisher_interfaces/lib/python3.12/site-packages:/home/mvibot/floorCleaningRobot_ws/install/realsense2_camera_msgs/lib/python3.12/site-packages:/home/mvibot/floorCleaningRobot_ws/build/opennav_coverage_demo:/home/mvibot/floorCleaningRobot_ws/install/opennav_coverage_demo/lib/python3.12/site-packages:/opt/ros/jazzy/lib/python3.12/site-packages /usr/bin/cmake --install /home/mvibot/floorCleaningRobot_ws/build/opennav_row_coverage
[292.614s] Level 1:colcon.colcon_core.environment:checking '/home/mvibot/floorCleaningRobot_ws/install/opennav_row_coverage' for CMake config files
[292.614s] Level 1:colcon.colcon_core.shell:create_environment_hook('opennav_row_coverage', 'cmake_prefix_path')
[292.614s] INFO:colcon.colcon_core.shell:Creating environment hook '/home/mvibot/floorCleaningRobot_ws/install/opennav_row_coverage/share/opennav_row_coverage/hook/cmake_prefix_path.ps1'
[292.615s] INFO:colcon.colcon_core.shell:Creating environment descriptor '/home/mvibot/floorCleaningRobot_ws/install/opennav_row_coverage/share/opennav_row_coverage/hook/cmake_prefix_path.dsv'
[292.615s] INFO:colcon.colcon_core.shell:Creating environment hook '/home/mvibot/floorCleaningRobot_ws/install/opennav_row_coverage/share/opennav_row_coverage/hook/cmake_prefix_path.sh'
[292.615s] Level 1:colcon.colcon_core.environment:checking '/home/mvibot/floorCleaningRobot_ws/install/opennav_row_coverage/lib'
[292.615s] Level 1:colcon.colcon_core.shell:create_environment_hook('opennav_row_coverage', 'ld_library_path_lib')
[292.616s] INFO:colcon.colcon_core.shell:Creating environment hook '/home/mvibot/floorCleaningRobot_ws/install/opennav_row_coverage/share/opennav_row_coverage/hook/ld_library_path_lib.ps1'
[292.616s] INFO:colcon.colcon_core.shell:Creating environment descriptor '/home/mvibot/floorCleaningRobot_ws/install/opennav_row_coverage/share/opennav_row_coverage/hook/ld_library_path_lib.dsv'
[292.616s] INFO:colcon.colcon_core.shell:Creating environment hook '/home/mvibot/floorCleaningRobot_ws/install/opennav_row_coverage/share/opennav_row_coverage/hook/ld_library_path_lib.sh'
[292.617s] Level 1:colcon.colcon_core.environment:checking '/home/mvibot/floorCleaningRobot_ws/install/opennav_row_coverage/bin'
[292.617s] Level 1:colcon.colcon_core.environment:checking '/home/mvibot/floorCleaningRobot_ws/install/opennav_row_coverage/lib/pkgconfig/opennav_row_coverage.pc'
[292.617s] Level 1:colcon.colcon_core.environment:checking '/home/mvibot/floorCleaningRobot_ws/install/opennav_row_coverage/lib/python3.12/site-packages'
[292.617s] Level 1:colcon.colcon_core.environment:checking '/home/mvibot/floorCleaningRobot_ws/install/opennav_row_coverage/bin'
[292.618s] INFO:colcon.colcon_core.shell:Creating package script '/home/mvibot/floorCleaningRobot_ws/install/opennav_row_coverage/share/opennav_row_coverage/package.ps1'
[292.619s] INFO:colcon.colcon_core.shell:Creating package descriptor '/home/mvibot/floorCleaningRobot_ws/install/opennav_row_coverage/share/opennav_row_coverage/package.dsv'
[292.619s] INFO:colcon.colcon_core.shell:Creating package script '/home/mvibot/floorCleaningRobot_ws/install/opennav_row_coverage/share/opennav_row_coverage/package.sh'
[292.619s] INFO:colcon.colcon_core.shell:Creating package script '/home/mvibot/floorCleaningRobot_ws/install/opennav_row_coverage/share/opennav_row_coverage/package.bash'
[292.619s] INFO:colcon.colcon_core.shell:Creating package script '/home/mvibot/floorCleaningRobot_ws/install/opennav_row_coverage/share/opennav_row_coverage/package.zsh'
[292.620s] Level 1:colcon.colcon_core.environment:create_file_with_runtime_dependencies(/home/mvibot/floorCleaningRobot_ws/install/opennav_row_coverage/share/colcon-core/packages/opennav_row_coverage)
[292.620s] Level 1:colcon.colcon_core.environment:create_environment_scripts_only(opennav_row_coverage)
[292.620s] Level 1:colcon.colcon_core.environment:checking '/home/mvibot/floorCleaningRobot_ws/install/opennav_row_coverage' for CMake module files
[292.621s] Level 1:colcon.colcon_core.environment:checking '/home/mvibot/floorCleaningRobot_ws/install/opennav_row_coverage' for CMake config files
[292.621s] Level 1:colcon.colcon_core.shell:create_environment_hook('opennav_row_coverage', 'cmake_prefix_path')
[292.621s] INFO:colcon.colcon_core.shell:Creating environment hook '/home/mvibot/floorCleaningRobot_ws/install/opennav_row_coverage/share/opennav_row_coverage/hook/cmake_prefix_path.ps1'
[292.621s] INFO:colcon.colcon_core.shell:Creating environment descriptor '/home/mvibot/floorCleaningRobot_ws/install/opennav_row_coverage/share/opennav_row_coverage/hook/cmake_prefix_path.dsv'
[292.622s] INFO:colcon.colcon_core.shell:Creating environment hook '/home/mvibot/floorCleaningRobot_ws/install/opennav_row_coverage/share/opennav_row_coverage/hook/cmake_prefix_path.sh'
[292.622s] Level 1:colcon.colcon_core.environment:checking '/home/mvibot/floorCleaningRobot_ws/install/opennav_row_coverage/lib'
[292.622s] Level 1:colcon.colcon_core.shell:create_environment_hook('opennav_row_coverage', 'ld_library_path_lib')
[292.622s] INFO:colcon.colcon_core.shell:Creating environment hook '/home/mvibot/floorCleaningRobot_ws/install/opennav_row_coverage/share/opennav_row_coverage/hook/ld_library_path_lib.ps1'
[292.623s] INFO:colcon.colcon_core.shell:Creating environment descriptor '/home/mvibot/floorCleaningRobot_ws/install/opennav_row_coverage/share/opennav_row_coverage/hook/ld_library_path_lib.dsv'
[292.623s] INFO:colcon.colcon_core.shell:Creating environment hook '/home/mvibot/floorCleaningRobot_ws/install/opennav_row_coverage/share/opennav_row_coverage/hook/ld_library_path_lib.sh'
[292.623s] Level 1:colcon.colcon_core.environment:checking '/home/mvibot/floorCleaningRobot_ws/install/opennav_row_coverage/bin'
[292.623s] Level 1:colcon.colcon_core.environment:checking '/home/mvibot/floorCleaningRobot_ws/install/opennav_row_coverage/lib/pkgconfig/opennav_row_coverage.pc'
[292.623s] Level 1:colcon.colcon_core.environment:checking '/home/mvibot/floorCleaningRobot_ws/install/opennav_row_coverage/lib/python3.12/site-packages'
[292.624s] Level 1:colcon.colcon_core.environment:checking '/home/mvibot/floorCleaningRobot_ws/install/opennav_row_coverage/bin'
[292.624s] INFO:colcon.colcon_core.shell:Creating package script '/home/mvibot/floorCleaningRobot_ws/install/opennav_row_coverage/share/opennav_row_coverage/package.ps1'
[292.625s] INFO:colcon.colcon_core.shell:Creating package descriptor '/home/mvibot/floorCleaningRobot_ws/install/opennav_row_coverage/share/opennav_row_coverage/package.dsv'
[292.625s] INFO:colcon.colcon_core.shell:Creating package script '/home/mvibot/floorCleaningRobot_ws/install/opennav_row_coverage/share/opennav_row_coverage/package.sh'
[292.625s] INFO:colcon.colcon_core.shell:Creating package script '/home/mvibot/floorCleaningRobot_ws/install/opennav_row_coverage/share/opennav_row_coverage/package.bash'
[292.626s] INFO:colcon.colcon_core.shell:Creating package script '/home/mvibot/floorCleaningRobot_ws/install/opennav_row_coverage/share/opennav_row_coverage/package.zsh'
[292.626s] Level 1:colcon.colcon_core.environment:create_file_with_runtime_dependencies(/home/mvibot/floorCleaningRobot_ws/install/opennav_row_coverage/share/colcon-core/packages/opennav_row_coverage)
[310.535s] DEBUG:colcon.colcon_core.event_handler.log_command:Invoked command in '/home/mvibot/floorCleaningRobot_ws/build/opennav_coverage_navigator' returned '0': CMAKE_PREFIX_PATH=/home/mvibot/floorCleaningRobot_ws/install/opennav_coverage_bt:/home/mvibot/floorCleaningRobot_ws/install/opennav_coverage:/home/mvibot/floorCleaningRobot_ws/install/opennav_coverage_msgs:/home/mvibot/floorCleaningRobot_ws/install/fields2cover:/home/mvibot/floorCleaningRobot_ws/install/tf2_web_republisher:/home/mvibot/floorCleaningRobot_ws/install/tf2_web_republisher_interfaces:/home/mvibot/floorCleaningRobot_ws/install/sllidar_ros2:/home/mvibot/floorCleaningRobot_ws/install/realsense2_description:/home/mvibot/floorCleaningRobot_ws/install/realsense2_camera:/home/mvibot/floorCleaningRobot_ws/install/realsense2_camera_msgs:/home/mvibot/floorCleaningRobot_ws/install/pointcloud_to_laserscan:/home/mvibot/floorCleaningRobot_ws/install/opennav_row_coverage:/home/mvibot/floorCleaningRobot_ws/install/opennav_coverage_navigator:/home/mvibot/floorCleaningRobot_ws/install/mission_layer_mvibot:/home/mvibot/floorCleaningRobot_ws/install/lower_layer_mvibot:/home/mvibot/floorCleaningRobot_ws/install/ira_laser_tools:/home/mvibot/floorCleaningRobot_ws/install/higher_layer_mvibot:/opt/ros/jazzy/opt/gz_sim_vendor:/opt/ros/jazzy/opt/gz_sensors_vendor:/opt/ros/jazzy/opt/gz_physics_vendor:/opt/ros/jazzy/opt/sdformat_vendor:/opt/ros/jazzy/opt/gz_gui_vendor:/opt/ros/jazzy/opt/gz_transport_vendor:/opt/ros/jazzy/opt/gz_rendering_vendor:/opt/ros/jazzy/opt/gz_plugin_vendor:/opt/ros/jazzy/opt/gz_fuel_tools_vendor:/opt/ros/jazzy/opt/gz_msgs_vendor:/opt/ros/jazzy/opt/gz_common_vendor:/opt/ros/jazzy/opt/gz_math_vendor:/opt/ros/jazzy/opt/gz_utils_vendor:/opt/ros/jazzy/opt/gz_tools_vendor:/opt/ros/jazzy/opt/gz_ogre_next_vendor:/opt/ros/jazzy/opt/gz_dartsim_vendor:/opt/ros/jazzy/opt/gz_cmake_vendor:/home/mvibot/floorCleaningRobot_ws/install/opennav_coverage_demo:/opt/ros/jazzy DEBUGINFOD_URLS=https://debuginfod.ubuntu.com LD_LIBRARY_PATH=/home/mvibot/floorCleaningRobot_ws/install/opennav_coverage_bt/lib:/home/mvibot/floorCleaningRobot_ws/install/opennav_coverage/lib:/home/mvibot/floorCleaningRobot_ws/install/opennav_coverage_msgs/lib:/home/mvibot/floorCleaningRobot_ws/install/fields2cover/lib:/home/mvibot/floorCleaningRobot_ws/install/tf2_web_republisher/lib:/home/mvibot/floorCleaningRobot_ws/install/tf2_web_republisher_interfaces/lib:/home/mvibot/floorCleaningRobot_ws/install/realsense2_camera/lib:/home/mvibot/floorCleaningRobot_ws/install/realsense2_camera_msgs/lib:/home/mvibot/floorCleaningRobot_ws/install/pointcloud_to_laserscan/lib:/home/mvibot/floorCleaningRobot_ws/install/opennav_row_coverage/lib:/home/mvibot/floorCleaningRobot_ws/install/opennav_coverage_navigator/lib:/opt/ros/jazzy/opt/gz_sim_vendor/lib:/opt/ros/jazzy/opt/gz_sensors_vendor/lib:/opt/ros/jazzy/opt/gz_physics_vendor/lib:/opt/ros/jazzy/opt/sdformat_vendor/lib:/opt/ros/jazzy/opt/rviz_ogre_vendor/lib:/opt/ros/jazzy/lib/x86_64-linux-gnu:/opt/ros/jazzy/opt/gz_gui_vendor/lib:/opt/ros/jazzy/opt/gz_transport_vendor/lib:/opt/ros/jazzy/opt/gz_rendering_vendor/lib:/opt/ros/jazzy/opt/gz_plugin_vendor/lib:/opt/ros/jazzy/opt/gz_fuel_tools_vendor/lib:/opt/ros/jazzy/opt/gz_msgs_vendor/lib:/opt/ros/jazzy/opt/gz_common_vendor/lib:/opt/ros/jazzy/opt/gz_math_vendor/lib:/opt/ros/jazzy/opt/gz_utils_vendor/lib:/opt/ros/jazzy/opt/gz_tools_vendor/lib:/opt/ros/jazzy/opt/gz_ogre_next_vendor/lib:/opt/ros/jazzy/opt/gz_dartsim_vendor/lib:/opt/ros/jazzy/opt/gz_cmake_vendor/lib:/opt/ros/jazzy/lib PYTHONPATH=/home/mvibot/floorCleaningRobot_ws/install/opennav_coverage_msgs/lib/python3.12/site-packages:/home/mvibot/floorCleaningRobot_ws/install/tf2_web_republisher_interfaces/lib/python3.12/site-packages:/home/mvibot/floorCleaningRobot_ws/install/realsense2_camera_msgs/lib/python3.12/site-packages:/home/mvibot/floorCleaningRobot_ws/build/opennav_coverage_demo:/home/mvibot/floorCleaningRobot_ws/install/opennav_coverage_demo/lib/python3.12/site-packages:/opt/ros/jazzy/lib/python3.12/site-packages /usr/bin/cmake --build /home/mvibot/floorCleaningRobot_ws/build/opennav_coverage_navigator -- -j8 -l8
[310.536s] DEBUG:colcon.colcon_core.event_handler.log_command:Invoking command in '/home/mvibot/floorCleaningRobot_ws/build/opennav_coverage_navigator': CMAKE_PREFIX_PATH=/home/mvibot/floorCleaningRobot_ws/install/opennav_coverage_bt:/home/mvibot/floorCleaningRobot_ws/install/opennav_coverage:/home/mvibot/floorCleaningRobot_ws/install/opennav_coverage_msgs:/home/mvibot/floorCleaningRobot_ws/install/fields2cover:/home/mvibot/floorCleaningRobot_ws/install/tf2_web_republisher:/home/mvibot/floorCleaningRobot_ws/install/tf2_web_republisher_interfaces:/home/mvibot/floorCleaningRobot_ws/install/sllidar_ros2:/home/mvibot/floorCleaningRobot_ws/install/realsense2_description:/home/mvibot/floorCleaningRobot_ws/install/realsense2_camera:/home/mvibot/floorCleaningRobot_ws/install/realsense2_camera_msgs:/home/mvibot/floorCleaningRobot_ws/install/pointcloud_to_laserscan:/home/mvibot/floorCleaningRobot_ws/install/opennav_row_coverage:/home/mvibot/floorCleaningRobot_ws/install/opennav_coverage_navigator:/home/mvibot/floorCleaningRobot_ws/install/mission_layer_mvibot:/home/mvibot/floorCleaningRobot_ws/install/lower_layer_mvibot:/home/mvibot/floorCleaningRobot_ws/install/ira_laser_tools:/home/mvibot/floorCleaningRobot_ws/install/higher_layer_mvibot:/opt/ros/jazzy/opt/gz_sim_vendor:/opt/ros/jazzy/opt/gz_sensors_vendor:/opt/ros/jazzy/opt/gz_physics_vendor:/opt/ros/jazzy/opt/sdformat_vendor:/opt/ros/jazzy/opt/gz_gui_vendor:/opt/ros/jazzy/opt/gz_transport_vendor:/opt/ros/jazzy/opt/gz_rendering_vendor:/opt/ros/jazzy/opt/gz_plugin_vendor:/opt/ros/jazzy/opt/gz_fuel_tools_vendor:/opt/ros/jazzy/opt/gz_msgs_vendor:/opt/ros/jazzy/opt/gz_common_vendor:/opt/ros/jazzy/opt/gz_math_vendor:/opt/ros/jazzy/opt/gz_utils_vendor:/opt/ros/jazzy/opt/gz_tools_vendor:/opt/ros/jazzy/opt/gz_ogre_next_vendor:/opt/ros/jazzy/opt/gz_dartsim_vendor:/opt/ros/jazzy/opt/gz_cmake_vendor:/home/mvibot/floorCleaningRobot_ws/install/opennav_coverage_demo:/opt/ros/jazzy DEBUGINFOD_URLS=https://debuginfod.ubuntu.com LD_LIBRARY_PATH=/home/mvibot/floorCleaningRobot_ws/install/opennav_coverage_bt/lib:/home/mvibot/floorCleaningRobot_ws/install/opennav_coverage/lib:/home/mvibot/floorCleaningRobot_ws/install/opennav_coverage_msgs/lib:/home/mvibot/floorCleaningRobot_ws/install/fields2cover/lib:/home/mvibot/floorCleaningRobot_ws/install/tf2_web_republisher/lib:/home/mvibot/floorCleaningRobot_ws/install/tf2_web_republisher_interfaces/lib:/home/mvibot/floorCleaningRobot_ws/install/realsense2_camera/lib:/home/mvibot/floorCleaningRobot_ws/install/realsense2_camera_msgs/lib:/home/mvibot/floorCleaningRobot_ws/install/pointcloud_to_laserscan/lib:/home/mvibot/floorCleaningRobot_ws/install/opennav_row_coverage/lib:/home/mvibot/floorCleaningRobot_ws/install/opennav_coverage_navigator/lib:/opt/ros/jazzy/opt/gz_sim_vendor/lib:/opt/ros/jazzy/opt/gz_sensors_vendor/lib:/opt/ros/jazzy/opt/gz_physics_vendor/lib:/opt/ros/jazzy/opt/sdformat_vendor/lib:/opt/ros/jazzy/opt/rviz_ogre_vendor/lib:/opt/ros/jazzy/lib/x86_64-linux-gnu:/opt/ros/jazzy/opt/gz_gui_vendor/lib:/opt/ros/jazzy/opt/gz_transport_vendor/lib:/opt/ros/jazzy/opt/gz_rendering_vendor/lib:/opt/ros/jazzy/opt/gz_plugin_vendor/lib:/opt/ros/jazzy/opt/gz_fuel_tools_vendor/lib:/opt/ros/jazzy/opt/gz_msgs_vendor/lib:/opt/ros/jazzy/opt/gz_common_vendor/lib:/opt/ros/jazzy/opt/gz_math_vendor/lib:/opt/ros/jazzy/opt/gz_utils_vendor/lib:/opt/ros/jazzy/opt/gz_tools_vendor/lib:/opt/ros/jazzy/opt/gz_ogre_next_vendor/lib:/opt/ros/jazzy/opt/gz_dartsim_vendor/lib:/opt/ros/jazzy/opt/gz_cmake_vendor/lib:/opt/ros/jazzy/lib PYTHONPATH=/home/mvibot/floorCleaningRobot_ws/install/opennav_coverage_msgs/lib/python3.12/site-packages:/home/mvibot/floorCleaningRobot_ws/install/tf2_web_republisher_interfaces/lib/python3.12/site-packages:/home/mvibot/floorCleaningRobot_ws/install/realsense2_camera_msgs/lib/python3.12/site-packages:/home/mvibot/floorCleaningRobot_ws/build/opennav_coverage_demo:/home/mvibot/floorCleaningRobot_ws/install/opennav_coverage_demo/lib/python3.12/site-packages:/opt/ros/jazzy/lib/python3.12/site-packages /usr/bin/cmake --install /home/mvibot/floorCleaningRobot_ws/build/opennav_coverage_navigator
[310.736s] Level 1:colcon.colcon_core.environment:create_environment_scripts_only(opennav_coverage_navigator)
[310.736s] Level 1:colcon.colcon_core.environment:checking '/home/mvibot/floorCleaningRobot_ws/install/opennav_coverage_navigator' for CMake module files
[310.737s] DEBUG:colcon.colcon_core.event_handler.log_command:Invoked command in '/home/mvibot/floorCleaningRobot_ws/build/opennav_coverage_navigator' returned '0': CMAKE_PREFIX_PATH=/home/mvibot/floorCleaningRobot_ws/install/opennav_coverage_bt:/home/mvibot/floorCleaningRobot_ws/install/opennav_coverage:/home/mvibot/floorCleaningRobot_ws/install/opennav_coverage_msgs:/home/mvibot/floorCleaningRobot_ws/install/fields2cover:/home/mvibot/floorCleaningRobot_ws/install/tf2_web_republisher:/home/mvibot/floorCleaningRobot_ws/install/tf2_web_republisher_interfaces:/home/mvibot/floorCleaningRobot_ws/install/sllidar_ros2:/home/mvibot/floorCleaningRobot_ws/install/realsense2_description:/home/mvibot/floorCleaningRobot_ws/install/realsense2_camera:/home/mvibot/floorCleaningRobot_ws/install/realsense2_camera_msgs:/home/mvibot/floorCleaningRobot_ws/install/pointcloud_to_laserscan:/home/mvibot/floorCleaningRobot_ws/install/opennav_row_coverage:/home/mvibot/floorCleaningRobot_ws/install/opennav_coverage_navigator:/home/mvibot/floorCleaningRobot_ws/install/mission_layer_mvibot:/home/mvibot/floorCleaningRobot_ws/install/lower_layer_mvibot:/home/mvibot/floorCleaningRobot_ws/install/ira_laser_tools:/home/mvibot/floorCleaningRobot_ws/install/higher_layer_mvibot:/opt/ros/jazzy/opt/gz_sim_vendor:/opt/ros/jazzy/opt/gz_sensors_vendor:/opt/ros/jazzy/opt/gz_physics_vendor:/opt/ros/jazzy/opt/sdformat_vendor:/opt/ros/jazzy/opt/gz_gui_vendor:/opt/ros/jazzy/opt/gz_transport_vendor:/opt/ros/jazzy/opt/gz_rendering_vendor:/opt/ros/jazzy/opt/gz_plugin_vendor:/opt/ros/jazzy/opt/gz_fuel_tools_vendor:/opt/ros/jazzy/opt/gz_msgs_vendor:/opt/ros/jazzy/opt/gz_common_vendor:/opt/ros/jazzy/opt/gz_math_vendor:/opt/ros/jazzy/opt/gz_utils_vendor:/opt/ros/jazzy/opt/gz_tools_vendor:/opt/ros/jazzy/opt/gz_ogre_next_vendor:/opt/ros/jazzy/opt/gz_dartsim_vendor:/opt/ros/jazzy/opt/gz_cmake_vendor:/home/mvibot/floorCleaningRobot_ws/install/opennav_coverage_demo:/opt/ros/jazzy DEBUGINFOD_URLS=https://debuginfod.ubuntu.com LD_LIBRARY_PATH=/home/mvibot/floorCleaningRobot_ws/install/opennav_coverage_bt/lib:/home/mvibot/floorCleaningRobot_ws/install/opennav_coverage/lib:/home/mvibot/floorCleaningRobot_ws/install/opennav_coverage_msgs/lib:/home/mvibot/floorCleaningRobot_ws/install/fields2cover/lib:/home/mvibot/floorCleaningRobot_ws/install/tf2_web_republisher/lib:/home/mvibot/floorCleaningRobot_ws/install/tf2_web_republisher_interfaces/lib:/home/mvibot/floorCleaningRobot_ws/install/realsense2_camera/lib:/home/mvibot/floorCleaningRobot_ws/install/realsense2_camera_msgs/lib:/home/mvibot/floorCleaningRobot_ws/install/pointcloud_to_laserscan/lib:/home/mvibot/floorCleaningRobot_ws/install/opennav_row_coverage/lib:/home/mvibot/floorCleaningRobot_ws/install/opennav_coverage_navigator/lib:/opt/ros/jazzy/opt/gz_sim_vendor/lib:/opt/ros/jazzy/opt/gz_sensors_vendor/lib:/opt/ros/jazzy/opt/gz_physics_vendor/lib:/opt/ros/jazzy/opt/sdformat_vendor/lib:/opt/ros/jazzy/opt/rviz_ogre_vendor/lib:/opt/ros/jazzy/lib/x86_64-linux-gnu:/opt/ros/jazzy/opt/gz_gui_vendor/lib:/opt/ros/jazzy/opt/gz_transport_vendor/lib:/opt/ros/jazzy/opt/gz_rendering_vendor/lib:/opt/ros/jazzy/opt/gz_plugin_vendor/lib:/opt/ros/jazzy/opt/gz_fuel_tools_vendor/lib:/opt/ros/jazzy/opt/gz_msgs_vendor/lib:/opt/ros/jazzy/opt/gz_common_vendor/lib:/opt/ros/jazzy/opt/gz_math_vendor/lib:/opt/ros/jazzy/opt/gz_utils_vendor/lib:/opt/ros/jazzy/opt/gz_tools_vendor/lib:/opt/ros/jazzy/opt/gz_ogre_next_vendor/lib:/opt/ros/jazzy/opt/gz_dartsim_vendor/lib:/opt/ros/jazzy/opt/gz_cmake_vendor/lib:/opt/ros/jazzy/lib PYTHONPATH=/home/mvibot/floorCleaningRobot_ws/install/opennav_coverage_msgs/lib/python3.12/site-packages:/home/mvibot/floorCleaningRobot_ws/install/tf2_web_republisher_interfaces/lib/python3.12/site-packages:/home/mvibot/floorCleaningRobot_ws/install/realsense2_camera_msgs/lib/python3.12/site-packages:/home/mvibot/floorCleaningRobot_ws/build/opennav_coverage_demo:/home/mvibot/floorCleaningRobot_ws/install/opennav_coverage_demo/lib/python3.12/site-packages:/opt/ros/jazzy/lib/python3.12/site-packages /usr/bin/cmake --install /home/mvibot/floorCleaningRobot_ws/build/opennav_coverage_navigator
[310.737s] Level 1:colcon.colcon_core.environment:checking '/home/mvibot/floorCleaningRobot_ws/install/opennav_coverage_navigator' for CMake config files
[310.737s] Level 1:colcon.colcon_core.shell:create_environment_hook('opennav_coverage_navigator', 'cmake_prefix_path')
[310.738s] INFO:colcon.colcon_core.shell:Creating environment hook '/home/mvibot/floorCleaningRobot_ws/install/opennav_coverage_navigator/share/opennav_coverage_navigator/hook/cmake_prefix_path.ps1'
[310.738s] INFO:colcon.colcon_core.shell:Creating environment descriptor '/home/mvibot/floorCleaningRobot_ws/install/opennav_coverage_navigator/share/opennav_coverage_navigator/hook/cmake_prefix_path.dsv'
[310.738s] INFO:colcon.colcon_core.shell:Creating environment hook '/home/mvibot/floorCleaningRobot_ws/install/opennav_coverage_navigator/share/opennav_coverage_navigator/hook/cmake_prefix_path.sh'
[310.739s] Level 1:colcon.colcon_core.environment:checking '/home/mvibot/floorCleaningRobot_ws/install/opennav_coverage_navigator/lib'
[310.739s] Level 1:colcon.colcon_core.shell:create_environment_hook('opennav_coverage_navigator', 'ld_library_path_lib')
[310.739s] INFO:colcon.colcon_core.shell:Creating environment hook '/home/mvibot/floorCleaningRobot_ws/install/opennav_coverage_navigator/share/opennav_coverage_navigator/hook/ld_library_path_lib.ps1'
[310.739s] INFO:colcon.colcon_core.shell:Creating environment descriptor '/home/mvibot/floorCleaningRobot_ws/install/opennav_coverage_navigator/share/opennav_coverage_navigator/hook/ld_library_path_lib.dsv'
[310.739s] INFO:colcon.colcon_core.shell:Creating environment hook '/home/mvibot/floorCleaningRobot_ws/install/opennav_coverage_navigator/share/opennav_coverage_navigator/hook/ld_library_path_lib.sh'
[310.739s] Level 1:colcon.colcon_core.environment:checking '/home/mvibot/floorCleaningRobot_ws/install/opennav_coverage_navigator/bin'
[310.740s] Level 1:colcon.colcon_core.environment:checking '/home/mvibot/floorCleaningRobot_ws/install/opennav_coverage_navigator/lib/pkgconfig/opennav_coverage_navigator.pc'
[310.740s] Level 1:colcon.colcon_core.environment:checking '/home/mvibot/floorCleaningRobot_ws/install/opennav_coverage_navigator/lib/python3.12/site-packages'
[310.740s] Level 1:colcon.colcon_core.environment:checking '/home/mvibot/floorCleaningRobot_ws/install/opennav_coverage_navigator/bin'
[310.740s] INFO:colcon.colcon_core.shell:Creating package script '/home/mvibot/floorCleaningRobot_ws/install/opennav_coverage_navigator/share/opennav_coverage_navigator/package.ps1'
[310.741s] INFO:colcon.colcon_core.shell:Creating package descriptor '/home/mvibot/floorCleaningRobot_ws/install/opennav_coverage_navigator/share/opennav_coverage_navigator/package.dsv'
[310.741s] INFO:colcon.colcon_core.shell:Creating package script '/home/mvibot/floorCleaningRobot_ws/install/opennav_coverage_navigator/share/opennav_coverage_navigator/package.sh'
[310.741s] INFO:colcon.colcon_core.shell:Creating package script '/home/mvibot/floorCleaningRobot_ws/install/opennav_coverage_navigator/share/opennav_coverage_navigator/package.bash'
[310.741s] INFO:colcon.colcon_core.shell:Creating package script '/home/mvibot/floorCleaningRobot_ws/install/opennav_coverage_navigator/share/opennav_coverage_navigator/package.zsh'
[310.742s] Level 1:colcon.colcon_core.environment:create_file_with_runtime_dependencies(/home/mvibot/floorCleaningRobot_ws/install/opennav_coverage_navigator/share/colcon-core/packages/opennav_coverage_navigator)
[310.742s] Level 1:colcon.colcon_core.environment:create_environment_scripts_only(opennav_coverage_navigator)
[310.742s] Level 1:colcon.colcon_core.environment:checking '/home/mvibot/floorCleaningRobot_ws/install/opennav_coverage_navigator' for CMake module files
[310.743s] Level 1:colcon.colcon_core.environment:checking '/home/mvibot/floorCleaningRobot_ws/install/opennav_coverage_navigator' for CMake config files
[310.743s] Level 1:colcon.colcon_core.shell:create_environment_hook('opennav_coverage_navigator', 'cmake_prefix_path')
[310.743s] INFO:colcon.colcon_core.shell:Creating environment hook '/home/mvibot/floorCleaningRobot_ws/install/opennav_coverage_navigator/share/opennav_coverage_navigator/hook/cmake_prefix_path.ps1'
[310.743s] INFO:colcon.colcon_core.shell:Creating environment descriptor '/home/mvibot/floorCleaningRobot_ws/install/opennav_coverage_navigator/share/opennav_coverage_navigator/hook/cmake_prefix_path.dsv'
[310.744s] INFO:colcon.colcon_core.shell:Creating environment hook '/home/mvibot/floorCleaningRobot_ws/install/opennav_coverage_navigator/share/opennav_coverage_navigator/hook/cmake_prefix_path.sh'
[310.744s] Level 1:colcon.colcon_core.environment:checking '/home/mvibot/floorCleaningRobot_ws/install/opennav_coverage_navigator/lib'
[310.744s] Level 1:colcon.colcon_core.shell:create_environment_hook('opennav_coverage_navigator', 'ld_library_path_lib')
[310.744s] INFO:colcon.colcon_core.shell:Creating environment hook '/home/mvibot/floorCleaningRobot_ws/install/opennav_coverage_navigator/share/opennav_coverage_navigator/hook/ld_library_path_lib.ps1'
[310.745s] INFO:colcon.colcon_core.shell:Creating environment descriptor '/home/mvibot/floorCleaningRobot_ws/install/opennav_coverage_navigator/share/opennav_coverage_navigator/hook/ld_library_path_lib.dsv'
[310.745s] INFO:colcon.colcon_core.shell:Creating environment hook '/home/mvibot/floorCleaningRobot_ws/install/opennav_coverage_navigator/share/opennav_coverage_navigator/hook/ld_library_path_lib.sh'
[310.745s] Level 1:colcon.colcon_core.environment:checking '/home/mvibot/floorCleaningRobot_ws/install/opennav_coverage_navigator/bin'
[310.745s] Level 1:colcon.colcon_core.environment:checking '/home/mvibot/floorCleaningRobot_ws/install/opennav_coverage_navigator/lib/pkgconfig/opennav_coverage_navigator.pc'
[310.745s] Level 1:colcon.colcon_core.environment:checking '/home/mvibot/floorCleaningRobot_ws/install/opennav_coverage_navigator/lib/python3.12/site-packages'
[310.746s] Level 1:colcon.colcon_core.environment:checking '/home/mvibot/floorCleaningRobot_ws/install/opennav_coverage_navigator/bin'
[310.746s] INFO:colcon.colcon_core.shell:Creating package script '/home/mvibot/floorCleaningRobot_ws/install/opennav_coverage_navigator/share/opennav_coverage_navigator/package.ps1'
[310.746s] INFO:colcon.colcon_core.shell:Creating package descriptor '/home/mvibot/floorCleaningRobot_ws/install/opennav_coverage_navigator/share/opennav_coverage_navigator/package.dsv'
[310.747s] INFO:colcon.colcon_core.shell:Creating package script '/home/mvibot/floorCleaningRobot_ws/install/opennav_coverage_navigator/share/opennav_coverage_navigator/package.sh'
[310.747s] INFO:colcon.colcon_core.shell:Creating package script '/home/mvibot/floorCleaningRobot_ws/install/opennav_coverage_navigator/share/opennav_coverage_navigator/package.bash'
[310.748s] INFO:colcon.colcon_core.shell:Creating package script '/home/mvibot/floorCleaningRobot_ws/install/opennav_coverage_navigator/share/opennav_coverage_navigator/package.zsh'
[310.748s] Level 1:colcon.colcon_core.environment:create_file_with_runtime_dependencies(/home/mvibot/floorCleaningRobot_ws/install/opennav_coverage_navigator/share/colcon-core/packages/opennav_coverage_navigator)
[310.749s] INFO:colcon.colcon_ros.task.ament_python.build:Building ROS package in '/home/mvibot/floorCleaningRobot_ws/src/opennav_coverage/opennav_coverage_demo' with build type 'ament_python'
[310.749s] Level 1:colcon.colcon_core.shell:create_environment_hook('opennav_coverage_demo', 'ament_prefix_path')
[310.749s] INFO:colcon.colcon_core.shell:Creating environment hook '/home/mvibot/floorCleaningRobot_ws/install/opennav_coverage_demo/share/opennav_coverage_demo/hook/ament_prefix_path.ps1'
[310.750s] INFO:colcon.colcon_core.shell:Creating environment descriptor '/home/mvibot/floorCleaningRobot_ws/install/opennav_coverage_demo/share/opennav_coverage_demo/hook/ament_prefix_path.dsv'
[310.751s] INFO:colcon.colcon_core.shell:Creating environment hook '/home/mvibot/floorCleaningRobot_ws/install/opennav_coverage_demo/share/opennav_coverage_demo/hook/ament_prefix_path.sh'
[310.751s] INFO:colcon.colcon_core.shell:Skip shell extension 'powershell' for command environment: Not usable outside of PowerShell
[310.751s] DEBUG:colcon.colcon_core.shell:Skip shell extension 'dsv' for command environment
[310.998s] INFO:colcon.colcon_core.task.python.build:Building Python package in '/home/mvibot/floorCleaningRobot_ws/src/opennav_coverage/opennav_coverage_demo'
[310.998s] INFO:colcon.colcon_core.shell:Skip shell extension 'powershell' for command environment: Not usable outside of PowerShell
[310.998s] DEBUG:colcon.colcon_core.shell:Skip shell extension 'dsv' for command environment
[311.836s] DEBUG:colcon.colcon_core.event_handler.log_command:Invoking command in '/home/mvibot/floorCleaningRobot_ws/build/opennav_coverage_demo': CMAKE_PREFIX_PATH=/home/mvibot/floorCleaningRobot_ws/install/opennav_row_coverage:/home/mvibot/floorCleaningRobot_ws/install/opennav_coverage_navigator:/home/mvibot/floorCleaningRobot_ws/install/opennav_coverage_bt:/home/mvibot/floorCleaningRobot_ws/install/opennav_coverage:/home/mvibot/floorCleaningRobot_ws/install/opennav_coverage_msgs:/home/mvibot/floorCleaningRobot_ws/install/fields2cover:/home/mvibot/floorCleaningRobot_ws/install/tf2_web_republisher:/home/mvibot/floorCleaningRobot_ws/install/tf2_web_republisher_interfaces:/home/mvibot/floorCleaningRobot_ws/install/sllidar_ros2:/home/mvibot/floorCleaningRobot_ws/install/realsense2_description:/home/mvibot/floorCleaningRobot_ws/install/realsense2_camera:/home/mvibot/floorCleaningRobot_ws/install/realsense2_camera_msgs:/home/mvibot/floorCleaningRobot_ws/install/pointcloud_to_laserscan:/home/mvibot/floorCleaningRobot_ws/install/mission_layer_mvibot:/home/mvibot/floorCleaningRobot_ws/install/lower_layer_mvibot:/home/mvibot/floorCleaningRobot_ws/install/ira_laser_tools:/home/mvibot/floorCleaningRobot_ws/install/higher_layer_mvibot:/opt/ros/jazzy/opt/gz_sim_vendor:/opt/ros/jazzy/opt/gz_sensors_vendor:/opt/ros/jazzy/opt/gz_physics_vendor:/opt/ros/jazzy/opt/sdformat_vendor:/opt/ros/jazzy/opt/gz_gui_vendor:/opt/ros/jazzy/opt/gz_transport_vendor:/opt/ros/jazzy/opt/gz_rendering_vendor:/opt/ros/jazzy/opt/gz_plugin_vendor:/opt/ros/jazzy/opt/gz_fuel_tools_vendor:/opt/ros/jazzy/opt/gz_msgs_vendor:/opt/ros/jazzy/opt/gz_common_vendor:/opt/ros/jazzy/opt/gz_math_vendor:/opt/ros/jazzy/opt/gz_utils_vendor:/opt/ros/jazzy/opt/gz_tools_vendor:/opt/ros/jazzy/opt/gz_ogre_next_vendor:/opt/ros/jazzy/opt/gz_dartsim_vendor:/opt/ros/jazzy/opt/gz_cmake_vendor DEBUGINFOD_URLS=https://debuginfod.ubuntu.com LD_LIBRARY_PATH=/home/mvibot/floorCleaningRobot_ws/install/opennav_row_coverage/lib:/home/mvibot/floorCleaningRobot_ws/install/opennav_coverage_navigator/lib:/home/mvibot/floorCleaningRobot_ws/install/opennav_coverage_bt/lib:/home/mvibot/floorCleaningRobot_ws/install/opennav_coverage/lib:/home/mvibot/floorCleaningRobot_ws/install/opennav_coverage_msgs/lib:/home/mvibot/floorCleaningRobot_ws/install/fields2cover/lib:/home/mvibot/floorCleaningRobot_ws/install/tf2_web_republisher/lib:/home/mvibot/floorCleaningRobot_ws/install/tf2_web_republisher_interfaces/lib:/home/mvibot/floorCleaningRobot_ws/install/realsense2_camera/lib:/home/mvibot/floorCleaningRobot_ws/install/realsense2_camera_msgs/lib:/home/mvibot/floorCleaningRobot_ws/install/pointcloud_to_laserscan/lib:/opt/ros/jazzy/opt/gz_sim_vendor/lib:/opt/ros/jazzy/opt/gz_sensors_vendor/lib:/opt/ros/jazzy/opt/gz_physics_vendor/lib:/opt/ros/jazzy/opt/sdformat_vendor/lib:/opt/ros/jazzy/opt/rviz_ogre_vendor/lib:/opt/ros/jazzy/lib/x86_64-linux-gnu:/opt/ros/jazzy/opt/gz_gui_vendor/lib:/opt/ros/jazzy/opt/gz_transport_vendor/lib:/opt/ros/jazzy/opt/gz_rendering_vendor/lib:/opt/ros/jazzy/opt/gz_plugin_vendor/lib:/opt/ros/jazzy/opt/gz_fuel_tools_vendor/lib:/opt/ros/jazzy/opt/gz_msgs_vendor/lib:/opt/ros/jazzy/opt/gz_common_vendor/lib:/opt/ros/jazzy/opt/gz_math_vendor/lib:/opt/ros/jazzy/opt/gz_utils_vendor/lib:/opt/ros/jazzy/opt/gz_tools_vendor/lib:/opt/ros/jazzy/opt/gz_ogre_next_vendor/lib:/opt/ros/jazzy/opt/gz_dartsim_vendor/lib:/opt/ros/jazzy/opt/gz_cmake_vendor/lib:/opt/ros/jazzy/lib PYTHONPATH=/home/mvibot/floorCleaningRobot_ws/build/opennav_coverage_demo/prefix_override:/usr/lib/python3/dist-packages/colcon_core/task/python/colcon_distutils_commands:/home/mvibot/floorCleaningRobot_ws/install/opennav_coverage_demo/lib/python3.12/site-packages:/home/mvibot/floorCleaningRobot_ws/install/opennav_coverage_msgs/lib/python3.12/site-packages:/home/mvibot/floorCleaningRobot_ws/install/tf2_web_republisher_interfaces/lib/python3.12/site-packages:/home/mvibot/floorCleaningRobot_ws/install/realsense2_camera_msgs/lib/python3.12/site-packages:/home/mvibot/floorCleaningRobot_ws/build/opennav_coverage_demo:/home/mvibot/floorCleaningRobot_ws/install/opennav_coverage_demo/lib/python3.12/site-packages:/opt/ros/jazzy/lib/python3.12/site-packages /usr/bin/python3 -W ignore:setup.py install is deprecated -W ignore:easy_install command is deprecated setup.py develop --editable --build-directory /home/mvibot/floorCleaningRobot_ws/build/opennav_coverage_demo/build --no-deps symlink_data
[312.379s] Level 1:colcon.colcon_core.shell:create_environment_hook('opennav_coverage_demo', 'pythonpath_develop')
[312.379s] INFO:colcon.colcon_core.shell:Creating environment hook '/home/mvibot/floorCleaningRobot_ws/build/opennav_coverage_demo/share/opennav_coverage_demo/hook/pythonpath_develop.ps1'
[312.380s] DEBUG:colcon.colcon_core.event_handler.log_command:Invoked command in '/home/mvibot/floorCleaningRobot_ws/build/opennav_coverage_demo' returned '0': CMAKE_PREFIX_PATH=/home/mvibot/floorCleaningRobot_ws/install/opennav_row_coverage:/home/mvibot/floorCleaningRobot_ws/install/opennav_coverage_navigator:/home/mvibot/floorCleaningRobot_ws/install/opennav_coverage_bt:/home/mvibot/floorCleaningRobot_ws/install/opennav_coverage:/home/mvibot/floorCleaningRobot_ws/install/opennav_coverage_msgs:/home/mvibot/floorCleaningRobot_ws/install/fields2cover:/home/mvibot/floorCleaningRobot_ws/install/tf2_web_republisher:/home/mvibot/floorCleaningRobot_ws/install/tf2_web_republisher_interfaces:/home/mvibot/floorCleaningRobot_ws/install/sllidar_ros2:/home/mvibot/floorCleaningRobot_ws/install/realsense2_description:/home/mvibot/floorCleaningRobot_ws/install/realsense2_camera:/home/mvibot/floorCleaningRobot_ws/install/realsense2_camera_msgs:/home/mvibot/floorCleaningRobot_ws/install/pointcloud_to_laserscan:/home/mvibot/floorCleaningRobot_ws/install/mission_layer_mvibot:/home/mvibot/floorCleaningRobot_ws/install/lower_layer_mvibot:/home/mvibot/floorCleaningRobot_ws/install/ira_laser_tools:/home/mvibot/floorCleaningRobot_ws/install/higher_layer_mvibot:/opt/ros/jazzy/opt/gz_sim_vendor:/opt/ros/jazzy/opt/gz_sensors_vendor:/opt/ros/jazzy/opt/gz_physics_vendor:/opt/ros/jazzy/opt/sdformat_vendor:/opt/ros/jazzy/opt/gz_gui_vendor:/opt/ros/jazzy/opt/gz_transport_vendor:/opt/ros/jazzy/opt/gz_rendering_vendor:/opt/ros/jazzy/opt/gz_plugin_vendor:/opt/ros/jazzy/opt/gz_fuel_tools_vendor:/opt/ros/jazzy/opt/gz_msgs_vendor:/opt/ros/jazzy/opt/gz_common_vendor:/opt/ros/jazzy/opt/gz_math_vendor:/opt/ros/jazzy/opt/gz_utils_vendor:/opt/ros/jazzy/opt/gz_tools_vendor:/opt/ros/jazzy/opt/gz_ogre_next_vendor:/opt/ros/jazzy/opt/gz_dartsim_vendor:/opt/ros/jazzy/opt/gz_cmake_vendor DEBUGINFOD_URLS=https://debuginfod.ubuntu.com LD_LIBRARY_PATH=/home/mvibot/floorCleaningRobot_ws/install/opennav_row_coverage/lib:/home/mvibot/floorCleaningRobot_ws/install/opennav_coverage_navigator/lib:/home/mvibot/floorCleaningRobot_ws/install/opennav_coverage_bt/lib:/home/mvibot/floorCleaningRobot_ws/install/opennav_coverage/lib:/home/mvibot/floorCleaningRobot_ws/install/opennav_coverage_msgs/lib:/home/mvibot/floorCleaningRobot_ws/install/fields2cover/lib:/home/mvibot/floorCleaningRobot_ws/install/tf2_web_republisher/lib:/home/mvibot/floorCleaningRobot_ws/install/tf2_web_republisher_interfaces/lib:/home/mvibot/floorCleaningRobot_ws/install/realsense2_camera/lib:/home/mvibot/floorCleaningRobot_ws/install/realsense2_camera_msgs/lib:/home/mvibot/floorCleaningRobot_ws/install/pointcloud_to_laserscan/lib:/opt/ros/jazzy/opt/gz_sim_vendor/lib:/opt/ros/jazzy/opt/gz_sensors_vendor/lib:/opt/ros/jazzy/opt/gz_physics_vendor/lib:/opt/ros/jazzy/opt/sdformat_vendor/lib:/opt/ros/jazzy/opt/rviz_ogre_vendor/lib:/opt/ros/jazzy/lib/x86_64-linux-gnu:/opt/ros/jazzy/opt/gz_gui_vendor/lib:/opt/ros/jazzy/opt/gz_transport_vendor/lib:/opt/ros/jazzy/opt/gz_rendering_vendor/lib:/opt/ros/jazzy/opt/gz_plugin_vendor/lib:/opt/ros/jazzy/opt/gz_fuel_tools_vendor/lib:/opt/ros/jazzy/opt/gz_msgs_vendor/lib:/opt/ros/jazzy/opt/gz_common_vendor/lib:/opt/ros/jazzy/opt/gz_math_vendor/lib:/opt/ros/jazzy/opt/gz_utils_vendor/lib:/opt/ros/jazzy/opt/gz_tools_vendor/lib:/opt/ros/jazzy/opt/gz_ogre_next_vendor/lib:/opt/ros/jazzy/opt/gz_dartsim_vendor/lib:/opt/ros/jazzy/opt/gz_cmake_vendor/lib:/opt/ros/jazzy/lib PYTHONPATH=/home/mvibot/floorCleaningRobot_ws/build/opennav_coverage_demo/prefix_override:/usr/lib/python3/dist-packages/colcon_core/task/python/colcon_distutils_commands:/home/mvibot/floorCleaningRobot_ws/install/opennav_coverage_demo/lib/python3.12/site-packages:/home/mvibot/floorCleaningRobot_ws/install/opennav_coverage_msgs/lib/python3.12/site-packages:/home/mvibot/floorCleaningRobot_ws/install/tf2_web_republisher_interfaces/lib/python3.12/site-packages:/home/mvibot/floorCleaningRobot_ws/install/realsense2_camera_msgs/lib/python3.12/site-packages:/home/mvibot/floorCleaningRobot_ws/build/opennav_coverage_demo:/home/mvibot/floorCleaningRobot_ws/install/opennav_coverage_demo/lib/python3.12/site-packages:/opt/ros/jazzy/lib/python3.12/site-packages /usr/bin/python3 -W ignore:setup.py install is deprecated -W ignore:easy_install command is deprecated setup.py develop --editable --build-directory /home/mvibot/floorCleaningRobot_ws/build/opennav_coverage_demo/build --no-deps symlink_data
[312.380s] INFO:colcon.colcon_core.shell:Creating environment descriptor '/home/mvibot/floorCleaningRobot_ws/build/opennav_coverage_demo/share/opennav_coverage_demo/hook/pythonpath_develop.dsv'
[312.380s] INFO:colcon.colcon_core.shell:Creating environment hook '/home/mvibot/floorCleaningRobot_ws/build/opennav_coverage_demo/share/opennav_coverage_demo/hook/pythonpath_develop.sh'
[312.380s] Level 1:colcon.colcon_core.environment:checking '/home/mvibot/floorCleaningRobot_ws/install/opennav_coverage_demo' for CMake module files
[312.381s] Level 1:colcon.colcon_core.environment:checking '/home/mvibot/floorCleaningRobot_ws/install/opennav_coverage_demo' for CMake config files
[312.381s] Level 1:colcon.colcon_core.environment:checking '/home/mvibot/floorCleaningRobot_ws/install/opennav_coverage_demo/lib'
[312.381s] Level 1:colcon.colcon_core.environment:checking '/home/mvibot/floorCleaningRobot_ws/install/opennav_coverage_demo/bin'
[312.382s] Level 1:colcon.colcon_core.environment:checking '/home/mvibot/floorCleaningRobot_ws/install/opennav_coverage_demo/lib/pkgconfig/opennav_coverage_demo.pc'
[312.382s] Level 1:colcon.colcon_core.environment:checking '/home/mvibot/floorCleaningRobot_ws/install/opennav_coverage_demo/lib/python3.12/site-packages'
[312.382s] Level 1:colcon.colcon_core.shell:create_environment_hook('opennav_coverage_demo', 'pythonpath')
[312.383s] INFO:colcon.colcon_core.shell:Creating environment hook '/home/mvibot/floorCleaningRobot_ws/install/opennav_coverage_demo/share/opennav_coverage_demo/hook/pythonpath.ps1'
[312.383s] INFO:colcon.colcon_core.shell:Creating environment descriptor '/home/mvibot/floorCleaningRobot_ws/install/opennav_coverage_demo/share/opennav_coverage_demo/hook/pythonpath.dsv'
[312.383s] INFO:colcon.colcon_core.shell:Creating environment hook '/home/mvibot/floorCleaningRobot_ws/install/opennav_coverage_demo/share/opennav_coverage_demo/hook/pythonpath.sh'
[312.384s] Level 1:colcon.colcon_core.environment:checking '/home/mvibot/floorCleaningRobot_ws/install/opennav_coverage_demo/bin'
[312.384s] Level 1:colcon.colcon_core.environment:create_environment_scripts_only(opennav_coverage_demo)
[312.384s] INFO:colcon.colcon_core.shell:Creating package script '/home/mvibot/floorCleaningRobot_ws/install/opennav_coverage_demo/share/opennav_coverage_demo/package.ps1'
[312.384s] INFO:colcon.colcon_core.shell:Creating package descriptor '/home/mvibot/floorCleaningRobot_ws/install/opennav_coverage_demo/share/opennav_coverage_demo/package.dsv'
[312.385s] INFO:colcon.colcon_core.shell:Creating package script '/home/mvibot/floorCleaningRobot_ws/install/opennav_coverage_demo/share/opennav_coverage_demo/package.sh'
[312.385s] INFO:colcon.colcon_core.shell:Creating package script '/home/mvibot/floorCleaningRobot_ws/install/opennav_coverage_demo/share/opennav_coverage_demo/package.bash'
[312.385s] INFO:colcon.colcon_core.shell:Creating package script '/home/mvibot/floorCleaningRobot_ws/install/opennav_coverage_demo/share/opennav_coverage_demo/package.zsh'
[312.385s] Level 1:colcon.colcon_core.environment:create_file_with_runtime_dependencies(/home/mvibot/floorCleaningRobot_ws/install/opennav_coverage_demo/share/colcon-core/packages/opennav_coverage_demo)
[312.387s] DEBUG:colcon.colcon_parallel_executor.executor.parallel:closing loop
[312.389s] DEBUG:colcon.colcon_parallel_executor.executor.parallel:loop closed
[312.389s] DEBUG:colcon.colcon_parallel_executor.executor.parallel:run_until_complete finished with '0'
[312.390s] DEBUG:colcon.colcon_core.event_reactor:joining thread
[312.395s] DEBUG:colcon.colcon_core.event_reactor:joined thread
[312.397s] INFO:colcon.colcon_core.shell:Creating prefix script '/home/mvibot/floorCleaningRobot_ws/install/local_setup.ps1'
[312.399s] INFO:colcon.colcon_core.shell:Creating prefix util module '/home/mvibot/floorCleaningRobot_ws/install/_local_setup_util_ps1.py'
[312.400s] INFO:colcon.colcon_core.shell:Creating prefix chain script '/home/mvibot/floorCleaningRobot_ws/install/setup.ps1'
[312.402s] INFO:colcon.colcon_core.shell:Creating prefix script '/home/mvibot/floorCleaningRobot_ws/install/local_setup.sh'
[312.403s] INFO:colcon.colcon_core.shell:Creating prefix util module '/home/mvibot/floorCleaningRobot_ws/install/_local_setup_util_sh.py'
[312.403s] INFO:colcon.colcon_core.shell:Creating prefix chain script '/home/mvibot/floorCleaningRobot_ws/install/setup.sh'
[312.404s] INFO:colcon.colcon_core.shell:Creating prefix script '/home/mvibot/floorCleaningRobot_ws/install/local_setup.bash'
[312.405s] INFO:colcon.colcon_core.shell:Creating prefix chain script '/home/mvibot/floorCleaningRobot_ws/install/setup.bash'
[312.407s] INFO:colcon.colcon_core.shell:Creating prefix script '/home/mvibot/floorCleaningRobot_ws/install/local_setup.zsh'
[312.407s] INFO:colcon.colcon_core.shell:Creating prefix chain script '/home/mvibot/floorCleaningRobot_ws/install/setup.zsh'
