[0.000000] (-) TimerEvent: {}
[0.000367] (-) JobUnselected: {'identifier': 'fields2cover'}
[0.000425] (-) JobUnselected: {'identifier': 'higher_layer_mvibot'}
[0.000466] (-) JobUnselected: {'identifier': 'ira_laser_tools'}
[0.000494] (-) JobUnselected: {'identifier': 'lower_layer_mvibot'}
[0.000527] (-) JobUnselected: {'identifier': 'mission_layer_mvibot'}
[0.000553] (-) JobUnselected: {'identifier': 'opennav_coverage'}
[0.000577] (-) JobUnselected: {'identifier': 'opennav_coverage_bt'}
[0.000601] (-) JobUnselected: {'identifier': 'opennav_coverage_demo'}
[0.000623] (-) JobUnselected: {'identifier': 'opennav_coverage_navigator'}
[0.000647] (-) JobUnselected: {'identifier': 'opennav_row_coverage'}
[0.000664] (-) JobUnselected: {'identifier': 'pointcloud_to_laserscan'}
[0.000678] (-) JobUnselected: {'identifier': 'realsense2_camera'}
[0.000694] (-) JobUnselected: {'identifier': 'realsense2_camera_msgs'}
[0.000712] (-) JobUnselected: {'identifier': 'realsense2_description'}
[0.000728] (-) JobUnselected: {'identifier': 'sllidar_ros2'}
[0.000741] (-) JobUnselected: {'identifier': 'tf2_web_republisher'}
[0.000762] (-) JobUnselected: {'identifier': 'tf2_web_republisher_interfaces'}
[0.000783] (opennav_coverage_msgs) JobQueued: {'identifier': 'opennav_coverage_msgs', 'dependencies': OrderedDict()}
[0.001131] (opennav_coverage_msgs) JobStarted: {'identifier': 'opennav_coverage_msgs'}
[0.019957] (opennav_coverage_msgs) JobProgress: {'identifier': 'opennav_coverage_msgs', 'progress': 'cmake'}
[0.020929] (opennav_coverage_msgs) Command: {'cmd': ['/usr/bin/cmake', '/home/mvibot/floorCleaningRobot_ws/src/opennav_coverage/opennav_coverage_msgs', '-DAMENT_CMAKE_SYMLINK_INSTALL=1', '-DCMAKE_INSTALL_PREFIX=/home/mvibot/floorCleaningRobot_ws/install/opennav_coverage_msgs'], 'cwd': '/home/mvibot/floorCleaningRobot_ws/build/opennav_coverage_msgs', 'env': OrderedDict({'LESSOPEN': '| /usr/bin/lesspipe %s', 'USER': 'mvibot', 'SSH_CLIENT': '10.0.70.166 48152 22', 'GZ_CONFIG_PATH': '/opt/ros/jazzy/opt/gz_sim_vendor/share/gz:/opt/ros/jazzy/opt/sdformat_vendor/share/gz:/opt/ros/jazzy/opt/gz_gui_vendor/share/gz:/opt/ros/jazzy/opt/gz_transport_vendor/share/gz:/opt/ros/jazzy/opt/gz_rendering_vendor/share/gz:/opt/ros/jazzy/opt/gz_plugin_vendor/share/gz:/opt/ros/jazzy/opt/gz_fuel_tools_vendor/share/gz:/opt/ros/jazzy/opt/gz_msgs_vendor/share/gz:/opt/ros/jazzy/opt/gz_common_vendor/share/gz', 'XDG_SESSION_TYPE': 'tty', 'SHLVL': '1', 'LD_LIBRARY_PATH': '/home/mvibot/floorCleaningRobot_ws/install/tf2_web_republisher/lib:/home/mvibot/floorCleaningRobot_ws/install/tf2_web_republisher_interfaces/lib:/home/mvibot/floorCleaningRobot_ws/install/realsense2_camera/lib:/home/mvibot/floorCleaningRobot_ws/install/realsense2_camera_msgs/lib:/home/mvibot/floorCleaningRobot_ws/install/pointcloud_to_laserscan/lib:/home/mvibot/floorCleaningRobot_ws/install/opennav_row_coverage/lib:/home/mvibot/floorCleaningRobot_ws/install/opennav_coverage_navigator/lib:/home/mvibot/floorCleaningRobot_ws/install/opennav_coverage_bt/lib:/home/mvibot/floorCleaningRobot_ws/install/opennav_coverage/lib:/home/mvibot/floorCleaningRobot_ws/install/opennav_coverage_msgs/lib:/home/mvibot/floorCleaningRobot_ws/install/fields2cover/lib:/opt/ros/jazzy/opt/gz_sim_vendor/lib:/opt/ros/jazzy/opt/gz_sensors_vendor/lib:/opt/ros/jazzy/opt/gz_physics_vendor/lib:/opt/ros/jazzy/opt/sdformat_vendor/lib:/opt/ros/jazzy/opt/rviz_ogre_vendor/lib:/opt/ros/jazzy/lib/x86_64-linux-gnu:/opt/ros/jazzy/opt/gz_gui_vendor/lib:/opt/ros/jazzy/opt/gz_transport_vendor/lib:/opt/ros/jazzy/opt/gz_rendering_vendor/lib:/opt/ros/jazzy/opt/gz_plugin_vendor/lib:/opt/ros/jazzy/opt/gz_fuel_tools_vendor/lib:/opt/ros/jazzy/opt/gz_msgs_vendor/lib:/opt/ros/jazzy/opt/gz_common_vendor/lib:/opt/ros/jazzy/opt/gz_math_vendor/lib:/opt/ros/jazzy/opt/gz_utils_vendor/lib:/opt/ros/jazzy/opt/gz_tools_vendor/lib:/opt/ros/jazzy/opt/gz_ogre_next_vendor/lib:/opt/ros/jazzy/opt/gz_dartsim_vendor/lib:/opt/ros/jazzy/opt/gz_cmake_vendor/lib:/opt/ros/jazzy/lib', 'HOME': '/home/mvibot', 'OLDPWD': '/home/mvibot/floorCleaningRobot_ws/build', 'NVM_BIN': '/home/mvibot/.nvm/versions/node/v24.12.0/bin', 'SSH_TTY': '/dev/pts/2', 'NVM_INC': '/home/mvibot/.nvm/versions/node/v24.12.0/include/node', 'ROS_PYTHON_VERSION': '3', 'DBUS_SESSION_BUS_ADDRESS': 'unix:path=/run/user/1000/bus', 'NVM_DIR': '/home/mvibot/.nvm', 'DEBUGINFOD_URLS': 'https://debuginfod.ubuntu.com', 'COLCON_PREFIX_PATH': '/home/mvibot/floorCleaningRobot_ws/install', 'ROS_DISTRO': 'jazzy', 'LOGNAME': 'mvibot', '_': '/usr/bin/colcon', 'ROS_VERSION': '2', 'PKG_CONFIG_PATH': '/home/mvibot/floorCleaningRobot_ws/install/fields2cover/lib/x86_64-linux-gnu/pkgconfig:/home/mvibot/floorCleaningRobot_ws/install/fields2cover/lib/pkgconfig', 'XDG_SESSION_CLASS': 'user', 'TERM': 'xterm-256color', 'XDG_SESSION_ID': '3', 'PATH': '/home/mvibot/.nvm/versions/node/v24.12.0/bin:/opt/ros/jazzy/opt/gz_msgs_vendor/bin:/opt/ros/jazzy/opt/gz_tools_vendor/bin:/opt/ros/jazzy/opt/gz_ogre_next_vendor/bin:/opt/ros/jazzy/bin:/usr/local/sbin:/usr/local/bin:/usr/sbin:/usr/bin:/sbin:/bin:/usr/games:/usr/local/games:/snap/bin', 'XDG_RUNTIME_DIR': '/run/user/1000', 'LANG': 'en_US.UTF-8', 'LS_COLORS': 'rs=0:di=01;34:ln=01;36:mh=00:pi=40;33:so=01;35:do=01;35:bd=40;33;01:cd=40;33;01:or=40;31;01:mi=00:su=37;41:sg=30;43:ca=00:tw=30;42:ow=34;42:st=37;44:ex=01;32:*.tar=01;31:*.tgz=01;31:*.arc=01;31:*.arj=01;31:*.taz=01;31:*.lha=01;31:*.lz4=01;31:*.lzh=01;31:*.lzma=01;31:*.tlz=01;31:*.txz=01;31:*.tzo=01;31:*.t7z=01;31:*.zip=01;31:*.z=01;31:*.dz=01;31:*.gz=01;31:*.lrz=01;31:*.lz=01;31:*.lzo=01;31:*.xz=01;31:*.zst=01;31:*.tzst=01;31:*.bz2=01;31:*.bz=01;31:*.tbz=01;31:*.tbz2=01;31:*.tz=01;31:*.deb=01;31:*.rpm=01;31:*.jar=01;31:*.war=01;31:*.ear=01;31:*.sar=01;31:*.rar=01;31:*.alz=01;31:*.ace=01;31:*.zoo=01;31:*.cpio=01;31:*.7z=01;31:*.rz=01;31:*.cab=01;31:*.wim=01;31:*.swm=01;31:*.dwm=01;31:*.esd=01;31:*.avif=01;35:*.jpg=01;35:*.jpeg=01;35:*.mjpg=01;35:*.mjpeg=01;35:*.gif=01;35:*.bmp=01;35:*.pbm=01;35:*.pgm=01;35:*.ppm=01;35:*.tga=01;35:*.xbm=01;35:*.xpm=01;35:*.tif=01;35:*.tiff=01;35:*.png=01;35:*.svg=01;35:*.svgz=01;35:*.mng=01;35:*.pcx=01;35:*.mov=01;35:*.mpg=01;35:*.mpeg=01;35:*.m2v=01;35:*.mkv=01;35:*.webm=01;35:*.webp=01;35:*.ogm=01;35:*.mp4=01;35:*.m4v=01;35:*.mp4v=01;35:*.vob=01;35:*.qt=01;35:*.nuv=01;35:*.wmv=01;35:*.asf=01;35:*.rm=01;35:*.rmvb=01;35:*.flc=01;35:*.avi=01;35:*.fli=01;35:*.flv=01;35:*.gl=01;35:*.dl=01;35:*.xcf=01;35:*.xwd=01;35:*.yuv=01;35:*.cgm=01;35:*.emf=01;35:*.ogv=01;35:*.ogx=01;35:*.aac=00;36:*.au=00;36:*.flac=00;36:*.m4a=00;36:*.mid=00;36:*.midi=00;36:*.mka=00;36:*.mp3=00;36:*.mpc=00;36:*.ogg=00;36:*.ra=00;36:*.wav=00;36:*.oga=00;36:*.opus=00;36:*.spx=00;36:*.xspf=00;36:*~=00;90:*#=00;90:*.bak=00;90:*.crdownload=00;90:*.dpkg-dist=00;90:*.dpkg-new=00;90:*.dpkg-old=00;90:*.dpkg-tmp=00;90:*.old=00;90:*.orig=00;90:*.part=00;90:*.rej=00;90:*.rpmnew=00;90:*.rpmorig=00;90:*.rpmsave=00;90:*.swp=00;90:*.tmp=00;90:*.ucf-dist=00;90:*.ucf-new=00;90:*.ucf-old=00;90:', 'ROS_DOMAIN_ID': '10', 'AMENT_PREFIX_PATH': '/home/mvibot/floorCleaningRobot_ws/install/tf2_web_republisher:/home/mvibot/floorCleaningRobot_ws/install/tf2_web_republisher_interfaces:/home/mvibot/floorCleaningRobot_ws/install/sllidar_ros2:/home/mvibot/floorCleaningRobot_ws/install/realsense2_description:/home/mvibot/floorCleaningRobot_ws/install/realsense2_camera:/home/mvibot/floorCleaningRobot_ws/install/realsense2_camera_msgs:/home/mvibot/floorCleaningRobot_ws/install/pointcloud_to_laserscan:/home/mvibot/floorCleaningRobot_ws/install/opennav_coverage_demo:/home/mvibot/floorCleaningRobot_ws/install/opennav_row_coverage:/home/mvibot/floorCleaningRobot_ws/install/opennav_coverage_navigator:/home/mvibot/floorCleaningRobot_ws/install/opennav_coverage_bt:/home/mvibot/floorCleaningRobot_ws/install/opennav_coverage:/home/mvibot/floorCleaningRobot_ws/install/mission_layer_mvibot:/home/mvibot/floorCleaningRobot_ws/install/opennav_coverage_msgs:/home/mvibot/floorCleaningRobot_ws/install/lower_layer_mvibot:/home/mvibot/floorCleaningRobot_ws/install/ira_laser_tools:/home/mvibot/floorCleaningRobot_ws/install/higher_layer_mvibot:/opt/ros/jazzy', 'SHELL': '/bin/bash', 'LESSCLOSE': '/usr/bin/lesspipe %s %s', 'ROS_AUTOMATIC_DISCOVERY_RANGE': 'SUBNET', 'PWD': '/home/mvibot/floorCleaningRobot_ws/build/opennav_coverage_msgs', 'LC_ALL': 'en_US.UTF-8', 'SSH_CONNECTION': '10.0.70.166 48152 10.0.70.63 22', 'NVM_CD_FLAGS': '', 'XDG_DATA_DIRS': '/usr/share/gnome:/usr/local/share:/usr/share:/var/lib/snapd/desktop', 'PYTHONPATH': '/home/mvibot/floorCleaningRobot_ws/install/tf2_web_republisher_interfaces/lib/python3.12/site-packages:/home/mvibot/floorCleaningRobot_ws/install/realsense2_camera_msgs/lib/python3.12/site-packages:/home/mvibot/floorCleaningRobot_ws/build/opennav_coverage_demo:/home/mvibot/floorCleaningRobot_ws/install/opennav_coverage_demo/lib/python3.12/site-packages:/home/mvibot/floorCleaningRobot_ws/install/opennav_coverage_msgs/lib/python3.12/site-packages:/opt/ros/jazzy/lib/python3.12/site-packages', 'COLCON': '1', 'CMAKE_PREFIX_PATH': '/home/mvibot/floorCleaningRobot_ws/install/tf2_web_republisher:/home/mvibot/floorCleaningRobot_ws/install/tf2_web_republisher_interfaces:/home/mvibot/floorCleaningRobot_ws/install/sllidar_ros2:/home/mvibot/floorCleaningRobot_ws/install/realsense2_description:/home/mvibot/floorCleaningRobot_ws/install/realsense2_camera:/home/mvibot/floorCleaningRobot_ws/install/realsense2_camera_msgs:/home/mvibot/floorCleaningRobot_ws/install/pointcloud_to_laserscan:/home/mvibot/floorCleaningRobot_ws/install/opennav_row_coverage:/home/mvibot/floorCleaningRobot_ws/install/opennav_coverage_navigator:/home/mvibot/floorCleaningRobot_ws/install/opennav_coverage_bt:/home/mvibot/floorCleaningRobot_ws/install/opennav_coverage:/home/mvibot/floorCleaningRobot_ws/install/mission_layer_mvibot:/home/mvibot/floorCleaningRobot_ws/install/opennav_coverage_msgs:/home/mvibot/floorCleaningRobot_ws/install/lower_layer_mvibot:/home/mvibot/floorCleaningRobot_ws/install/ira_laser_tools:/home/mvibot/floorCleaningRobot_ws/install/higher_layer_mvibot:/home/mvibot/floorCleaningRobot_ws/install/fields2cover:/opt/ros/jazzy/opt/gz_sim_vendor:/opt/ros/jazzy/opt/gz_sensors_vendor:/opt/ros/jazzy/opt/gz_physics_vendor:/opt/ros/jazzy/opt/sdformat_vendor:/opt/ros/jazzy/opt/gz_gui_vendor:/opt/ros/jazzy/opt/gz_transport_vendor:/opt/ros/jazzy/opt/gz_rendering_vendor:/opt/ros/jazzy/opt/gz_plugin_vendor:/opt/ros/jazzy/opt/gz_fuel_tools_vendor:/opt/ros/jazzy/opt/gz_msgs_vendor:/opt/ros/jazzy/opt/gz_common_vendor:/opt/ros/jazzy/opt/gz_math_vendor:/opt/ros/jazzy/opt/gz_utils_vendor:/opt/ros/jazzy/opt/gz_tools_vendor:/opt/ros/jazzy/opt/gz_ogre_next_vendor:/opt/ros/jazzy/opt/gz_dartsim_vendor:/opt/ros/jazzy/opt/gz_cmake_vendor:/home/mvibot/floorCleaningRobot_ws/install/opennav_coverage_demo:/opt/ros/jazzy'}), 'shell': False}
[0.099532] (-) TimerEvent: {}
[0.199997] (-) TimerEvent: {}
[0.241810] (opennav_coverage_msgs) StdoutLine: {'line': b'-- The C compiler identification is GNU 13.3.0\n'}
[0.300216] (-) TimerEvent: {}
[0.400579] (-) TimerEvent: {}
[0.418961] (opennav_coverage_msgs) StdoutLine: {'line': b'-- The CXX compiler identification is GNU 13.3.0\n'}
[0.451843] (opennav_coverage_msgs) StdoutLine: {'line': b'-- Detecting C compiler ABI info\n'}
[0.500676] (-) TimerEvent: {}
[0.600344] (opennav_coverage_msgs) StdoutLine: {'line': b'-- Detecting C compiler ABI info - done\n'}
[0.600750] (-) TimerEvent: {}
[0.613781] (opennav_coverage_msgs) StdoutLine: {'line': b'-- Check for working C compiler: /usr/bin/cc - skipped\n'}
[0.614520] (opennav_coverage_msgs) StdoutLine: {'line': b'-- Detecting C compile features\n'}
[0.615606] (opennav_coverage_msgs) StdoutLine: {'line': b'-- Detecting C compile features - done\n'}
[0.632518] (opennav_coverage_msgs) StdoutLine: {'line': b'-- Detecting CXX compiler ABI info\n'}
[0.700883] (-) TimerEvent: {}
[0.780541] (opennav_coverage_msgs) StdoutLine: {'line': b'-- Detecting CXX compiler ABI info - done\n'}
[0.794942] (opennav_coverage_msgs) StdoutLine: {'line': b'-- Check for working CXX compiler: /usr/bin/c++ - skipped\n'}
[0.795428] (opennav_coverage_msgs) StdoutLine: {'line': b'-- Detecting CXX compile features\n'}
[0.796068] (opennav_coverage_msgs) StdoutLine: {'line': b'-- Detecting CXX compile features - done\n'}
[0.800964] (-) TimerEvent: {}
[0.809495] (opennav_coverage_msgs) StdoutLine: {'line': b'-- Found ament_cmake: 2.5.6 (/opt/ros/jazzy/share/ament_cmake/cmake)\n'}
[0.901147] (-) TimerEvent: {}
[1.001488] (-) TimerEvent: {}
[1.082896] (opennav_coverage_msgs) StdoutLine: {'line': b'-- Found Python3: /usr/bin/python3 (found version "3.12.3") found components: Interpreter \n'}
[1.101589] (-) TimerEvent: {}
[1.201870] (-) TimerEvent: {}
[1.228316] (opennav_coverage_msgs) StdoutLine: {'line': b'-- Override CMake install command with custom implementation using symlinks instead of copying resources\n'}
[1.301993] (-) TimerEvent: {}
[1.352640] (opennav_coverage_msgs) StdoutLine: {'line': b'-- Found builtin_interfaces: 2.0.3 (/opt/ros/jazzy/share/builtin_interfaces/cmake)\n'}
[1.402110] (-) TimerEvent: {}
[1.472493] (opennav_coverage_msgs) StdoutLine: {'line': b'-- Found rosidl_generator_c: 4.6.7 (/opt/ros/jazzy/share/rosidl_generator_c/cmake)\n'}
[1.502225] (-) TimerEvent: {}
[1.514758] (opennav_coverage_msgs) StdoutLine: {'line': b'-- Found rosidl_generator_cpp: 4.6.7 (/opt/ros/jazzy/share/rosidl_generator_cpp/cmake)\n'}
[1.580326] (opennav_coverage_msgs) StdoutLine: {'line': b'-- Using all available rosidl_typesupport_c: rosidl_typesupport_fastrtps_c;rosidl_typesupport_introspection_c\n'}
[1.602324] (-) TimerEvent: {}
[1.638572] (opennav_coverage_msgs) StdoutLine: {'line': b'-- Using all available rosidl_typesupport_cpp: rosidl_typesupport_fastrtps_cpp;rosidl_typesupport_introspection_cpp\n'}
[1.696445] (opennav_coverage_msgs) StdoutLine: {'line': b'-- Found nav_msgs: 5.3.7 (/opt/ros/jazzy/share/nav_msgs/cmake)\n'}
[1.702435] (-) TimerEvent: {}
[1.802725] (-) TimerEvent: {}
[1.900147] (opennav_coverage_msgs) StdoutLine: {'line': b'-- Found rosidl_default_generators: 1.6.0 (/opt/ros/jazzy/share/rosidl_default_generators/cmake)\n'}
[1.902871] (-) TimerEvent: {}
[1.959209] (opennav_coverage_msgs) StdoutLine: {'line': b'-- Found rosidl_adapter: 4.6.7 (/opt/ros/jazzy/share/rosidl_adapter/cmake)\n'}
[1.971177] (opennav_coverage_msgs) StdoutLine: {'line': b'-- Found action_msgs: 2.0.3 (/opt/ros/jazzy/share/action_msgs/cmake)\n'}
[2.002965] (-) TimerEvent: {}
[2.103331] (-) TimerEvent: {}
[2.203656] (-) TimerEvent: {}
[2.303999] (-) TimerEvent: {}
[2.404325] (-) TimerEvent: {}
[2.505025] (-) TimerEvent: {}
[2.605361] (-) TimerEvent: {}
[2.705666] (-) TimerEvent: {}
[2.805995] (-) TimerEvent: {}
[2.906318] (-) TimerEvent: {}
[3.006645] (-) TimerEvent: {}
[3.106931] (-) TimerEvent: {}
[3.207272] (-) TimerEvent: {}
[3.307660] (-) TimerEvent: {}
[3.363577] (opennav_coverage_msgs) StdoutLine: {'line': b'-- Found ament_cmake_ros: 0.12.0 (/opt/ros/jazzy/share/ament_cmake_ros/cmake)\n'}
[3.407769] (-) TimerEvent: {}
[3.508043] (-) TimerEvent: {}
[3.608333] (-) TimerEvent: {}
[3.708573] (-) TimerEvent: {}
[3.808890] (-) TimerEvent: {}
[3.909246] (-) TimerEvent: {}
[4.009569] (-) TimerEvent: {}
[4.109958] (-) TimerEvent: {}
[4.210455] (-) TimerEvent: {}
[4.310772] (-) TimerEvent: {}
[4.411195] (-) TimerEvent: {}
[4.511650] (-) TimerEvent: {}
[4.612015] (-) TimerEvent: {}
[4.712307] (-) TimerEvent: {}
[4.812736] (-) TimerEvent: {}
[4.913105] (-) TimerEvent: {}
[4.990789] (opennav_coverage_msgs) StdoutLine: {'line': b'-- Using all available rosidl_typesupport_c: rosidl_typesupport_fastrtps_c;rosidl_typesupport_introspection_c\n'}
[5.013200] (-) TimerEvent: {}
[5.113459] (-) TimerEvent: {}
[5.213715] (-) TimerEvent: {}
[5.313997] (-) TimerEvent: {}
[5.414309] (-) TimerEvent: {}
[5.514577] (-) TimerEvent: {}
[5.577004] (opennav_coverage_msgs) StdoutLine: {'line': b'-- Using all available rosidl_typesupport_cpp: rosidl_typesupport_fastrtps_cpp;rosidl_typesupport_introspection_cpp\n'}
[5.588903] (opennav_coverage_msgs) StdoutLine: {'line': b'-- Found python_cmake_module: 0.11.1 (/opt/ros/jazzy/share/python_cmake_module/cmake)\n'}
[5.614706] (-) TimerEvent: {}
[5.715159] (-) TimerEvent: {}
[5.810847] (opennav_coverage_msgs) StdoutLine: {'line': b'-- Found PythonExtra: /usr/bin/python3  \n'}
[5.815264] (-) TimerEvent: {}
[5.915545] (-) TimerEvent: {}
[6.015830] (-) TimerEvent: {}
[6.116148] (-) TimerEvent: {}
[6.216454] (-) TimerEvent: {}
[6.316827] (-) TimerEvent: {}
[6.417084] (-) TimerEvent: {}
[6.517336] (-) TimerEvent: {}
[6.575352] (opennav_coverage_msgs) StdoutLine: {'line': b'-- Found Python3: /usr/bin/python3 (found version "3.12.3") found components: Interpreter Development NumPy Development.Module Development.Embed \n'}
[6.617428] (-) TimerEvent: {}
[6.717692] (-) TimerEvent: {}
[6.817956] (-) TimerEvent: {}
[6.858150] (opennav_coverage_msgs) StdoutLine: {'line': b'-- Found Python3: /usr/bin/python3 (found version "3.12.3") found components: Interpreter \n'}
[6.891714] (opennav_coverage_msgs) StdoutLine: {'line': b'-- Configuring done (6.8s)\n'}
[6.918012] (-) TimerEvent: {}
[7.018276] (-) TimerEvent: {}
[7.051711] (opennav_coverage_msgs) StdoutLine: {'line': b'-- Generating done (0.1s)\n'}
[7.082153] (opennav_coverage_msgs) StdoutLine: {'line': b'-- Build files have been written to: /home/mvibot/floorCleaningRobot_ws/build/opennav_coverage_msgs\n'}
[7.099323] (opennav_coverage_msgs) CommandEnded: {'returncode': 0}
[7.100002] (opennav_coverage_msgs) JobProgress: {'identifier': 'opennav_coverage_msgs', 'progress': 'build'}
[7.101180] (opennav_coverage_msgs) Command: {'cmd': ['/usr/bin/cmake', '--build', '/home/mvibot/floorCleaningRobot_ws/build/opennav_coverage_msgs', '--', '-j8', '-l8'], 'cwd': '/home/mvibot/floorCleaningRobot_ws/build/opennav_coverage_msgs', 'env': OrderedDict({'LESSOPEN': '| /usr/bin/lesspipe %s', 'USER': 'mvibot', 'SSH_CLIENT': '10.0.70.166 48152 22', 'GZ_CONFIG_PATH': '/opt/ros/jazzy/opt/gz_sim_vendor/share/gz:/opt/ros/jazzy/opt/sdformat_vendor/share/gz:/opt/ros/jazzy/opt/gz_gui_vendor/share/gz:/opt/ros/jazzy/opt/gz_transport_vendor/share/gz:/opt/ros/jazzy/opt/gz_rendering_vendor/share/gz:/opt/ros/jazzy/opt/gz_plugin_vendor/share/gz:/opt/ros/jazzy/opt/gz_fuel_tools_vendor/share/gz:/opt/ros/jazzy/opt/gz_msgs_vendor/share/gz:/opt/ros/jazzy/opt/gz_common_vendor/share/gz', 'XDG_SESSION_TYPE': 'tty', 'SHLVL': '1', 'LD_LIBRARY_PATH': '/home/mvibot/floorCleaningRobot_ws/install/tf2_web_republisher/lib:/home/mvibot/floorCleaningRobot_ws/install/tf2_web_republisher_interfaces/lib:/home/mvibot/floorCleaningRobot_ws/install/realsense2_camera/lib:/home/mvibot/floorCleaningRobot_ws/install/realsense2_camera_msgs/lib:/home/mvibot/floorCleaningRobot_ws/install/pointcloud_to_laserscan/lib:/home/mvibot/floorCleaningRobot_ws/install/opennav_row_coverage/lib:/home/mvibot/floorCleaningRobot_ws/install/opennav_coverage_navigator/lib:/home/mvibot/floorCleaningRobot_ws/install/opennav_coverage_bt/lib:/home/mvibot/floorCleaningRobot_ws/install/opennav_coverage/lib:/home/mvibot/floorCleaningRobot_ws/install/opennav_coverage_msgs/lib:/home/mvibot/floorCleaningRobot_ws/install/fields2cover/lib:/opt/ros/jazzy/opt/gz_sim_vendor/lib:/opt/ros/jazzy/opt/gz_sensors_vendor/lib:/opt/ros/jazzy/opt/gz_physics_vendor/lib:/opt/ros/jazzy/opt/sdformat_vendor/lib:/opt/ros/jazzy/opt/rviz_ogre_vendor/lib:/opt/ros/jazzy/lib/x86_64-linux-gnu:/opt/ros/jazzy/opt/gz_gui_vendor/lib:/opt/ros/jazzy/opt/gz_transport_vendor/lib:/opt/ros/jazzy/opt/gz_rendering_vendor/lib:/opt/ros/jazzy/opt/gz_plugin_vendor/lib:/opt/ros/jazzy/opt/gz_fuel_tools_vendor/lib:/opt/ros/jazzy/opt/gz_msgs_vendor/lib:/opt/ros/jazzy/opt/gz_common_vendor/lib:/opt/ros/jazzy/opt/gz_math_vendor/lib:/opt/ros/jazzy/opt/gz_utils_vendor/lib:/opt/ros/jazzy/opt/gz_tools_vendor/lib:/opt/ros/jazzy/opt/gz_ogre_next_vendor/lib:/opt/ros/jazzy/opt/gz_dartsim_vendor/lib:/opt/ros/jazzy/opt/gz_cmake_vendor/lib:/opt/ros/jazzy/lib', 'HOME': '/home/mvibot', 'OLDPWD': '/home/mvibot/floorCleaningRobot_ws/build', 'NVM_BIN': '/home/mvibot/.nvm/versions/node/v24.12.0/bin', 'SSH_TTY': '/dev/pts/2', 'NVM_INC': '/home/mvibot/.nvm/versions/node/v24.12.0/include/node', 'ROS_PYTHON_VERSION': '3', 'DBUS_SESSION_BUS_ADDRESS': 'unix:path=/run/user/1000/bus', 'NVM_DIR': '/home/mvibot/.nvm', 'DEBUGINFOD_URLS': 'https://debuginfod.ubuntu.com', 'COLCON_PREFIX_PATH': '/home/mvibot/floorCleaningRobot_ws/install', 'ROS_DISTRO': 'jazzy', 'LOGNAME': 'mvibot', '_': '/usr/bin/colcon', 'ROS_VERSION': '2', 'PKG_CONFIG_PATH': '/home/mvibot/floorCleaningRobot_ws/install/fields2cover/lib/x86_64-linux-gnu/pkgconfig:/home/mvibot/floorCleaningRobot_ws/install/fields2cover/lib/pkgconfig', 'XDG_SESSION_CLASS': 'user', 'TERM': 'xterm-256color', 'XDG_SESSION_ID': '3', 'PATH': '/home/mvibot/.nvm/versions/node/v24.12.0/bin:/opt/ros/jazzy/opt/gz_msgs_vendor/bin:/opt/ros/jazzy/opt/gz_tools_vendor/bin:/opt/ros/jazzy/opt/gz_ogre_next_vendor/bin:/opt/ros/jazzy/bin:/usr/local/sbin:/usr/local/bin:/usr/sbin:/usr/bin:/sbin:/bin:/usr/games:/usr/local/games:/snap/bin', 'XDG_RUNTIME_DIR': '/run/user/1000', 'LANG': 'en_US.UTF-8', 'LS_COLORS': 'rs=0:di=01;34:ln=01;36:mh=00:pi=40;33:so=01;35:do=01;35:bd=40;33;01:cd=40;33;01:or=40;31;01:mi=00:su=37;41:sg=30;43:ca=00:tw=30;42:ow=34;42:st=37;44:ex=01;32:*.tar=01;31:*.tgz=01;31:*.arc=01;31:*.arj=01;31:*.taz=01;31:*.lha=01;31:*.lz4=01;31:*.lzh=01;31:*.lzma=01;31:*.tlz=01;31:*.txz=01;31:*.tzo=01;31:*.t7z=01;31:*.zip=01;31:*.z=01;31:*.dz=01;31:*.gz=01;31:*.lrz=01;31:*.lz=01;31:*.lzo=01;31:*.xz=01;31:*.zst=01;31:*.tzst=01;31:*.bz2=01;31:*.bz=01;31:*.tbz=01;31:*.tbz2=01;31:*.tz=01;31:*.deb=01;31:*.rpm=01;31:*.jar=01;31:*.war=01;31:*.ear=01;31:*.sar=01;31:*.rar=01;31:*.alz=01;31:*.ace=01;31:*.zoo=01;31:*.cpio=01;31:*.7z=01;31:*.rz=01;31:*.cab=01;31:*.wim=01;31:*.swm=01;31:*.dwm=01;31:*.esd=01;31:*.avif=01;35:*.jpg=01;35:*.jpeg=01;35:*.mjpg=01;35:*.mjpeg=01;35:*.gif=01;35:*.bmp=01;35:*.pbm=01;35:*.pgm=01;35:*.ppm=01;35:*.tga=01;35:*.xbm=01;35:*.xpm=01;35:*.tif=01;35:*.tiff=01;35:*.png=01;35:*.svg=01;35:*.svgz=01;35:*.mng=01;35:*.pcx=01;35:*.mov=01;35:*.mpg=01;35:*.mpeg=01;35:*.m2v=01;35:*.mkv=01;35:*.webm=01;35:*.webp=01;35:*.ogm=01;35:*.mp4=01;35:*.m4v=01;35:*.mp4v=01;35:*.vob=01;35:*.qt=01;35:*.nuv=01;35:*.wmv=01;35:*.asf=01;35:*.rm=01;35:*.rmvb=01;35:*.flc=01;35:*.avi=01;35:*.fli=01;35:*.flv=01;35:*.gl=01;35:*.dl=01;35:*.xcf=01;35:*.xwd=01;35:*.yuv=01;35:*.cgm=01;35:*.emf=01;35:*.ogv=01;35:*.ogx=01;35:*.aac=00;36:*.au=00;36:*.flac=00;36:*.m4a=00;36:*.mid=00;36:*.midi=00;36:*.mka=00;36:*.mp3=00;36:*.mpc=00;36:*.ogg=00;36:*.ra=00;36:*.wav=00;36:*.oga=00;36:*.opus=00;36:*.spx=00;36:*.xspf=00;36:*~=00;90:*#=00;90:*.bak=00;90:*.crdownload=00;90:*.dpkg-dist=00;90:*.dpkg-new=00;90:*.dpkg-old=00;90:*.dpkg-tmp=00;90:*.old=00;90:*.orig=00;90:*.part=00;90:*.rej=00;90:*.rpmnew=00;90:*.rpmorig=00;90:*.rpmsave=00;90:*.swp=00;90:*.tmp=00;90:*.ucf-dist=00;90:*.ucf-new=00;90:*.ucf-old=00;90:', 'ROS_DOMAIN_ID': '10', 'AMENT_PREFIX_PATH': '/home/mvibot/floorCleaningRobot_ws/install/tf2_web_republisher:/home/mvibot/floorCleaningRobot_ws/install/tf2_web_republisher_interfaces:/home/mvibot/floorCleaningRobot_ws/install/sllidar_ros2:/home/mvibot/floorCleaningRobot_ws/install/realsense2_description:/home/mvibot/floorCleaningRobot_ws/install/realsense2_camera:/home/mvibot/floorCleaningRobot_ws/install/realsense2_camera_msgs:/home/mvibot/floorCleaningRobot_ws/install/pointcloud_to_laserscan:/home/mvibot/floorCleaningRobot_ws/install/opennav_coverage_demo:/home/mvibot/floorCleaningRobot_ws/install/opennav_row_coverage:/home/mvibot/floorCleaningRobot_ws/install/opennav_coverage_navigator:/home/mvibot/floorCleaningRobot_ws/install/opennav_coverage_bt:/home/mvibot/floorCleaningRobot_ws/install/opennav_coverage:/home/mvibot/floorCleaningRobot_ws/install/mission_layer_mvibot:/home/mvibot/floorCleaningRobot_ws/install/opennav_coverage_msgs:/home/mvibot/floorCleaningRobot_ws/install/lower_layer_mvibot:/home/mvibot/floorCleaningRobot_ws/install/ira_laser_tools:/home/mvibot/floorCleaningRobot_ws/install/higher_layer_mvibot:/opt/ros/jazzy', 'SHELL': '/bin/bash', 'LESSCLOSE': '/usr/bin/lesspipe %s %s', 'ROS_AUTOMATIC_DISCOVERY_RANGE': 'SUBNET', 'PWD': '/home/mvibot/floorCleaningRobot_ws/build/opennav_coverage_msgs', 'LC_ALL': 'en_US.UTF-8', 'SSH_CONNECTION': '10.0.70.166 48152 10.0.70.63 22', 'NVM_CD_FLAGS': '', 'XDG_DATA_DIRS': '/usr/share/gnome:/usr/local/share:/usr/share:/var/lib/snapd/desktop', 'PYTHONPATH': '/home/mvibot/floorCleaningRobot_ws/install/tf2_web_republisher_interfaces/lib/python3.12/site-packages:/home/mvibot/floorCleaningRobot_ws/install/realsense2_camera_msgs/lib/python3.12/site-packages:/home/mvibot/floorCleaningRobot_ws/build/opennav_coverage_demo:/home/mvibot/floorCleaningRobot_ws/install/opennav_coverage_demo/lib/python3.12/site-packages:/home/mvibot/floorCleaningRobot_ws/install/opennav_coverage_msgs/lib/python3.12/site-packages:/opt/ros/jazzy/lib/python3.12/site-packages', 'COLCON': '1', 'CMAKE_PREFIX_PATH': '/home/mvibot/floorCleaningRobot_ws/install/tf2_web_republisher:/home/mvibot/floorCleaningRobot_ws/install/tf2_web_republisher_interfaces:/home/mvibot/floorCleaningRobot_ws/install/sllidar_ros2:/home/mvibot/floorCleaningRobot_ws/install/realsense2_description:/home/mvibot/floorCleaningRobot_ws/install/realsense2_camera:/home/mvibot/floorCleaningRobot_ws/install/realsense2_camera_msgs:/home/mvibot/floorCleaningRobot_ws/install/pointcloud_to_laserscan:/home/mvibot/floorCleaningRobot_ws/install/opennav_row_coverage:/home/mvibot/floorCleaningRobot_ws/install/opennav_coverage_navigator:/home/mvibot/floorCleaningRobot_ws/install/opennav_coverage_bt:/home/mvibot/floorCleaningRobot_ws/install/opennav_coverage:/home/mvibot/floorCleaningRobot_ws/install/mission_layer_mvibot:/home/mvibot/floorCleaningRobot_ws/install/opennav_coverage_msgs:/home/mvibot/floorCleaningRobot_ws/install/lower_layer_mvibot:/home/mvibot/floorCleaningRobot_ws/install/ira_laser_tools:/home/mvibot/floorCleaningRobot_ws/install/higher_layer_mvibot:/home/mvibot/floorCleaningRobot_ws/install/fields2cover:/opt/ros/jazzy/opt/gz_sim_vendor:/opt/ros/jazzy/opt/gz_sensors_vendor:/opt/ros/jazzy/opt/gz_physics_vendor:/opt/ros/jazzy/opt/sdformat_vendor:/opt/ros/jazzy/opt/gz_gui_vendor:/opt/ros/jazzy/opt/gz_transport_vendor:/opt/ros/jazzy/opt/gz_rendering_vendor:/opt/ros/jazzy/opt/gz_plugin_vendor:/opt/ros/jazzy/opt/gz_fuel_tools_vendor:/opt/ros/jazzy/opt/gz_msgs_vendor:/opt/ros/jazzy/opt/gz_common_vendor:/opt/ros/jazzy/opt/gz_math_vendor:/opt/ros/jazzy/opt/gz_utils_vendor:/opt/ros/jazzy/opt/gz_tools_vendor:/opt/ros/jazzy/opt/gz_ogre_next_vendor:/opt/ros/jazzy/opt/gz_dartsim_vendor:/opt/ros/jazzy/opt/gz_cmake_vendor:/home/mvibot/floorCleaningRobot_ws/install/opennav_coverage_demo:/opt/ros/jazzy'}), 'shell': False}
[7.118402] (-) TimerEvent: {}
[7.210244] (opennav_coverage_msgs) StdoutLine: {'line': b'[  1%] \x1b[34m\x1b[1mGenerating Rust code for ROS interfaces\x1b[0m\n'}
[7.210711] (opennav_coverage_msgs) StdoutLine: {'line': b'[  2%] \x1b[34m\x1b[1mGenerating type hashes for ROS interfaces\x1b[0m\n'}
[7.220143] (-) TimerEvent: {}
[7.230229] (opennav_coverage_msgs) StdoutLine: {'line': b'[  2%] Built target ament_cmake_python_symlink_opennav_coverage_msgs\n'}
[7.320296] (-) TimerEvent: {}
[7.421882] (-) TimerEvent: {}
[7.523532] (-) TimerEvent: {}
[7.624025] (-) TimerEvent: {}
[7.725121] (-) TimerEvent: {}
[7.729408] (opennav_coverage_msgs) StdoutLine: {'line': b'running egg_info\n'}
[7.730328] (opennav_coverage_msgs) StdoutLine: {'line': b'creating opennav_coverage_msgs.egg-info\n'}
[7.783214] (opennav_coverage_msgs) StdoutLine: {'line': b'writing opennav_coverage_msgs.egg-info/PKG-INFO\n'}
[7.784522] (opennav_coverage_msgs) StdoutLine: {'line': b'writing dependency_links to opennav_coverage_msgs.egg-info/dependency_links.txt\n'}
[7.784730] (opennav_coverage_msgs) StdoutLine: {'line': b'writing top-level names to opennav_coverage_msgs.egg-info/top_level.txt\n'}
[7.784897] (opennav_coverage_msgs) StdoutLine: {'line': b"writing manifest file 'opennav_coverage_msgs.egg-info/SOURCES.txt'\n"}
[7.825231] (-) TimerEvent: {}
[7.925530] (-) TimerEvent: {}
[7.942667] (opennav_coverage_msgs) StdoutLine: {'line': b"reading manifest file 'opennav_coverage_msgs.egg-info/SOURCES.txt'\n"}
[7.945747] (opennav_coverage_msgs) StdoutLine: {'line': b"writing manifest file 'opennav_coverage_msgs.egg-info/SOURCES.txt'\n"}
[8.003559] (opennav_coverage_msgs) StdoutLine: {'line': b'[  2%] Built target ament_cmake_python_build_opennav_coverage_msgs_egg\n'}
[8.028758] (-) TimerEvent: {}
[8.129075] (-) TimerEvent: {}
[8.229354] (-) TimerEvent: {}
[8.329761] (-) TimerEvent: {}
[8.430081] (-) TimerEvent: {}
[8.530422] (-) TimerEvent: {}
[8.630757] (-) TimerEvent: {}
[8.731055] (-) TimerEvent: {}
[8.831353] (-) TimerEvent: {}
[8.931735] (-) TimerEvent: {}
[9.032056] (-) TimerEvent: {}
[9.118420] (opennav_coverage_msgs) StdoutLine: {'line': b'[  2%] Built target opennav_coverage_msgs__rosidl_generator_type_description\n'}
[9.132189] (opennav_coverage_msgs) StdoutLine: {'line': b'[  2%] Built target opennav_coverage_msgs__rs\n'}
[9.132462] (-) TimerEvent: {}
[9.146649] (opennav_coverage_msgs) StdoutLine: {'line': b'[  3%] \x1b[34m\x1b[1mGenerating C code for ROS interfaces\x1b[0m\n'}
[9.165390] (opennav_coverage_msgs) StdoutLine: {'line': b'[  3%] \x1b[34m\x1b[1mGenerating C++ code for ROS interfaces\x1b[0m\n'}
[9.232576] (-) TimerEvent: {}
[9.332988] (-) TimerEvent: {}
[9.433598] (-) TimerEvent: {}
[9.535225] (-) TimerEvent: {}
[9.635653] (-) TimerEvent: {}
[9.736031] (-) TimerEvent: {}
[9.836384] (-) TimerEvent: {}
[9.936663] (-) TimerEvent: {}
[10.036976] (-) TimerEvent: {}
[10.137416] (-) TimerEvent: {}
[10.237910] (-) TimerEvent: {}
[10.338457] (-) TimerEvent: {}
[10.438858] (-) TimerEvent: {}
[10.539127] (-) TimerEvent: {}
[10.639934] (-) TimerEvent: {}
[10.740272] (-) TimerEvent: {}
[10.840562] (-) TimerEvent: {}
[10.940934] (-) TimerEvent: {}
[11.041587] (-) TimerEvent: {}
[11.141942] (-) TimerEvent: {}
[11.242446] (-) TimerEvent: {}
[11.342895] (-) TimerEvent: {}
[11.443227] (-) TimerEvent: {}
[11.543544] (-) TimerEvent: {}
[11.643839] (-) TimerEvent: {}
[11.744160] (-) TimerEvent: {}
[11.844456] (-) TimerEvent: {}
[11.946141] (-) TimerEvent: {}
[12.049099] (-) TimerEvent: {}
[12.149365] (-) TimerEvent: {}
[12.221001] (opennav_coverage_msgs) StdoutLine: {'line': b'[  3%] Built target opennav_coverage_msgs__cpp\n'}
[12.249476] (-) TimerEvent: {}
[12.349798] (-) TimerEvent: {}
[12.450108] (-) TimerEvent: {}
[12.550595] (-) TimerEvent: {}
[12.650885] (-) TimerEvent: {}
[12.751103] (-) TimerEvent: {}
[12.851576] (-) TimerEvent: {}
[12.951837] (-) TimerEvent: {}
[13.052158] (-) TimerEvent: {}
[13.153064] (-) TimerEvent: {}
[13.254291] (-) TimerEvent: {}
[13.361112] (-) TimerEvent: {}
[13.461499] (-) TimerEvent: {}
[13.482843] (opennav_coverage_msgs) StdoutLine: {'line': b'[  4%] \x1b[32mBuilding C object CMakeFiles/opennav_coverage_msgs__rosidl_generator_c.dir/rosidl_generator_c/opennav_coverage_msgs/msg/detail/headland_mode__description.c.o\x1b[0m\n'}
[13.483170] (opennav_coverage_msgs) StdoutLine: {'line': b'[  5%] \x1b[32mBuilding C object CMakeFiles/opennav_coverage_msgs__rosidl_generator_c.dir/rosidl_generator_c/opennav_coverage_msgs/msg/detail/coordinates__type_support.c.o\x1b[0m\n'}
[13.483330] (opennav_coverage_msgs) StdoutLine: {'line': b'[  6%] \x1b[32mBuilding C object CMakeFiles/opennav_coverage_msgs__rosidl_generator_c.dir/rosidl_generator_c/opennav_coverage_msgs/msg/detail/headland_mode__functions.c.o\x1b[0m\n'}
[13.497581] (opennav_coverage_msgs) StdoutLine: {'line': b'[  7%] \x1b[32mBuilding C object CMakeFiles/opennav_coverage_msgs__rosidl_generator_c.dir/rosidl_generator_c/opennav_coverage_msgs/msg/detail/coordinates__description.c.o\x1b[0m\n'}
[13.502181] (opennav_coverage_msgs) StdoutLine: {'line': b'[  8%] \x1b[32mBuilding C object CMakeFiles/opennav_coverage_msgs__rosidl_generator_c.dir/rosidl_generator_c/opennav_coverage_msgs/msg/detail/coordinate__functions.c.o\x1b[0m\n'}
[13.505971] (opennav_coverage_msgs) StdoutLine: {'line': b'[  8%] \x1b[32mBuilding C object CMakeFiles/opennav_coverage_msgs__rosidl_generator_c.dir/rosidl_generator_c/opennav_coverage_msgs/msg/detail/coordinates__functions.c.o\x1b[0m\n'}
[13.506768] (opennav_coverage_msgs) StdoutLine: {'line': b'[  9%] \x1b[32mBuilding C object CMakeFiles/opennav_coverage_msgs__rosidl_generator_c.dir/rosidl_generator_c/opennav_coverage_msgs/msg/detail/coordinate__type_support.c.o\x1b[0m\n'}
[13.552019] (opennav_coverage_msgs) StdoutLine: {'line': b'[  9%] \x1b[32mBuilding C object CMakeFiles/opennav_coverage_msgs__rosidl_generator_c.dir/rosidl_generator_c/opennav_coverage_msgs/msg/detail/coordinate__description.c.o\x1b[0m\n'}
[13.561604] (-) TimerEvent: {}
[13.654838] (opennav_coverage_msgs) StdoutLine: {'line': b'[  9%] \x1b[32mBuilding C object CMakeFiles/opennav_coverage_msgs__rosidl_generator_c.dir/rosidl_generator_c/opennav_coverage_msgs/msg/detail/headland_mode__type_support.c.o\x1b[0m\n'}
[13.662116] (-) TimerEvent: {}
[13.670094] (opennav_coverage_msgs) StdoutLine: {'line': b'[ 10%] \x1b[32mBuilding C object CMakeFiles/opennav_coverage_msgs__rosidl_generator_c.dir/rosidl_generator_c/opennav_coverage_msgs/msg/detail/swath_mode__type_support.c.o\x1b[0m\n'}
[13.677538] (opennav_coverage_msgs) StdoutLine: {'line': b'[ 11%] \x1b[32mBuilding C object CMakeFiles/opennav_coverage_msgs__rosidl_generator_c.dir/rosidl_generator_c/opennav_coverage_msgs/msg/detail/swath_mode__description.c.o\x1b[0m\n'}
[13.684026] (opennav_coverage_msgs) StdoutLine: {'line': b'[ 12%] \x1b[32mBuilding C object CMakeFiles/opennav_coverage_msgs__rosidl_generator_c.dir/rosidl_generator_c/opennav_coverage_msgs/msg/detail/swath_mode__functions.c.o\x1b[0m\n'}
[13.689280] (opennav_coverage_msgs) StdoutLine: {'line': b'[ 13%] \x1b[32mBuilding C object CMakeFiles/opennav_coverage_msgs__rosidl_generator_c.dir/rosidl_generator_c/opennav_coverage_msgs/msg/detail/row_swath_mode__functions.c.o\x1b[0m\n'}
[13.699307] (opennav_coverage_msgs) StdoutLine: {'line': b'[ 13%] \x1b[32mBuilding C object CMakeFiles/opennav_coverage_msgs__rosidl_generator_c.dir/rosidl_generator_c/opennav_coverage_msgs/msg/detail/row_swath_mode__description.c.o\x1b[0m\n'}
[13.714827] (opennav_coverage_msgs) StdoutLine: {'line': b'[ 14%] \x1b[32mBuilding C object CMakeFiles/opennav_coverage_msgs__rosidl_generator_c.dir/rosidl_generator_c/opennav_coverage_msgs/msg/detail/row_swath_mode__type_support.c.o\x1b[0m\n'}
[13.715114] (opennav_coverage_msgs) StdoutLine: {'line': b'[ 15%] \x1b[32mBuilding C object CMakeFiles/opennav_coverage_msgs__rosidl_generator_c.dir/rosidl_generator_c/opennav_coverage_msgs/msg/detail/route_mode__description.c.o\x1b[0m\n'}
[13.762234] (-) TimerEvent: {}
[13.843877] (opennav_coverage_msgs) StdoutLine: {'line': b'[ 15%] \x1b[32mBuilding C object CMakeFiles/opennav_coverage_msgs__rosidl_generator_c.dir/rosidl_generator_c/opennav_coverage_msgs/msg/detail/route_mode__functions.c.o\x1b[0m\n'}
[13.862344] (-) TimerEvent: {}
[13.869880] (opennav_coverage_msgs) StdoutLine: {'line': b'[ 16%] \x1b[32mBuilding C object CMakeFiles/opennav_coverage_msgs__rosidl_generator_c.dir/rosidl_generator_c/opennav_coverage_msgs/msg/detail/path_mode__functions.c.o\x1b[0m\n'}
[13.875602] (opennav_coverage_msgs) StdoutLine: {'line': b'[ 17%] \x1b[32mBuilding C object CMakeFiles/opennav_coverage_msgs__rosidl_generator_c.dir/rosidl_generator_c/opennav_coverage_msgs/msg/detail/path_mode__description.c.o\x1b[0m\n'}
[13.875927] (opennav_coverage_msgs) StdoutLine: {'line': b'[ 18%] \x1b[32mBuilding C object CMakeFiles/opennav_coverage_msgs__rosidl_generator_c.dir/rosidl_generator_c/opennav_coverage_msgs/msg/detail/route_mode__type_support.c.o\x1b[0m\n'}
[13.888203] (opennav_coverage_msgs) StdoutLine: {'line': b'[ 18%] \x1b[32mBuilding C object CMakeFiles/opennav_coverage_msgs__rosidl_generator_c.dir/rosidl_generator_c/opennav_coverage_msgs/msg/detail/path_mode__type_support.c.o\x1b[0m\n'}
[13.912087] (opennav_coverage_msgs) StdoutLine: {'line': b'[ 19%] \x1b[32mBuilding C object CMakeFiles/opennav_coverage_msgs__rosidl_generator_c.dir/rosidl_generator_c/opennav_coverage_msgs/msg/detail/swath__description.c.o\x1b[0m\n'}
[13.915815] (opennav_coverage_msgs) StdoutLine: {'line': b'[ 20%] \x1b[32mBuilding C object CMakeFiles/opennav_coverage_msgs__rosidl_generator_c.dir/rosidl_generator_c/opennav_coverage_msgs/msg/detail/swath__functions.c.o\x1b[0m\n'}
[13.925325] (opennav_coverage_msgs) StdoutLine: {'line': b'[ 21%] \x1b[32mBuilding C object CMakeFiles/opennav_coverage_msgs__rosidl_generator_c.dir/rosidl_generator_c/opennav_coverage_msgs/msg/detail/swath__type_support.c.o\x1b[0m\n'}
[13.962468] (-) TimerEvent: {}
[13.977427] (opennav_coverage_msgs) StdoutLine: {'line': b'[ 21%] \x1b[32mBuilding C object CMakeFiles/opennav_coverage_msgs__rosidl_generator_c.dir/rosidl_generator_c/opennav_coverage_msgs/msg/detail/path_components__description.c.o\x1b[0m\n'}
[14.052952] (opennav_coverage_msgs) StdoutLine: {'line': b'[ 22%] \x1b[32mBuilding C object CMakeFiles/opennav_coverage_msgs__rosidl_generator_c.dir/rosidl_generator_c/opennav_coverage_msgs/msg/detail/path_components__type_support.c.o\x1b[0m\n'}
[14.060249] (opennav_coverage_msgs) StdoutLine: {'line': b'[ 23%] \x1b[32mBuilding C object CMakeFiles/opennav_coverage_msgs__rosidl_generator_c.dir/rosidl_generator_c/opennav_coverage_msgs/msg/detail/path_components__functions.c.o\x1b[0m\n'}
[14.062571] (-) TimerEvent: {}
[14.074977] (opennav_coverage_msgs) StdoutLine: {'line': b'[ 23%] \x1b[32mBuilding C object CMakeFiles/opennav_coverage_msgs__rosidl_generator_c.dir/rosidl_generator_c/opennav_coverage_msgs/action/detail/compute_coverage_path__description.c.o\x1b[0m\n'}
[14.105266] (opennav_coverage_msgs) StdoutLine: {'line': b'[ 24%] \x1b[32mBuilding C object CMakeFiles/opennav_coverage_msgs__rosidl_generator_c.dir/rosidl_generator_c/opennav_coverage_msgs/action/detail/compute_coverage_path__functions.c.o\x1b[0m\n'}
[14.113172] (opennav_coverage_msgs) StdoutLine: {'line': b'[ 25%] \x1b[32mBuilding C object CMakeFiles/opennav_coverage_msgs__rosidl_generator_c.dir/rosidl_generator_c/opennav_coverage_msgs/action/detail/compute_coverage_path__type_support.c.o\x1b[0m\n'}
[14.146733] (opennav_coverage_msgs) StdoutLine: {'line': b'[ 25%] \x1b[32mBuilding C object CMakeFiles/opennav_coverage_msgs__rosidl_generator_c.dir/rosidl_generator_c/opennav_coverage_msgs/action/detail/navigate_complete_coverage__functions.c.o\x1b[0m\n'}
[14.164171] (-) TimerEvent: {}
[14.164429] (opennav_coverage_msgs) StdoutLine: {'line': b'[ 26%] \x1b[32mBuilding C object CMakeFiles/opennav_coverage_msgs__rosidl_generator_c.dir/rosidl_generator_c/opennav_coverage_msgs/action/detail/navigate_complete_coverage__description.c.o\x1b[0m\n'}
[14.260065] (opennav_coverage_msgs) StdoutLine: {'line': b'[ 27%] \x1b[32mBuilding C object CMakeFiles/opennav_coverage_msgs__rosidl_generator_c.dir/rosidl_generator_c/opennav_coverage_msgs/action/detail/navigate_complete_coverage__type_support.c.o\x1b[0m\n'}
[14.265335] (-) TimerEvent: {}
[14.365648] (-) TimerEvent: {}
[14.466002] (-) TimerEvent: {}
[14.566370] (-) TimerEvent: {}
[14.665487] (opennav_coverage_msgs) StdoutLine: {'line': b'[ 28%] \x1b[32m\x1b[1mLinking C shared library libopennav_coverage_msgs__rosidl_generator_c.so\x1b[0m\n'}
[14.666491] (-) TimerEvent: {}
[14.748742] (opennav_coverage_msgs) StdoutLine: {'line': b'[ 28%] Built target opennav_coverage_msgs__rosidl_generator_c\n'}
[14.767216] (-) TimerEvent: {}
[14.773927] (opennav_coverage_msgs) StdoutLine: {'line': b'[ 28%] \x1b[34m\x1b[1mGenerating C type support dispatch for ROS interfaces\x1b[0m\n'}
[14.778756] (opennav_coverage_msgs) StdoutLine: {'line': b'[ 28%] \x1b[34m\x1b[1mGenerating C++ introspection for ROS interfaces\x1b[0m\n'}
[14.779871] (opennav_coverage_msgs) StdoutLine: {'line': b'[ 29%] \x1b[34m\x1b[1mGenerating C type support for eProsima Fast-RTPS\x1b[0m\n'}
[14.785916] (opennav_coverage_msgs) StdoutLine: {'line': b'[ 30%] \x1b[34m\x1b[1mGenerating C++ type support dispatch for ROS interfaces\x1b[0m\n'}
[14.794391] (opennav_coverage_msgs) StdoutLine: {'line': b'[ 31%] \x1b[34m\x1b[1mGenerating C introspection for ROS interfaces\x1b[0m\n'}
[14.819837] (opennav_coverage_msgs) StdoutLine: {'line': b'[ 32%] \x1b[34m\x1b[1mGenerating C++ type support for eProsima Fast-RTPS\x1b[0m\n'}
[14.867403] (-) TimerEvent: {}
[14.968391] (-) TimerEvent: {}
[15.069023] (-) TimerEvent: {}
[15.171184] (-) TimerEvent: {}
[15.271491] (-) TimerEvent: {}
[15.371777] (-) TimerEvent: {}
[15.473957] (-) TimerEvent: {}
[15.575132] (-) TimerEvent: {}
[15.675426] (-) TimerEvent: {}
[15.777208] (-) TimerEvent: {}
[15.879873] (-) TimerEvent: {}
[15.981098] (-) TimerEvent: {}
[16.085948] (-) TimerEvent: {}
[16.186700] (-) TimerEvent: {}
[16.295921] (-) TimerEvent: {}
[16.396665] (-) TimerEvent: {}
[16.770103] (-) TimerEvent: {}
[16.871030] (-) TimerEvent: {}
[16.971759] (-) TimerEvent: {}
[17.072989] (-) TimerEvent: {}
[17.176070] (-) TimerEvent: {}
[17.276933] (-) TimerEvent: {}
[17.530315] (-) TimerEvent: {}
[17.631975] (-) TimerEvent: {}
[18.133285] (-) TimerEvent: {}
[18.234095] (-) TimerEvent: {}
[18.334414] (-) TimerEvent: {}
[18.434965] (-) TimerEvent: {}
[18.535462] (-) TimerEvent: {}
[18.635940] (-) TimerEvent: {}
[18.738027] (-) TimerEvent: {}
[18.839018] (-) TimerEvent: {}
[18.939812] (-) TimerEvent: {}
[19.040276] (-) TimerEvent: {}
[19.064376] (opennav_coverage_msgs) StdoutLine: {'line': b'[ 33%] \x1b[32mBuilding CXX object CMakeFiles/opennav_coverage_msgs__rosidl_typesupport_introspection_cpp.dir/rosidl_typesupport_introspection_cpp/opennav_coverage_msgs/msg/detail/coordinate__type_support.cpp.o\x1b[0m\n'}
[19.099629] (opennav_coverage_msgs) StdoutLine: {'line': b'[ 34%] \x1b[32mBuilding CXX object CMakeFiles/opennav_coverage_msgs__rosidl_typesupport_introspection_cpp.dir/rosidl_typesupport_introspection_cpp/opennav_coverage_msgs/msg/detail/coordinates__type_support.cpp.o\x1b[0m\n'}
[19.140456] (-) TimerEvent: {}
[19.160713] (opennav_coverage_msgs) StdoutLine: {'line': b'[ 35%] \x1b[32mBuilding CXX object CMakeFiles/opennav_coverage_msgs__rosidl_typesupport_introspection_cpp.dir/rosidl_typesupport_introspection_cpp/opennav_coverage_msgs/msg/detail/headland_mode__type_support.cpp.o\x1b[0m\n'}
[19.245097] (-) TimerEvent: {}
[19.261120] (opennav_coverage_msgs) StdoutLine: {'line': b'[ 36%] \x1b[32mBuilding CXX object CMakeFiles/opennav_coverage_msgs__rosidl_typesupport_c.dir/rosidl_typesupport_c/opennav_coverage_msgs/msg/coordinate__type_support.cpp.o\x1b[0m\n'}
[19.345979] (-) TimerEvent: {}
[19.446288] (-) TimerEvent: {}
[19.581106] (-) TimerEvent: {}
[19.735109] (-) TimerEvent: {}
[19.835458] (-) TimerEvent: {}
[19.846951] (opennav_coverage_msgs) StdoutLine: {'line': b'[ 37%] \x1b[32mBuilding CXX object CMakeFiles/opennav_coverage_msgs__rosidl_typesupport_c.dir/rosidl_typesupport_c/opennav_coverage_msgs/msg/coordinates__type_support.cpp.o\x1b[0m\n'}
[19.935567] (-) TimerEvent: {}
[20.035885] (-) TimerEvent: {}
[20.072743] (opennav_coverage_msgs) StdoutLine: {'line': b'[ 38%] \x1b[32mBuilding CXX object CMakeFiles/opennav_coverage_msgs__rosidl_typesupport_cpp.dir/rosidl_typesupport_cpp/opennav_coverage_msgs/msg/coordinate__type_support.cpp.o\x1b[0m\n'}
[20.081583] (opennav_coverage_msgs) StdoutLine: {'line': b'[ 39%] \x1b[32mBuilding CXX object CMakeFiles/opennav_coverage_msgs__rosidl_typesupport_c.dir/rosidl_typesupport_c/opennav_coverage_msgs/msg/headland_mode__type_support.cpp.o\x1b[0m\n'}
[20.136001] (-) TimerEvent: {}
[20.236319] (-) TimerEvent: {}
[20.333253] (opennav_coverage_msgs) StdoutLine: {'line': b'[ 39%] \x1b[32mBuilding CXX object CMakeFiles/opennav_coverage_msgs__rosidl_typesupport_c.dir/rosidl_typesupport_c/opennav_coverage_msgs/msg/swath_mode__type_support.cpp.o\x1b[0m\n'}
[20.345567] (-) TimerEvent: {}
[20.445942] (-) TimerEvent: {}
[20.546308] (-) TimerEvent: {}
[20.816396] (-) TimerEvent: {}
[20.853974] (opennav_coverage_msgs) StdoutLine: {'line': b'[ 40%] \x1b[32mBuilding CXX object CMakeFiles/opennav_coverage_msgs__rosidl_typesupport_c.dir/rosidl_typesupport_c/opennav_coverage_msgs/msg/row_swath_mode__type_support.cpp.o\x1b[0m\n'}
[20.918763] (-) TimerEvent: {}
[20.993521] (opennav_coverage_msgs) StdoutLine: {'line': b'[ 41%] \x1b[32mBuilding CXX object CMakeFiles/opennav_coverage_msgs__rosidl_typesupport_c.dir/rosidl_typesupport_c/opennav_coverage_msgs/msg/route_mode__type_support.cpp.o\x1b[0m\n'}
[21.050776] (-) TimerEvent: {}
[21.152029] (-) TimerEvent: {}
[21.215151] (opennav_coverage_msgs) StdoutLine: {'line': b'[ 41%] \x1b[32mBuilding CXX object CMakeFiles/opennav_coverage_msgs__rosidl_typesupport_c.dir/rosidl_typesupport_c/opennav_coverage_msgs/msg/path_mode__type_support.cpp.o\x1b[0m\n'}
[21.252147] (-) TimerEvent: {}
[21.319983] (opennav_coverage_msgs) StdoutLine: {'line': b'[ 41%] \x1b[32mBuilding CXX object CMakeFiles/opennav_coverage_msgs__rosidl_typesupport_cpp.dir/rosidl_typesupport_cpp/opennav_coverage_msgs/msg/coordinates__type_support.cpp.o\x1b[0m\n'}
[21.346277] (opennav_coverage_msgs) StdoutLine: {'line': b'[ 42%] \x1b[32mBuilding CXX object CMakeFiles/opennav_coverage_msgs__rosidl_typesupport_c.dir/rosidl_typesupport_c/opennav_coverage_msgs/msg/swath__type_support.cpp.o\x1b[0m\n'}
[21.350358] (opennav_coverage_msgs) StdoutLine: {'line': b'[ 43%] \x1b[32mBuilding C object CMakeFiles/opennav_coverage_msgs__rosidl_typesupport_introspection_c.dir/rosidl_typesupport_introspection_c/opennav_coverage_msgs/msg/detail/coordinate__type_support.c.o\x1b[0m\n'}
[21.352304] (-) TimerEvent: {}
[21.392177] (opennav_coverage_msgs) StdoutLine: {'line': b'[ 44%] \x1b[32mBuilding CXX object CMakeFiles/opennav_coverage_msgs__rosidl_typesupport_introspection_cpp.dir/rosidl_typesupport_introspection_cpp/opennav_coverage_msgs/msg/detail/row_swath_mode__type_support.cpp.o\x1b[0m\n'}
[21.452494] (-) TimerEvent: {}
[21.553166] (-) TimerEvent: {}
[21.567493] (opennav_coverage_msgs) StdoutLine: {'line': b'[ 45%] \x1b[32mBuilding CXX object CMakeFiles/opennav_coverage_msgs__rosidl_typesupport_c.dir/rosidl_typesupport_c/opennav_coverage_msgs/msg/path_components__type_support.cpp.o\x1b[0m\n'}
[21.592264] (opennav_coverage_msgs) StdoutLine: {'line': b'[ 45%] \x1b[32mBuilding C object CMakeFiles/opennav_coverage_msgs__rosidl_typesupport_introspection_c.dir/rosidl_typesupport_introspection_c/opennav_coverage_msgs/msg/detail/coordinates__type_support.c.o\x1b[0m\n'}
[21.683464] (-) TimerEvent: {}
[21.757978] (opennav_coverage_msgs) StdoutLine: {'line': b'[ 46%] \x1b[32mBuilding CXX object CMakeFiles/opennav_coverage_msgs__rosidl_typesupport_c.dir/rosidl_typesupport_c/opennav_coverage_msgs/action/compute_coverage_path__type_support.cpp.o\x1b[0m\n'}
[21.783669] (-) TimerEvent: {}
[21.816148] (opennav_coverage_msgs) StdoutLine: {'line': b'[ 47%] \x1b[32mBuilding C object CMakeFiles/opennav_coverage_msgs__rosidl_typesupport_introspection_c.dir/rosidl_typesupport_introspection_c/opennav_coverage_msgs/msg/detail/headland_mode__type_support.c.o\x1b[0m\n'}
[21.883865] (-) TimerEvent: {}
[21.910287] (opennav_coverage_msgs) StdoutLine: {'line': b'[ 48%] \x1b[32mBuilding C object CMakeFiles/opennav_coverage_msgs__rosidl_typesupport_introspection_c.dir/rosidl_typesupport_introspection_c/opennav_coverage_msgs/msg/detail/swath_mode__type_support.c.o\x1b[0m\n'}
[21.984236] (-) TimerEvent: {}
[22.002317] (opennav_coverage_msgs) StdoutLine: {'line': b'[ 48%] \x1b[32mBuilding CXX object CMakeFiles/opennav_coverage_msgs__rosidl_typesupport_c.dir/rosidl_typesupport_c/opennav_coverage_msgs/action/navigate_complete_coverage__type_support.cpp.o\x1b[0m\n'}
[22.085108] (-) TimerEvent: {}
[22.090375] (opennav_coverage_msgs) StdoutLine: {'line': b'[ 49%] \x1b[32mBuilding C object CMakeFiles/opennav_coverage_msgs__rosidl_typesupport_introspection_c.dir/rosidl_typesupport_introspection_c/opennav_coverage_msgs/msg/detail/row_swath_mode__type_support.c.o\x1b[0m\n'}
[22.185208] (-) TimerEvent: {}
[22.278081] (opennav_coverage_msgs) StdoutLine: {'line': b'[ 50%] \x1b[32m\x1b[1mLinking CXX shared library libopennav_coverage_msgs__rosidl_typesupport_c.so\x1b[0m\n'}
[22.282294] (opennav_coverage_msgs) StdoutLine: {'line': b'[ 50%] \x1b[32mBuilding C object CMakeFiles/opennav_coverage_msgs__rosidl_typesupport_introspection_c.dir/rosidl_typesupport_introspection_c/opennav_coverage_msgs/msg/detail/route_mode__type_support.c.o\x1b[0m\n'}
[22.285312] (-) TimerEvent: {}
[22.360083] (opennav_coverage_msgs) StdoutLine: {'line': b'[ 51%] \x1b[32mBuilding CXX object CMakeFiles/opennav_coverage_msgs__rosidl_typesupport_fastrtps_cpp.dir/rosidl_typesupport_fastrtps_cpp/opennav_coverage_msgs/msg/detail/dds_fastrtps/coordinate__type_support.cpp.o\x1b[0m\n'}
[22.380305] (opennav_coverage_msgs) StdoutLine: {'line': b'[ 52%] \x1b[32mBuilding C object CMakeFiles/opennav_coverage_msgs__rosidl_typesupport_introspection_c.dir/rosidl_typesupport_introspection_c/opennav_coverage_msgs/msg/detail/path_mode__type_support.c.o\x1b[0m\n'}
[22.385433] (-) TimerEvent: {}
[22.436136] (opennav_coverage_msgs) StdoutLine: {'line': b'[ 52%] Built target opennav_coverage_msgs__rosidl_typesupport_c\n'}
[22.442228] (opennav_coverage_msgs) StdoutLine: {'line': b'[ 53%] \x1b[32mBuilding CXX object CMakeFiles/opennav_coverage_msgs__rosidl_typesupport_cpp.dir/rosidl_typesupport_cpp/opennav_coverage_msgs/msg/headland_mode__type_support.cpp.o\x1b[0m\n'}
[22.446286] (opennav_coverage_msgs) StdoutLine: {'line': b'[ 53%] \x1b[32mBuilding CXX object CMakeFiles/opennav_coverage_msgs__rosidl_typesupport_introspection_cpp.dir/rosidl_typesupport_introspection_cpp/opennav_coverage_msgs/msg/detail/swath_mode__type_support.cpp.o\x1b[0m\n'}
[22.485543] (-) TimerEvent: {}
[22.544826] (opennav_coverage_msgs) StdoutLine: {'line': b'[ 54%] \x1b[32mBuilding C object CMakeFiles/opennav_coverage_msgs__rosidl_typesupport_introspection_c.dir/rosidl_typesupport_introspection_c/opennav_coverage_msgs/msg/detail/swath__type_support.c.o\x1b[0m\n'}
[22.585960] (-) TimerEvent: {}
[22.687106] (-) TimerEvent: {}
[22.773789] (opennav_coverage_msgs) StdoutLine: {'line': b'[ 54%] \x1b[32mBuilding C object CMakeFiles/opennav_coverage_msgs__rosidl_typesupport_introspection_c.dir/rosidl_typesupport_introspection_c/opennav_coverage_msgs/msg/detail/path_components__type_support.c.o\x1b[0m\n'}
[22.788104] (-) TimerEvent: {}
[22.890168] (-) TimerEvent: {}
[22.992123] (-) TimerEvent: {}
[22.995028] (opennav_coverage_msgs) StdoutLine: {'line': b'[ 55%] \x1b[32mBuilding C object CMakeFiles/opennav_coverage_msgs__rosidl_typesupport_introspection_c.dir/rosidl_typesupport_introspection_c/opennav_coverage_msgs/action/detail/compute_coverage_path__type_support.c.o\x1b[0m\n'}
[23.092185] (-) TimerEvent: {}
[23.157686] (opennav_coverage_msgs) StdoutLine: {'line': b'[ 55%] \x1b[32mBuilding CXX object CMakeFiles/opennav_coverage_msgs__rosidl_typesupport_fastrtps_c.dir/rosidl_typesupport_fastrtps_c/opennav_coverage_msgs/msg/detail/coordinate__type_support_c.cpp.o\x1b[0m\n'}
[23.192244] (-) TimerEvent: {}
[23.241629] (opennav_coverage_msgs) StdoutLine: {'line': b'[ 56%] \x1b[32mBuilding CXX object CMakeFiles/opennav_coverage_msgs__rosidl_typesupport_introspection_cpp.dir/rosidl_typesupport_introspection_cpp/opennav_coverage_msgs/msg/detail/route_mode__type_support.cpp.o\x1b[0m\n'}
[23.284220] (opennav_coverage_msgs) StdoutLine: {'line': b'[ 57%] \x1b[32mBuilding C object CMakeFiles/opennav_coverage_msgs__rosidl_typesupport_introspection_c.dir/rosidl_typesupport_introspection_c/opennav_coverage_msgs/action/detail/navigate_complete_coverage__type_support.c.o\x1b[0m\n'}
[23.293095] (-) TimerEvent: {}
[23.393414] (-) TimerEvent: {}
[23.493725] (-) TimerEvent: {}
[23.537085] (opennav_coverage_msgs) StdoutLine: {'line': b'[ 58%] \x1b[32mBuilding CXX object CMakeFiles/opennav_coverage_msgs__rosidl_typesupport_cpp.dir/rosidl_typesupport_cpp/opennav_coverage_msgs/msg/row_swath_mode__type_support.cpp.o\x1b[0m\n'}
[23.593842] (-) TimerEvent: {}
[23.686774] (opennav_coverage_msgs) StdoutLine: {'line': b'[ 59%] \x1b[32m\x1b[1mLinking C shared library libopennav_coverage_msgs__rosidl_typesupport_introspection_c.so\x1b[0m\n'}
[23.693976] (-) TimerEvent: {}
[23.794289] (-) TimerEvent: {}
[23.846473] (opennav_coverage_msgs) StdoutLine: {'line': b'[ 59%] Built target opennav_coverage_msgs__rosidl_typesupport_introspection_c\n'}
[23.855513] (opennav_coverage_msgs) StdoutLine: {'line': b'[ 59%] \x1b[32mBuilding CXX object CMakeFiles/opennav_coverage_msgs__rosidl_typesupport_fastrtps_cpp.dir/rosidl_typesupport_fastrtps_cpp/opennav_coverage_msgs/msg/detail/dds_fastrtps/headland_mode__type_support.cpp.o\x1b[0m\n'}
[23.894409] (-) TimerEvent: {}
[23.994753] (-) TimerEvent: {}
[24.096111] (-) TimerEvent: {}
[24.176166] (opennav_coverage_msgs) StdoutLine: {'line': b'[ 60%] \x1b[32mBuilding CXX object CMakeFiles/opennav_coverage_msgs__rosidl_typesupport_introspection_cpp.dir/rosidl_typesupport_introspection_cpp/opennav_coverage_msgs/msg/detail/path_mode__type_support.cpp.o\x1b[0m\n'}
[24.196228] (-) TimerEvent: {}
[24.296570] (-) TimerEvent: {}
[24.398210] (-) TimerEvent: {}
[24.398479] (opennav_coverage_msgs) StdoutLine: {'line': b'[ 61%] \x1b[32mBuilding CXX object CMakeFiles/opennav_coverage_msgs__rosidl_typesupport_cpp.dir/rosidl_typesupport_cpp/opennav_coverage_msgs/msg/swath_mode__type_support.cpp.o\x1b[0m\n'}
[24.480275] (opennav_coverage_msgs) StdoutLine: {'line': b'[ 62%] \x1b[32mBuilding CXX object CMakeFiles/opennav_coverage_msgs__rosidl_typesupport_fastrtps_c.dir/rosidl_typesupport_fastrtps_c/opennav_coverage_msgs/msg/detail/headland_mode__type_support_c.cpp.o\x1b[0m\n'}
[24.498308] (-) TimerEvent: {}
[24.598571] (-) TimerEvent: {}
[24.703118] (-) TimerEvent: {}
[24.803474] (-) TimerEvent: {}
[24.905106] (-) TimerEvent: {}
[24.933258] (opennav_coverage_msgs) StdoutLine: {'line': b'[ 62%] \x1b[32mBuilding CXX object CMakeFiles/opennav_coverage_msgs__rosidl_typesupport_introspection_cpp.dir/rosidl_typesupport_introspection_cpp/opennav_coverage_msgs/msg/detail/swath__type_support.cpp.o\x1b[0m\n'}
[25.005218] (-) TimerEvent: {}
[25.105533] (-) TimerEvent: {}
[25.205882] (-) TimerEvent: {}
[25.306251] (-) TimerEvent: {}
[25.363617] (opennav_coverage_msgs) StdoutLine: {'line': b'[ 63%] \x1b[32mBuilding CXX object CMakeFiles/opennav_coverage_msgs__rosidl_typesupport_fastrtps_cpp.dir/rosidl_typesupport_fastrtps_cpp/opennav_coverage_msgs/msg/detail/dds_fastrtps/row_swath_mode__type_support.cpp.o\x1b[0m\n'}
[25.387156] (opennav_coverage_msgs) StdoutLine: {'line': b'[ 63%] \x1b[32mBuilding CXX object CMakeFiles/opennav_coverage_msgs__rosidl_typesupport_cpp.dir/rosidl_typesupport_cpp/opennav_coverage_msgs/msg/route_mode__type_support.cpp.o\x1b[0m\n'}
[25.407498] (-) TimerEvent: {}
[25.513102] (-) TimerEvent: {}
[25.613449] (-) TimerEvent: {}
[25.707916] (opennav_coverage_msgs) StdoutLine: {'line': b'[ 64%] \x1b[32mBuilding CXX object CMakeFiles/opennav_coverage_msgs__rosidl_typesupport_fastrtps_c.dir/rosidl_typesupport_fastrtps_c/opennav_coverage_msgs/msg/detail/swath_mode__type_support_c.cpp.o\x1b[0m\n'}
[25.714164] (-) TimerEvent: {}
[25.774664] (opennav_coverage_msgs) StdoutLine: {'line': b'[ 65%] \x1b[32mBuilding CXX object CMakeFiles/opennav_coverage_msgs__rosidl_typesupport_introspection_cpp.dir/rosidl_typesupport_introspection_cpp/opennav_coverage_msgs/msg/detail/path_components__type_support.cpp.o\x1b[0m\n'}
[25.814291] (-) TimerEvent: {}
[25.915112] (-) TimerEvent: {}
[26.015450] (-) TimerEvent: {}
[26.117496] (-) TimerEvent: {}
[26.210089] (opennav_coverage_msgs) StdoutLine: {'line': b'[ 66%] \x1b[32mBuilding CXX object CMakeFiles/opennav_coverage_msgs__rosidl_typesupport_cpp.dir/rosidl_typesupport_cpp/opennav_coverage_msgs/msg/path_mode__type_support.cpp.o\x1b[0m\n'}
[26.215932] (-) TimerEvent: {}
[26.317514] (-) TimerEvent: {}
[26.469269] (-) TimerEvent: {}
[26.587542] (-) TimerEvent: {}
[26.686214] (opennav_coverage_msgs) StdoutLine: {'line': b'[ 67%] \x1b[32mBuilding CXX object CMakeFiles/opennav_coverage_msgs__rosidl_typesupport_fastrtps_cpp.dir/rosidl_typesupport_fastrtps_cpp/opennav_coverage_msgs/msg/detail/dds_fastrtps/swath_mode__type_support.cpp.o\x1b[0m\n'}
[26.687776] (-) TimerEvent: {}
[26.789097] (-) TimerEvent: {}
[26.882368] (opennav_coverage_msgs) StdoutLine: {'line': b'[ 67%] \x1b[32mBuilding CXX object CMakeFiles/opennav_coverage_msgs__rosidl_typesupport_fastrtps_c.dir/rosidl_typesupport_fastrtps_c/opennav_coverage_msgs/msg/detail/row_swath_mode__type_support_c.cpp.o\x1b[0m\n'}
[26.889211] (-) TimerEvent: {}
[26.990673] (-) TimerEvent: {}
[27.091027] (-) TimerEvent: {}
[27.191654] (-) TimerEvent: {}
[27.245463] (opennav_coverage_msgs) StdoutLine: {'line': b'[ 68%] \x1b[32mBuilding CXX object CMakeFiles/opennav_coverage_msgs__rosidl_typesupport_cpp.dir/rosidl_typesupport_cpp/opennav_coverage_msgs/msg/path_components__type_support.cpp.o\x1b[0m\n'}
[27.291706] (-) TimerEvent: {}
[27.326908] (opennav_coverage_msgs) StdoutLine: {'line': b'[ 69%] \x1b[32mBuilding CXX object CMakeFiles/opennav_coverage_msgs__rosidl_typesupport_introspection_cpp.dir/rosidl_typesupport_introspection_cpp/opennav_coverage_msgs/action/detail/compute_coverage_path__type_support.cpp.o\x1b[0m\n'}
[27.391792] (-) TimerEvent: {}
[27.492218] (-) TimerEvent: {}
[27.592533] (-) TimerEvent: {}
[27.696238] (-) TimerEvent: {}
[27.796709] (-) TimerEvent: {}
[27.880982] (opennav_coverage_msgs) StdoutLine: {'line': b'[ 70%] \x1b[32mBuilding CXX object CMakeFiles/opennav_coverage_msgs__rosidl_typesupport_fastrtps_cpp.dir/rosidl_typesupport_fastrtps_cpp/opennav_coverage_msgs/msg/detail/dds_fastrtps/coordinates__type_support.cpp.o\x1b[0m\n'}
[27.896800] (-) TimerEvent: {}
[27.912841] (opennav_coverage_msgs) StdoutLine: {'line': b'[ 71%] \x1b[32mBuilding CXX object CMakeFiles/opennav_coverage_msgs__rosidl_typesupport_cpp.dir/rosidl_typesupport_cpp/opennav_coverage_msgs/msg/swath__type_support.cpp.o\x1b[0m\n'}
[27.996909] (-) TimerEvent: {}
[28.030413] (opennav_coverage_msgs) StdoutLine: {'line': b'[ 72%] \x1b[32mBuilding CXX object CMakeFiles/opennav_coverage_msgs__rosidl_typesupport_fastrtps_c.dir/rosidl_typesupport_fastrtps_c/opennav_coverage_msgs/msg/detail/route_mode__type_support_c.cpp.o\x1b[0m\n'}
[28.097044] (-) TimerEvent: {}
[28.198572] (-) TimerEvent: {}
[28.304608] (-) TimerEvent: {}
[28.404989] (-) TimerEvent: {}
[28.548313] (-) TimerEvent: {}
[28.649568] (-) TimerEvent: {}
[28.751265] (-) TimerEvent: {}
[28.788185] (opennav_coverage_msgs) StdoutLine: {'line': b'[ 72%] \x1b[32mBuilding CXX object CMakeFiles/opennav_coverage_msgs__rosidl_typesupport_cpp.dir/rosidl_typesupport_cpp/opennav_coverage_msgs/action/compute_coverage_path__type_support.cpp.o\x1b[0m\n'}
[28.852099] (-) TimerEvent: {}
[28.952474] (-) TimerEvent: {}
[29.052798] (-) TimerEvent: {}
[29.154113] (-) TimerEvent: {}
[29.207258] (opennav_coverage_msgs) StdoutLine: {'line': b'[ 73%] \x1b[32mBuilding CXX object CMakeFiles/opennav_coverage_msgs__rosidl_typesupport_fastrtps_cpp.dir/rosidl_typesupport_fastrtps_cpp/opennav_coverage_msgs/msg/detail/dds_fastrtps/route_mode__type_support.cpp.o\x1b[0m\n'}
[29.243370] (opennav_coverage_msgs) StdoutLine: {'line': b'[ 73%] \x1b[32mBuilding CXX object CMakeFiles/opennav_coverage_msgs__rosidl_typesupport_fastrtps_c.dir/rosidl_typesupport_fastrtps_c/opennav_coverage_msgs/msg/detail/swath__type_support_c.cpp.o\x1b[0m\n'}
[29.254742] (-) TimerEvent: {}
[29.355267] (-) TimerEvent: {}
[29.455649] (-) TimerEvent: {}
[29.556108] (-) TimerEvent: {}
[29.657871] (-) TimerEvent: {}
[29.767068] (-) TimerEvent: {}
[29.870567] (-) TimerEvent: {}
[29.971057] (-) TimerEvent: {}
[30.071401] (-) TimerEvent: {}
[30.172573] (-) TimerEvent: {}
[30.273118] (-) TimerEvent: {}
[30.374094] (-) TimerEvent: {}
[30.405270] (opennav_coverage_msgs) StdoutLine: {'line': b'[ 73%] \x1b[32mBuilding CXX object CMakeFiles/opennav_coverage_msgs__rosidl_typesupport_fastrtps_cpp.dir/rosidl_typesupport_fastrtps_cpp/opennav_coverage_msgs/msg/detail/dds_fastrtps/path_mode__type_support.cpp.o\x1b[0m\n'}
[30.426369] (opennav_coverage_msgs) StdoutLine: {'line': b'[ 74%] \x1b[32mBuilding CXX object CMakeFiles/opennav_coverage_msgs__rosidl_typesupport_fastrtps_c.dir/rosidl_typesupport_fastrtps_c/opennav_coverage_msgs/msg/detail/path_mode__type_support_c.cpp.o\x1b[0m\n'}
[30.483442] (-) TimerEvent: {}
[30.584227] (-) TimerEvent: {}
[30.675205] (opennav_coverage_msgs) StdoutLine: {'line': b'[ 75%] \x1b[32mBuilding CXX object CMakeFiles/opennav_coverage_msgs__rosidl_typesupport_introspection_cpp.dir/rosidl_typesupport_introspection_cpp/opennav_coverage_msgs/action/detail/navigate_complete_coverage__type_support.cpp.o\x1b[0m\n'}
[30.684342] (-) TimerEvent: {}
[30.788103] (-) TimerEvent: {}
[30.888430] (-) TimerEvent: {}
[31.010427] (-) TimerEvent: {}
[31.114660] (-) TimerEvent: {}
[31.215772] (-) TimerEvent: {}
[31.247128] (opennav_coverage_msgs) StdoutLine: {'line': b'[ 76%] \x1b[32mBuilding CXX object CMakeFiles/opennav_coverage_msgs__rosidl_typesupport_cpp.dir/rosidl_typesupport_cpp/opennav_coverage_msgs/action/navigate_complete_coverage__type_support.cpp.o\x1b[0m\n'}
[31.316101] (-) TimerEvent: {}
[31.416449] (-) TimerEvent: {}
[31.517181] (-) TimerEvent: {}
[31.617522] (-) TimerEvent: {}
[31.627091] (opennav_coverage_msgs) StdoutLine: {'line': b'[ 77%] \x1b[32mBuilding CXX object CMakeFiles/opennav_coverage_msgs__rosidl_typesupport_fastrtps_c.dir/rosidl_typesupport_fastrtps_c/opennav_coverage_msgs/action/detail/compute_coverage_path__type_support_c.cpp.o\x1b[0m\n'}
[31.702824] (opennav_coverage_msgs) StdoutLine: {'line': b'[ 78%] \x1b[32mBuilding CXX object CMakeFiles/opennav_coverage_msgs__rosidl_typesupport_fastrtps_cpp.dir/rosidl_typesupport_fastrtps_cpp/opennav_coverage_msgs/msg/detail/dds_fastrtps/swath__type_support.cpp.o\x1b[0m\n'}
[31.717713] (-) TimerEvent: {}
[31.818053] (-) TimerEvent: {}
[31.919104] (-) TimerEvent: {}
[32.019443] (-) TimerEvent: {}
[32.119783] (-) TimerEvent: {}
[32.221112] (-) TimerEvent: {}
[32.321469] (-) TimerEvent: {}
[32.421792] (-) TimerEvent: {}
[32.543099] (-) TimerEvent: {}
[32.643443] (-) TimerEvent: {}
[32.743806] (-) TimerEvent: {}
[32.774926] (opennav_coverage_msgs) StdoutLine: {'line': b'[ 79%] \x1b[32mBuilding CXX object CMakeFiles/opennav_coverage_msgs__rosidl_typesupport_fastrtps_cpp.dir/rosidl_typesupport_fastrtps_cpp/opennav_coverage_msgs/msg/detail/dds_fastrtps/path_components__type_support.cpp.o\x1b[0m\n'}
[32.843915] (-) TimerEvent: {}
[32.857278] (opennav_coverage_msgs) StdoutLine: {'line': b'[ 79%] \x1b[32m\x1b[1mLinking CXX shared library libopennav_coverage_msgs__rosidl_typesupport_introspection_cpp.so\x1b[0m\n'}
[32.944111] (-) TimerEvent: {}
[33.045381] (-) TimerEvent: {}
[33.145724] (-) TimerEvent: {}
[33.163544] (opennav_coverage_msgs) StdoutLine: {'line': b'[ 79%] Built target opennav_coverage_msgs__rosidl_typesupport_introspection_cpp\n'}
[33.245867] (-) TimerEvent: {}
[33.263519] (opennav_coverage_msgs) StdoutLine: {'line': b'[ 80%] \x1b[32m\x1b[1mLinking CXX shared library libopennav_coverage_msgs__rosidl_typesupport_cpp.so\x1b[0m\n'}
[33.291235] (opennav_coverage_msgs) StdoutLine: {'line': b'[ 81%] \x1b[32mBuilding CXX object CMakeFiles/opennav_coverage_msgs__rosidl_typesupport_fastrtps_c.dir/rosidl_typesupport_fastrtps_c/opennav_coverage_msgs/action/detail/navigate_complete_coverage__type_support_c.cpp.o\x1b[0m\n'}
[33.347112] (-) TimerEvent: {}
[33.427162] (opennav_coverage_msgs) StdoutLine: {'line': b'[ 81%] Built target opennav_coverage_msgs__rosidl_typesupport_cpp\n'}
[33.447227] (-) TimerEvent: {}
[33.547574] (-) TimerEvent: {}
[33.647927] (-) TimerEvent: {}
[33.748291] (-) TimerEvent: {}
[33.848607] (-) TimerEvent: {}
[33.948901] (-) TimerEvent: {}
[34.003790] (opennav_coverage_msgs) StdoutLine: {'line': b'[ 81%] \x1b[32mBuilding CXX object CMakeFiles/opennav_coverage_msgs__rosidl_typesupport_fastrtps_cpp.dir/rosidl_typesupport_fastrtps_cpp/opennav_coverage_msgs/action/detail/dds_fastrtps/navigate_complete_coverage__type_support.cpp.o\x1b[0m\n'}
[34.049012] (-) TimerEvent: {}
[34.149347] (-) TimerEvent: {}
[34.249912] (-) TimerEvent: {}
[34.350260] (-) TimerEvent: {}
[34.397778] (opennav_coverage_msgs) StdoutLine: {'line': b'[ 82%] \x1b[32mBuilding CXX object CMakeFiles/opennav_coverage_msgs__rosidl_typesupport_fastrtps_c.dir/rosidl_typesupport_fastrtps_c/opennav_coverage_msgs/msg/detail/path_components__type_support_c.cpp.o\x1b[0m\n'}
[34.450383] (-) TimerEvent: {}
[34.550675] (-) TimerEvent: {}
[34.651190] (-) TimerEvent: {}
[34.751544] (-) TimerEvent: {}
[34.851798] (-) TimerEvent: {}
[34.952092] (-) TimerEvent: {}
[35.055262] (-) TimerEvent: {}
[35.155554] (-) TimerEvent: {}
[35.255850] (-) TimerEvent: {}
[35.334737] (opennav_coverage_msgs) StdoutLine: {'line': b'[ 83%] \x1b[32mBuilding CXX object CMakeFiles/opennav_coverage_msgs__rosidl_typesupport_fastrtps_c.dir/rosidl_typesupport_fastrtps_c/opennav_coverage_msgs/msg/detail/coordinates__type_support_c.cpp.o\x1b[0m\n'}
[35.355975] (-) TimerEvent: {}
[35.456352] (-) TimerEvent: {}
[35.556790] (-) TimerEvent: {}
[35.657081] (-) TimerEvent: {}
[35.758221] (-) TimerEvent: {}
[35.858656] (-) TimerEvent: {}
[35.959029] (-) TimerEvent: {}
[36.048200] (opennav_coverage_msgs) StdoutLine: {'line': b'[ 84%] \x1b[32mBuilding CXX object CMakeFiles/opennav_coverage_msgs__rosidl_typesupport_fastrtps_cpp.dir/rosidl_typesupport_fastrtps_cpp/opennav_coverage_msgs/action/detail/dds_fastrtps/compute_coverage_path__type_support.cpp.o\x1b[0m\n'}
[36.059307] (-) TimerEvent: {}
[36.159614] (-) TimerEvent: {}
[36.259953] (-) TimerEvent: {}
[36.327246] (opennav_coverage_msgs) StdoutLine: {'line': b'[ 84%] \x1b[32m\x1b[1mLinking CXX shared library libopennav_coverage_msgs__rosidl_typesupport_fastrtps_c.so\x1b[0m\n'}
[36.360084] (-) TimerEvent: {}
[36.460465] (-) TimerEvent: {}
[36.486030] (opennav_coverage_msgs) StdoutLine: {'line': b'[ 84%] Built target opennav_coverage_msgs__rosidl_typesupport_fastrtps_c\n'}
[36.560549] (-) TimerEvent: {}
[36.660990] (-) TimerEvent: {}
[36.761437] (-) TimerEvent: {}
[36.861937] (-) TimerEvent: {}
[36.962272] (-) TimerEvent: {}
[37.062605] (-) TimerEvent: {}
[37.162906] (-) TimerEvent: {}
[37.263170] (-) TimerEvent: {}
[37.363475] (-) TimerEvent: {}
[37.464104] (-) TimerEvent: {}
[37.564422] (-) TimerEvent: {}
[37.664725] (-) TimerEvent: {}
[37.765016] (-) TimerEvent: {}
[37.865274] (-) TimerEvent: {}
[37.965533] (-) TimerEvent: {}
[38.065842] (-) TimerEvent: {}
[38.140622] (opennav_coverage_msgs) StdoutLine: {'line': b'[ 85%] \x1b[32m\x1b[1mLinking CXX shared library libopennav_coverage_msgs__rosidl_typesupport_fastrtps_cpp.so\x1b[0m\n'}
[38.165933] (-) TimerEvent: {}
[38.266184] (-) TimerEvent: {}
[38.287361] (opennav_coverage_msgs) StdoutLine: {'line': b'[ 85%] Built target opennav_coverage_msgs__rosidl_typesupport_fastrtps_cpp\n'}
[38.322918] (opennav_coverage_msgs) StdoutLine: {'line': b'[ 85%] Built target opennav_coverage_msgs\n'}
[38.360651] (opennav_coverage_msgs) StdoutLine: {'line': b'[ 86%] \x1b[34m\x1b[1mGenerating Python code for ROS interfaces\x1b[0m\n'}
[38.366310] (-) TimerEvent: {}
[38.466774] (-) TimerEvent: {}
[38.567211] (-) TimerEvent: {}
[38.667440] (-) TimerEvent: {}
[38.767758] (-) TimerEvent: {}
[38.868122] (-) TimerEvent: {}
[38.968569] (-) TimerEvent: {}
[39.069378] (-) TimerEvent: {}
[39.169663] (-) TimerEvent: {}
[39.269942] (-) TimerEvent: {}
[39.370265] (-) TimerEvent: {}
[39.470559] (-) TimerEvent: {}
[39.570859] (-) TimerEvent: {}
[39.671175] (-) TimerEvent: {}
[39.771455] (-) TimerEvent: {}
[39.871739] (-) TimerEvent: {}
[39.972331] (-) TimerEvent: {}
[40.072719] (-) TimerEvent: {}
[40.173063] (-) TimerEvent: {}
[40.273346] (-) TimerEvent: {}
[40.373607] (-) TimerEvent: {}
[40.473875] (-) TimerEvent: {}
[40.574334] (-) TimerEvent: {}
[40.675057] (-) TimerEvent: {}
[40.775416] (-) TimerEvent: {}
[40.875702] (-) TimerEvent: {}
[40.976021] (-) TimerEvent: {}
[41.076492] (-) TimerEvent: {}
[41.176802] (-) TimerEvent: {}
[41.277099] (-) TimerEvent: {}
[41.377387] (-) TimerEvent: {}
[41.477672] (-) TimerEvent: {}
[41.578231] (-) TimerEvent: {}
[41.678526] (-) TimerEvent: {}
[41.778856] (-) TimerEvent: {}
[41.879198] (-) TimerEvent: {}
[41.979472] (-) TimerEvent: {}
[42.079769] (-) TimerEvent: {}
[42.180045] (-) TimerEvent: {}
[42.280307] (-) TimerEvent: {}
[42.380589] (-) TimerEvent: {}
[42.480877] (-) TimerEvent: {}
[42.581184] (-) TimerEvent: {}
[42.681454] (-) TimerEvent: {}
[42.781861] (-) TimerEvent: {}
[42.882189] (-) TimerEvent: {}
[42.982536] (-) TimerEvent: {}
[43.082836] (-) TimerEvent: {}
[43.183121] (-) TimerEvent: {}
[43.259579] (opennav_coverage_msgs) StdoutLine: {'line': b'[ 86%] Built target opennav_coverage_msgs__py\n'}
[43.283242] (-) TimerEvent: {}
[43.293667] (opennav_coverage_msgs) StdoutLine: {'line': b'[ 87%] \x1b[32mBuilding C object CMakeFiles/opennav_coverage_msgs__rosidl_generator_py.dir/rosidl_generator_py/opennav_coverage_msgs/msg/_coordinate_s.c.o\x1b[0m\n'}
[43.383481] (-) TimerEvent: {}
[43.483846] (-) TimerEvent: {}
[43.570575] (opennav_coverage_msgs) StdoutLine: {'line': b'[ 88%] \x1b[32mBuilding C object CMakeFiles/opennav_coverage_msgs__rosidl_generator_py.dir/rosidl_generator_py/opennav_coverage_msgs/msg/_swath_s.c.o\x1b[0m\n'}
[43.583957] (-) TimerEvent: {}
[43.684268] (-) TimerEvent: {}
[43.755923] (opennav_coverage_msgs) StdoutLine: {'line': b'[ 89%] \x1b[32mBuilding C object CMakeFiles/opennav_coverage_msgs__rosidl_generator_py.dir/rosidl_generator_py/opennav_coverage_msgs/msg/_path_components_s.c.o\x1b[0m\n'}
[43.784340] (-) TimerEvent: {}
[43.885366] (-) TimerEvent: {}
[43.963988] (opennav_coverage_msgs) StdoutLine: {'line': b'[ 89%] \x1b[32mBuilding C object CMakeFiles/opennav_coverage_msgs__rosidl_generator_py.dir/rosidl_generator_py/opennav_coverage_msgs/action/_compute_coverage_path_s.c.o\x1b[0m\n'}
[43.986101] (-) TimerEvent: {}
[44.086403] (-) TimerEvent: {}
[44.186671] (-) TimerEvent: {}
[44.287232] (-) TimerEvent: {}
[44.322939] (opennav_coverage_msgs) StdoutLine: {'line': b'[ 90%] \x1b[32mBuilding C object CMakeFiles/opennav_coverage_msgs__rosidl_generator_py.dir/rosidl_generator_py/opennav_coverage_msgs/action/_navigate_complete_coverage_s.c.o\x1b[0m\n'}
[44.387311] (-) TimerEvent: {}
[44.487628] (-) TimerEvent: {}
[44.587956] (-) TimerEvent: {}
[44.665696] (opennav_coverage_msgs) StdoutLine: {'line': b'[ 91%] \x1b[32mBuilding C object CMakeFiles/opennav_coverage_msgs__rosidl_generator_py.dir/rosidl_generator_py/opennav_coverage_msgs/msg/_path_mode_s.c.o\x1b[0m\n'}
[44.688056] (-) TimerEvent: {}
[44.788331] (-) TimerEvent: {}
[44.858392] (opennav_coverage_msgs) StdoutLine: {'line': b'[ 91%] \x1b[32mBuilding C object CMakeFiles/opennav_coverage_msgs__rosidl_generator_py.dir/rosidl_generator_py/opennav_coverage_msgs/msg/_route_mode_s.c.o\x1b[0m\n'}
[44.888433] (-) TimerEvent: {}
[44.988716] (-) TimerEvent: {}
[45.080168] (opennav_coverage_msgs) StdoutLine: {'line': b'[ 92%] \x1b[32mBuilding C object CMakeFiles/opennav_coverage_msgs__rosidl_generator_py.dir/rosidl_generator_py/opennav_coverage_msgs/msg/_row_swath_mode_s.c.o\x1b[0m\n'}
[45.088872] (-) TimerEvent: {}
[45.189725] (-) TimerEvent: {}
[45.290030] (-) TimerEvent: {}
[45.302583] (opennav_coverage_msgs) StdoutLine: {'line': b'[ 93%] \x1b[32mBuilding C object CMakeFiles/opennav_coverage_msgs__rosidl_generator_py.dir/rosidl_generator_py/opennav_coverage_msgs/msg/_swath_mode_s.c.o\x1b[0m\n'}
[45.390101] (-) TimerEvent: {}
[45.490416] (-) TimerEvent: {}
[45.512795] (opennav_coverage_msgs) StdoutLine: {'line': b'[ 94%] \x1b[32mBuilding C object CMakeFiles/opennav_coverage_msgs__rosidl_generator_py.dir/rosidl_generator_py/opennav_coverage_msgs/msg/_headland_mode_s.c.o\x1b[0m\n'}
[45.590506] (-) TimerEvent: {}
[45.690878] (-) TimerEvent: {}
[45.737631] (opennav_coverage_msgs) StdoutLine: {'line': b'[ 94%] \x1b[32mBuilding C object CMakeFiles/opennav_coverage_msgs__rosidl_generator_py.dir/rosidl_generator_py/opennav_coverage_msgs/msg/_coordinates_s.c.o\x1b[0m\n'}
[45.791001] (-) TimerEvent: {}
[45.891372] (-) TimerEvent: {}
[45.940653] (opennav_coverage_msgs) StdoutLine: {'line': b'[ 95%] \x1b[32m\x1b[1mLinking C shared library libopennav_coverage_msgs__rosidl_generator_py.so\x1b[0m\n'}
[45.991691] (-) TimerEvent: {}
[46.033789] (opennav_coverage_msgs) StdoutLine: {'line': b'[ 95%] Built target opennav_coverage_msgs__rosidl_generator_py\n'}
[46.064612] (opennav_coverage_msgs) StdoutLine: {'line': b'[ 95%] \x1b[32mBuilding C object CMakeFiles/opennav_coverage_msgs_s__rosidl_typesupport_fastrtps_c.dir/rosidl_generator_py/opennav_coverage_msgs/_opennav_coverage_msgs_s.ep.rosidl_typesupport_fastrtps_c.c.o\x1b[0m\n'}
[46.091781] (-) TimerEvent: {}
[46.192105] (-) TimerEvent: {}
[46.292422] (-) TimerEvent: {}
[46.392670] (-) TimerEvent: {}
[46.400753] (opennav_coverage_msgs) StdoutLine: {'line': b'[ 96%] \x1b[32m\x1b[1mLinking C shared module rosidl_generator_py/opennav_coverage_msgs/opennav_coverage_msgs_s__rosidl_typesupport_fastrtps_c.so\x1b[0m\n'}
[46.480187] (opennav_coverage_msgs) StdoutLine: {'line': b'[ 96%] Built target opennav_coverage_msgs_s__rosidl_typesupport_fastrtps_c\n'}
[46.492784] (-) TimerEvent: {}
[46.516446] (opennav_coverage_msgs) StdoutLine: {'line': b'[ 97%] \x1b[32mBuilding C object CMakeFiles/opennav_coverage_msgs_s__rosidl_typesupport_c.dir/rosidl_generator_py/opennav_coverage_msgs/_opennav_coverage_msgs_s.ep.rosidl_typesupport_c.c.o\x1b[0m\n'}
[46.592860] (-) TimerEvent: {}
[46.693207] (-) TimerEvent: {}
[46.793628] (-) TimerEvent: {}
[46.884960] (opennav_coverage_msgs) StdoutLine: {'line': b'[ 98%] \x1b[32m\x1b[1mLinking C shared module rosidl_generator_py/opennav_coverage_msgs/opennav_coverage_msgs_s__rosidl_typesupport_c.so\x1b[0m\n'}
[46.893747] (-) TimerEvent: {}
[46.946123] (opennav_coverage_msgs) StdoutLine: {'line': b'[ 98%] Built target opennav_coverage_msgs_s__rosidl_typesupport_c\n'}
[46.978707] (opennav_coverage_msgs) StdoutLine: {'line': b'[ 99%] \x1b[32mBuilding C object CMakeFiles/opennav_coverage_msgs_s__rosidl_typesupport_introspection_c.dir/rosidl_generator_py/opennav_coverage_msgs/_opennav_coverage_msgs_s.ep.rosidl_typesupport_introspection_c.c.o\x1b[0m\n'}
[46.993828] (-) TimerEvent: {}
[47.094313] (-) TimerEvent: {}
[47.194592] (-) TimerEvent: {}
[47.294886] (-) TimerEvent: {}
[47.305526] (opennav_coverage_msgs) StdoutLine: {'line': b'[100%] \x1b[32m\x1b[1mLinking C shared module rosidl_generator_py/opennav_coverage_msgs/opennav_coverage_msgs_s__rosidl_typesupport_introspection_c.so\x1b[0m\n'}
[47.375560] (opennav_coverage_msgs) StdoutLine: {'line': b'[100%] Built target opennav_coverage_msgs_s__rosidl_typesupport_introspection_c\n'}
[47.395010] (-) TimerEvent: {}
[47.397368] (opennav_coverage_msgs) CommandEnded: {'returncode': 0}
[47.398154] (opennav_coverage_msgs) JobProgress: {'identifier': 'opennav_coverage_msgs', 'progress': 'install'}
[47.413048] (opennav_coverage_msgs) Command: {'cmd': ['/usr/bin/cmake', '--install', '/home/mvibot/floorCleaningRobot_ws/build/opennav_coverage_msgs'], 'cwd': '/home/mvibot/floorCleaningRobot_ws/build/opennav_coverage_msgs', 'env': OrderedDict({'LESSOPEN': '| /usr/bin/lesspipe %s', 'USER': 'mvibot', 'SSH_CLIENT': '10.0.70.166 48152 22', 'GZ_CONFIG_PATH': '/opt/ros/jazzy/opt/gz_sim_vendor/share/gz:/opt/ros/jazzy/opt/sdformat_vendor/share/gz:/opt/ros/jazzy/opt/gz_gui_vendor/share/gz:/opt/ros/jazzy/opt/gz_transport_vendor/share/gz:/opt/ros/jazzy/opt/gz_rendering_vendor/share/gz:/opt/ros/jazzy/opt/gz_plugin_vendor/share/gz:/opt/ros/jazzy/opt/gz_fuel_tools_vendor/share/gz:/opt/ros/jazzy/opt/gz_msgs_vendor/share/gz:/opt/ros/jazzy/opt/gz_common_vendor/share/gz', 'XDG_SESSION_TYPE': 'tty', 'SHLVL': '1', 'LD_LIBRARY_PATH': '/home/mvibot/floorCleaningRobot_ws/install/tf2_web_republisher/lib:/home/mvibot/floorCleaningRobot_ws/install/tf2_web_republisher_interfaces/lib:/home/mvibot/floorCleaningRobot_ws/install/realsense2_camera/lib:/home/mvibot/floorCleaningRobot_ws/install/realsense2_camera_msgs/lib:/home/mvibot/floorCleaningRobot_ws/install/pointcloud_to_laserscan/lib:/home/mvibot/floorCleaningRobot_ws/install/opennav_row_coverage/lib:/home/mvibot/floorCleaningRobot_ws/install/opennav_coverage_navigator/lib:/home/mvibot/floorCleaningRobot_ws/install/opennav_coverage_bt/lib:/home/mvibot/floorCleaningRobot_ws/install/opennav_coverage/lib:/home/mvibot/floorCleaningRobot_ws/install/opennav_coverage_msgs/lib:/home/mvibot/floorCleaningRobot_ws/install/fields2cover/lib:/opt/ros/jazzy/opt/gz_sim_vendor/lib:/opt/ros/jazzy/opt/gz_sensors_vendor/lib:/opt/ros/jazzy/opt/gz_physics_vendor/lib:/opt/ros/jazzy/opt/sdformat_vendor/lib:/opt/ros/jazzy/opt/rviz_ogre_vendor/lib:/opt/ros/jazzy/lib/x86_64-linux-gnu:/opt/ros/jazzy/opt/gz_gui_vendor/lib:/opt/ros/jazzy/opt/gz_transport_vendor/lib:/opt/ros/jazzy/opt/gz_rendering_vendor/lib:/opt/ros/jazzy/opt/gz_plugin_vendor/lib:/opt/ros/jazzy/opt/gz_fuel_tools_vendor/lib:/opt/ros/jazzy/opt/gz_msgs_vendor/lib:/opt/ros/jazzy/opt/gz_common_vendor/lib:/opt/ros/jazzy/opt/gz_math_vendor/lib:/opt/ros/jazzy/opt/gz_utils_vendor/lib:/opt/ros/jazzy/opt/gz_tools_vendor/lib:/opt/ros/jazzy/opt/gz_ogre_next_vendor/lib:/opt/ros/jazzy/opt/gz_dartsim_vendor/lib:/opt/ros/jazzy/opt/gz_cmake_vendor/lib:/opt/ros/jazzy/lib', 'HOME': '/home/mvibot', 'OLDPWD': '/home/mvibot/floorCleaningRobot_ws/build', 'NVM_BIN': '/home/mvibot/.nvm/versions/node/v24.12.0/bin', 'SSH_TTY': '/dev/pts/2', 'NVM_INC': '/home/mvibot/.nvm/versions/node/v24.12.0/include/node', 'ROS_PYTHON_VERSION': '3', 'DBUS_SESSION_BUS_ADDRESS': 'unix:path=/run/user/1000/bus', 'NVM_DIR': '/home/mvibot/.nvm', 'DEBUGINFOD_URLS': 'https://debuginfod.ubuntu.com', 'COLCON_PREFIX_PATH': '/home/mvibot/floorCleaningRobot_ws/install', 'ROS_DISTRO': 'jazzy', 'LOGNAME': 'mvibot', '_': '/usr/bin/colcon', 'ROS_VERSION': '2', 'PKG_CONFIG_PATH': '/home/mvibot/floorCleaningRobot_ws/install/fields2cover/lib/x86_64-linux-gnu/pkgconfig:/home/mvibot/floorCleaningRobot_ws/install/fields2cover/lib/pkgconfig', 'XDG_SESSION_CLASS': 'user', 'TERM': 'xterm-256color', 'XDG_SESSION_ID': '3', 'PATH': '/home/mvibot/.nvm/versions/node/v24.12.0/bin:/opt/ros/jazzy/opt/gz_msgs_vendor/bin:/opt/ros/jazzy/opt/gz_tools_vendor/bin:/opt/ros/jazzy/opt/gz_ogre_next_vendor/bin:/opt/ros/jazzy/bin:/usr/local/sbin:/usr/local/bin:/usr/sbin:/usr/bin:/sbin:/bin:/usr/games:/usr/local/games:/snap/bin', 'XDG_RUNTIME_DIR': '/run/user/1000', 'LANG': 'en_US.UTF-8', 'LS_COLORS': 'rs=0:di=01;34:ln=01;36:mh=00:pi=40;33:so=01;35:do=01;35:bd=40;33;01:cd=40;33;01:or=40;31;01:mi=00:su=37;41:sg=30;43:ca=00:tw=30;42:ow=34;42:st=37;44:ex=01;32:*.tar=01;31:*.tgz=01;31:*.arc=01;31:*.arj=01;31:*.taz=01;31:*.lha=01;31:*.lz4=01;31:*.lzh=01;31:*.lzma=01;31:*.tlz=01;31:*.txz=01;31:*.tzo=01;31:*.t7z=01;31:*.zip=01;31:*.z=01;31:*.dz=01;31:*.gz=01;31:*.lrz=01;31:*.lz=01;31:*.lzo=01;31:*.xz=01;31:*.zst=01;31:*.tzst=01;31:*.bz2=01;31:*.bz=01;31:*.tbz=01;31:*.tbz2=01;31:*.tz=01;31:*.deb=01;31:*.rpm=01;31:*.jar=01;31:*.war=01;31:*.ear=01;31:*.sar=01;31:*.rar=01;31:*.alz=01;31:*.ace=01;31:*.zoo=01;31:*.cpio=01;31:*.7z=01;31:*.rz=01;31:*.cab=01;31:*.wim=01;31:*.swm=01;31:*.dwm=01;31:*.esd=01;31:*.avif=01;35:*.jpg=01;35:*.jpeg=01;35:*.mjpg=01;35:*.mjpeg=01;35:*.gif=01;35:*.bmp=01;35:*.pbm=01;35:*.pgm=01;35:*.ppm=01;35:*.tga=01;35:*.xbm=01;35:*.xpm=01;35:*.tif=01;35:*.tiff=01;35:*.png=01;35:*.svg=01;35:*.svgz=01;35:*.mng=01;35:*.pcx=01;35:*.mov=01;35:*.mpg=01;35:*.mpeg=01;35:*.m2v=01;35:*.mkv=01;35:*.webm=01;35:*.webp=01;35:*.ogm=01;35:*.mp4=01;35:*.m4v=01;35:*.mp4v=01;35:*.vob=01;35:*.qt=01;35:*.nuv=01;35:*.wmv=01;35:*.asf=01;35:*.rm=01;35:*.rmvb=01;35:*.flc=01;35:*.avi=01;35:*.fli=01;35:*.flv=01;35:*.gl=01;35:*.dl=01;35:*.xcf=01;35:*.xwd=01;35:*.yuv=01;35:*.cgm=01;35:*.emf=01;35:*.ogv=01;35:*.ogx=01;35:*.aac=00;36:*.au=00;36:*.flac=00;36:*.m4a=00;36:*.mid=00;36:*.midi=00;36:*.mka=00;36:*.mp3=00;36:*.mpc=00;36:*.ogg=00;36:*.ra=00;36:*.wav=00;36:*.oga=00;36:*.opus=00;36:*.spx=00;36:*.xspf=00;36:*~=00;90:*#=00;90:*.bak=00;90:*.crdownload=00;90:*.dpkg-dist=00;90:*.dpkg-new=00;90:*.dpkg-old=00;90:*.dpkg-tmp=00;90:*.old=00;90:*.orig=00;90:*.part=00;90:*.rej=00;90:*.rpmnew=00;90:*.rpmorig=00;90:*.rpmsave=00;90:*.swp=00;90:*.tmp=00;90:*.ucf-dist=00;90:*.ucf-new=00;90:*.ucf-old=00;90:', 'ROS_DOMAIN_ID': '10', 'AMENT_PREFIX_PATH': '/home/mvibot/floorCleaningRobot_ws/install/tf2_web_republisher:/home/mvibot/floorCleaningRobot_ws/install/tf2_web_republisher_interfaces:/home/mvibot/floorCleaningRobot_ws/install/sllidar_ros2:/home/mvibot/floorCleaningRobot_ws/install/realsense2_description:/home/mvibot/floorCleaningRobot_ws/install/realsense2_camera:/home/mvibot/floorCleaningRobot_ws/install/realsense2_camera_msgs:/home/mvibot/floorCleaningRobot_ws/install/pointcloud_to_laserscan:/home/mvibot/floorCleaningRobot_ws/install/opennav_coverage_demo:/home/mvibot/floorCleaningRobot_ws/install/opennav_row_coverage:/home/mvibot/floorCleaningRobot_ws/install/opennav_coverage_navigator:/home/mvibot/floorCleaningRobot_ws/install/opennav_coverage_bt:/home/mvibot/floorCleaningRobot_ws/install/opennav_coverage:/home/mvibot/floorCleaningRobot_ws/install/mission_layer_mvibot:/home/mvibot/floorCleaningRobot_ws/install/opennav_coverage_msgs:/home/mvibot/floorCleaningRobot_ws/install/lower_layer_mvibot:/home/mvibot/floorCleaningRobot_ws/install/ira_laser_tools:/home/mvibot/floorCleaningRobot_ws/install/higher_layer_mvibot:/opt/ros/jazzy', 'SHELL': '/bin/bash', 'LESSCLOSE': '/usr/bin/lesspipe %s %s', 'ROS_AUTOMATIC_DISCOVERY_RANGE': 'SUBNET', 'PWD': '/home/mvibot/floorCleaningRobot_ws/build/opennav_coverage_msgs', 'LC_ALL': 'en_US.UTF-8', 'SSH_CONNECTION': '10.0.70.166 48152 10.0.70.63 22', 'NVM_CD_FLAGS': '', 'XDG_DATA_DIRS': '/usr/share/gnome:/usr/local/share:/usr/share:/var/lib/snapd/desktop', 'PYTHONPATH': '/home/mvibot/floorCleaningRobot_ws/install/tf2_web_republisher_interfaces/lib/python3.12/site-packages:/home/mvibot/floorCleaningRobot_ws/install/realsense2_camera_msgs/lib/python3.12/site-packages:/home/mvibot/floorCleaningRobot_ws/build/opennav_coverage_demo:/home/mvibot/floorCleaningRobot_ws/install/opennav_coverage_demo/lib/python3.12/site-packages:/home/mvibot/floorCleaningRobot_ws/install/opennav_coverage_msgs/lib/python3.12/site-packages:/opt/ros/jazzy/lib/python3.12/site-packages', 'COLCON': '1', 'CMAKE_PREFIX_PATH': '/home/mvibot/floorCleaningRobot_ws/install/tf2_web_republisher:/home/mvibot/floorCleaningRobot_ws/install/tf2_web_republisher_interfaces:/home/mvibot/floorCleaningRobot_ws/install/sllidar_ros2:/home/mvibot/floorCleaningRobot_ws/install/realsense2_description:/home/mvibot/floorCleaningRobot_ws/install/realsense2_camera:/home/mvibot/floorCleaningRobot_ws/install/realsense2_camera_msgs:/home/mvibot/floorCleaningRobot_ws/install/pointcloud_to_laserscan:/home/mvibot/floorCleaningRobot_ws/install/opennav_row_coverage:/home/mvibot/floorCleaningRobot_ws/install/opennav_coverage_navigator:/home/mvibot/floorCleaningRobot_ws/install/opennav_coverage_bt:/home/mvibot/floorCleaningRobot_ws/install/opennav_coverage:/home/mvibot/floorCleaningRobot_ws/install/mission_layer_mvibot:/home/mvibot/floorCleaningRobot_ws/install/opennav_coverage_msgs:/home/mvibot/floorCleaningRobot_ws/install/lower_layer_mvibot:/home/mvibot/floorCleaningRobot_ws/install/ira_laser_tools:/home/mvibot/floorCleaningRobot_ws/install/higher_layer_mvibot:/home/mvibot/floorCleaningRobot_ws/install/fields2cover:/opt/ros/jazzy/opt/gz_sim_vendor:/opt/ros/jazzy/opt/gz_sensors_vendor:/opt/ros/jazzy/opt/gz_physics_vendor:/opt/ros/jazzy/opt/sdformat_vendor:/opt/ros/jazzy/opt/gz_gui_vendor:/opt/ros/jazzy/opt/gz_transport_vendor:/opt/ros/jazzy/opt/gz_rendering_vendor:/opt/ros/jazzy/opt/gz_plugin_vendor:/opt/ros/jazzy/opt/gz_fuel_tools_vendor:/opt/ros/jazzy/opt/gz_msgs_vendor:/opt/ros/jazzy/opt/gz_common_vendor:/opt/ros/jazzy/opt/gz_math_vendor:/opt/ros/jazzy/opt/gz_utils_vendor:/opt/ros/jazzy/opt/gz_tools_vendor:/opt/ros/jazzy/opt/gz_ogre_next_vendor:/opt/ros/jazzy/opt/gz_dartsim_vendor:/opt/ros/jazzy/opt/gz_cmake_vendor:/home/mvibot/floorCleaningRobot_ws/install/opennav_coverage_demo:/opt/ros/jazzy'}), 'shell': False}
[47.426817] (opennav_coverage_msgs) StdoutLine: {'line': b'-- Install configuration: ""\n'}
[47.427796] (opennav_coverage_msgs) StdoutLine: {'line': b'-- Execute custom install script\n'}
[47.428211] (opennav_coverage_msgs) StdoutLine: {'line': b'-- Symlinking: /home/mvibot/floorCleaningRobot_ws/install/opennav_coverage_msgs/share/ament_index/resource_index/rosidl_interfaces/opennav_coverage_msgs\n'}
[47.442534] (opennav_coverage_msgs) StdoutLine: {'line': b'-- Symlinking: /home/mvibot/floorCleaningRobot_ws/install/opennav_coverage_msgs/share/opennav_coverage_msgs/msg/Coordinate.json\n'}
[47.458166] (opennav_coverage_msgs) StdoutLine: {'line': b'-- Symlinking: /home/mvibot/floorCleaningRobot_ws/install/opennav_coverage_msgs/share/opennav_coverage_msgs/msg/Coordinates.json\n'}
[47.475309] (opennav_coverage_msgs) StdoutLine: {'line': b'-- Symlinking: /home/mvibot/floorCleaningRobot_ws/install/opennav_coverage_msgs/share/opennav_coverage_msgs/msg/HeadlandMode.json\n'}
[47.492553] (opennav_coverage_msgs) StdoutLine: {'line': b'-- Symlinking: /home/mvibot/floorCleaningRobot_ws/install/opennav_coverage_msgs/share/opennav_coverage_msgs/msg/SwathMode.json\n'}
[47.495107] (-) TimerEvent: {}
[47.509086] (opennav_coverage_msgs) StdoutLine: {'line': b'-- Symlinking: /home/mvibot/floorCleaningRobot_ws/install/opennav_coverage_msgs/share/opennav_coverage_msgs/msg/RowSwathMode.json\n'}
[47.523560] (opennav_coverage_msgs) StdoutLine: {'line': b'-- Symlinking: /home/mvibot/floorCleaningRobot_ws/install/opennav_coverage_msgs/share/opennav_coverage_msgs/msg/RouteMode.json\n'}
[47.537478] (opennav_coverage_msgs) StdoutLine: {'line': b'-- Symlinking: /home/mvibot/floorCleaningRobot_ws/install/opennav_coverage_msgs/share/opennav_coverage_msgs/msg/PathMode.json\n'}
[47.553985] (opennav_coverage_msgs) StdoutLine: {'line': b'-- Symlinking: /home/mvibot/floorCleaningRobot_ws/install/opennav_coverage_msgs/share/opennav_coverage_msgs/msg/Swath.json\n'}
[47.567727] (opennav_coverage_msgs) StdoutLine: {'line': b'-- Symlinking: /home/mvibot/floorCleaningRobot_ws/install/opennav_coverage_msgs/share/opennav_coverage_msgs/msg/PathComponents.json\n'}
[47.585367] (opennav_coverage_msgs) StdoutLine: {'line': b'-- Symlinking: /home/mvibot/floorCleaningRobot_ws/install/opennav_coverage_msgs/share/opennav_coverage_msgs/action/ComputeCoveragePath.json\n'}
[47.595231] (-) TimerEvent: {}
[47.598390] (opennav_coverage_msgs) StdoutLine: {'line': b'-- Symlinking: /home/mvibot/floorCleaningRobot_ws/install/opennav_coverage_msgs/share/opennav_coverage_msgs/action/NavigateCompleteCoverage.json\n'}
[47.615430] (opennav_coverage_msgs) StdoutLine: {'line': b'-- Symlinking: /home/mvibot/floorCleaningRobot_ws/install/opennav_coverage_msgs/include/opennav_coverage_msgs/opennav_coverage_msgs/action/compute_coverage_path.h\n'}
[47.630220] (opennav_coverage_msgs) StdoutLine: {'line': b'-- Symlinking: /home/mvibot/floorCleaningRobot_ws/install/opennav_coverage_msgs/include/opennav_coverage_msgs/opennav_coverage_msgs/action/detail/compute_coverage_path__functions.h\n'}
[47.643125] (opennav_coverage_msgs) StdoutLine: {'line': b'-- Symlinking: /home/mvibot/floorCleaningRobot_ws/install/opennav_coverage_msgs/include/opennav_coverage_msgs/opennav_coverage_msgs/action/detail/compute_coverage_path__struct.h\n'}
[47.659871] (opennav_coverage_msgs) StdoutLine: {'line': b'-- Symlinking: /home/mvibot/floorCleaningRobot_ws/install/opennav_coverage_msgs/include/opennav_coverage_msgs/opennav_coverage_msgs/action/detail/compute_coverage_path__type_support.h\n'}
[47.678767] (opennav_coverage_msgs) StdoutLine: {'line': b'-- Symlinking: /home/mvibot/floorCleaningRobot_ws/install/opennav_coverage_msgs/include/opennav_coverage_msgs/opennav_coverage_msgs/action/detail/navigate_complete_coverage__functions.h\n'}
[47.691584] (opennav_coverage_msgs) StdoutLine: {'line': b'-- Symlinking: /home/mvibot/floorCleaningRobot_ws/install/opennav_coverage_msgs/include/opennav_coverage_msgs/opennav_coverage_msgs/action/detail/navigate_complete_coverage__struct.h\n'}
[47.695288] (-) TimerEvent: {}
[47.705109] (opennav_coverage_msgs) StdoutLine: {'line': b'-- Symlinking: /home/mvibot/floorCleaningRobot_ws/install/opennav_coverage_msgs/include/opennav_coverage_msgs/opennav_coverage_msgs/action/detail/navigate_complete_coverage__type_support.h\n'}
[47.721879] (opennav_coverage_msgs) StdoutLine: {'line': b'-- Symlinking: /home/mvibot/floorCleaningRobot_ws/install/opennav_coverage_msgs/include/opennav_coverage_msgs/opennav_coverage_msgs/action/navigate_complete_coverage.h\n'}
[47.738044] (opennav_coverage_msgs) StdoutLine: {'line': b'-- Symlinking: /home/mvibot/floorCleaningRobot_ws/install/opennav_coverage_msgs/include/opennav_coverage_msgs/opennav_coverage_msgs/msg/coordinate.h\n'}
[47.752562] (opennav_coverage_msgs) StdoutLine: {'line': b'-- Symlinking: /home/mvibot/floorCleaningRobot_ws/install/opennav_coverage_msgs/include/opennav_coverage_msgs/opennav_coverage_msgs/msg/coordinates.h\n'}
[47.771700] (opennav_coverage_msgs) StdoutLine: {'line': b'-- Symlinking: /home/mvibot/floorCleaningRobot_ws/install/opennav_coverage_msgs/include/opennav_coverage_msgs/opennav_coverage_msgs/msg/detail/coordinate__functions.h\n'}
[47.786719] (opennav_coverage_msgs) StdoutLine: {'line': b'-- Symlinking: /home/mvibot/floorCleaningRobot_ws/install/opennav_coverage_msgs/include/opennav_coverage_msgs/opennav_coverage_msgs/msg/detail/coordinate__struct.h\n'}
[47.795400] (-) TimerEvent: {}
[47.801659] (opennav_coverage_msgs) StdoutLine: {'line': b'-- Symlinking: /home/mvibot/floorCleaningRobot_ws/install/opennav_coverage_msgs/include/opennav_coverage_msgs/opennav_coverage_msgs/msg/detail/coordinate__type_support.h\n'}
[47.817608] (opennav_coverage_msgs) StdoutLine: {'line': b'-- Symlinking: /home/mvibot/floorCleaningRobot_ws/install/opennav_coverage_msgs/include/opennav_coverage_msgs/opennav_coverage_msgs/msg/detail/coordinates__functions.h\n'}
[47.833293] (opennav_coverage_msgs) StdoutLine: {'line': b'-- Symlinking: /home/mvibot/floorCleaningRobot_ws/install/opennav_coverage_msgs/include/opennav_coverage_msgs/opennav_coverage_msgs/msg/detail/coordinates__struct.h\n'}
[47.847182] (opennav_coverage_msgs) StdoutLine: {'line': b'-- Symlinking: /home/mvibot/floorCleaningRobot_ws/install/opennav_coverage_msgs/include/opennav_coverage_msgs/opennav_coverage_msgs/msg/detail/coordinates__type_support.h\n'}
[47.860548] (opennav_coverage_msgs) StdoutLine: {'line': b'-- Symlinking: /home/mvibot/floorCleaningRobot_ws/install/opennav_coverage_msgs/include/opennav_coverage_msgs/opennav_coverage_msgs/msg/detail/headland_mode__functions.h\n'}
[47.876918] (opennav_coverage_msgs) StdoutLine: {'line': b'-- Symlinking: /home/mvibot/floorCleaningRobot_ws/install/opennav_coverage_msgs/include/opennav_coverage_msgs/opennav_coverage_msgs/msg/detail/headland_mode__struct.h\n'}
[47.890638] (opennav_coverage_msgs) StdoutLine: {'line': b'-- Symlinking: /home/mvibot/floorCleaningRobot_ws/install/opennav_coverage_msgs/include/opennav_coverage_msgs/opennav_coverage_msgs/msg/detail/headland_mode__type_support.h\n'}
[47.895505] (-) TimerEvent: {}
[47.905100] (opennav_coverage_msgs) StdoutLine: {'line': b'-- Symlinking: /home/mvibot/floorCleaningRobot_ws/install/opennav_coverage_msgs/include/opennav_coverage_msgs/opennav_coverage_msgs/msg/detail/path_components__functions.h\n'}
[47.918667] (opennav_coverage_msgs) StdoutLine: {'line': b'-- Symlinking: /home/mvibot/floorCleaningRobot_ws/install/opennav_coverage_msgs/include/opennav_coverage_msgs/opennav_coverage_msgs/msg/detail/path_components__struct.h\n'}
[47.932983] (opennav_coverage_msgs) StdoutLine: {'line': b'-- Symlinking: /home/mvibot/floorCleaningRobot_ws/install/opennav_coverage_msgs/include/opennav_coverage_msgs/opennav_coverage_msgs/msg/detail/path_components__type_support.h\n'}
[47.949283] (opennav_coverage_msgs) StdoutLine: {'line': b'-- Symlinking: /home/mvibot/floorCleaningRobot_ws/install/opennav_coverage_msgs/include/opennav_coverage_msgs/opennav_coverage_msgs/msg/detail/path_mode__functions.h\n'}
[47.962168] (opennav_coverage_msgs) StdoutLine: {'line': b'-- Symlinking: /home/mvibot/floorCleaningRobot_ws/install/opennav_coverage_msgs/include/opennav_coverage_msgs/opennav_coverage_msgs/msg/detail/path_mode__struct.h\n'}
[47.975446] (opennav_coverage_msgs) StdoutLine: {'line': b'-- Symlinking: /home/mvibot/floorCleaningRobot_ws/install/opennav_coverage_msgs/include/opennav_coverage_msgs/opennav_coverage_msgs/msg/detail/path_mode__type_support.h\n'}
[47.988949] (opennav_coverage_msgs) StdoutLine: {'line': b'-- Symlinking: /home/mvibot/floorCleaningRobot_ws/install/opennav_coverage_msgs/include/opennav_coverage_msgs/opennav_coverage_msgs/msg/detail/route_mode__functions.h\n'}
[47.995601] (-) TimerEvent: {}
[48.002652] (opennav_coverage_msgs) StdoutLine: {'line': b'-- Symlinking: /home/mvibot/floorCleaningRobot_ws/install/opennav_coverage_msgs/include/opennav_coverage_msgs/opennav_coverage_msgs/msg/detail/route_mode__struct.h\n'}
[48.015600] (opennav_coverage_msgs) StdoutLine: {'line': b'-- Symlinking: /home/mvibot/floorCleaningRobot_ws/install/opennav_coverage_msgs/include/opennav_coverage_msgs/opennav_coverage_msgs/msg/detail/route_mode__type_support.h\n'}
[48.031497] (opennav_coverage_msgs) StdoutLine: {'line': b'-- Symlinking: /home/mvibot/floorCleaningRobot_ws/install/opennav_coverage_msgs/include/opennav_coverage_msgs/opennav_coverage_msgs/msg/detail/row_swath_mode__functions.h\n'}
[48.044791] (opennav_coverage_msgs) StdoutLine: {'line': b'-- Symlinking: /home/mvibot/floorCleaningRobot_ws/install/opennav_coverage_msgs/include/opennav_coverage_msgs/opennav_coverage_msgs/msg/detail/row_swath_mode__struct.h\n'}
[48.057538] (opennav_coverage_msgs) StdoutLine: {'line': b'-- Symlinking: /home/mvibot/floorCleaningRobot_ws/install/opennav_coverage_msgs/include/opennav_coverage_msgs/opennav_coverage_msgs/msg/detail/row_swath_mode__type_support.h\n'}
[48.071108] (opennav_coverage_msgs) StdoutLine: {'line': b'-- Symlinking: /home/mvibot/floorCleaningRobot_ws/install/opennav_coverage_msgs/include/opennav_coverage_msgs/opennav_coverage_msgs/msg/detail/swath__functions.h\n'}
[48.084352] (opennav_coverage_msgs) StdoutLine: {'line': b'-- Symlinking: /home/mvibot/floorCleaningRobot_ws/install/opennav_coverage_msgs/include/opennav_coverage_msgs/opennav_coverage_msgs/msg/detail/swath__struct.h\n'}
[48.095712] (-) TimerEvent: {}
[48.098432] (opennav_coverage_msgs) StdoutLine: {'line': b'-- Symlinking: /home/mvibot/floorCleaningRobot_ws/install/opennav_coverage_msgs/include/opennav_coverage_msgs/opennav_coverage_msgs/msg/detail/swath__type_support.h\n'}
[48.113276] (opennav_coverage_msgs) StdoutLine: {'line': b'-- Symlinking: /home/mvibot/floorCleaningRobot_ws/install/opennav_coverage_msgs/include/opennav_coverage_msgs/opennav_coverage_msgs/msg/detail/swath_mode__functions.h\n'}
[48.126888] (opennav_coverage_msgs) StdoutLine: {'line': b'-- Symlinking: /home/mvibot/floorCleaningRobot_ws/install/opennav_coverage_msgs/include/opennav_coverage_msgs/opennav_coverage_msgs/msg/detail/swath_mode__struct.h\n'}
[48.142419] (opennav_coverage_msgs) StdoutLine: {'line': b'-- Symlinking: /home/mvibot/floorCleaningRobot_ws/install/opennav_coverage_msgs/include/opennav_coverage_msgs/opennav_coverage_msgs/msg/detail/swath_mode__type_support.h\n'}
[48.158372] (opennav_coverage_msgs) StdoutLine: {'line': b'-- Symlinking: /home/mvibot/floorCleaningRobot_ws/install/opennav_coverage_msgs/include/opennav_coverage_msgs/opennav_coverage_msgs/msg/headland_mode.h\n'}
[48.175261] (opennav_coverage_msgs) StdoutLine: {'line': b'-- Symlinking: /home/mvibot/floorCleaningRobot_ws/install/opennav_coverage_msgs/include/opennav_coverage_msgs/opennav_coverage_msgs/msg/path_components.h\n'}
[48.192320] (opennav_coverage_msgs) StdoutLine: {'line': b'-- Symlinking: /home/mvibot/floorCleaningRobot_ws/install/opennav_coverage_msgs/include/opennav_coverage_msgs/opennav_coverage_msgs/msg/path_mode.h\n'}
[48.195824] (-) TimerEvent: {}
[48.205005] (opennav_coverage_msgs) StdoutLine: {'line': b'-- Symlinking: /home/mvibot/floorCleaningRobot_ws/install/opennav_coverage_msgs/include/opennav_coverage_msgs/opennav_coverage_msgs/msg/rosidl_generator_c__visibility_control.h\n'}
[48.218304] (opennav_coverage_msgs) StdoutLine: {'line': b'-- Symlinking: /home/mvibot/floorCleaningRobot_ws/install/opennav_coverage_msgs/include/opennav_coverage_msgs/opennav_coverage_msgs/msg/route_mode.h\n'}
[48.231702] (opennav_coverage_msgs) StdoutLine: {'line': b'-- Symlinking: /home/mvibot/floorCleaningRobot_ws/install/opennav_coverage_msgs/include/opennav_coverage_msgs/opennav_coverage_msgs/msg/row_swath_mode.h\n'}
[48.244783] (opennav_coverage_msgs) StdoutLine: {'line': b'-- Symlinking: /home/mvibot/floorCleaningRobot_ws/install/opennav_coverage_msgs/include/opennav_coverage_msgs/opennav_coverage_msgs/msg/swath.h\n'}
[48.258129] (opennav_coverage_msgs) StdoutLine: {'line': b'-- Symlinking: /home/mvibot/floorCleaningRobot_ws/install/opennav_coverage_msgs/include/opennav_coverage_msgs/opennav_coverage_msgs/msg/swath_mode.h\n'}
[48.271649] (opennav_coverage_msgs) StdoutLine: {'line': b'-- Symlinking: /home/mvibot/floorCleaningRobot_ws/install/opennav_coverage_msgs/share/opennav_coverage_msgs/environment/library_path.sh\n'}
[48.285094] (opennav_coverage_msgs) StdoutLine: {'line': b'-- Symlinking: /home/mvibot/floorCleaningRobot_ws/install/opennav_coverage_msgs/share/opennav_coverage_msgs/environment/library_path.dsv\n'}
[48.295959] (-) TimerEvent: {}
[48.299734] (opennav_coverage_msgs) StdoutLine: {'line': b'-- Symlinking: /home/mvibot/floorCleaningRobot_ws/install/opennav_coverage_msgs/include/opennav_coverage_msgs/opennav_coverage_msgs/action/detail/compute_coverage_path__rosidl_typesupport_fastrtps_c.h\n'}
[48.314388] (opennav_coverage_msgs) StdoutLine: {'line': b'-- Symlinking: /home/mvibot/floorCleaningRobot_ws/install/opennav_coverage_msgs/include/opennav_coverage_msgs/opennav_coverage_msgs/action/detail/navigate_complete_coverage__rosidl_typesupport_fastrtps_c.h\n'}
[48.327914] (opennav_coverage_msgs) StdoutLine: {'line': b'-- Symlinking: /home/mvibot/floorCleaningRobot_ws/install/opennav_coverage_msgs/include/opennav_coverage_msgs/opennav_coverage_msgs/msg/detail/coordinate__rosidl_typesupport_fastrtps_c.h\n'}
[48.341946] (opennav_coverage_msgs) StdoutLine: {'line': b'-- Symlinking: /home/mvibot/floorCleaningRobot_ws/install/opennav_coverage_msgs/include/opennav_coverage_msgs/opennav_coverage_msgs/msg/detail/coordinates__rosidl_typesupport_fastrtps_c.h\n'}
[48.355893] (opennav_coverage_msgs) StdoutLine: {'line': b'-- Symlinking: /home/mvibot/floorCleaningRobot_ws/install/opennav_coverage_msgs/include/opennav_coverage_msgs/opennav_coverage_msgs/msg/detail/headland_mode__rosidl_typesupport_fastrtps_c.h\n'}
[48.369123] (opennav_coverage_msgs) StdoutLine: {'line': b'-- Symlinking: /home/mvibot/floorCleaningRobot_ws/install/opennav_coverage_msgs/include/opennav_coverage_msgs/opennav_coverage_msgs/msg/detail/path_components__rosidl_typesupport_fastrtps_c.h\n'}
[48.383886] (opennav_coverage_msgs) StdoutLine: {'line': b'-- Symlinking: /home/mvibot/floorCleaningRobot_ws/install/opennav_coverage_msgs/include/opennav_coverage_msgs/opennav_coverage_msgs/msg/detail/path_mode__rosidl_typesupport_fastrtps_c.h\n'}
[48.396065] (-) TimerEvent: {}
[48.397369] (opennav_coverage_msgs) StdoutLine: {'line': b'-- Symlinking: /home/mvibot/floorCleaningRobot_ws/install/opennav_coverage_msgs/include/opennav_coverage_msgs/opennav_coverage_msgs/msg/detail/route_mode__rosidl_typesupport_fastrtps_c.h\n'}
[48.409790] (opennav_coverage_msgs) StdoutLine: {'line': b'-- Symlinking: /home/mvibot/floorCleaningRobot_ws/install/opennav_coverage_msgs/include/opennav_coverage_msgs/opennav_coverage_msgs/msg/detail/row_swath_mode__rosidl_typesupport_fastrtps_c.h\n'}
[48.426968] (opennav_coverage_msgs) StdoutLine: {'line': b'-- Symlinking: /home/mvibot/floorCleaningRobot_ws/install/opennav_coverage_msgs/include/opennav_coverage_msgs/opennav_coverage_msgs/msg/detail/swath__rosidl_typesupport_fastrtps_c.h\n'}
[48.440545] (opennav_coverage_msgs) StdoutLine: {'line': b'-- Symlinking: /home/mvibot/floorCleaningRobot_ws/install/opennav_coverage_msgs/include/opennav_coverage_msgs/opennav_coverage_msgs/msg/detail/swath_mode__rosidl_typesupport_fastrtps_c.h\n'}
[48.453527] (opennav_coverage_msgs) StdoutLine: {'line': b'-- Symlinking: /home/mvibot/floorCleaningRobot_ws/install/opennav_coverage_msgs/include/opennav_coverage_msgs/opennav_coverage_msgs/msg/rosidl_typesupport_fastrtps_c__visibility_control.h\n'}
[48.471557] (opennav_coverage_msgs) StdoutLine: {'line': b'-- Symlinking: /home/mvibot/floorCleaningRobot_ws/install/opennav_coverage_msgs/include/opennav_coverage_msgs/opennav_coverage_msgs/action/compute_coverage_path.hpp\n'}
[48.485626] (opennav_coverage_msgs) StdoutLine: {'line': b'-- Symlinking: /home/mvibot/floorCleaningRobot_ws/install/opennav_coverage_msgs/include/opennav_coverage_msgs/opennav_coverage_msgs/action/detail/compute_coverage_path__builder.hpp\n'}
[48.496167] (-) TimerEvent: {}
[48.499539] (opennav_coverage_msgs) StdoutLine: {'line': b'-- Symlinking: /home/mvibot/floorCleaningRobot_ws/install/opennav_coverage_msgs/include/opennav_coverage_msgs/opennav_coverage_msgs/action/detail/compute_coverage_path__struct.hpp\n'}
[48.514980] (opennav_coverage_msgs) StdoutLine: {'line': b'-- Symlinking: /home/mvibot/floorCleaningRobot_ws/install/opennav_coverage_msgs/include/opennav_coverage_msgs/opennav_coverage_msgs/action/detail/compute_coverage_path__traits.hpp\n'}
[48.527158] (opennav_coverage_msgs) StdoutLine: {'line': b'-- Symlinking: /home/mvibot/floorCleaningRobot_ws/install/opennav_coverage_msgs/include/opennav_coverage_msgs/opennav_coverage_msgs/action/detail/compute_coverage_path__type_support.hpp\n'}
[48.539772] (opennav_coverage_msgs) StdoutLine: {'line': b'-- Symlinking: /home/mvibot/floorCleaningRobot_ws/install/opennav_coverage_msgs/include/opennav_coverage_msgs/opennav_coverage_msgs/action/detail/navigate_complete_coverage__builder.hpp\n'}
[48.554311] (opennav_coverage_msgs) StdoutLine: {'line': b'-- Symlinking: /home/mvibot/floorCleaningRobot_ws/install/opennav_coverage_msgs/include/opennav_coverage_msgs/opennav_coverage_msgs/action/detail/navigate_complete_coverage__struct.hpp\n'}
[48.567816] (opennav_coverage_msgs) StdoutLine: {'line': b'-- Symlinking: /home/mvibot/floorCleaningRobot_ws/install/opennav_coverage_msgs/include/opennav_coverage_msgs/opennav_coverage_msgs/action/detail/navigate_complete_coverage__traits.hpp\n'}
[48.580930] (opennav_coverage_msgs) StdoutLine: {'line': b'-- Symlinking: /home/mvibot/floorCleaningRobot_ws/install/opennav_coverage_msgs/include/opennav_coverage_msgs/opennav_coverage_msgs/action/detail/navigate_complete_coverage__type_support.hpp\n'}
[48.596272] (-) TimerEvent: {}
[48.596528] (opennav_coverage_msgs) StdoutLine: {'line': b'-- Symlinking: /home/mvibot/floorCleaningRobot_ws/install/opennav_coverage_msgs/include/opennav_coverage_msgs/opennav_coverage_msgs/action/navigate_complete_coverage.hpp\n'}
[48.611920] (opennav_coverage_msgs) StdoutLine: {'line': b'-- Symlinking: /home/mvibot/floorCleaningRobot_ws/install/opennav_coverage_msgs/include/opennav_coverage_msgs/opennav_coverage_msgs/msg/coordinate.hpp\n'}
[48.625881] (opennav_coverage_msgs) StdoutLine: {'line': b'-- Symlinking: /home/mvibot/floorCleaningRobot_ws/install/opennav_coverage_msgs/include/opennav_coverage_msgs/opennav_coverage_msgs/msg/coordinates.hpp\n'}
[48.638184] (opennav_coverage_msgs) StdoutLine: {'line': b'-- Symlinking: /home/mvibot/floorCleaningRobot_ws/install/opennav_coverage_msgs/include/opennav_coverage_msgs/opennav_coverage_msgs/msg/detail/coordinate__builder.hpp\n'}
[48.650973] (opennav_coverage_msgs) StdoutLine: {'line': b'-- Symlinking: /home/mvibot/floorCleaningRobot_ws/install/opennav_coverage_msgs/include/opennav_coverage_msgs/opennav_coverage_msgs/msg/detail/coordinate__struct.hpp\n'}
[48.666243] (opennav_coverage_msgs) StdoutLine: {'line': b'-- Symlinking: /home/mvibot/floorCleaningRobot_ws/install/opennav_coverage_msgs/include/opennav_coverage_msgs/opennav_coverage_msgs/msg/detail/coordinate__traits.hpp\n'}
[48.679927] (opennav_coverage_msgs) StdoutLine: {'line': b'-- Symlinking: /home/mvibot/floorCleaningRobot_ws/install/opennav_coverage_msgs/include/opennav_coverage_msgs/opennav_coverage_msgs/msg/detail/coordinate__type_support.hpp\n'}
[48.692498] (opennav_coverage_msgs) StdoutLine: {'line': b'-- Symlinking: /home/mvibot/floorCleaningRobot_ws/install/opennav_coverage_msgs/include/opennav_coverage_msgs/opennav_coverage_msgs/msg/detail/coordinates__builder.hpp\n'}
[48.696375] (-) TimerEvent: {}
[48.705809] (opennav_coverage_msgs) StdoutLine: {'line': b'-- Symlinking: /home/mvibot/floorCleaningRobot_ws/install/opennav_coverage_msgs/include/opennav_coverage_msgs/opennav_coverage_msgs/msg/detail/coordinates__struct.hpp\n'}
[48.719363] (opennav_coverage_msgs) StdoutLine: {'line': b'-- Symlinking: /home/mvibot/floorCleaningRobot_ws/install/opennav_coverage_msgs/include/opennav_coverage_msgs/opennav_coverage_msgs/msg/detail/coordinates__traits.hpp\n'}
[48.733162] (opennav_coverage_msgs) StdoutLine: {'line': b'-- Symlinking: /home/mvibot/floorCleaningRobot_ws/install/opennav_coverage_msgs/include/opennav_coverage_msgs/opennav_coverage_msgs/msg/detail/coordinates__type_support.hpp\n'}
[48.755378] (opennav_coverage_msgs) StdoutLine: {'line': b'-- Symlinking: /home/mvibot/floorCleaningRobot_ws/install/opennav_coverage_msgs/include/opennav_coverage_msgs/opennav_coverage_msgs/msg/detail/headland_mode__builder.hpp\n'}
[48.773906] (opennav_coverage_msgs) StdoutLine: {'line': b'-- Symlinking: /home/mvibot/floorCleaningRobot_ws/install/opennav_coverage_msgs/include/opennav_coverage_msgs/opennav_coverage_msgs/msg/detail/headland_mode__struct.hpp\n'}
[48.792187] (opennav_coverage_msgs) StdoutLine: {'line': b'-- Symlinking: /home/mvibot/floorCleaningRobot_ws/install/opennav_coverage_msgs/include/opennav_coverage_msgs/opennav_coverage_msgs/msg/detail/headland_mode__traits.hpp\n'}
[48.796475] (-) TimerEvent: {}
[48.805266] (opennav_coverage_msgs) StdoutLine: {'line': b'-- Symlinking: /home/mvibot/floorCleaningRobot_ws/install/opennav_coverage_msgs/include/opennav_coverage_msgs/opennav_coverage_msgs/msg/detail/headland_mode__type_support.hpp\n'}
[48.822071] (opennav_coverage_msgs) StdoutLine: {'line': b'-- Symlinking: /home/mvibot/floorCleaningRobot_ws/install/opennav_coverage_msgs/include/opennav_coverage_msgs/opennav_coverage_msgs/msg/detail/path_components__builder.hpp\n'}
[48.836192] (opennav_coverage_msgs) StdoutLine: {'line': b'-- Symlinking: /home/mvibot/floorCleaningRobot_ws/install/opennav_coverage_msgs/include/opennav_coverage_msgs/opennav_coverage_msgs/msg/detail/path_components__struct.hpp\n'}
[48.852872] (opennav_coverage_msgs) StdoutLine: {'line': b'-- Symlinking: /home/mvibot/floorCleaningRobot_ws/install/opennav_coverage_msgs/include/opennav_coverage_msgs/opennav_coverage_msgs/msg/detail/path_components__traits.hpp\n'}
[48.867229] (opennav_coverage_msgs) StdoutLine: {'line': b'-- Symlinking: /home/mvibot/floorCleaningRobot_ws/install/opennav_coverage_msgs/include/opennav_coverage_msgs/opennav_coverage_msgs/msg/detail/path_components__type_support.hpp\n'}
[48.880809] (opennav_coverage_msgs) StdoutLine: {'line': b'-- Symlinking: /home/mvibot/floorCleaningRobot_ws/install/opennav_coverage_msgs/include/opennav_coverage_msgs/opennav_coverage_msgs/msg/detail/path_mode__builder.hpp\n'}
[48.893550] (opennav_coverage_msgs) StdoutLine: {'line': b'-- Symlinking: /home/mvibot/floorCleaningRobot_ws/install/opennav_coverage_msgs/include/opennav_coverage_msgs/opennav_coverage_msgs/msg/detail/path_mode__struct.hpp\n'}
[48.896601] (-) TimerEvent: {}
[48.907675] (opennav_coverage_msgs) StdoutLine: {'line': b'-- Symlinking: /home/mvibot/floorCleaningRobot_ws/install/opennav_coverage_msgs/include/opennav_coverage_msgs/opennav_coverage_msgs/msg/detail/path_mode__traits.hpp\n'}
[48.921559] (opennav_coverage_msgs) StdoutLine: {'line': b'-- Symlinking: /home/mvibot/floorCleaningRobot_ws/install/opennav_coverage_msgs/include/opennav_coverage_msgs/opennav_coverage_msgs/msg/detail/path_mode__type_support.hpp\n'}
[48.935300] (opennav_coverage_msgs) StdoutLine: {'line': b'-- Symlinking: /home/mvibot/floorCleaningRobot_ws/install/opennav_coverage_msgs/include/opennav_coverage_msgs/opennav_coverage_msgs/msg/detail/route_mode__builder.hpp\n'}
[48.956818] (opennav_coverage_msgs) StdoutLine: {'line': b'-- Symlinking: /home/mvibot/floorCleaningRobot_ws/install/opennav_coverage_msgs/include/opennav_coverage_msgs/opennav_coverage_msgs/msg/detail/route_mode__struct.hpp\n'}
[48.974289] (opennav_coverage_msgs) StdoutLine: {'line': b'-- Symlinking: /home/mvibot/floorCleaningRobot_ws/install/opennav_coverage_msgs/include/opennav_coverage_msgs/opennav_coverage_msgs/msg/detail/route_mode__traits.hpp\n'}
[48.991225] (opennav_coverage_msgs) StdoutLine: {'line': b'-- Symlinking: /home/mvibot/floorCleaningRobot_ws/install/opennav_coverage_msgs/include/opennav_coverage_msgs/opennav_coverage_msgs/msg/detail/route_mode__type_support.hpp\n'}
[48.996718] (-) TimerEvent: {}
[49.005948] (opennav_coverage_msgs) StdoutLine: {'line': b'-- Symlinking: /home/mvibot/floorCleaningRobot_ws/install/opennav_coverage_msgs/include/opennav_coverage_msgs/opennav_coverage_msgs/msg/detail/row_swath_mode__builder.hpp\n'}
[49.020570] (opennav_coverage_msgs) StdoutLine: {'line': b'-- Symlinking: /home/mvibot/floorCleaningRobot_ws/install/opennav_coverage_msgs/include/opennav_coverage_msgs/opennav_coverage_msgs/msg/detail/row_swath_mode__struct.hpp\n'}
[49.037344] (opennav_coverage_msgs) StdoutLine: {'line': b'-- Symlinking: /home/mvibot/floorCleaningRobot_ws/install/opennav_coverage_msgs/include/opennav_coverage_msgs/opennav_coverage_msgs/msg/detail/row_swath_mode__traits.hpp\n'}
[49.051521] (opennav_coverage_msgs) StdoutLine: {'line': b'-- Symlinking: /home/mvibot/floorCleaningRobot_ws/install/opennav_coverage_msgs/include/opennav_coverage_msgs/opennav_coverage_msgs/msg/detail/row_swath_mode__type_support.hpp\n'}
[49.065297] (opennav_coverage_msgs) StdoutLine: {'line': b'-- Symlinking: /home/mvibot/floorCleaningRobot_ws/install/opennav_coverage_msgs/include/opennav_coverage_msgs/opennav_coverage_msgs/msg/detail/swath__builder.hpp\n'}
[49.081422] (opennav_coverage_msgs) StdoutLine: {'line': b'-- Symlinking: /home/mvibot/floorCleaningRobot_ws/install/opennav_coverage_msgs/include/opennav_coverage_msgs/opennav_coverage_msgs/msg/detail/swath__struct.hpp\n'}
[49.095141] (opennav_coverage_msgs) StdoutLine: {'line': b'-- Symlinking: /home/mvibot/floorCleaningRobot_ws/install/opennav_coverage_msgs/include/opennav_coverage_msgs/opennav_coverage_msgs/msg/detail/swath__traits.hpp\n'}
[49.096818] (-) TimerEvent: {}
[49.109769] (opennav_coverage_msgs) StdoutLine: {'line': b'-- Symlinking: /home/mvibot/floorCleaningRobot_ws/install/opennav_coverage_msgs/include/opennav_coverage_msgs/opennav_coverage_msgs/msg/detail/swath__type_support.hpp\n'}
[49.123067] (opennav_coverage_msgs) StdoutLine: {'line': b'-- Symlinking: /home/mvibot/floorCleaningRobot_ws/install/opennav_coverage_msgs/include/opennav_coverage_msgs/opennav_coverage_msgs/msg/detail/swath_mode__builder.hpp\n'}
[49.137400] (opennav_coverage_msgs) StdoutLine: {'line': b'-- Symlinking: /home/mvibot/floorCleaningRobot_ws/install/opennav_coverage_msgs/include/opennav_coverage_msgs/opennav_coverage_msgs/msg/detail/swath_mode__struct.hpp\n'}
[49.153177] (opennav_coverage_msgs) StdoutLine: {'line': b'-- Symlinking: /home/mvibot/floorCleaningRobot_ws/install/opennav_coverage_msgs/include/opennav_coverage_msgs/opennav_coverage_msgs/msg/detail/swath_mode__traits.hpp\n'}
[49.167831] (opennav_coverage_msgs) StdoutLine: {'line': b'-- Symlinking: /home/mvibot/floorCleaningRobot_ws/install/opennav_coverage_msgs/include/opennav_coverage_msgs/opennav_coverage_msgs/msg/detail/swath_mode__type_support.hpp\n'}
[49.182126] (opennav_coverage_msgs) StdoutLine: {'line': b'-- Symlinking: /home/mvibot/floorCleaningRobot_ws/install/opennav_coverage_msgs/include/opennav_coverage_msgs/opennav_coverage_msgs/msg/headland_mode.hpp\n'}
[49.196913] (-) TimerEvent: {}
[49.198291] (opennav_coverage_msgs) StdoutLine: {'line': b'-- Symlinking: /home/mvibot/floorCleaningRobot_ws/install/opennav_coverage_msgs/include/opennav_coverage_msgs/opennav_coverage_msgs/msg/path_components.hpp\n'}
[49.211566] (opennav_coverage_msgs) StdoutLine: {'line': b'-- Symlinking: /home/mvibot/floorCleaningRobot_ws/install/opennav_coverage_msgs/include/opennav_coverage_msgs/opennav_coverage_msgs/msg/path_mode.hpp\n'}
[49.227936] (opennav_coverage_msgs) StdoutLine: {'line': b'-- Symlinking: /home/mvibot/floorCleaningRobot_ws/install/opennav_coverage_msgs/include/opennav_coverage_msgs/opennav_coverage_msgs/msg/rosidl_generator_cpp__visibility_control.hpp\n'}
[49.251834] (opennav_coverage_msgs) StdoutLine: {'line': b'-- Symlinking: /home/mvibot/floorCleaningRobot_ws/install/opennav_coverage_msgs/include/opennav_coverage_msgs/opennav_coverage_msgs/msg/route_mode.hpp\n'}
[49.266704] (opennav_coverage_msgs) StdoutLine: {'line': b'-- Symlinking: /home/mvibot/floorCleaningRobot_ws/install/opennav_coverage_msgs/include/opennav_coverage_msgs/opennav_coverage_msgs/msg/row_swath_mode.hpp\n'}
[49.283386] (opennav_coverage_msgs) StdoutLine: {'line': b'-- Symlinking: /home/mvibot/floorCleaningRobot_ws/install/opennav_coverage_msgs/include/opennav_coverage_msgs/opennav_coverage_msgs/msg/swath.hpp\n'}
[49.297051] (-) TimerEvent: {}
[49.301957] (opennav_coverage_msgs) StdoutLine: {'line': b'-- Symlinking: /home/mvibot/floorCleaningRobot_ws/install/opennav_coverage_msgs/include/opennav_coverage_msgs/opennav_coverage_msgs/msg/swath_mode.hpp\n'}
[49.319472] (opennav_coverage_msgs) StdoutLine: {'line': b'-- Symlinking: /home/mvibot/floorCleaningRobot_ws/install/opennav_coverage_msgs/include/opennav_coverage_msgs/opennav_coverage_msgs/action/detail/compute_coverage_path__rosidl_typesupport_fastrtps_cpp.hpp\n'}
[49.337654] (opennav_coverage_msgs) StdoutLine: {'line': b'-- Symlinking: /home/mvibot/floorCleaningRobot_ws/install/opennav_coverage_msgs/include/opennav_coverage_msgs/opennav_coverage_msgs/action/detail/navigate_complete_coverage__rosidl_typesupport_fastrtps_cpp.hpp\n'}
[49.355881] (opennav_coverage_msgs) StdoutLine: {'line': b'-- Symlinking: /home/mvibot/floorCleaningRobot_ws/install/opennav_coverage_msgs/include/opennav_coverage_msgs/opennav_coverage_msgs/msg/detail/coordinate__rosidl_typesupport_fastrtps_cpp.hpp\n'}
[49.373633] (opennav_coverage_msgs) StdoutLine: {'line': b'-- Symlinking: /home/mvibot/floorCleaningRobot_ws/install/opennav_coverage_msgs/include/opennav_coverage_msgs/opennav_coverage_msgs/msg/detail/coordinates__rosidl_typesupport_fastrtps_cpp.hpp\n'}
[49.392687] (opennav_coverage_msgs) StdoutLine: {'line': b'-- Symlinking: /home/mvibot/floorCleaningRobot_ws/install/opennav_coverage_msgs/include/opennav_coverage_msgs/opennav_coverage_msgs/msg/detail/headland_mode__rosidl_typesupport_fastrtps_cpp.hpp\n'}
[49.397104] (-) TimerEvent: {}
[49.407407] (opennav_coverage_msgs) StdoutLine: {'line': b'-- Symlinking: /home/mvibot/floorCleaningRobot_ws/install/opennav_coverage_msgs/include/opennav_coverage_msgs/opennav_coverage_msgs/msg/detail/path_components__rosidl_typesupport_fastrtps_cpp.hpp\n'}
[49.422392] (opennav_coverage_msgs) StdoutLine: {'line': b'-- Symlinking: /home/mvibot/floorCleaningRobot_ws/install/opennav_coverage_msgs/include/opennav_coverage_msgs/opennav_coverage_msgs/msg/detail/path_mode__rosidl_typesupport_fastrtps_cpp.hpp\n'}
[49.439681] (opennav_coverage_msgs) StdoutLine: {'line': b'-- Symlinking: /home/mvibot/floorCleaningRobot_ws/install/opennav_coverage_msgs/include/opennav_coverage_msgs/opennav_coverage_msgs/msg/detail/route_mode__rosidl_typesupport_fastrtps_cpp.hpp\n'}
[49.457451] (opennav_coverage_msgs) StdoutLine: {'line': b'-- Symlinking: /home/mvibot/floorCleaningRobot_ws/install/opennav_coverage_msgs/include/opennav_coverage_msgs/opennav_coverage_msgs/msg/detail/row_swath_mode__rosidl_typesupport_fastrtps_cpp.hpp\n'}
[49.474179] (opennav_coverage_msgs) StdoutLine: {'line': b'-- Symlinking: /home/mvibot/floorCleaningRobot_ws/install/opennav_coverage_msgs/include/opennav_coverage_msgs/opennav_coverage_msgs/msg/detail/swath__rosidl_typesupport_fastrtps_cpp.hpp\n'}
[49.487997] (opennav_coverage_msgs) StdoutLine: {'line': b'-- Symlinking: /home/mvibot/floorCleaningRobot_ws/install/opennav_coverage_msgs/include/opennav_coverage_msgs/opennav_coverage_msgs/msg/detail/swath_mode__rosidl_typesupport_fastrtps_cpp.hpp\n'}
[49.497171] (-) TimerEvent: {}
[49.502633] (opennav_coverage_msgs) StdoutLine: {'line': b'-- Symlinking: /home/mvibot/floorCleaningRobot_ws/install/opennav_coverage_msgs/include/opennav_coverage_msgs/opennav_coverage_msgs/msg/rosidl_typesupport_fastrtps_cpp__visibility_control.h\n'}
[49.522629] (opennav_coverage_msgs) StdoutLine: {'line': b'-- Symlinking: /home/mvibot/floorCleaningRobot_ws/install/opennav_coverage_msgs/include/opennav_coverage_msgs/opennav_coverage_msgs/action/detail/compute_coverage_path__rosidl_typesupport_introspection_c.h\n'}
[49.535599] (opennav_coverage_msgs) StdoutLine: {'line': b'-- Symlinking: /home/mvibot/floorCleaningRobot_ws/install/opennav_coverage_msgs/include/opennav_coverage_msgs/opennav_coverage_msgs/action/detail/navigate_complete_coverage__rosidl_typesupport_introspection_c.h\n'}
[49.550315] (opennav_coverage_msgs) StdoutLine: {'line': b'-- Symlinking: /home/mvibot/floorCleaningRobot_ws/install/opennav_coverage_msgs/include/opennav_coverage_msgs/opennav_coverage_msgs/msg/detail/coordinate__rosidl_typesupport_introspection_c.h\n'}
[49.563454] (opennav_coverage_msgs) StdoutLine: {'line': b'-- Symlinking: /home/mvibot/floorCleaningRobot_ws/install/opennav_coverage_msgs/include/opennav_coverage_msgs/opennav_coverage_msgs/msg/detail/coordinates__rosidl_typesupport_introspection_c.h\n'}
[49.577217] (opennav_coverage_msgs) StdoutLine: {'line': b'-- Symlinking: /home/mvibot/floorCleaningRobot_ws/install/opennav_coverage_msgs/include/opennav_coverage_msgs/opennav_coverage_msgs/msg/detail/headland_mode__rosidl_typesupport_introspection_c.h\n'}
[49.591145] (opennav_coverage_msgs) StdoutLine: {'line': b'-- Symlinking: /home/mvibot/floorCleaningRobot_ws/install/opennav_coverage_msgs/include/opennav_coverage_msgs/opennav_coverage_msgs/msg/detail/path_components__rosidl_typesupport_introspection_c.h\n'}
[49.597284] (-) TimerEvent: {}
[49.604603] (opennav_coverage_msgs) StdoutLine: {'line': b'-- Symlinking: /home/mvibot/floorCleaningRobot_ws/install/opennav_coverage_msgs/include/opennav_coverage_msgs/opennav_coverage_msgs/msg/detail/path_mode__rosidl_typesupport_introspection_c.h\n'}
[49.621360] (opennav_coverage_msgs) StdoutLine: {'line': b'-- Symlinking: /home/mvibot/floorCleaningRobot_ws/install/opennav_coverage_msgs/include/opennav_coverage_msgs/opennav_coverage_msgs/msg/detail/route_mode__rosidl_typesupport_introspection_c.h\n'}
[49.636531] (opennav_coverage_msgs) StdoutLine: {'line': b'-- Symlinking: /home/mvibot/floorCleaningRobot_ws/install/opennav_coverage_msgs/include/opennav_coverage_msgs/opennav_coverage_msgs/msg/detail/row_swath_mode__rosidl_typesupport_introspection_c.h\n'}
[49.649587] (opennav_coverage_msgs) StdoutLine: {'line': b'-- Symlinking: /home/mvibot/floorCleaningRobot_ws/install/opennav_coverage_msgs/include/opennav_coverage_msgs/opennav_coverage_msgs/msg/detail/swath__rosidl_typesupport_introspection_c.h\n'}
[49.664082] (opennav_coverage_msgs) StdoutLine: {'line': b'-- Symlinking: /home/mvibot/floorCleaningRobot_ws/install/opennav_coverage_msgs/include/opennav_coverage_msgs/opennav_coverage_msgs/msg/detail/swath_mode__rosidl_typesupport_introspection_c.h\n'}
[49.679144] (opennav_coverage_msgs) StdoutLine: {'line': b'-- Symlinking: /home/mvibot/floorCleaningRobot_ws/install/opennav_coverage_msgs/include/opennav_coverage_msgs/opennav_coverage_msgs/msg/rosidl_typesupport_introspection_c__visibility_control.h\n'}
[49.696630] (opennav_coverage_msgs) StdoutLine: {'line': b'-- Symlinking: /home/mvibot/floorCleaningRobot_ws/install/opennav_coverage_msgs/include/opennav_coverage_msgs/opennav_coverage_msgs/action/detail/compute_coverage_path__rosidl_typesupport_introspection_cpp.hpp\n'}
[49.697382] (-) TimerEvent: {}
[49.710737] (opennav_coverage_msgs) StdoutLine: {'line': b'-- Symlinking: /home/mvibot/floorCleaningRobot_ws/install/opennav_coverage_msgs/include/opennav_coverage_msgs/opennav_coverage_msgs/action/detail/navigate_complete_coverage__rosidl_typesupport_introspection_cpp.hpp\n'}
[49.727282] (opennav_coverage_msgs) StdoutLine: {'line': b'-- Symlinking: /home/mvibot/floorCleaningRobot_ws/install/opennav_coverage_msgs/include/opennav_coverage_msgs/opennav_coverage_msgs/msg/detail/coordinate__rosidl_typesupport_introspection_cpp.hpp\n'}
[49.747816] (opennav_coverage_msgs) StdoutLine: {'line': b'-- Symlinking: /home/mvibot/floorCleaningRobot_ws/install/opennav_coverage_msgs/include/opennav_coverage_msgs/opennav_coverage_msgs/msg/detail/coordinates__rosidl_typesupport_introspection_cpp.hpp\n'}
[49.762265] (opennav_coverage_msgs) StdoutLine: {'line': b'-- Symlinking: /home/mvibot/floorCleaningRobot_ws/install/opennav_coverage_msgs/include/opennav_coverage_msgs/opennav_coverage_msgs/msg/detail/headland_mode__rosidl_typesupport_introspection_cpp.hpp\n'}
[49.776133] (opennav_coverage_msgs) StdoutLine: {'line': b'-- Symlinking: /home/mvibot/floorCleaningRobot_ws/install/opennav_coverage_msgs/include/opennav_coverage_msgs/opennav_coverage_msgs/msg/detail/path_components__rosidl_typesupport_introspection_cpp.hpp\n'}
[49.792545] (opennav_coverage_msgs) StdoutLine: {'line': b'-- Symlinking: /home/mvibot/floorCleaningRobot_ws/install/opennav_coverage_msgs/include/opennav_coverage_msgs/opennav_coverage_msgs/msg/detail/path_mode__rosidl_typesupport_introspection_cpp.hpp\n'}
[49.797496] (-) TimerEvent: {}
[49.805822] (opennav_coverage_msgs) StdoutLine: {'line': b'-- Symlinking: /home/mvibot/floorCleaningRobot_ws/install/opennav_coverage_msgs/include/opennav_coverage_msgs/opennav_coverage_msgs/msg/detail/route_mode__rosidl_typesupport_introspection_cpp.hpp\n'}
[49.822822] (opennav_coverage_msgs) StdoutLine: {'line': b'-- Symlinking: /home/mvibot/floorCleaningRobot_ws/install/opennav_coverage_msgs/include/opennav_coverage_msgs/opennav_coverage_msgs/msg/detail/row_swath_mode__rosidl_typesupport_introspection_cpp.hpp\n'}
[49.837158] (opennav_coverage_msgs) StdoutLine: {'line': b'-- Symlinking: /home/mvibot/floorCleaningRobot_ws/install/opennav_coverage_msgs/include/opennav_coverage_msgs/opennav_coverage_msgs/msg/detail/swath__rosidl_typesupport_introspection_cpp.hpp\n'}
[49.851621] (opennav_coverage_msgs) StdoutLine: {'line': b'-- Symlinking: /home/mvibot/floorCleaningRobot_ws/install/opennav_coverage_msgs/include/opennav_coverage_msgs/opennav_coverage_msgs/msg/detail/swath_mode__rosidl_typesupport_introspection_cpp.hpp\n'}
[49.866846] (opennav_coverage_msgs) StdoutLine: {'line': b'-- Symlinking: /home/mvibot/floorCleaningRobot_ws/install/opennav_coverage_msgs/share/opennav_coverage_msgs/environment/pythonpath.sh\n'}
[49.880201] (opennav_coverage_msgs) StdoutLine: {'line': b'-- Symlinking: /home/mvibot/floorCleaningRobot_ws/install/opennav_coverage_msgs/share/opennav_coverage_msgs/environment/pythonpath.dsv\n'}
[49.894389] (opennav_coverage_msgs) StdoutLine: {'line': b'-- Symlinking: /home/mvibot/floorCleaningRobot_ws/install/opennav_coverage_msgs/lib/python3.12/site-packages/opennav_coverage_msgs-0.0.1-py3.12.egg-info/PKG-INFO\n'}
[49.897593] (-) TimerEvent: {}
[49.908699] (opennav_coverage_msgs) StdoutLine: {'line': b'-- Symlinking: /home/mvibot/floorCleaningRobot_ws/install/opennav_coverage_msgs/lib/python3.12/site-packages/opennav_coverage_msgs-0.0.1-py3.12.egg-info/SOURCES.txt\n'}
[49.921101] (opennav_coverage_msgs) StdoutLine: {'line': b'-- Symlinking: /home/mvibot/floorCleaningRobot_ws/install/opennav_coverage_msgs/lib/python3.12/site-packages/opennav_coverage_msgs-0.0.1-py3.12.egg-info/dependency_links.txt\n'}
[49.938162] (opennav_coverage_msgs) StdoutLine: {'line': b'-- Symlinking: /home/mvibot/floorCleaningRobot_ws/install/opennav_coverage_msgs/lib/python3.12/site-packages/opennav_coverage_msgs-0.0.1-py3.12.egg-info/top_level.txt\n'}
[49.957548] (opennav_coverage_msgs) StdoutLine: {'line': b'-- Symlinking: /home/mvibot/floorCleaningRobot_ws/install/opennav_coverage_msgs/lib/python3.12/site-packages/opennav_coverage_msgs/__init__.py\n'}
[49.970775] (opennav_coverage_msgs) StdoutLine: {'line': b'-- Symlinking: /home/mvibot/floorCleaningRobot_ws/install/opennav_coverage_msgs/lib/python3.12/site-packages/opennav_coverage_msgs/_opennav_coverage_msgs_s.ep.rosidl_typesupport_c.c\n'}
[49.988993] (opennav_coverage_msgs) StdoutLine: {'line': b'-- Symlinking: /home/mvibot/floorCleaningRobot_ws/install/opennav_coverage_msgs/lib/python3.12/site-packages/opennav_coverage_msgs/_opennav_coverage_msgs_s.ep.rosidl_typesupport_fastrtps_c.c\n'}
[49.997689] (-) TimerEvent: {}
[50.004237] (opennav_coverage_msgs) StdoutLine: {'line': b'-- Symlinking: /home/mvibot/floorCleaningRobot_ws/install/opennav_coverage_msgs/lib/python3.12/site-packages/opennav_coverage_msgs/_opennav_coverage_msgs_s.ep.rosidl_typesupport_introspection_c.c\n'}
[50.020841] (opennav_coverage_msgs) StdoutLine: {'line': b'-- Symlinking: /home/mvibot/floorCleaningRobot_ws/install/opennav_coverage_msgs/lib/python3.12/site-packages/opennav_coverage_msgs/action/__init__.py\n'}
[50.038847] (opennav_coverage_msgs) StdoutLine: {'line': b'-- Symlinking: /home/mvibot/floorCleaningRobot_ws/install/opennav_coverage_msgs/lib/python3.12/site-packages/opennav_coverage_msgs/action/_compute_coverage_path.py\n'}
[50.051499] (opennav_coverage_msgs) StdoutLine: {'line': b'-- Symlinking: /home/mvibot/floorCleaningRobot_ws/install/opennav_coverage_msgs/lib/python3.12/site-packages/opennav_coverage_msgs/action/_compute_coverage_path_s.c\n'}
[50.068346] (opennav_coverage_msgs) StdoutLine: {'line': b'-- Symlinking: /home/mvibot/floorCleaningRobot_ws/install/opennav_coverage_msgs/lib/python3.12/site-packages/opennav_coverage_msgs/action/_navigate_complete_coverage.py\n'}
[50.081006] (opennav_coverage_msgs) StdoutLine: {'line': b'-- Symlinking: /home/mvibot/floorCleaningRobot_ws/install/opennav_coverage_msgs/lib/python3.12/site-packages/opennav_coverage_msgs/action/_navigate_complete_coverage_s.c\n'}
[50.094387] (opennav_coverage_msgs) StdoutLine: {'line': b'-- Symlinking: /home/mvibot/floorCleaningRobot_ws/install/opennav_coverage_msgs/lib/python3.12/site-packages/opennav_coverage_msgs/msg/__init__.py\n'}
[50.097793] (-) TimerEvent: {}
[50.108835] (opennav_coverage_msgs) StdoutLine: {'line': b'-- Symlinking: /home/mvibot/floorCleaningRobot_ws/install/opennav_coverage_msgs/lib/python3.12/site-packages/opennav_coverage_msgs/msg/_coordinate.py\n'}
[50.123692] (opennav_coverage_msgs) StdoutLine: {'line': b'-- Symlinking: /home/mvibot/floorCleaningRobot_ws/install/opennav_coverage_msgs/lib/python3.12/site-packages/opennav_coverage_msgs/msg/_coordinate_s.c\n'}
[50.137145] (opennav_coverage_msgs) StdoutLine: {'line': b'-- Symlinking: /home/mvibot/floorCleaningRobot_ws/install/opennav_coverage_msgs/lib/python3.12/site-packages/opennav_coverage_msgs/msg/_coordinates.py\n'}
[50.152662] (opennav_coverage_msgs) StdoutLine: {'line': b'-- Symlinking: /home/mvibot/floorCleaningRobot_ws/install/opennav_coverage_msgs/lib/python3.12/site-packages/opennav_coverage_msgs/msg/_coordinates_s.c\n'}
[50.166487] (opennav_coverage_msgs) StdoutLine: {'line': b'-- Symlinking: /home/mvibot/floorCleaningRobot_ws/install/opennav_coverage_msgs/lib/python3.12/site-packages/opennav_coverage_msgs/msg/_headland_mode.py\n'}
[50.179451] (opennav_coverage_msgs) StdoutLine: {'line': b'-- Symlinking: /home/mvibot/floorCleaningRobot_ws/install/opennav_coverage_msgs/lib/python3.12/site-packages/opennav_coverage_msgs/msg/_headland_mode_s.c\n'}
[50.194454] (opennav_coverage_msgs) StdoutLine: {'line': b'-- Symlinking: /home/mvibot/floorCleaningRobot_ws/install/opennav_coverage_msgs/lib/python3.12/site-packages/opennav_coverage_msgs/msg/_path_components.py\n'}
[50.197884] (-) TimerEvent: {}
[50.207378] (opennav_coverage_msgs) StdoutLine: {'line': b'-- Symlinking: /home/mvibot/floorCleaningRobot_ws/install/opennav_coverage_msgs/lib/python3.12/site-packages/opennav_coverage_msgs/msg/_path_components_s.c\n'}
[50.221218] (opennav_coverage_msgs) StdoutLine: {'line': b'-- Symlinking: /home/mvibot/floorCleaningRobot_ws/install/opennav_coverage_msgs/lib/python3.12/site-packages/opennav_coverage_msgs/msg/_path_mode.py\n'}
[50.235912] (opennav_coverage_msgs) StdoutLine: {'line': b'-- Symlinking: /home/mvibot/floorCleaningRobot_ws/install/opennav_coverage_msgs/lib/python3.12/site-packages/opennav_coverage_msgs/msg/_path_mode_s.c\n'}
[50.249833] (opennav_coverage_msgs) StdoutLine: {'line': b'-- Symlinking: /home/mvibot/floorCleaningRobot_ws/install/opennav_coverage_msgs/lib/python3.12/site-packages/opennav_coverage_msgs/msg/_route_mode.py\n'}
[50.264090] (opennav_coverage_msgs) StdoutLine: {'line': b'-- Symlinking: /home/mvibot/floorCleaningRobot_ws/install/opennav_coverage_msgs/lib/python3.12/site-packages/opennav_coverage_msgs/msg/_route_mode_s.c\n'}
[50.288387] (opennav_coverage_msgs) StdoutLine: {'line': b'-- Symlinking: /home/mvibot/floorCleaningRobot_ws/install/opennav_coverage_msgs/lib/python3.12/site-packages/opennav_coverage_msgs/msg/_row_swath_mode.py\n'}
[50.297990] (-) TimerEvent: {}
[50.302163] (opennav_coverage_msgs) StdoutLine: {'line': b'-- Symlinking: /home/mvibot/floorCleaningRobot_ws/install/opennav_coverage_msgs/lib/python3.12/site-packages/opennav_coverage_msgs/msg/_row_swath_mode_s.c\n'}
[50.318386] (opennav_coverage_msgs) StdoutLine: {'line': b'-- Symlinking: /home/mvibot/floorCleaningRobot_ws/install/opennav_coverage_msgs/lib/python3.12/site-packages/opennav_coverage_msgs/msg/_swath.py\n'}
[50.333176] (opennav_coverage_msgs) StdoutLine: {'line': b'-- Symlinking: /home/mvibot/floorCleaningRobot_ws/install/opennav_coverage_msgs/lib/python3.12/site-packages/opennav_coverage_msgs/msg/_swath_mode.py\n'}
[50.349493] (opennav_coverage_msgs) StdoutLine: {'line': b'-- Symlinking: /home/mvibot/floorCleaningRobot_ws/install/opennav_coverage_msgs/lib/python3.12/site-packages/opennav_coverage_msgs/msg/_swath_mode_s.c\n'}
[50.364550] (opennav_coverage_msgs) StdoutLine: {'line': b'-- Symlinking: /home/mvibot/floorCleaningRobot_ws/install/opennav_coverage_msgs/lib/python3.12/site-packages/opennav_coverage_msgs/msg/_swath_s.c\n'}
[50.379788] (opennav_coverage_msgs) StdoutLine: {'line': b'-- Symlinking: /home/mvibot/floorCleaningRobot_ws/install/opennav_coverage_msgs/lib/python3.12/site-packages/opennav_coverage_msgs/opennav_coverage_msgs_s__rosidl_typesupport_c.so\n'}
[50.394982] (opennav_coverage_msgs) StdoutLine: {'line': b'-- Symlinking: /home/mvibot/floorCleaningRobot_ws/install/opennav_coverage_msgs/lib/python3.12/site-packages/opennav_coverage_msgs/opennav_coverage_msgs_s__rosidl_typesupport_fastrtps_c.so\n'}
[50.398096] (-) TimerEvent: {}
[50.409157] (opennav_coverage_msgs) StdoutLine: {'line': b'-- Symlinking: /home/mvibot/floorCleaningRobot_ws/install/opennav_coverage_msgs/lib/python3.12/site-packages/opennav_coverage_msgs/opennav_coverage_msgs_s__rosidl_typesupport_introspection_c.so\n'}
[50.425071] (opennav_coverage_msgs) StdoutLine: {'line': b'-- Up-to-date symlink: /home/mvibot/floorCleaningRobot_ws/install/opennav_coverage_msgs/lib/python3.12/site-packages/opennav_coverage_msgs/opennav_coverage_msgs_s__rosidl_typesupport_fastrtps_c.so\n'}
[50.425817] (opennav_coverage_msgs) StdoutLine: {'line': b'-- Up-to-date symlink: /home/mvibot/floorCleaningRobot_ws/install/opennav_coverage_msgs/lib/python3.12/site-packages/opennav_coverage_msgs/opennav_coverage_msgs_s__rosidl_typesupport_introspection_c.so\n'}
[50.426447] (opennav_coverage_msgs) StdoutLine: {'line': b'-- Up-to-date symlink: /home/mvibot/floorCleaningRobot_ws/install/opennav_coverage_msgs/lib/python3.12/site-packages/opennav_coverage_msgs/opennav_coverage_msgs_s__rosidl_typesupport_c.so\n'}
[50.426937] (opennav_coverage_msgs) StdoutLine: {'line': b'-- Symlinking: /home/mvibot/floorCleaningRobot_ws/install/opennav_coverage_msgs/share/ament_index/resource_index/rust_packages/opennav_coverage_msgs\n'}
[50.442617] (opennav_coverage_msgs) StdoutLine: {'line': b'-- Symlinking: /home/mvibot/floorCleaningRobot_ws/install/opennav_coverage_msgs/share/opennav_coverage_msgs/rust/Cargo.toml\n'}
[50.456434] (opennav_coverage_msgs) StdoutLine: {'line': b'-- Symlinking: /home/mvibot/floorCleaningRobot_ws/install/opennav_coverage_msgs/share/opennav_coverage_msgs/rust/build.rs\n'}
[50.473053] (opennav_coverage_msgs) StdoutLine: {'line': b'-- Symlinking: /home/mvibot/floorCleaningRobot_ws/install/opennav_coverage_msgs/share/opennav_coverage_msgs/rust/src/action.rs\n'}
[50.488223] (opennav_coverage_msgs) StdoutLine: {'line': b'-- Symlinking: /home/mvibot/floorCleaningRobot_ws/install/opennav_coverage_msgs/share/opennav_coverage_msgs/rust/src/action/rmw.rs\n'}
[50.498212] (-) TimerEvent: {}
[50.504754] (opennav_coverage_msgs) StdoutLine: {'line': b'-- Symlinking: /home/mvibot/floorCleaningRobot_ws/install/opennav_coverage_msgs/share/opennav_coverage_msgs/rust/src/lib.rs\n'}
[50.528982] (opennav_coverage_msgs) StdoutLine: {'line': b'-- Symlinking: /home/mvibot/floorCleaningRobot_ws/install/opennav_coverage_msgs/share/opennav_coverage_msgs/rust/src/msg.rs\n'}
[50.553345] (opennav_coverage_msgs) StdoutLine: {'line': b'-- Symlinking: /home/mvibot/floorCleaningRobot_ws/install/opennav_coverage_msgs/share/opennav_coverage_msgs/rust/src/msg/rmw.rs\n'}
[50.567321] (opennav_coverage_msgs) StdoutLine: {'line': b'-- Symlinking: /home/mvibot/floorCleaningRobot_ws/install/opennav_coverage_msgs/share/opennav_coverage_msgs/msg/Coordinate.idl\n'}
[50.581563] (opennav_coverage_msgs) StdoutLine: {'line': b'-- Symlinking: /home/mvibot/floorCleaningRobot_ws/install/opennav_coverage_msgs/share/opennav_coverage_msgs/msg/Coordinates.idl\n'}
[50.595326] (opennav_coverage_msgs) StdoutLine: {'line': b'-- Symlinking: /home/mvibot/floorCleaningRobot_ws/install/opennav_coverage_msgs/share/opennav_coverage_msgs/msg/HeadlandMode.idl\n'}
[50.598293] (-) TimerEvent: {}
[50.608340] (opennav_coverage_msgs) StdoutLine: {'line': b'-- Symlinking: /home/mvibot/floorCleaningRobot_ws/install/opennav_coverage_msgs/share/opennav_coverage_msgs/msg/SwathMode.idl\n'}
[50.621375] (opennav_coverage_msgs) StdoutLine: {'line': b'-- Symlinking: /home/mvibot/floorCleaningRobot_ws/install/opennav_coverage_msgs/share/opennav_coverage_msgs/msg/RowSwathMode.idl\n'}
[50.635198] (opennav_coverage_msgs) StdoutLine: {'line': b'-- Symlinking: /home/mvibot/floorCleaningRobot_ws/install/opennav_coverage_msgs/share/opennav_coverage_msgs/msg/RouteMode.idl\n'}
[50.648733] (opennav_coverage_msgs) StdoutLine: {'line': b'-- Symlinking: /home/mvibot/floorCleaningRobot_ws/install/opennav_coverage_msgs/share/opennav_coverage_msgs/msg/PathMode.idl\n'}
[50.662308] (opennav_coverage_msgs) StdoutLine: {'line': b'-- Symlinking: /home/mvibot/floorCleaningRobot_ws/install/opennav_coverage_msgs/share/opennav_coverage_msgs/msg/Swath.idl\n'}
[50.676726] (opennav_coverage_msgs) StdoutLine: {'line': b'-- Symlinking: /home/mvibot/floorCleaningRobot_ws/install/opennav_coverage_msgs/share/opennav_coverage_msgs/msg/PathComponents.idl\n'}
[50.692301] (opennav_coverage_msgs) StdoutLine: {'line': b'-- Symlinking: /home/mvibot/floorCleaningRobot_ws/install/opennav_coverage_msgs/share/opennav_coverage_msgs/action/ComputeCoveragePath.idl\n'}
[50.698383] (-) TimerEvent: {}
[50.705980] (opennav_coverage_msgs) StdoutLine: {'line': b'-- Symlinking: /home/mvibot/floorCleaningRobot_ws/install/opennav_coverage_msgs/share/opennav_coverage_msgs/action/NavigateCompleteCoverage.idl\n'}
[50.724799] (opennav_coverage_msgs) StdoutLine: {'line': b'-- Symlinking: /home/mvibot/floorCleaningRobot_ws/install/opennav_coverage_msgs/share/opennav_coverage_msgs/msg/Coordinate.msg\n'}
[50.744192] (opennav_coverage_msgs) StdoutLine: {'line': b'-- Symlinking: /home/mvibot/floorCleaningRobot_ws/install/opennav_coverage_msgs/share/opennav_coverage_msgs/msg/Coordinates.msg\n'}
[50.756793] (opennav_coverage_msgs) StdoutLine: {'line': b'-- Symlinking: /home/mvibot/floorCleaningRobot_ws/install/opennav_coverage_msgs/share/opennav_coverage_msgs/msg/HeadlandMode.msg\n'}
[50.770365] (opennav_coverage_msgs) StdoutLine: {'line': b'-- Symlinking: /home/mvibot/floorCleaningRobot_ws/install/opennav_coverage_msgs/share/opennav_coverage_msgs/msg/SwathMode.msg\n'}
[50.786161] (opennav_coverage_msgs) StdoutLine: {'line': b'-- Symlinking: /home/mvibot/floorCleaningRobot_ws/install/opennav_coverage_msgs/share/opennav_coverage_msgs/msg/RowSwathMode.msg\n'}
[50.798521] (-) TimerEvent: {}
[50.800004] (opennav_coverage_msgs) StdoutLine: {'line': b'-- Symlinking: /home/mvibot/floorCleaningRobot_ws/install/opennav_coverage_msgs/share/opennav_coverage_msgs/msg/RouteMode.msg\n'}
[50.814920] (opennav_coverage_msgs) StdoutLine: {'line': b'-- Symlinking: /home/mvibot/floorCleaningRobot_ws/install/opennav_coverage_msgs/share/opennav_coverage_msgs/msg/PathMode.msg\n'}
[50.829295] (opennav_coverage_msgs) StdoutLine: {'line': b'-- Symlinking: /home/mvibot/floorCleaningRobot_ws/install/opennav_coverage_msgs/share/opennav_coverage_msgs/msg/Swath.msg\n'}
[50.846227] (opennav_coverage_msgs) StdoutLine: {'line': b'-- Symlinking: /home/mvibot/floorCleaningRobot_ws/install/opennav_coverage_msgs/share/opennav_coverage_msgs/msg/PathComponents.msg\n'}
[50.859257] (opennav_coverage_msgs) StdoutLine: {'line': b'-- Symlinking: /home/mvibot/floorCleaningRobot_ws/install/opennav_coverage_msgs/share/opennav_coverage_msgs/action/ComputeCoveragePath.action\n'}
[50.873172] (opennav_coverage_msgs) StdoutLine: {'line': b'-- Symlinking: /home/mvibot/floorCleaningRobot_ws/install/opennav_coverage_msgs/share/opennav_coverage_msgs/action/NavigateCompleteCoverage.action\n'}
[50.886200] (opennav_coverage_msgs) StdoutLine: {'line': b'-- Symlinking: /home/mvibot/floorCleaningRobot_ws/install/opennav_coverage_msgs/share/ament_index/resource_index/package_run_dependencies/opennav_coverage_msgs\n'}
[50.898614] (-) TimerEvent: {}
[50.899177] (opennav_coverage_msgs) StdoutLine: {'line': b'-- Symlinking: /home/mvibot/floorCleaningRobot_ws/install/opennav_coverage_msgs/share/ament_index/resource_index/parent_prefix_path/opennav_coverage_msgs\n'}
[50.915121] (opennav_coverage_msgs) StdoutLine: {'line': b'-- Symlinking: /home/mvibot/floorCleaningRobot_ws/install/opennav_coverage_msgs/share/opennav_coverage_msgs/environment/ament_prefix_path.sh\n'}
[50.928794] (opennav_coverage_msgs) StdoutLine: {'line': b'-- Symlinking: /home/mvibot/floorCleaningRobot_ws/install/opennav_coverage_msgs/share/opennav_coverage_msgs/environment/ament_prefix_path.dsv\n'}
[50.942562] (opennav_coverage_msgs) StdoutLine: {'line': b'-- Symlinking: /home/mvibot/floorCleaningRobot_ws/install/opennav_coverage_msgs/share/opennav_coverage_msgs/environment/path.sh\n'}
[50.955400] (opennav_coverage_msgs) StdoutLine: {'line': b'-- Symlinking: /home/mvibot/floorCleaningRobot_ws/install/opennav_coverage_msgs/share/opennav_coverage_msgs/environment/path.dsv\n'}
[50.968978] (opennav_coverage_msgs) StdoutLine: {'line': b'-- Symlinking: /home/mvibot/floorCleaningRobot_ws/install/opennav_coverage_msgs/share/opennav_coverage_msgs/local_setup.bash\n'}
[50.984076] (opennav_coverage_msgs) StdoutLine: {'line': b'-- Symlinking: /home/mvibot/floorCleaningRobot_ws/install/opennav_coverage_msgs/share/opennav_coverage_msgs/local_setup.sh\n'}
[50.998765] (-) TimerEvent: {}
[51.001049] (opennav_coverage_msgs) StdoutLine: {'line': b'-- Symlinking: /home/mvibot/floorCleaningRobot_ws/install/opennav_coverage_msgs/share/opennav_coverage_msgs/local_setup.zsh\n'}
[51.015193] (opennav_coverage_msgs) StdoutLine: {'line': b'-- Symlinking: /home/mvibot/floorCleaningRobot_ws/install/opennav_coverage_msgs/share/opennav_coverage_msgs/local_setup.dsv\n'}
[51.030174] (opennav_coverage_msgs) StdoutLine: {'line': b'-- Symlinking: /home/mvibot/floorCleaningRobot_ws/install/opennav_coverage_msgs/share/opennav_coverage_msgs/package.dsv\n'}
[51.043257] (opennav_coverage_msgs) StdoutLine: {'line': b'-- Symlinking: /home/mvibot/floorCleaningRobot_ws/install/opennav_coverage_msgs/share/ament_index/resource_index/packages/opennav_coverage_msgs\n'}
[51.055582] (opennav_coverage_msgs) StdoutLine: {'line': b'-- Symlinking: /home/mvibot/floorCleaningRobot_ws/install/opennav_coverage_msgs/share/opennav_coverage_msgs/cmake/rosidl_cmake-extras.cmake\n'}
[51.070104] (opennav_coverage_msgs) StdoutLine: {'line': b'-- Symlinking: /home/mvibot/floorCleaningRobot_ws/install/opennav_coverage_msgs/share/opennav_coverage_msgs/cmake/ament_cmake_export_dependencies-extras.cmake\n'}
[51.083675] (opennav_coverage_msgs) StdoutLine: {'line': b'-- Symlinking: /home/mvibot/floorCleaningRobot_ws/install/opennav_coverage_msgs/share/opennav_coverage_msgs/cmake/ament_cmake_export_include_directories-extras.cmake\n'}
[51.096574] (opennav_coverage_msgs) StdoutLine: {'line': b'-- Symlinking: /home/mvibot/floorCleaningRobot_ws/install/opennav_coverage_msgs/share/opennav_coverage_msgs/cmake/ament_cmake_export_libraries-extras.cmake\n'}
[51.098856] (-) TimerEvent: {}
[51.112215] (opennav_coverage_msgs) StdoutLine: {'line': b'-- Symlinking: /home/mvibot/floorCleaningRobot_ws/install/opennav_coverage_msgs/share/opennav_coverage_msgs/cmake/ament_cmake_export_targets-extras.cmake\n'}
[51.128999] (opennav_coverage_msgs) StdoutLine: {'line': b'-- Symlinking: /home/mvibot/floorCleaningRobot_ws/install/opennav_coverage_msgs/share/opennav_coverage_msgs/cmake/rosidl_cmake_export_typesupport_targets-extras.cmake\n'}
[51.143108] (opennav_coverage_msgs) StdoutLine: {'line': b'-- Symlinking: /home/mvibot/floorCleaningRobot_ws/install/opennav_coverage_msgs/share/opennav_coverage_msgs/cmake/rosidl_cmake_export_typesupport_libraries-extras.cmake\n'}
[51.158593] (opennav_coverage_msgs) StdoutLine: {'line': b'-- Symlinking: /home/mvibot/floorCleaningRobot_ws/install/opennav_coverage_msgs/share/opennav_coverage_msgs/cmake/opennav_coverage_msgsConfig.cmake\n'}
[51.171192] (opennav_coverage_msgs) StdoutLine: {'line': b'-- Symlinking: /home/mvibot/floorCleaningRobot_ws/install/opennav_coverage_msgs/share/opennav_coverage_msgs/cmake/opennav_coverage_msgsConfig-version.cmake\n'}
[51.190733] (opennav_coverage_msgs) StdoutLine: {'line': b'-- Symlinking: /home/mvibot/floorCleaningRobot_ws/install/opennav_coverage_msgs/share/opennav_coverage_msgs/package.xml\n'}
[51.198961] (-) TimerEvent: {}
[51.203427] (opennav_coverage_msgs) StdoutLine: {'line': b'-- Installing: /home/mvibot/floorCleaningRobot_ws/install/opennav_coverage_msgs/lib/libopennav_coverage_msgs__rosidl_generator_c.so\n'}
[51.204154] (opennav_coverage_msgs) StdoutLine: {'line': b'-- Set non-toolchain portion of runtime path of "/home/mvibot/floorCleaningRobot_ws/install/opennav_coverage_msgs/lib/libopennav_coverage_msgs__rosidl_generator_c.so" to ""\n'}
[51.204417] (opennav_coverage_msgs) StdoutLine: {'line': b'-- Installing: /home/mvibot/floorCleaningRobot_ws/install/opennav_coverage_msgs/lib/libopennav_coverage_msgs__rosidl_typesupport_fastrtps_c.so\n'}
[51.204873] (opennav_coverage_msgs) StdoutLine: {'line': b'-- Set non-toolchain portion of runtime path of "/home/mvibot/floorCleaningRobot_ws/install/opennav_coverage_msgs/lib/libopennav_coverage_msgs__rosidl_typesupport_fastrtps_c.so" to ""\n'}
[51.205086] (opennav_coverage_msgs) StdoutLine: {'line': b'-- Installing: /home/mvibot/floorCleaningRobot_ws/install/opennav_coverage_msgs/lib/libopennav_coverage_msgs__rosidl_typesupport_fastrtps_cpp.so\n'}
[51.205995] (opennav_coverage_msgs) StdoutLine: {'line': b'-- Set non-toolchain portion of runtime path of "/home/mvibot/floorCleaningRobot_ws/install/opennav_coverage_msgs/lib/libopennav_coverage_msgs__rosidl_typesupport_fastrtps_cpp.so" to ""\n'}
[51.206205] (opennav_coverage_msgs) StdoutLine: {'line': b'-- Installing: /home/mvibot/floorCleaningRobot_ws/install/opennav_coverage_msgs/lib/libopennav_coverage_msgs__rosidl_typesupport_introspection_c.so\n'}
[51.206895] (opennav_coverage_msgs) StdoutLine: {'line': b'-- Set non-toolchain portion of runtime path of "/home/mvibot/floorCleaningRobot_ws/install/opennav_coverage_msgs/lib/libopennav_coverage_msgs__rosidl_typesupport_introspection_c.so" to ""\n'}
[51.207369] (opennav_coverage_msgs) StdoutLine: {'line': b'-- Installing: /home/mvibot/floorCleaningRobot_ws/install/opennav_coverage_msgs/lib/libopennav_coverage_msgs__rosidl_typesupport_c.so\n'}
[51.207603] (opennav_coverage_msgs) StdoutLine: {'line': b'-- Set non-toolchain portion of runtime path of "/home/mvibot/floorCleaningRobot_ws/install/opennav_coverage_msgs/lib/libopennav_coverage_msgs__rosidl_typesupport_c.so" to ""\n'}
[51.207854] (opennav_coverage_msgs) StdoutLine: {'line': b'-- Installing: /home/mvibot/floorCleaningRobot_ws/install/opennav_coverage_msgs/lib/libopennav_coverage_msgs__rosidl_typesupport_introspection_cpp.so\n'}
[51.208549] (opennav_coverage_msgs) StdoutLine: {'line': b'-- Set non-toolchain portion of runtime path of "/home/mvibot/floorCleaningRobot_ws/install/opennav_coverage_msgs/lib/libopennav_coverage_msgs__rosidl_typesupport_introspection_cpp.so" to ""\n'}
[51.208775] (opennav_coverage_msgs) StdoutLine: {'line': b'-- Installing: /home/mvibot/floorCleaningRobot_ws/install/opennav_coverage_msgs/lib/libopennav_coverage_msgs__rosidl_typesupport_cpp.so\n'}
[51.209815] (opennav_coverage_msgs) StdoutLine: {'line': b'-- Set non-toolchain portion of runtime path of "/home/mvibot/floorCleaningRobot_ws/install/opennav_coverage_msgs/lib/libopennav_coverage_msgs__rosidl_typesupport_cpp.so" to ""\n'}
[51.299070] (-) TimerEvent: {}
[51.332526] (opennav_coverage_msgs) StdoutLine: {'line': b"Listing '/home/mvibot/floorCleaningRobot_ws/install/opennav_coverage_msgs/lib/python3.12/site-packages/opennav_coverage_msgs'...\n"}
[51.332805] (opennav_coverage_msgs) StdoutLine: {'line': b"Compiling '/home/mvibot/floorCleaningRobot_ws/install/opennav_coverage_msgs/lib/python3.12/site-packages/opennav_coverage_msgs/__init__.py'...\n"}
[51.332922] (opennav_coverage_msgs) StdoutLine: {'line': b"Listing '/home/mvibot/floorCleaningRobot_ws/install/opennav_coverage_msgs/lib/python3.12/site-packages/opennav_coverage_msgs/action'...\n"}
[51.333007] (opennav_coverage_msgs) StdoutLine: {'line': b"Compiling '/home/mvibot/floorCleaningRobot_ws/install/opennav_coverage_msgs/lib/python3.12/site-packages/opennav_coverage_msgs/action/__init__.py'...\n"}
[51.333140] (opennav_coverage_msgs) StdoutLine: {'line': b"Compiling '/home/mvibot/floorCleaningRobot_ws/install/opennav_coverage_msgs/lib/python3.12/site-packages/opennav_coverage_msgs/action/_compute_coverage_path.py'...\n"}
[51.333233] (opennav_coverage_msgs) StdoutLine: {'line': b"Compiling '/home/mvibot/floorCleaningRobot_ws/install/opennav_coverage_msgs/lib/python3.12/site-packages/opennav_coverage_msgs/action/_navigate_complete_coverage.py'...\n"}
[51.333317] (opennav_coverage_msgs) StdoutLine: {'line': b"Listing '/home/mvibot/floorCleaningRobot_ws/install/opennav_coverage_msgs/lib/python3.12/site-packages/opennav_coverage_msgs/msg'...\n"}
[51.333408] (opennav_coverage_msgs) StdoutLine: {'line': b"Compiling '/home/mvibot/floorCleaningRobot_ws/install/opennav_coverage_msgs/lib/python3.12/site-packages/opennav_coverage_msgs/msg/__init__.py'...\n"}
[51.333493] (opennav_coverage_msgs) StdoutLine: {'line': b"Compiling '/home/mvibot/floorCleaningRobot_ws/install/opennav_coverage_msgs/lib/python3.12/site-packages/opennav_coverage_msgs/msg/_coordinate.py'...\n"}
[51.333603] (opennav_coverage_msgs) StdoutLine: {'line': b"Compiling '/home/mvibot/floorCleaningRobot_ws/install/opennav_coverage_msgs/lib/python3.12/site-packages/opennav_coverage_msgs/msg/_coordinates.py'...\n"}
[51.333687] (opennav_coverage_msgs) StdoutLine: {'line': b"Compiling '/home/mvibot/floorCleaningRobot_ws/install/opennav_coverage_msgs/lib/python3.12/site-packages/opennav_coverage_msgs/msg/_headland_mode.py'...\n"}
[51.333766] (opennav_coverage_msgs) StdoutLine: {'line': b"Compiling '/home/mvibot/floorCleaningRobot_ws/install/opennav_coverage_msgs/lib/python3.12/site-packages/opennav_coverage_msgs/msg/_path_components.py'...\n"}
[51.333842] (opennav_coverage_msgs) StdoutLine: {'line': b"Compiling '/home/mvibot/floorCleaningRobot_ws/install/opennav_coverage_msgs/lib/python3.12/site-packages/opennav_coverage_msgs/msg/_path_mode.py'...\n"}
[51.333931] (opennav_coverage_msgs) StdoutLine: {'line': b"Compiling '/home/mvibot/floorCleaningRobot_ws/install/opennav_coverage_msgs/lib/python3.12/site-packages/opennav_coverage_msgs/msg/_route_mode.py'...\n"}
[51.334008] (opennav_coverage_msgs) StdoutLine: {'line': b"Compiling '/home/mvibot/floorCleaningRobot_ws/install/opennav_coverage_msgs/lib/python3.12/site-packages/opennav_coverage_msgs/msg/_row_swath_mode.py'...\n"}
[51.334114] (opennav_coverage_msgs) StdoutLine: {'line': b"Compiling '/home/mvibot/floorCleaningRobot_ws/install/opennav_coverage_msgs/lib/python3.12/site-packages/opennav_coverage_msgs/msg/_swath.py'...\n"}
[51.334237] (opennav_coverage_msgs) StdoutLine: {'line': b"Compiling '/home/mvibot/floorCleaningRobot_ws/install/opennav_coverage_msgs/lib/python3.12/site-packages/opennav_coverage_msgs/msg/_swath_mode.py'...\n"}
[51.341685] (opennav_coverage_msgs) StdoutLine: {'line': b'-- Installing: /home/mvibot/floorCleaningRobot_ws/install/opennav_coverage_msgs/lib/libopennav_coverage_msgs__rosidl_generator_py.so\n'}
[51.342651] (opennav_coverage_msgs) StdoutLine: {'line': b'-- Set non-toolchain portion of runtime path of "/home/mvibot/floorCleaningRobot_ws/install/opennav_coverage_msgs/lib/libopennav_coverage_msgs__rosidl_generator_py.so" to ""\n'}
[51.342994] (opennav_coverage_msgs) StdoutLine: {'line': b'-- Installing: /home/mvibot/floorCleaningRobot_ws/install/opennav_coverage_msgs/share/opennav_coverage_msgs/cmake/export_opennav_coverage_msgs__rosidl_generator_cExport.cmake\n'}
[51.343592] (opennav_coverage_msgs) StdoutLine: {'line': b'-- Installing: /home/mvibot/floorCleaningRobot_ws/install/opennav_coverage_msgs/share/opennav_coverage_msgs/cmake/export_opennav_coverage_msgs__rosidl_generator_cExport-noconfig.cmake\n'}
[51.344491] (opennav_coverage_msgs) StdoutLine: {'line': b'-- Installing: /home/mvibot/floorCleaningRobot_ws/install/opennav_coverage_msgs/share/opennav_coverage_msgs/cmake/export_opennav_coverage_msgs__rosidl_typesupport_fastrtps_cExport.cmake\n'}
[51.344722] (opennav_coverage_msgs) StdoutLine: {'line': b'-- Installing: /home/mvibot/floorCleaningRobot_ws/install/opennav_coverage_msgs/share/opennav_coverage_msgs/cmake/export_opennav_coverage_msgs__rosidl_typesupport_fastrtps_cExport-noconfig.cmake\n'}
[51.345170] (opennav_coverage_msgs) StdoutLine: {'line': b'-- Installing: /home/mvibot/floorCleaningRobot_ws/install/opennav_coverage_msgs/share/opennav_coverage_msgs/cmake/export_opennav_coverage_msgs__rosidl_generator_cppExport.cmake\n'}
[51.345742] (opennav_coverage_msgs) StdoutLine: {'line': b'-- Installing: /home/mvibot/floorCleaningRobot_ws/install/opennav_coverage_msgs/share/opennav_coverage_msgs/cmake/export_opennav_coverage_msgs__rosidl_typesupport_fastrtps_cppExport.cmake\n'}
[51.346160] (opennav_coverage_msgs) StdoutLine: {'line': b'-- Installing: /home/mvibot/floorCleaningRobot_ws/install/opennav_coverage_msgs/share/opennav_coverage_msgs/cmake/export_opennav_coverage_msgs__rosidl_typesupport_fastrtps_cppExport-noconfig.cmake\n'}
[51.346545] (opennav_coverage_msgs) StdoutLine: {'line': b'-- Installing: /home/mvibot/floorCleaningRobot_ws/install/opennav_coverage_msgs/share/opennav_coverage_msgs/cmake/opennav_coverage_msgs__rosidl_typesupport_introspection_cExport.cmake\n'}
[51.346860] (opennav_coverage_msgs) StdoutLine: {'line': b'-- Installing: /home/mvibot/floorCleaningRobot_ws/install/opennav_coverage_msgs/share/opennav_coverage_msgs/cmake/opennav_coverage_msgs__rosidl_typesupport_introspection_cExport-noconfig.cmake\n'}
[51.347094] (opennav_coverage_msgs) StdoutLine: {'line': b'-- Installing: /home/mvibot/floorCleaningRobot_ws/install/opennav_coverage_msgs/share/opennav_coverage_msgs/cmake/opennav_coverage_msgs__rosidl_typesupport_cExport.cmake\n'}
[51.347482] (opennav_coverage_msgs) StdoutLine: {'line': b'-- Installing: /home/mvibot/floorCleaningRobot_ws/install/opennav_coverage_msgs/share/opennav_coverage_msgs/cmake/opennav_coverage_msgs__rosidl_typesupport_cExport-noconfig.cmake\n'}
[51.347746] (opennav_coverage_msgs) StdoutLine: {'line': b'-- Installing: /home/mvibot/floorCleaningRobot_ws/install/opennav_coverage_msgs/share/opennav_coverage_msgs/cmake/opennav_coverage_msgs__rosidl_typesupport_introspection_cppExport.cmake\n'}
[51.348151] (opennav_coverage_msgs) StdoutLine: {'line': b'-- Installing: /home/mvibot/floorCleaningRobot_ws/install/opennav_coverage_msgs/share/opennav_coverage_msgs/cmake/opennav_coverage_msgs__rosidl_typesupport_introspection_cppExport-noconfig.cmake\n'}
[51.348459] (opennav_coverage_msgs) StdoutLine: {'line': b'-- Installing: /home/mvibot/floorCleaningRobot_ws/install/opennav_coverage_msgs/share/opennav_coverage_msgs/cmake/opennav_coverage_msgs__rosidl_typesupport_cppExport.cmake\n'}
[51.348719] (opennav_coverage_msgs) StdoutLine: {'line': b'-- Installing: /home/mvibot/floorCleaningRobot_ws/install/opennav_coverage_msgs/share/opennav_coverage_msgs/cmake/opennav_coverage_msgs__rosidl_typesupport_cppExport-noconfig.cmake\n'}
[51.349132] (opennav_coverage_msgs) StdoutLine: {'line': b'-- Installing: /home/mvibot/floorCleaningRobot_ws/install/opennav_coverage_msgs/share/opennav_coverage_msgs/cmake/export_opennav_coverage_msgs__rosidl_generator_pyExport.cmake\n'}
[51.349377] (opennav_coverage_msgs) StdoutLine: {'line': b'-- Installing: /home/mvibot/floorCleaningRobot_ws/install/opennav_coverage_msgs/share/opennav_coverage_msgs/cmake/export_opennav_coverage_msgs__rosidl_generator_pyExport-noconfig.cmake\n'}
[51.350488] (opennav_coverage_msgs) CommandEnded: {'returncode': 0}
[51.399336] (-) TimerEvent: {}
[51.400665] (opennav_coverage_msgs) JobEnded: {'identifier': 'opennav_coverage_msgs', 'rc': 0}
[51.401562] (-) EventReactorShutdown: {}
